# Blender 5.2.0 LTS
# www.blender.org
mtllib candle1.mtl
o Candlestick_skull_(2_candles_1_sticks)
v 35.352100 958.748230 -40.663673
v 32.438999 934.301697 -35.042068
v 3.527000 932.060730 -43.627968
v 24.777599 960.751892 -46.117672
v 2.605400 939.864380 -45.911373
v 66.872704 959.648071 -10.188872
v 62.069401 938.559387 -18.881870
v 58.333199 939.595520 -24.080271
v 66.247902 974.748413 -10.910974
v 56.462101 975.871582 -24.913874
v 51.104599 964.747070 -29.411873
v 58.867599 991.827087 -28.957973
v 67.638000 994.054077 -16.550674
v 49.475201 1002.563171 -35.711777
v 67.177299 1014.153992 -27.376076
v 70.441803 1005.623901 -9.783076
v 37.776798 1006.303589 -52.871475
v 49.426998 1022.276123 -53.098576
v 14.966000 1007.786804 -56.915577
v 17.379200 1030.790405 -58.387375
v 2.074300 998.166504 -58.029778
v -16.066000 1020.364929 -65.238075
v -2.213300 986.312073 -56.048977
v -16.066000 998.715881 -66.324776
v -5.790200 974.116211 -57.802773
v -16.066000 983.172974 -68.051079
v 0.426500 976.035278 -54.020073
v -5.657400 955.374390 -56.296574
v -8.180000 961.909607 -61.055973
v 6.479100 969.335815 -50.656872
v 15.569700 963.780273 -47.506973
v -0.534200 946.887024 -49.914173
v -16.075399 966.098511 -68.229874
v 51.638500 937.257629 -26.440870
v 47.166199 932.681091 -24.606171
v 43.443100 959.503479 -34.164371
v 29.822701 918.782104 -22.451668
v 1.683800 927.539795 -47.149368
v -16.066000 913.869080 -57.211269
v -16.066000 923.646912 -62.906067
v -3.244200 925.344177 -54.831669
v -2.143000 915.375916 -53.717468
v -1.842800 899.554016 -53.185467
v -16.066000 899.554016 -55.898968
v 28.343300 899.554016 -20.215769
v -16.066000 1042.393799 -58.662479
v 15.676700 1046.137939 -57.046280
v -16.066000 1072.414795 -49.494579
v 17.465099 1074.902588 -43.572979
v -16.066000 1100.379883 -28.277084
v 18.644400 1101.855957 -15.312683
v 16.395201 1119.627808 22.328716
v -16.066000 1121.640503 8.243216
v 51.933899 1040.608521 -49.804081
v 49.708099 1069.192139 -34.260681
v 52.246300 1092.103394 -3.104882
v 49.192600 1105.461182 34.825417
v 68.817299 1039.161621 -22.499878
v 73.987396 1066.674561 -0.078681
v 76.353798 1077.059448 26.317719
v 75.127701 1083.935669 56.448719
v 76.486603 1032.561401 -7.320878
v 71.035301 1011.800720 7.191024
v 80.883499 1011.336975 29.694624
v 83.406097 1043.158325 21.572123
v 88.435699 1043.687256 43.511822
v 85.038399 1006.894592 50.093723
v 82.234596 988.763916 85.369225
v 84.366699 998.247925 68.574020
v 89.349403 1037.297607 64.289223
v 85.350800 1031.037354 85.080421
v 83.610603 1022.914795 97.285927
v 77.817902 981.022888 97.285927
v -16.066000 1127.860474 58.945316
v 18.425699 1119.714355 73.016914
v 49.223900 1103.927490 78.567215
v 14.926700 1112.951904 97.285919
v 47.818401 1097.677002 97.285919
v 73.518898 1080.563843 85.328018
v 73.014397 1074.318848 97.285919
v -16.066000 899.554016 70.139931
v 46.302101 915.464478 97.285934
v -16.066000 904.506714 97.285934
v 36.875000 916.969971 -2.135069
v 50.805099 925.440002 -15.799570
v 56.972000 928.075012 -12.264669
v 62.499199 924.787476 27.067429
v 39.249199 918.460815 37.714031
v 61.458302 933.241211 -14.001471
v 67.731796 945.874329 -3.139271
v 70.871300 939.392517 24.426329
v 56.204498 929.614502 -22.939970
v 46.374401 926.684021 -20.288471
v 72.753502 941.195312 64.839432
v 60.460800 926.755127 67.067833
v 77.462898 943.213806 78.512230
v 64.563499 936.227173 97.285934
v 49.199001 956.394287 2.232228
v 52.026100 949.601379 9.213029
v 54.400299 970.959778 -3.049873
v 74.354500 954.302124 58.037628
v 73.541496 957.685913 97.285934
v 82.390800 972.886719 54.720028
v 81.313103 991.834473 42.033123
v 76.103897 999.188721 26.159523
v 66.747704 998.557617 13.587225
v 58.859798 995.241272 1.049225
v 56.095100 985.707520 -4.528574
v 61.304199 943.036621 27.328730
v 71.339897 970.943298 20.801828
v 18.638100 973.060120 -29.067974
v -16.066000 939.004395 -44.643272
v 34.228401 899.553894 3.948632
v 26.429399 899.554016 30.634731
v -16.066000 899.554016 41.597031
v -16.066000 1118.371948 97.285919
v -56.909599 960.751892 -46.117672
v -34.737400 939.864380 -45.911373
v -35.659000 932.060791 -43.627968
v -67.484100 958.748413 -40.663673
v -64.570999 934.301697 -35.042168
v -90.465202 939.595703 -24.080271
v -94.201401 938.559570 -18.881870
v -99.004601 959.648193 -10.188872
v -98.379898 974.748413 -10.910974
v -88.594101 975.871521 -24.913874
v -83.236603 964.747070 -29.411873
v -99.769997 994.054077 -16.550674
v -90.999603 991.827087 -28.957973
v -102.573799 1005.623779 -9.783076
v -99.309303 1014.153992 -27.376076
v -81.607201 1002.563171 -35.711777
v -81.558998 1022.276123 -53.098476
v -69.908798 1006.303589 -52.871475
v -47.098000 1007.786804 -56.915577
v -49.511200 1030.790405 -58.387478
v -34.206299 998.166504 -58.029778
v -29.918699 986.312073 -56.048977
v -32.558399 976.035278 -54.020073
v -26.341801 974.116211 -57.802773
v -26.474600 955.374390 -56.296574
v -38.611099 969.335815 -50.656872
v -23.952000 961.909607 -61.055973
v -31.597799 946.887024 -49.914173
v -47.701698 963.780273 -47.506973
v -83.770500 937.257507 -26.440971
v -75.575104 959.503601 -34.164371
v -79.298103 932.681213 -24.606171
v -33.815800 927.539795 -47.149368
v -61.954700 918.782288 -22.451668
v -29.989000 915.375977 -53.717468
v -28.887800 925.344177 -54.831669
v -30.289200 899.554016 -53.185467
v -60.475300 899.554016 -20.215769
v -47.808701 1046.137939 -57.046280
v -49.597099 1074.902588 -43.572979
v -50.776402 1101.855957 -15.312683
v -48.527199 1119.627808 22.328716
v -84.065903 1040.608398 -49.804081
v -81.840103 1069.192139 -34.260681
v -84.378304 1092.103394 -3.104882
v -81.324699 1105.461182 34.825417
v -100.949303 1039.161621 -22.499878
v -106.119499 1066.674561 -0.078681
v -108.485802 1077.059448 26.317719
v -107.259697 1083.935669 56.448719
v -108.618599 1032.561401 -7.320878
v -103.167297 1011.800720 7.190924
v -113.015503 1011.336975 29.694624
v -115.538101 1043.158203 21.572123
v -120.567703 1043.687256 43.511822
v -117.170403 1006.894592 50.093723
v -114.366699 988.763916 85.369225
v -117.482803 1031.037354 85.080322
v -121.481400 1037.297607 64.289223
v -116.498703 998.247925 68.574020
v -115.742699 1022.914795 97.285820
v -108.821800 977.752319 97.285820
v -50.557800 1119.714233 73.016914
v -81.355904 1103.927490 78.567215
v -47.058701 1112.951782 97.285812
v -79.950401 1097.676880 97.285919
v -105.650902 1080.563843 85.327919
v -105.146400 1074.318726 97.285919
v -78.434097 915.464478 97.285828
v -69.007004 916.969971 -2.135169
v -71.381203 918.460571 37.714031
v -94.631104 924.787476 27.067329
v -89.103996 928.075012 -12.264669
v -82.937103 925.440002 -15.799570
v -93.590302 933.241211 -14.001571
v -99.863800 945.874390 -3.139271
v -103.003304 939.392517 24.426329
v -88.336403 929.614380 -22.939970
v -78.506500 926.684021 -20.288471
v -104.885498 941.195312 64.839432
v -92.592796 926.755188 67.067833
v -96.695503 936.227173 97.285934
v -109.594803 943.213989 78.512131
v -84.158096 949.601379 9.213029
v -81.331001 956.394287 2.232228
v -86.532303 970.959778 -3.049873
v -105.673500 957.685913 97.285828
v -106.486504 954.302124 58.037628
v -114.522903 972.886719 54.720028
v -113.445099 991.834412 42.033123
v -108.235901 999.188721 26.159523
v -98.879700 998.557800 13.587225
v -90.991699 995.241394 1.049225
v -88.227097 985.707581 -4.528574
v -93.436203 943.036682 27.328730
v -103.471901 970.943298 20.801828
v -50.770100 973.060181 -29.067974
v -66.360397 899.554016 3.948632
v -58.561401 899.554016 30.634731
v -16.273100 53.631599 -24.524603
v -9.968600 53.631599 -23.413004
v -11.311400 31.976799 -21.217802
v -16.273100 31.976799 -22.188602
v -4.424500 53.631599 -20.212103
v -6.948200 31.976799 -18.422602
v -0.309600 53.631599 -15.308104
v -3.709700 31.976799 -14.140102
v 1.880000 53.631599 -9.292404
v -1.986500 31.976801 -8.886803
v 1.880000 53.631599 -2.890704
v -1.986500 31.976801 -3.296302
v -0.309600 53.631599 3.124996
v -3.709700 31.976801 1.956998
v -4.424500 53.631599 8.028996
v -6.948200 31.976801 6.239498
v -9.968600 53.631599 11.229897
v -11.311400 31.976801 9.034698
v -16.273100 53.631599 12.341496
v -16.273100 31.976801 10.005497
v -22.577600 53.631599 11.229897
v -21.234800 31.976801 9.034698
v -28.121700 53.631599 8.028996
v -25.598000 31.976801 6.239498
v -32.236599 53.631599 3.124996
v -28.836500 31.976801 1.956998
v -34.426102 53.631599 -2.890704
v -30.559700 31.976801 -3.296302
v -34.426102 53.631599 -9.292404
v -30.559700 31.976801 -8.886803
v -32.236599 53.631599 -15.308104
v -28.836500 31.976799 -14.140003
v -28.121700 53.631599 -20.212103
v -25.598000 31.976799 -18.422602
v -22.577600 53.631599 -23.413004
v -21.234800 31.976799 -21.217802
v -13.610700 14.029499 -13.406501
v -16.273100 14.029499 -13.875901
v -11.269400 14.029499 -12.054701
v -9.531600 14.029499 -9.983701
v -8.606900 14.029499 -7.443301
v -8.606900 14.029500 -4.739801
v -9.531600 14.029500 -2.199301
v -11.269400 14.029400 -0.128301
v -13.610700 14.029400 1.223399
v -16.273100 14.029400 1.692899
v -18.935499 14.029400 1.223399
v -21.276800 14.029400 -0.128301
v -23.014601 14.029500 -2.199301
v -23.939199 14.029500 -4.739801
v -23.939199 14.029499 -7.443301
v -23.014601 14.029499 -9.983701
v -21.276800 14.029499 -12.054701
v -18.935499 14.029499 -13.406501
v -17.360300 4.437099 -7.387300
v -16.851601 4.437099 -7.681001
v -16.273100 4.437099 -7.783000
v -15.694600 4.437099 -7.681001
v -15.185800 4.437099 -7.387300
v -14.808200 4.437099 -6.937301
v -14.607300 4.437099 -6.385301
v -14.607300 4.437099 -5.797801
v -14.808200 4.437099 -5.245800
v -15.185800 4.437099 -4.795801
v -15.694600 4.437099 -4.502100
v -16.273100 4.437099 -4.400101
v -16.851601 4.437099 -4.502100
v -17.360300 4.437099 -4.795801
v -17.737900 4.437099 -5.245800
v -17.938900 4.437099 -5.797801
v -17.938900 4.437099 -6.385301
v -17.737900 4.437099 -6.937301
v -16.273199 49.851501 -19.354103
v -16.273199 621.041199 -19.354048
v -11.737200 621.041199 -18.554247
v -11.737100 49.851601 -18.554304
v -7.748200 621.041199 -16.251247
v -7.748200 49.851601 -16.251204
v -4.787500 621.041199 -12.722847
v -4.787500 49.851601 -12.722804
v -3.212200 621.041199 -8.394547
v -3.212100 49.851601 -8.394604
v -3.212200 621.041199 -3.788547
v -3.212100 49.851601 -3.788504
v -4.787500 621.041199 0.539753
v -4.787500 49.851601 0.539696
v -7.748200 621.041199 4.068153
v -7.748200 49.851601 4.068096
v -11.737200 621.041199 6.371153
v -11.737100 49.851601 6.371196
v -16.273199 621.041199 7.170953
v -16.273199 49.851601 7.170996
v -20.809299 621.041199 6.371153
v -20.809200 49.851601 6.371196
v -24.798201 621.041199 4.068153
v -24.798201 49.851601 4.068096
v -27.758900 621.041199 0.539753
v -27.758900 49.851601 0.539696
v -29.334299 621.041199 -3.788547
v -29.334200 49.851601 -3.788504
v -29.334299 621.041199 -8.394547
v -29.334200 49.851601 -8.394604
v -27.758900 621.041199 -12.722847
v -27.758900 49.851601 -12.722804
v -24.798201 621.041199 -16.251247
v -24.798201 49.851601 -16.251204
v -20.809299 621.041199 -18.554247
v -20.809200 49.851601 -18.554304
v -8.138900 619.077515 -28.440548
v -16.273199 619.077515 -29.874847
v -16.273199 777.702576 -29.874859
v -8.138900 777.702576 -28.440559
v -0.985600 619.077515 -24.310648
v -0.985600 777.702576 -24.310659
v 4.323700 619.077515 -17.983248
v 4.323700 777.702576 -17.983160
v 7.148700 619.077515 -10.221447
v 7.148700 777.702576 -10.221459
v 7.148700 619.077515 -1.961647
v 7.148700 777.702576 -1.961659
v 4.323700 619.077515 5.800153
v 4.323700 777.702576 5.800141
v -0.985600 619.077515 12.127553
v -0.985600 777.702576 12.127541
v -8.138900 619.077515 16.257452
v -8.138900 777.702576 16.257441
v -16.273199 619.077515 17.691751
v -16.273300 777.702576 17.691740
v -24.407600 619.077515 16.257452
v -24.407600 777.702576 16.257441
v -31.560801 619.077515 12.127553
v -31.560900 777.702576 12.127541
v -36.870201 619.077515 5.800153
v -36.870201 777.702576 5.800141
v -39.695202 619.077515 -1.961647
v -39.695202 777.702576 -1.961659
v -39.695202 619.077515 -10.221447
v -39.695202 777.702576 -10.221459
v -36.870201 619.077515 -17.983149
v -36.870201 777.702576 -17.983160
v -31.560900 619.077515 -24.310648
v -31.560900 777.702576 -24.310558
v -24.407600 619.077515 -28.440548
v -24.407600 777.702576 -28.440559
v -2.646100 775.540894 -43.531857
v -16.273199 775.540894 -45.934658
v -16.273300 881.575623 -45.934666
v -2.646100 881.575623 -43.531765
v 9.337400 775.540894 -36.613155
v 9.337400 881.575623 -36.613163
v 18.231899 775.540894 -26.013060
v 18.231899 881.575623 -26.013067
v 22.964600 775.540894 -13.010258
v 22.964500 881.575623 -13.010266
v 22.964600 775.540894 0.827141
v 22.964500 881.575623 0.827133
v 18.231899 775.540894 13.830042
v 18.231899 881.575623 13.830033
v 9.337400 775.540894 24.430040
v 9.337400 881.575623 24.430033
v -2.646100 775.540894 31.348742
v -2.646100 881.575623 31.348734
v -16.273199 775.540894 33.751541
v -16.273300 881.575623 33.751534
v -29.900400 775.540894 31.348742
v -29.900400 881.575623 31.348734
v -41.883900 775.540894 24.430040
v -41.883900 881.575623 24.430033
v -50.778400 775.540894 13.830042
v -50.778400 881.575623 13.830033
v -55.511101 775.541016 0.827141
v -55.511101 881.575623 0.827133
v -55.511101 775.541016 -13.010258
v -55.511101 881.575623 -13.010167
v -50.778400 775.541016 -26.013060
v -50.778400 881.575623 -26.013067
v -41.883900 775.541016 -36.613155
v -41.883900 881.575623 -36.613163
v -29.900400 775.540894 -43.531857
v -29.900400 881.575623 -43.531765
v 3.682300 880.754822 -60.919064
v -16.273300 880.754822 -64.437767
v -16.273300 900.650330 -64.437767
v 3.682300 900.650330 -60.919067
v 21.231001 880.754822 -50.787365
v 21.231001 900.650330 -50.787369
v 34.256100 880.754822 -35.264664
v 34.256100 900.650330 -35.264668
v 41.186600 880.754822 -16.223267
v 41.186600 900.650330 -16.223269
v 41.186600 880.754822 4.040234
v 41.186600 900.650330 4.040232
v 34.256100 880.754822 23.081533
v 34.256100 900.650330 23.081532
v 21.231001 880.754822 38.604237
v 21.231001 900.650330 38.604233
v 3.682300 880.754822 48.736034
v 3.682300 900.650330 48.736031
v -16.273300 880.754822 52.254734
v -16.273300 900.650330 52.254730
v -36.228901 880.754822 48.736034
v -36.228901 900.650330 48.736031
v -53.777500 880.754822 38.604336
v -53.777500 900.650330 38.604332
v -66.802597 880.754822 23.081633
v -66.802597 900.650330 23.081631
v -73.733101 880.754822 4.040234
v -73.733101 900.650330 4.040232
v -73.733101 880.754822 -16.223267
v -73.733101 900.650330 -16.223269
v -66.802597 880.754822 -35.264664
v -66.802597 900.650330 -35.264668
v -53.777500 880.754822 -50.787365
v -53.777500 900.650330 -50.787369
v -36.228901 880.754822 -60.919064
v -36.228901 900.650330 -60.919067
v 50.124100 909.727478 109.425629
v 69.505898 931.765381 109.425629
v 79.034798 954.538391 109.425629
v 83.573502 979.308411 109.425621
v 89.721703 1023.770508 109.425621
v 78.475304 1078.328369 109.425613
v 51.733398 1103.119751 109.425613
v 16.823601 1119.332031 109.425613
v -16.070700 1125.084473 109.425613
v -16.070601 898.097412 109.425629
v -83.874702 1103.119507 109.425613
v -110.616699 1078.328247 109.425613
v -121.862999 1023.770508 109.425621
v -114.517502 975.836914 109.425621
v -111.176102 954.539124 109.425629
v -101.647202 931.765320 109.425629
v -82.265404 909.727478 109.425629
v -48.965000 1119.331909 109.425613
v 50.124100 909.727722 96.634033
v 69.505898 931.764282 96.634033
v 79.034798 954.539673 96.634132
v 83.573502 979.308472 96.634125
v 89.721703 1023.770630 96.634125
v 78.475304 1078.328613 96.634117
v 51.733398 1103.119873 96.634117
v -16.070601 898.097473 96.634033
v 16.823601 1119.332031 96.634117
v -16.070700 1125.084595 96.634117
v -48.965000 1119.332031 96.634018
v -83.874702 1103.119751 96.634117
v -110.616699 1078.328491 96.634117
v -121.862999 1023.770630 96.634026
v -114.517502 975.837097 96.634125
v -111.176102 954.539612 96.634033
v -101.647202 931.764221 96.634132
v -82.265297 909.727722 96.634033
v 59.107601 947.781921 96.634033
v 67.160896 971.450012 96.634125
v 42.212399 924.161377 96.634132
v -16.054800 911.573730 96.634132
v -74.321899 924.161621 96.634132
v -91.217201 947.781921 96.634132
v -99.207497 971.264587 96.634125
v -101.873398 992.157715 96.634125
v -105.568604 1021.807373 96.634125
v -98.942902 1061.330322 96.634117
v -75.734100 1087.786499 96.634117
v -45.010700 1105.330688 96.634117
v -16.054800 1111.557251 96.634117
v 12.901100 1105.330811 96.634117
v 43.624500 1087.786499 96.634117
v 66.833298 1061.330322 96.634117
v 73.619598 1020.849915 96.634125
v 70.746101 995.298279 96.634125
v -49.732101 834.356506 -22.413263
v -49.732101 828.416016 -23.460762
v -191.048706 828.415771 -23.460762
v -191.048706 834.356323 -22.413263
v -49.732101 839.580627 -19.397163
v -191.048706 839.580383 -19.397163
v -49.732101 843.458130 -14.776164
v -191.048599 843.457886 -14.776164
v -49.732101 845.521179 -9.107664
v -191.048599 845.521118 -9.107664
v -49.732101 845.521179 -3.075464
v -191.048599 845.521118 -3.075464
v -49.732101 843.458130 2.593036
v -191.048599 843.457886 2.593036
v -49.732101 839.580627 7.214036
v -191.048599 839.580383 7.214036
v -49.732101 834.356506 10.230137
v -191.048599 834.356323 10.230137
v -49.732101 828.416016 11.277637
v -191.048599 828.415894 11.277637
v -49.732101 822.475220 10.230138
v -191.048599 822.475220 10.230138
v -49.732101 817.251221 7.214038
v -191.048599 817.250977 7.214038
v -49.732101 813.373596 2.593039
v -191.048599 813.373596 2.593039
v -49.732101 811.310608 -3.075461
v -191.048599 811.310425 -3.075461
v -49.732101 811.310425 -9.107661
v -191.048599 811.310425 -9.107661
v -49.732101 813.373596 -14.776161
v -191.048599 813.373596 -14.776161
v -49.732101 817.251221 -19.397161
v -191.048706 817.250977 -19.397161
v -49.732101 822.475220 -22.413263
v -191.048706 822.475220 -22.413263
v 17.913601 834.356506 10.230137
v 17.913601 828.415771 11.277637
v 159.230103 828.415894 11.277637
v 159.230103 834.356506 10.230137
v 17.913601 839.580627 7.214036
v 159.230103 839.580627 7.214036
v 17.913601 843.458130 2.593036
v 159.230103 843.458130 2.593036
v 17.913601 845.521179 -3.075464
v 159.230103 845.521179 -3.075464
v 17.913601 845.521179 -9.107664
v 159.230103 845.521179 -9.107764
v 17.913601 843.458130 -14.776164
v 159.230103 843.458130 -14.776164
v 17.913601 839.580627 -19.397163
v 159.230103 839.580627 -19.397163
v 17.913601 834.356506 -22.413263
v 159.230103 834.356506 -22.413263
v 17.913601 828.415894 -23.460762
v 159.230103 828.415894 -23.460762
v 17.913601 822.475220 -22.413263
v 159.230103 822.475281 -22.413363
v 17.913601 817.251221 -19.397161
v 159.230103 817.251221 -19.397161
v 17.913601 813.373596 -14.776161
v 159.230103 813.373779 -14.776161
v 17.913601 811.310425 -9.107761
v 159.230103 811.310486 -9.107761
v 17.913601 811.310425 -3.075461
v 159.230103 811.310486 -3.075461
v 17.913601 813.373596 2.593039
v 159.230103 813.373779 2.593039
v 17.913601 817.251221 7.214038
v 159.230103 817.251221 7.214038
v 17.913601 822.475220 10.230138
v 159.230103 822.475281 10.230138
v -210.380096 796.328613 -43.531860
v -224.007202 796.328613 -45.934662
v -224.007202 857.096191 -45.934666
v -210.380096 857.096191 -43.531864
v -198.396500 796.328613 -36.613159
v -198.396500 857.096191 -36.613163
v -189.501999 796.328613 -26.013161
v -189.502106 857.096191 -26.013165
v -184.769394 796.328613 -13.010260
v -184.769394 857.096191 -13.010264
v -184.769394 796.328613 0.827140
v -184.769394 857.096191 0.827135
v -189.501999 796.328674 13.830040
v -189.502106 857.096313 13.830035
v -198.396500 796.328674 24.430038
v -198.396500 857.096313 24.430035
v -210.380005 796.328613 31.348740
v -210.380096 857.096191 31.348736
v -224.007202 796.328613 33.751537
v -224.007202 857.096191 33.751534
v -237.634293 796.328613 31.348740
v -237.634293 857.096191 31.348736
v -249.617798 796.328613 24.430038
v -249.617905 857.096191 24.430035
v -258.512299 796.328613 13.830040
v -258.512299 857.096191 13.830035
v -263.244995 796.328674 0.827140
v -263.244995 857.096191 0.827135
v -263.244995 796.328674 -13.010260
v -263.244995 857.096191 -13.010264
v -258.512390 796.328674 -26.013062
v -258.512390 857.096191 -26.013065
v -249.617905 796.328674 -36.613159
v -249.617905 857.096191 -36.613163
v -237.634399 796.328674 -43.531860
v -237.634399 857.096191 -43.531864
v -224.007202 857.096191 -35.823463
v -213.838303 857.096191 -34.030464
v -234.176102 857.096191 -34.030464
v -243.118607 857.096191 -28.867565
v -249.755798 857.096191 -20.957464
v -253.287399 857.096191 -11.254465
v -253.287399 857.096191 -0.928665
v -249.755798 857.096191 8.774335
v -243.118500 857.096191 16.684435
v -234.176102 857.096191 21.847235
v -224.007202 857.096191 23.640335
v -213.838303 857.096191 21.847336
v -204.895905 857.096191 16.684435
v -198.258606 857.096191 8.774435
v -194.727005 857.096191 -0.928665
v -194.727005 857.096191 -11.254465
v -198.258606 857.096191 -20.957565
v -204.895905 857.096191 -28.867565
v -213.838303 796.328613 -34.030460
v -224.007202 796.328613 -35.823460
v -204.895905 796.328613 -28.867561
v -198.258606 796.328613 -20.957561
v -194.727005 796.328613 -11.254460
v -194.727005 796.328613 -0.928660
v -198.258606 796.328613 8.774340
v -204.895905 796.328613 16.684439
v -213.838303 796.328613 21.847340
v -224.007202 796.328613 23.640339
v -234.176102 796.328613 21.847340
v -243.118500 796.328613 16.684439
v -249.755707 796.328613 8.774440
v -253.287399 796.328613 -0.928660
v -253.287399 796.328613 -11.254460
v -249.755798 796.328613 -20.957561
v -243.118500 796.328674 -28.867561
v -234.176102 796.328613 -34.030460
v 178.561600 796.328613 31.348639
v 192.188797 796.328613 33.751537
v 192.188705 857.096191 33.751534
v 178.561600 857.096191 31.348736
v 166.578003 796.328613 24.430038
v 166.578094 857.096191 24.430035
v 157.683594 796.328613 13.829940
v 157.683594 857.096191 13.829935
v 152.950897 796.328613 0.827140
v 152.950897 857.096191 0.827135
v 152.950897 796.328613 -13.010260
v 152.950897 857.096191 -13.010264
v 157.683594 796.328613 -26.013161
v 157.683502 857.096008 -26.013165
v 166.578003 796.328613 -36.613159
v 166.578003 857.096008 -36.613163
v 178.561600 796.328613 -43.531860
v 178.561493 857.096191 -43.531864
v 192.188705 796.328613 -45.934662
v 192.188705 857.096191 -45.934666
v 205.815903 796.328613 -43.531860
v 205.815796 857.096191 -43.531864
v 217.799301 796.328613 -36.613159
v 217.799301 857.096191 -36.613163
v 226.693802 796.328613 -26.013161
v 226.693802 857.096191 -26.013165
v 231.426498 796.328613 -13.010260
v 231.426498 857.096191 -13.010264
v 231.426498 796.328613 0.827040
v 231.426498 857.096191 0.827035
v 226.693802 796.328613 13.829940
v 226.693893 857.096191 13.829935
v 217.799393 796.328613 24.429939
v 217.799393 857.096191 24.430035
v 205.815903 796.328613 31.348639
v 205.815903 857.096191 31.348635
v 192.188705 857.096191 23.640335
v 182.019806 857.096191 21.847235
v 202.357605 857.096191 21.847235
v 211.300003 857.096191 16.684336
v 217.937302 857.096191 8.774335
v 221.468903 857.096191 -0.928665
v 221.468903 857.096191 -11.254465
v 217.937302 857.096191 -20.957565
v 211.300003 857.096191 -28.867565
v 202.357605 857.096191 -34.030464
v 192.188705 857.096191 -35.823463
v 182.019806 857.096191 -34.030464
v 173.077393 857.096191 -28.867565
v 166.440094 857.096191 -20.957565
v 162.908493 857.096191 -11.254465
v 162.908493 857.096191 -0.928665
v 166.440094 857.096191 8.774335
v 173.077393 857.096191 16.684336
v 182.019806 796.328613 21.847239
v 192.188705 796.328613 23.640339
v 173.077393 796.328613 16.684340
v 166.440201 796.328613 8.774340
v 162.908493 796.328613 -0.928660
v 162.908493 796.328613 -11.254460
v 166.440094 796.328613 -20.957561
v 173.077393 796.328613 -28.867561
v 182.019806 796.328613 -34.030460
v 192.188705 796.328613 -35.823460
v 202.357605 796.328613 -34.030460
v 211.300003 796.328613 -28.867561
v 217.937302 796.328613 -20.957561
v 221.468903 796.328613 -11.254460
v 221.468903 796.328613 -0.928760
v 217.937302 796.328613 8.774340
v 211.300003 796.328613 16.684340
v 202.357697 796.328613 21.847239
v -213.533203 638.288879 -35.168148
v -224.116196 638.288879 -37.034248
v -224.116302 956.278870 -37.034271
v -213.533295 956.278870 -35.168171
v -204.226700 638.288879 -29.795048
v -204.226700 956.278870 -29.795073
v -197.319107 638.288879 -21.562948
v -197.319199 956.278870 -21.562872
v -193.643600 638.288879 -11.464748
v -193.643707 956.278870 -11.464672
v -193.643600 638.288879 -0.718448
v -193.643707 956.278870 -0.718372
v -197.319107 638.288879 9.379751
v -197.319199 956.278870 9.379827
v -204.226593 638.288879 17.611853
v -204.226700 956.278870 17.611927
v -213.533203 638.288879 22.985052
v -213.533203 956.278870 22.985027
v -224.116196 638.288879 24.851152
v -224.116302 956.278870 24.851128
v -234.699203 638.288879 22.985052
v -234.699295 956.278870 22.985027
v -244.005798 638.288879 17.611952
v -244.005798 956.278870 17.611927
v -250.913406 638.288879 9.379751
v -250.913406 956.278870 9.379727
v -254.588806 638.288879 -0.718448
v -254.588898 956.278870 -0.718372
v -254.588806 638.288879 -11.464748
v -254.588898 956.278870 -11.464672
v -250.913406 638.288879 -21.562948
v -250.913406 956.278870 -21.562872
v -244.005798 638.288879 -29.795048
v -244.005905 956.278870 -29.794973
v -234.699295 638.288879 -35.168148
v -234.699295 956.278870 -35.168171
v 181.714706 638.288879 22.985052
v 192.297699 638.288879 24.851053
v 192.297699 956.278870 24.851128
v 181.714706 956.278870 22.985027
v 172.408096 638.289001 17.611853
v 172.408096 956.278870 17.611927
v 165.500504 638.289001 9.379751
v 165.500595 956.278870 9.379727
v 161.825104 638.289001 -0.718448
v 161.825195 956.278870 -0.718472
v 161.825104 638.289001 -11.464748
v 161.825195 956.278870 -11.464672
v 165.500504 638.289001 -21.562948
v 165.500595 956.278870 -21.562872
v 172.408096 638.289001 -29.795048
v 172.408096 956.278870 -29.795073
v 181.714706 638.289001 -35.168251
v 181.714706 956.278870 -35.168171
v 192.297699 638.289001 -37.034351
v 192.297699 956.278870 -37.034271
v 202.880707 638.289001 -35.168251
v 202.880707 956.278870 -35.168171
v 212.187302 638.289001 -29.795147
v 212.187302 956.278870 -29.795073
v 219.094803 638.289001 -21.562948
v 219.094894 956.278870 -21.562872
v 222.770294 638.289001 -11.464748
v 222.770294 956.278870 -11.464672
v 222.770294 638.288879 -0.718448
v 222.770294 956.278870 -0.718472
v 219.094894 638.288879 9.379651
v 219.094894 956.278870 9.379727
v 212.187302 638.288879 17.611853
v 212.187302 956.278870 17.611927
v 202.880707 638.288879 22.984953
v 202.880798 956.278870 22.985027
v -224.020798 971.602905 -8.880874
v -225.657806 987.606079 -7.605374
v -224.768097 987.606079 -7.316274
v -222.381302 971.602905 -8.348173
v -224.218094 987.606079 -6.559374
v -221.367996 971.602905 -6.953474
v -224.218094 987.606079 -5.623775
v -221.367996 971.602905 -5.229573
v -224.768097 987.606079 -4.866874
v -222.381302 971.602905 -3.834973
v -225.657806 987.606079 -4.577775
v -224.020798 971.602905 -3.302274
v -226.547607 987.606079 -4.866874
v -225.660294 971.602905 -3.834973
v -227.097504 987.606079 -5.623775
v -226.673599 971.602905 -5.229573
v -227.097504 987.606079 -6.559374
v -226.673599 971.602905 -6.953474
v -226.547607 987.606079 -7.316274
v -225.660294 971.602905 -8.348173
v -222.222595 955.599670 -8.566472
v -224.020798 955.599670 -9.150772
v -221.111298 955.599670 -7.036872
v -221.111298 955.599670 -5.146172
v -222.222595 955.599670 -3.616672
v -224.020798 955.599670 -3.032372
v -225.818893 955.599670 -3.616672
v -226.930298 955.599670 -5.146172
v -226.930298 955.599670 -7.036872
v -225.818893 955.599670 -8.566472
v 192.202194 971.603027 -3.302274
v 193.839294 987.606079 -4.577775
v 192.949493 987.606079 -4.866874
v 190.562698 971.603027 -3.834973
v 192.399597 987.606079 -5.623775
v 189.549393 971.603027 -5.229573
v 192.399597 987.606079 -6.559374
v 189.549393 971.603027 -6.953474
v 192.949493 987.606079 -7.316274
v 190.562698 971.603027 -8.348173
v 193.839294 987.606079 -7.605374
v 192.202194 971.603027 -8.880874
v 194.729095 987.606079 -7.316274
v 193.841797 971.603027 -8.348173
v 195.279007 987.606079 -6.559374
v 194.855103 971.603027 -6.953474
v 195.279007 987.606079 -5.623775
v 194.855103 971.603027 -5.229573
v 194.729095 987.606079 -4.866874
v 193.841797 971.603027 -3.834973
v 190.404099 955.599670 -3.616672
v 192.202194 955.599670 -3.032372
v 189.292801 955.599670 -5.146272
v 189.292801 955.599670 -7.036872
v 190.404099 955.599670 -8.566472
v 192.202194 955.599670 -9.150772
v 194.000397 955.599670 -8.566472
v 195.111694 955.599670 -7.036872
v 195.111694 955.599670 -5.146272
v 194.000397 955.599670 -3.616672
vn 0.4390 -0.2277 -0.8692
vn 0.2598 0.2072 -0.9432
vn 0.3107 -0.2628 -0.9134
vn 0.2632 -0.2885 -0.9206
vn 0.8761 -0.0284 -0.4812
vn 0.6575 -0.0402 -0.7524
vn 0.8177 -0.0848 -0.5693
vn 0.7905 -0.0965 -0.6048
vn 0.5931 -0.0002 -0.8052
vn 0.8599 -0.2143 -0.4633
vn 0.7329 -0.2237 -0.6425
vn 0.8415 -0.1553 -0.5174
vn 0.9726 -0.1669 -0.1617
vn 0.5989 -0.3801 -0.7049
vn 0.5422 -0.1379 -0.8289
vn 0.1457 -0.0849 -0.9857
vn 0.3897 -0.2967 -0.8718
vn 0.3223 -0.1405 -0.9361
vn 0.1831 0.0279 -0.9827
vn -0.0000 -0.0305 -0.9995
vn -0.0000 0.0603 -0.9982
vn 0.6333 -0.0220 -0.7736
vn 0.5172 -0.0504 -0.8544
vn 0.5353 -0.0972 -0.8390
vn 0.6379 -0.1373 -0.7578
vn 0.4077 -0.0942 -0.9083
vn 0.3884 -0.2519 -0.8864
vn 0.1947 -0.0460 -0.9798
vn -0.0000 0.0852 -0.9964
vn 0.8026 -0.0099 -0.5964
vn -0.0010 0.0105 -0.9999
vn 0.4279 -0.3043 -0.8510
vn 0.3893 -0.4244 -0.8175
vn 0.5774 -0.0437 -0.8153
vn 0.5799 0.4053 -0.7067
vn -0.0000 -0.1952 -0.9808
vn 0.5630 -0.0501 -0.8249
vn 0.4993 -0.0307 -0.8659
vn 0.4873 -0.0527 -0.8716
vn -0.0000 -0.0913 -0.9958
vn 0.6629 -0.4501 -0.5983
vn 0.1560 0.2711 -0.9498
vn -0.0000 0.4727 -0.8812
vn -0.0000 0.2888 -0.9574
vn -0.0000 0.7692 -0.6390
vn 0.2220 0.5591 -0.7988
vn 0.2935 0.9316 -0.2144
vn -0.0000 0.9324 -0.3615
vn 0.5857 0.2224 -0.7794
vn 0.2716 0.8089 -0.5215
vn 0.5569 0.5213 -0.6466
vn 0.5749 0.7217 -0.3855
vn 0.8674 0.1546 -0.4730
vn 0.8629 0.3556 -0.3590
vn 0.8236 0.5670 0.0105
vn 0.8434 0.5115 -0.1645
vn 0.9556 0.0159 -0.2941
vn 0.9523 -0.1877 -0.2406
vn 0.9722 0.0510 -0.2284
vn 0.9895 0.0995 -0.1048
vn 0.9739 -0.1161 0.1953
vn 0.9945 0.0755 0.0732
vn 0.9755 0.0826 0.2037
vn 0.9855 0.0070 0.1694
vn -0.0000 0.9983 0.0579
vn 0.3052 0.9404 0.1500
vn 0.5616 0.8197 -0.1126
vn 0.2782 0.9132 0.2978
vn 0.5335 0.8271 0.1768
vn 0.8194 0.5300 0.2183
vn 0.8690 0.4177 0.2654
vn 0.9928 -0.1169 0.0277
vn -0.0000 -0.9991 0.0425
vn 0.4820 -0.8761 0.0086
vn -0.0000 -0.9838 0.1795
vn 0.7549 -0.6316 -0.1767
vn 0.5718 -0.8083 -0.1403
vn 0.6251 -0.7795 -0.0401
vn 0.4441 -0.8877 0.1212
vn 0.9006 -0.4035 -0.1614
vn 0.9272 -0.2794 -0.2495
vn 0.4683 -0.6171 -0.6324
vn 0.8005 -0.5450 -0.2494
vn 0.6103 -0.7767 -0.1559
vn 0.8213 -0.3262 -0.4679
vn 0.6205 -0.2184 -0.7532
vn 0.2157 -0.2972 -0.9301
vn -0.0085 -0.4967 -0.8679
vn 0.0614 -0.7750 -0.6290
vn 0.3147 -0.9037 -0.2904
vn 0.7277 -0.6836 0.0555
vn 0.8501 -0.5106 -0.1289
vn 0.6428 -0.7652 0.0357
vn 0.7698 -0.6070 0.1975
vn 0.4687 0.7171 0.5159
vn 0.5534 0.4522 0.6995
vn 0.4437 0.8406 0.3106
vn 0.5228 0.2270 0.8217
vn 0.5708 0.0929 0.8158
vn 0.9944 -0.0664 -0.0827
vn 0.9707 -0.2074 0.1213
vn 0.9300 -0.1704 0.3256
vn 0.9670 -0.2163 -0.1349
vn 0.9574 -0.2616 0.1220
vn 0.9730 -0.2171 0.0781
vn 0.9940 -0.1083 -0.0121
vn 0.9762 -0.0774 -0.2024
vn 0.9681 -0.1854 -0.1686
vn 0.8714 -0.1653 -0.4620
vn 0.8387 -0.4804 -0.2564
vn 0.8885 -0.2975 -0.3494
vn 0.8256 -0.5285 0.1979
vn 0.9245 -0.3600 -0.1256
vn 0.7746 -0.1902 0.6032
vn 0.7644 -0.2790 0.5813
vn 0.4606 0.8871 0.0289
vn 0.3731 0.9253 0.0680
vn 0.9420 -0.1742 -0.2870
vn 0.8579 0.0234 -0.5132
vn 0.8276 -0.0090 -0.5613
vn 0.8657 -0.2393 -0.4396
vn 0.8452 -0.0413 -0.5328
vn 0.7781 -0.2981 -0.5528
vn 0.7283 -0.3833 -0.5681
vn 0.7373 -0.3553 -0.5746
vn 0.8365 -0.3907 -0.3843
vn 0.8794 -0.0587 -0.4724
vn 0.9391 -0.1218 -0.3213
vn 0.9079 -0.3140 -0.2778
vn 0.8800 -0.4030 -0.2514
vn 0.1119 -0.0388 -0.9930
vn 0.0976 0.4183 -0.9030
vn 0.4929 0.1533 -0.8565
vn 0.2069 0.6526 -0.7289
vn 0.3514 0.8019 -0.4832
vn 0.3638 0.8125 -0.4555
vn 0.4711 0.7539 -0.4578
vn 0.7043 0.5176 -0.4859
vn 0.8036 0.1908 -0.5638
vn 0.7218 -0.2082 -0.6601
vn 0.5368 -0.4610 -0.7066
vn 0.2732 -0.5841 -0.7644
vn 0.3231 -0.6668 -0.6715
vn 0.3753 -0.5588 -0.7395
vn 0.1615 -0.3407 -0.9262
vn -0.0000 0.7654 -0.6436
vn -0.0000 0.0054 -1.0000
vn 0.3575 0.7503 -0.5560
vn -0.0448 -0.3860 -0.9214
vn 0.1236 0.2069 -0.9705
vn -0.0018 -0.5534 -0.8329
vn 0.0167 -0.5869 -0.8095
vn 0.2543 -0.6196 -0.7426
vn 0.3360 0.6659 -0.6661
vn 0.8622 -0.1520 -0.4833
vn 0.9563 -0.2841 -0.0691
vn 0.5172 -0.5847 0.6249
vn -0.0000 -0.9832 0.1823
vn 0.4193 -0.8786 -0.2286
vn 0.3923 -0.6220 -0.6777
vn -0.0000 0.9655 0.2604
vn 0.5237 0.7908 0.3168
vn 0.6185 -0.7737 0.1371
vn 0.8283 -0.3466 0.4402
vn -0.3107 -0.2628 -0.9134
vn -0.2556 0.2063 -0.9445
vn -0.4390 -0.2277 -0.8692
vn -0.3893 -0.4244 -0.8175
vn -0.6575 -0.0402 -0.7524
vn -0.8761 -0.0284 -0.4812
vn -0.8177 -0.0848 -0.5693
vn -0.7905 -0.0965 -0.6048
vn -0.5931 -0.0002 -0.8052
vn -0.8599 -0.2143 -0.4633
vn -0.7329 -0.2237 -0.6425
vn -0.8415 -0.1553 -0.5174
vn -0.5992 -0.3793 -0.7050
vn -0.5422 -0.1379 -0.8289
vn -0.3897 -0.2967 -0.8718
vn -0.1457 -0.0849 -0.9857
vn -0.1831 0.0279 -0.9827
vn -0.3223 -0.1405 -0.9361
vn -0.5353 -0.0972 -0.8390
vn -0.5172 -0.0504 -0.8544
vn -0.6333 -0.0220 -0.7736
vn -0.6379 -0.1373 -0.7578
vn -0.8028 -0.0097 -0.5961
vn -0.4077 -0.0942 -0.9083
vn -0.3884 -0.2519 -0.8864
vn -0.1947 -0.0460 -0.9798
vn -0.2633 -0.2885 -0.9206
vn -0.4280 -0.3043 -0.8510
vn -0.3923 -0.6220 -0.6777
vn -0.5774 -0.0437 -0.8153
vn -0.5799 0.4053 -0.7067
vn -0.6629 -0.4501 -0.5983
vn -0.5630 -0.0501 -0.8249
vn -0.0000 -0.5033 -0.8641
vn -0.4873 -0.0527 -0.8716
vn -0.4993 -0.0307 -0.8659
vn -0.8622 -0.1520 -0.4833
vn -0.1560 0.2711 -0.9498
vn -0.2220 0.5591 -0.7988
vn -0.2716 0.8089 -0.5215
vn -0.2935 0.9316 -0.2144
vn -0.5857 0.2224 -0.7794
vn -0.5569 0.5213 -0.6466
vn -0.5749 0.7217 -0.3855
vn -0.5616 0.8197 -0.1126
vn -0.8674 0.1546 -0.4730
vn -0.8629 0.3556 -0.3590
vn -0.8434 0.5115 -0.1645
vn -0.8236 0.5670 0.0105
vn -0.9556 0.0159 -0.2941
vn -0.9726 -0.1669 -0.1617
vn -0.9007 -0.3816 -0.2076
vn -0.9523 -0.1877 -0.2406
vn -0.9895 0.0995 -0.1048
vn -0.9906 -0.1067 -0.0853
vn -0.9674 -0.1243 0.2208
vn -0.9945 0.0755 0.0732
vn -0.9928 -0.1169 0.0277
vn -0.9848 0.0054 0.1737
vn -0.9414 -0.1443 0.3047
vn -0.3052 0.9404 0.1500
vn -0.5335 0.8271 0.1768
vn -0.2782 0.9132 0.2978
vn -0.5237 0.7908 0.3168
vn -0.8194 0.5300 0.2183
vn -0.9722 0.0510 -0.2284
vn -0.9755 0.0826 0.2037
vn -0.8690 0.4177 0.2654
vn -0.4820 -0.8761 0.0086
vn -0.7549 -0.6316 -0.1767
vn -0.6251 -0.7795 -0.0401
vn -0.5718 -0.8083 -0.1403
vn -0.4193 -0.8786 -0.2286
vn -0.9006 -0.4035 -0.1615
vn -0.9399 -0.0769 -0.3327
vn -0.9272 -0.2794 -0.2495
vn -0.8501 -0.5106 -0.1289
vn -0.4683 -0.6171 -0.6324
vn -0.6103 -0.7767 -0.1559
vn -0.8005 -0.5450 -0.2494
vn -0.8213 -0.3262 -0.4679
vn -0.6205 -0.2184 -0.7532
vn -0.2157 -0.2972 -0.9301
vn 0.0085 -0.4967 -0.8679
vn -0.0613 -0.7750 -0.6290
vn -0.3147 -0.9037 -0.2903
vn -0.7277 -0.6836 0.0555
vn -0.6428 -0.7652 0.0357
vn -0.4441 -0.8877 0.1212
vn -0.7052 -0.7055 0.0700
vn -0.4687 0.7171 0.5159
vn -0.5534 0.4522 0.6995
vn -0.5228 0.2270 0.8217
vn -0.5708 0.0929 0.8158
vn -0.5119 0.1532 0.8453
vn -0.9888 -0.1331 0.0671
vn -0.9725 -0.1976 0.1231
vn -0.9683 -0.2148 -0.1278
vn -0.9585 -0.2581 0.1211
vn -0.9682 -0.2150 -0.1276
vn -0.9725 -0.1977 0.1231
vn -0.9940 -0.1083 -0.0121
vn -0.9730 -0.2171 0.0781
vn -0.9762 -0.0774 -0.2024
vn -0.8714 -0.1653 -0.4620
vn -0.9681 -0.1854 -0.1686
vn -0.8885 -0.2975 -0.3494
vn -0.8387 -0.4804 -0.2564
vn -0.9245 -0.3600 -0.1256
vn -0.8256 -0.5285 0.1980
vn -0.7368 -0.6575 0.1575
vn -0.7746 -0.1902 0.6032
vn -0.7644 -0.2790 0.5813
vn -0.4606 0.8871 0.0289
vn -0.4437 0.8406 0.3106
vn -0.9420 -0.1742 -0.2870
vn -0.8579 0.0234 -0.5132
vn -0.8657 -0.2393 -0.4396
vn -0.8276 -0.0090 -0.5613
vn -0.8452 -0.0413 -0.5328
vn -0.7781 -0.2981 -0.5528
vn -0.7283 -0.3833 -0.5681
vn -0.7373 -0.3552 -0.5746
vn -0.8365 -0.3907 -0.3843
vn -0.8794 -0.0587 -0.4724
vn -0.9391 -0.1218 -0.3213
vn -0.9079 -0.3140 -0.2778
vn -0.8800 -0.4030 -0.2514
vn -0.1119 -0.0388 -0.9930
vn -0.4929 0.1533 -0.8565
vn -0.0976 0.4183 -0.9030
vn -0.2069 0.6526 -0.7289
vn -0.3514 0.8019 -0.4832
vn -0.3638 0.8125 -0.4555
vn -0.4711 0.7539 -0.4578
vn -0.7043 0.5176 -0.4859
vn -0.8036 0.1908 -0.5638
vn -0.7218 -0.2082 -0.6601
vn -0.5368 -0.4610 -0.7066
vn -0.2732 -0.5841 -0.7644
vn -0.3231 -0.6668 -0.6715
vn -0.3753 -0.5588 -0.7395
vn -0.1615 -0.3407 -0.9262
vn -0.3575 0.7503 -0.5560
vn -0.1236 0.2069 -0.9705
vn 0.0448 -0.3860 -0.9214
vn 0.0018 -0.5534 -0.8329
vn -0.0167 -0.5869 -0.8095
vn -0.2547 -0.6197 -0.7424
vn -0.3360 0.6659 -0.6661
vn -0.9563 -0.2841 -0.0691
vn -0.5172 -0.5847 0.6249
vn -0.3920 -0.6401 -0.6608
vn -0.8283 -0.3466 0.4402
vn -0.9100 -0.2140 0.3551
vn -0.0002 -0.6566 -0.7542
vn -0.0000 -0.1110 -0.9938
vn 0.3549 -0.2603 -0.8979
vn -0.0003 -0.2618 -0.9651
vn 0.3450 -0.1206 -0.9308
vn 0.6503 -0.2590 -0.7142
vn 0.6420 -0.1425 -0.7533
vn 0.8525 -0.2594 -0.4538
vn 0.8571 -0.1644 -0.4882
vn 0.9527 -0.2615 -0.1552
vn 0.9696 -0.1763 -0.1697
vn 0.9520 -0.2643 0.1542
vn 0.9706 -0.1730 0.1674
vn 0.8510 -0.2667 0.4524
vn 0.8589 -0.1560 0.4878
vn 0.6487 -0.2673 0.7126
vn 0.6426 -0.1326 0.7547
vn 0.3536 -0.2658 0.8968
vn 0.3434 -0.1139 0.9323
vn -0.0006 -0.2630 0.9648
vn -0.0013 -0.1091 0.9940
vn -0.3549 -0.2603 0.8979
vn -0.3450 -0.1206 0.9308
vn -0.6503 -0.2590 0.7142
vn -0.6420 -0.1425 0.7533
vn -0.8525 -0.2594 0.4538
vn -0.8571 -0.1644 0.4882
vn -0.9527 -0.2615 0.1552
vn -0.9696 -0.1763 0.1696
vn -0.9520 -0.2643 -0.1542
vn -0.9706 -0.1730 -0.1674
vn -0.8510 -0.2667 -0.4524
vn -0.8589 -0.1560 -0.4878
vn -0.6487 -0.2673 -0.7126
vn -0.6426 -0.1326 -0.7547
vn -0.3529 -0.2646 -0.8975
vn -0.3421 -0.1157 -0.9325
vn 0.3153 -0.4141 -0.8539
vn -0.0015 -0.4186 -0.9082
vn 0.5963 -0.3963 -0.6981
vn 0.8074 -0.3735 -0.4568
vn 0.9209 -0.3562 -0.1579
vn 0.9217 -0.3529 0.1609
vn 0.8096 -0.3651 0.4596
vn 0.5994 -0.3868 0.7008
vn 0.3184 -0.4079 0.8557
vn 0.0015 -0.4186 0.9082
vn -0.3153 -0.4141 0.8539
vn -0.5963 -0.3963 0.6981
vn -0.8074 -0.3735 0.4567
vn -0.9209 -0.3562 0.1579
vn -0.9217 -0.3529 -0.1609
vn -0.8096 -0.3651 -0.4596
vn -0.5994 -0.3868 -0.7008
vn -0.3184 -0.4079 -0.8557
vn -0.0000 -1.0000 -0.0000
vn 0.1472 -0.5303 -0.8349
vn 0.4238 -0.5303 -0.7342
vn 0.4239 -0.5303 -0.7342
vn 0.6494 -0.5303 -0.5450
vn 0.7967 -0.5303 -0.2900
vn 0.8478 -0.5303 -0.0000
vn 0.7967 -0.5303 0.2900
vn 0.6494 -0.5303 0.5450
vn 0.6495 -0.5303 0.5449
vn 0.4238 -0.5303 0.7342
vn 0.4239 -0.5303 0.7342
vn 0.1472 -0.5303 0.8349
vn -0.1472 -0.5303 0.8349
vn -0.4239 -0.5303 0.7342
vn -0.6494 -0.5303 0.5450
vn -0.6495 -0.5303 0.5449
vn -0.7966 -0.5303 0.2901
vn -0.7967 -0.5303 0.2899
vn -0.8478 -0.5303 -0.0000
vn -0.7966 -0.5303 -0.2901
vn -0.7967 -0.5303 -0.2900
vn -0.6494 -0.5303 -0.5450
vn -0.4239 -0.5303 -0.7342
vn -0.1472 -0.5303 -0.8349
vn -0.0000 1.0000 -0.0000
vn -0.0000 -0.0000 -1.0000
vn 0.3420 -0.0000 -0.9397
vn 0.6428 -0.0000 -0.7660
vn 0.8660 -0.0000 -0.5000
vn 0.9848 -0.0000 -0.1736
vn 0.9848 -0.0000 -0.1737
vn 0.9848 -0.0000 0.1736
vn 0.9848 -0.0000 0.1737
vn 0.8660 -0.0000 0.5000
vn 0.6428 -0.0000 0.7660
vn 0.3420 -0.0000 0.9397
vn -0.0000 -0.0000 1.0000
vn -0.3420 -0.0000 0.9397
vn -0.6428 -0.0000 0.7660
vn -0.8660 -0.0000 0.5000
vn -0.9848 -0.0000 0.1737
vn -0.9848 -0.0000 0.1736
vn -0.9848 -0.0000 -0.1737
vn -0.9848 -0.0000 -0.1736
vn -0.8660 -0.0000 -0.5000
vn -0.6428 -0.0000 -0.7660
vn -0.3420 -0.0000 -0.9397
vn 0.8479 -0.5302 -0.0000
vn 0.4896 -0.8719 -0.0000
vn 0.9586 -0.2848 -0.0000
vn 0.9586 -0.2847 -0.0000
vn 0.9873 -0.1586 -0.0000
vn 0.9995 0.0329 -0.0000
vn 0.8711 0.4910 -0.0000
vn 0.8712 0.4910 -0.0000
vn 0.5573 0.8303 -0.0000
vn 0.2993 0.9542 -0.0000
vn -0.2993 0.9542 -0.0000
vn -0.5573 0.8303 -0.0000
vn -0.8712 0.4910 -0.0000
vn -0.8711 0.4910 -0.0000
vn -0.9997 0.0256 -0.0000
vn -0.9882 -0.1532 -0.0000
vn -0.9622 -0.2725 -0.0000
vn -0.8479 -0.5302 -0.0000
vn -0.4896 -0.8719 -0.0000
vn -0.0000 0.3420 -0.9397
vn -0.0000 0.6428 -0.7661
vn -0.0000 0.6428 -0.7660
vn -0.0000 0.8660 -0.5000
vn -0.0000 0.9848 -0.1736
vn -0.0000 0.9848 -0.1737
vn -0.0000 0.9848 0.1736
vn -0.0000 0.9848 0.1737
vn -0.0000 0.8660 0.5000
vn -0.0000 0.6428 0.7660
vn -0.0000 0.3420 0.9397
vn -0.0000 -0.3420 0.9397
vn -0.0000 -0.6428 0.7661
vn -0.0000 -0.6428 0.7660
vn -0.0000 -0.8660 0.5000
vn -0.0000 -0.9848 0.1737
vn -0.0000 -0.9848 0.1736
vn -0.0000 -0.9848 -0.1736
vn -0.0000 -0.8660 -0.5000
vn -0.0000 -0.6428 -0.7660
vn -0.0000 -0.3420 -0.9397
vn -0.0000 0.6428 0.7661
vn -0.0000 -0.9848 -0.1737
vn 0.0096 0.0489 -0.9988
vn 0.5687 0.1371 -0.8110
vn 0.5921 0.0775 -0.8021
vn 0.9345 0.1741 -0.3104
vn 0.9477 0.0945 -0.3049
vn 0.9345 0.1741 0.3104
vn 0.9477 0.0945 0.3050
vn 0.5687 0.1371 0.8110
vn 0.5921 0.0775 0.8021
vn -0.0204 0.0774 0.9968
vn 0.0096 0.0489 0.9988
vn -0.6008 0.0182 0.7992
vn -0.5811 0.0189 0.8136
vn -0.9528 -0.0178 0.3031
vn -0.9501 -0.0003 0.3120
vn -0.9528 -0.0178 -0.3031
vn -0.9501 -0.0003 -0.3120
vn -0.6008 0.0182 -0.7992
vn -0.5812 0.0189 -0.8136
vn -0.0204 0.0774 -0.9968
vn 0.5877 0.0169 -0.8089
vn -0.0000 0.0169 -0.9999
vn 0.9509 0.0169 -0.3090
vn 0.9509 0.0169 0.3090
vn 0.5877 0.0169 0.8089
vn -0.0000 0.0169 0.9999
vn -0.5877 0.0169 0.8089
vn -0.9509 0.0169 0.3090
vn -0.9509 0.0169 -0.3090
vn -0.5877 0.0169 -0.8089
vn -0.0097 0.0489 0.9988
vn -0.5687 0.1371 0.8110
vn -0.5921 0.0775 0.8021
vn -0.9346 0.1741 0.3103
vn -0.9477 0.0945 0.3050
vn -0.9346 0.1741 -0.3103
vn -0.9477 0.0945 -0.3049
vn -0.5687 0.1371 -0.8110
vn -0.5921 0.0775 -0.8021
vn 0.0204 0.0774 -0.9968
vn -0.0097 0.0489 -0.9988
vn 0.6008 0.0182 -0.7992
vn 0.5812 0.0189 -0.8136
vn 0.9528 -0.0178 -0.3031
vn 0.9501 -0.0003 -0.3120
vn 0.9528 -0.0178 0.3031
vn 0.9501 -0.0003 0.3120
vn 0.6008 0.0182 0.7992
vn 0.5811 0.0189 0.8136
vn 0.0204 0.0774 0.9968
vn 0.9399 -0.0769 -0.3327
vn 0.9007 -0.3816 -0.2076
vn 0.9906 -0.1067 -0.0853
vn 0.9543 -0.1320 0.2680
vn 0.5119 0.1532 0.8453
vn 0.7368 -0.6575 0.1575
vn 0.3920 -0.6401 -0.6607
vn -0.4499 -0.8928 -0.0231
vn -0.3731 0.9253 0.0680
vn 0.7967 -0.5303 -0.2899
vn 0.7967 -0.5303 0.2899
vn -0.7968 -0.5303 0.2898
vn -0.0000 -1.0000 0.0001
vn -0.0000 1.0000 -0.0001
vn -0.0000 1.0000 -0.0002
vn -0.0000 1.0000 0.0002
vn -0.0000 1.0000 0.0001
vt 0.648000 0.659900
vt 0.674700 0.612600
vt 0.663100 0.655200
vt 0.683000 0.621600
vt 0.599700 0.688600
vt 0.606500 0.657500
vt 0.606000 0.706800
vt 0.624700 0.700300
vt 0.626900 0.681400
vt 0.615700 0.730500
vt 0.631400 0.721600
vt 0.632400 0.750900
vt 0.611700 0.749200
vt 0.648600 0.729100
vt 0.668100 0.748400
vt 0.699400 0.719400
vt 0.673800 0.730100
vt 0.707600 0.701400
vt 0.705600 0.747100
vt 0.728300 0.693700
vt 0.735600 0.721800
vt 0.705400 0.665600
vt 0.698800 0.669500
vt 0.706600 0.683700
vt 0.701900 0.640700
vt 0.689100 0.661300
vt 0.691200 0.630000
vt 0.675600 0.656200
vt 0.723800 0.674400
vt 0.707600 0.649000
vt 0.718700 0.654300
vt 0.613100 0.649200
vt 0.636600 0.631800
vt 0.635300 0.668400
vt 0.674600 0.605800
vt 0.687000 0.573800
vt 0.682700 0.595500
vt 0.672600 0.586300
vt 0.661300 0.569100
vt 0.676500 0.559200
vt 0.618800 0.613600
vt 0.712300 0.764100
vt 0.753600 0.793100
vt 0.743200 0.751700
vt 0.766000 0.842500
vt 0.716200 0.802100
vt 0.689900 0.894500
vt 0.734600 0.902300
vt 0.670500 0.765100
vt 0.712000 0.848300
vt 0.675900 0.799300
vt 0.664300 0.839900
vt 0.637600 0.780400
vt 0.630700 0.821500
vt 0.591700 0.872900
vt 0.613500 0.846900
vt 0.617700 0.782400
vt 0.566500 0.779000
vt 0.592000 0.810300
vt 0.569900 0.823500
vt 0.492700 0.783200
vt 0.545700 0.828900
vt 0.520800 0.835800
vt 0.502800 0.835300
vt 0.689000 0.955500
vt 0.642900 0.939100
vt 0.643100 0.880600
vt 0.621900 0.963500
vt 0.603100 0.916300
vt 0.563100 0.891300
vt 0.547400 0.896000
vt 0.516500 0.786600
vt 0.458400 0.579000
vt 0.453200 0.667600
vt 0.425900 0.592000
vt 0.582000 0.619800
vt 0.592200 0.647400
vt 0.543100 0.659500
vt 0.526600 0.632300
vt 0.594000 0.655100
vt 0.584500 0.674800
vt 0.604100 0.647000
vt 0.600100 0.659900
vt 0.614100 0.641000
vt 0.607200 0.635200
vt 0.598500 0.639100
vt 0.502700 0.704300
vt 0.548100 0.680800
vt 0.495000 0.677900
vt 0.458900 0.703900
vt 0.576700 0.696800
vt 0.570400 0.694000
vt 0.588000 0.709400
vt 0.485900 0.714300
vt 0.472100 0.770600
vt 0.464400 0.736000
vt 0.511000 0.723300
vt 0.474700 0.779100
vt 0.519700 0.749000
vt 0.542800 0.764600
vt 0.541300 0.786200
vt 0.565400 0.763000
vt 0.581800 0.751700
vt 0.593500 0.764100
vt 0.595800 0.724700
vt 0.546400 0.693000
vt 0.594500 0.738200
vt 0.556800 0.728800
vt 0.665500 0.679700
vt 0.700100 0.581900
vt 0.707500 0.610800
vt 0.607600 0.591500
vt 0.572500 0.599400
vt 0.534800 0.601800
vt 0.491900 0.566000
vt 0.652200 0.991000
vt 0.583600 0.931400
vt 0.767800 0.627900
vt 0.737400 0.597000
vt 0.783100 0.624600
vt 0.780100 0.595500
vt 0.818400 0.603600
vt 0.839400 0.627800
vt 0.842400 0.646800
vt 0.822700 0.649800
vt 0.811700 0.634200
vt 0.844500 0.672300
vt 0.826900 0.671700
vt 0.840600 0.697600
vt 0.815400 0.686400
vt 0.807800 0.712900
vt 0.793900 0.699600
vt 0.766300 0.702300
vt 0.774100 0.729600
vt 0.750500 0.690500
vt 0.742900 0.674700
vt 0.742900 0.658800
vt 0.735700 0.658400
vt 0.726900 0.634600
vt 0.726000 0.644400
vt 0.747900 0.646300
vt 0.731100 0.619900
vt 0.757300 0.635100
vt 0.734400 0.608700
vt 0.808300 0.599700
vt 0.803800 0.592900
vt 0.798000 0.626700
vt 0.734000 0.590800
vt 0.786400 0.570800
vt 0.707500 0.568700
vt 0.721900 0.585600
vt 0.727700 0.552300
vt 0.726200 0.572700
vt 0.785300 0.545900
vt 0.776200 0.747800
vt 0.790700 0.783200
vt 0.816200 0.822000
vt 0.857500 0.852200
vt 0.813500 0.728700
vt 0.824800 0.761500
vt 0.854200 0.791900
vt 0.892000 0.817800
vt 0.849600 0.726300
vt 0.875000 0.759500
vt 0.902100 0.773900
vt 0.933500 0.786700
vt 0.868100 0.718600
vt 0.857500 0.686100
vt 0.880600 0.690900
vt 0.911300 0.691400
vt 0.929200 0.732600
vt 0.936700 0.686100
vt 0.977400 0.662400
vt 0.952800 0.726200
vt 0.958500 0.675200
vt 0.993300 0.711400
vt 0.989300 0.643000
vt 0.887200 0.905400
vt 0.920000 0.869300
vt 0.944200 0.830300
vt 0.950100 0.880700
vt 0.968500 0.834400
vt 0.967400 0.789400
vt 0.903700 0.731200
vt 0.977800 0.720600
vt 0.983400 0.786000
vt 0.910700 0.462800
vt 0.945400 0.458500
vt 0.958000 0.537900
vt 0.820800 0.558000
vt 0.876000 0.574600
vt 0.826300 0.588000
vt 0.816600 0.583300
vt 0.828700 0.595600
vt 0.825300 0.602700
vt 0.846500 0.608700
vt 0.881600 0.595900
vt 0.815600 0.593200
vt 0.807100 0.584200
vt 0.932700 0.594100
vt 0.926700 0.567200
vt 0.876400 0.542300
vt 0.970800 0.572700
vt 0.863600 0.623900
vt 0.859600 0.640300
vt 0.952000 0.594500
vt 0.987200 0.633500
vt 0.935300 0.614900
vt 0.938600 0.642700
vt 0.925400 0.667500
vt 0.904700 0.676600
vt 0.885100 0.674200
vt 0.867400 0.668400
vt 0.859900 0.657400
vt 0.888900 0.605800
vt 0.868100 0.618400
vt 0.896500 0.642100
vt 0.777000 0.651000
vt 0.819800 0.535500
vt 0.875000 0.467600
vt 0.854400 0.519500
vt 0.936400 0.919300
vt 0.981000 0.603900
vt 0.759500 0.999100
vt 0.753400 0.960500
vt 0.761900 0.960500
vt 0.750400 0.999100
vt 0.745000 0.960500
vt 0.741400 0.999100
vt 0.736600 0.960500
vt 0.732400 0.999100
vt 0.728100 0.960500
vt 0.723300 0.999100
vt 0.719700 0.960500
vt 0.876900 0.999100
vt 0.863000 0.960500
vt 0.871500 0.960500
vt 0.867800 0.999100
vt 0.854600 0.960500
vt 0.858800 0.999100
vt 0.846200 0.960500
vt 0.849800 0.999100
vt 0.837700 0.960500
vt 0.840700 0.999100
vt 0.829300 0.960500
vt 0.831700 0.999100
vt 0.820900 0.960500
vt 0.822700 0.999100
vt 0.812400 0.960500
vt 0.813600 0.999100
vt 0.804000 0.960500
vt 0.804600 0.999100
vt 0.795600 0.960500
vt 0.795600 0.999100
vt 0.787200 0.960500
vt 0.786600 0.999100
vt 0.778700 0.960500
vt 0.777500 0.999100
vt 0.770300 0.960500
vt 0.768500 0.999100
vt 0.758600 0.920300
vt 0.766000 0.920300
vt 0.751200 0.920300
vt 0.743800 0.920300
vt 0.736400 0.920300
vt 0.729000 0.920300
vt 0.854700 0.920400
vt 0.862100 0.920400
vt 0.847400 0.920300
vt 0.840000 0.920300
vt 0.832600 0.920300
vt 0.825200 0.920300
vt 0.817800 0.920300
vt 0.810400 0.920300
vt 0.803000 0.920300
vt 0.795600 0.920300
vt 0.788200 0.920300
vt 0.780800 0.920300
vt 0.773400 0.920300
vt 0.889800 0.976500
vt 0.896400 0.939200
vt 0.915700 0.955100
vt 0.767300 0.892900
vt 0.761700 0.892900
vt 0.756000 0.892900
vt 0.750400 0.892900
vt 0.744700 0.892900
vt 0.840800 0.892900
vt 0.835100 0.892900
vt 0.829500 0.892900
vt 0.823800 0.892900
vt 0.818200 0.892900
vt 0.812500 0.892900
vt 0.806900 0.892900
vt 0.801200 0.892900
vt 0.795600 0.892900
vt 0.789900 0.892900
vt 0.784300 0.892900
vt 0.778600 0.892900
vt 0.773000 0.892900
vt 0.313000 0.998500
vt 0.328000 0.914600
vt 0.275000 0.933600
vt 0.090800 0.877700
vt 0.097400 0.004900
vt 0.097400 0.877700
vt 0.104000 0.004900
vt 0.104000 0.877700
vt 0.110600 0.004900
vt 0.110600 0.877700
vt 0.117300 0.004900
vt 0.117300 0.877700
vt 0.123900 0.004900
vt 0.123900 0.877700
vt 0.005000 0.877700
vt 0.011600 0.004900
vt 0.011600 0.877700
vt 0.018200 0.004900
vt 0.018200 0.877700
vt 0.024800 0.004900
vt 0.024800 0.877700
vt 0.031400 0.004900
vt 0.031400 0.877700
vt 0.038000 0.004900
vt 0.038000 0.877700
vt 0.044600 0.004900
vt 0.044600 0.877700
vt 0.051200 0.004900
vt 0.051200 0.877700
vt 0.057800 0.004900
vt 0.057800 0.877700
vt 0.064400 0.004900
vt 0.064400 0.877700
vt 0.071000 0.004900
vt 0.071000 0.877700
vt 0.077600 0.004900
vt 0.077600 0.877700
vt 0.084200 0.004900
vt 0.084200 0.877700
vt 0.090800 0.004900
vt 0.941100 0.290500
vt 0.927400 0.005100
vt 0.941100 0.005100
vt 0.954900 0.290500
vt 0.954900 0.005100
vt 0.968600 0.290500
vt 0.968600 0.005100
vt 0.982300 0.290500
vt 0.982300 0.005100
vt 0.996100 0.290500
vt 0.996100 0.005100
vt 0.762400 0.290500
vt 0.748700 0.005100
vt 0.762400 0.005100
vt 0.776200 0.290500
vt 0.776200 0.005100
vt 0.789900 0.290500
vt 0.789900 0.005100
vt 0.803700 0.290500
vt 0.803700 0.005100
vt 0.817400 0.290500
vt 0.817400 0.005100
vt 0.831200 0.290500
vt 0.831200 0.005100
vt 0.844900 0.290500
vt 0.844900 0.005100
vt 0.858600 0.290500
vt 0.858600 0.005100
vt 0.872400 0.290500
vt 0.872400 0.005100
vt 0.886100 0.290500
vt 0.886100 0.005100
vt 0.899900 0.290500
vt 0.899900 0.005100
vt 0.913600 0.290500
vt 0.913600 0.005100
vt 0.927400 0.290500
vt 0.961400 0.437300
vt 0.949300 0.368800
vt 0.991900 0.384300
vt 0.744000 0.086100
vt 0.577700 0.106400
vt 0.577700 0.086100
vt 0.744000 0.065800
vt 0.577700 0.065800
vt 0.744000 0.045600
vt 0.577700 0.045600
vt 0.744000 0.025300
vt 0.577700 0.025300
vt 0.744000 0.005100
vt 0.577700 0.005100
vt 0.744000 0.349500
vt 0.577700 0.369800
vt 0.577700 0.349500
vt 0.744000 0.329200
vt 0.577700 0.329200
vt 0.744000 0.309000
vt 0.577700 0.309000
vt 0.744000 0.288700
vt 0.577700 0.288700
vt 0.744000 0.268500
vt 0.577700 0.268500
vt 0.744000 0.248200
vt 0.577700 0.248200
vt 0.744000 0.227900
vt 0.577700 0.227900
vt 0.744000 0.207700
vt 0.577700 0.207700
vt 0.744000 0.187400
vt 0.577700 0.187400
vt 0.744000 0.167100
vt 0.577700 0.167100
vt 0.744000 0.146900
vt 0.577700 0.146900
vt 0.744000 0.126600
vt 0.577700 0.126600
vt 0.744000 0.106400
vt 0.178800 0.997200
vt 0.157800 0.878000
vt 0.231900 0.905100
vt 0.175700 0.118500
vt 0.145900 0.146700
vt 0.145900 0.118500
vt 0.175700 0.090200
vt 0.145900 0.090200
vt 0.175700 0.062000
vt 0.145900 0.062000
vt 0.175700 0.033700
vt 0.145900 0.033700
vt 0.175700 0.005500
vt 0.145900 0.005500
vt 0.175700 0.485700
vt 0.145900 0.514000
vt 0.145900 0.485700
vt 0.175700 0.457500
vt 0.145900 0.457500
vt 0.175700 0.429200
vt 0.145900 0.429200
vt 0.175700 0.401000
vt 0.145900 0.401000
vt 0.175700 0.372700
vt 0.145900 0.372700
vt 0.175700 0.344500
vt 0.145900 0.344500
vt 0.175700 0.316200
vt 0.145900 0.316200
vt 0.175700 0.288000
vt 0.145900 0.288000
vt 0.175700 0.259700
vt 0.145900 0.259700
vt 0.175700 0.231500
vt 0.145900 0.231500
vt 0.175700 0.203200
vt 0.145900 0.203200
vt 0.175700 0.175000
vt 0.145900 0.175000
vt 0.175700 0.146700
vt 0.078500 0.990100
vt 0.059200 0.880100
vt 0.003500 0.927000
vt 0.826000 0.426100
vt 0.803500 0.298200
vt 0.883000 0.327200
vt 0.188000 0.703500
vt 0.267100 0.869400
vt 0.306000 0.607300
vt 0.422600 0.699400
vt 0.345000 0.869400
vt 0.126900 0.119200
vt 0.143600 0.089600
vt 0.143600 0.119200
vt 0.126900 0.146800
vt 0.143600 0.146800
vt 0.126900 0.176400
vt 0.143600 0.176400
vt 0.126900 0.228200
vt 0.143600 0.228200
vt 0.126900 0.292700
vt 0.143600 0.292700
vt 0.126900 0.337600
vt 0.143600 0.337600
vt 0.126900 0.089600
vt 0.143600 0.005000
vt 0.126900 0.383300
vt 0.143600 0.383300
vt 0.126900 0.426300
vt 0.143600 0.426300
vt 0.126900 0.469300
vt 0.143600 0.469300
vt 0.126900 0.514900
vt 0.143600 0.514900
vt 0.126900 0.556100
vt 0.143600 0.556100
vt 0.126900 0.624600
vt 0.143600 0.624600
vt 0.126900 0.678000
vt 0.143600 0.678000
vt 0.126900 0.702200
vt 0.143600 0.702200
vt 0.126900 0.731300
vt 0.143600 0.731300
vt 0.126900 0.765900
vt 0.143600 0.765900
vt 0.126900 0.852500
vt 0.143600 0.852500
vt 0.197000 0.653600
vt 0.168200 0.663300
vt 0.182000 0.630500
vt 0.221300 0.619500
vt 0.209900 0.598700
vt 0.305400 0.601400
vt 0.305400 0.581900
vt 0.389400 0.619500
vt 0.400900 0.598700
vt 0.413800 0.653600
vt 0.428900 0.630500
vt 0.425300 0.687500
vt 0.442600 0.663300
vt 0.429200 0.717600
vt 0.447400 0.694100
vt 0.434500 0.760400
vt 0.458000 0.763200
vt 0.425000 0.817400
vt 0.441800 0.841900
vt 0.391500 0.855500
vt 0.403200 0.877700
vt 0.347200 0.880900
vt 0.352900 0.901100
vt 0.305400 0.889800
vt 0.305400 0.909400
vt 0.263600 0.880900
vt 0.258000 0.901100
vt 0.219300 0.855500
vt 0.207600 0.877700
vt 0.185800 0.817400
vt 0.169000 0.841900
vt 0.176000 0.759000
vt 0.152800 0.763200
vt 0.180200 0.722100
vt 0.161700 0.699100
vt 0.185400 0.687700
vt 0.690700 0.496800
vt 0.475800 0.506100
vt 0.475800 0.496800
vt 0.690700 0.487500
vt 0.475800 0.487500
vt 0.690700 0.478200
vt 0.475800 0.478200
vt 0.690700 0.469000
vt 0.475800 0.469000
vt 0.690700 0.459700
vt 0.475800 0.459700
vt 0.690700 0.450400
vt 0.475800 0.450400
vt 0.690700 0.441100
vt 0.475800 0.441100
vt 0.690700 0.431900
vt 0.475800 0.431900
vt 0.690700 0.422600
vt 0.475800 0.422600
vt 0.690700 0.413300
vt 0.475800 0.413300
vt 0.690700 0.404000
vt 0.475800 0.404000
vt 0.690700 0.394800
vt 0.475800 0.394800
vt 0.690700 0.385500
vt 0.475800 0.385500
vt 0.690700 0.543200
vt 0.475800 0.552400
vt 0.475800 0.543200
vt 0.690700 0.533900
vt 0.475800 0.533900
vt 0.690700 0.524600
vt 0.475800 0.524600
vt 0.690700 0.515300
vt 0.475800 0.515300
vt 0.690700 0.506100
vt 0.573300 0.088600
vt 0.475800 0.109400
vt 0.475800 0.088600
vt 0.573300 0.067700
vt 0.475800 0.067700
vt 0.573300 0.046900
vt 0.475800 0.046900
vt 0.573300 0.026100
vt 0.475800 0.026100
vt 0.573300 0.005200
vt 0.475800 0.005200
vt 0.573300 0.359400
vt 0.475800 0.380200
vt 0.475800 0.359400
vt 0.573300 0.338500
vt 0.475800 0.338500
vt 0.573300 0.317700
vt 0.475800 0.317700
vt 0.573300 0.296900
vt 0.475800 0.296900
vt 0.573300 0.276100
vt 0.475800 0.276100
vt 0.573300 0.255200
vt 0.475800 0.255200
vt 0.573300 0.234400
vt 0.475800 0.234400
vt 0.573300 0.213600
vt 0.475800 0.213600
vt 0.573300 0.192700
vt 0.475800 0.192700
vt 0.573300 0.171900
vt 0.475800 0.171900
vt 0.573300 0.151100
vt 0.475800 0.151100
vt 0.573300 0.130200
vt 0.475800 0.130200
vt 0.573300 0.109400
vt 0.470700 0.978000
vt 0.445300 0.992400
vt 0.470700 0.996900
vt 0.489600 0.974700
vt 0.496100 0.992400
vt 0.506300 0.965100
vt 0.518400 0.979500
vt 0.518700 0.950300
vt 0.535000 0.959700
vt 0.525200 0.932200
vt 0.543800 0.935500
vt 0.525200 0.913000
vt 0.543800 0.909700
vt 0.518700 0.894900
vt 0.535000 0.885400
vt 0.506300 0.880100
vt 0.518400 0.865700
vt 0.489600 0.870500
vt 0.496100 0.852800
vt 0.470700 0.867100
vt 0.470700 0.848300
vt 0.451800 0.870500
vt 0.445300 0.852800
vt 0.435100 0.880100
vt 0.423000 0.865700
vt 0.422800 0.894900
vt 0.406500 0.885400
vt 0.416200 0.913000
vt 0.397700 0.909700
vt 0.416200 0.932200
vt 0.397700 0.935500
vt 0.422800 0.950300
vt 0.406500 0.959700
vt 0.435100 0.965100
vt 0.423000 0.979500
vt 0.451800 0.974700
vt 0.743100 0.525100
vt 0.760000 0.544800
vt 0.737400 0.540900
vt 0.728200 0.516500
vt 0.717500 0.529300
vt 0.717200 0.503300
vt 0.702700 0.511700
vt 0.711400 0.487200
vt 0.694800 0.490100
vt 0.711400 0.470000
vt 0.694800 0.467100
vt 0.717200 0.453900
vt 0.702700 0.445500
vt 0.728200 0.440700
vt 0.717500 0.427800
vt 0.743100 0.432100
vt 0.737400 0.416300
vt 0.760000 0.429200
vt 0.760000 0.412300
vt 0.776900 0.432100
vt 0.782600 0.416300
vt 0.791700 0.440700
vt 0.802500 0.427800
vt 0.802700 0.453900
vt 0.817300 0.445500
vt 0.808600 0.470000
vt 0.825100 0.467100
vt 0.808600 0.487200
vt 0.825100 0.490100
vt 0.802700 0.503300
vt 0.817300 0.511700
vt 0.791700 0.516500
vt 0.802500 0.529300
vt 0.776900 0.525100
vt 0.782600 0.540900
vt 0.760000 0.528000
vt 0.406700 0.510400
vt 0.390300 0.005300
vt 0.406700 0.005300
vt 0.423100 0.510400
vt 0.423100 0.005300
vt 0.439400 0.510400
vt 0.439400 0.005300
vt 0.455800 0.510400
vt 0.455800 0.005300
vt 0.472200 0.510400
vt 0.472200 0.005300
vt 0.193900 0.510400
vt 0.177500 0.005300
vt 0.193900 0.005300
vt 0.210300 0.510400
vt 0.210300 0.005300
vt 0.226600 0.510400
vt 0.226600 0.005300
vt 0.243000 0.510400
vt 0.243000 0.005300
vt 0.259400 0.510400
vt 0.259400 0.005300
vt 0.275700 0.510400
vt 0.275700 0.005300
vt 0.292100 0.510400
vt 0.292100 0.005300
vt 0.308500 0.510400
vt 0.308500 0.005300
vt 0.324800 0.510400
vt 0.324800 0.005300
vt 0.341200 0.510400
vt 0.341200 0.005300
vt 0.357600 0.510400
vt 0.357600 0.005300
vt 0.374000 0.510400
vt 0.374000 0.005300
vt 0.390300 0.510400
vt 0.489000 0.973100
vt 0.470800 0.869700
vt 0.418400 0.913700
vt 0.760000 0.526500
vt 0.743600 0.433400
vt 0.801500 0.454500
vt 0.570400 0.582800
vt 0.611800 0.582100
vt 0.570400 0.586900
vt 0.611800 0.584500
vt 0.570400 0.591000
vt 0.611800 0.587000
vt 0.570400 0.595100
vt 0.570400 0.554200
vt 0.611800 0.564700
vt 0.570400 0.558300
vt 0.611800 0.567200
vt 0.570400 0.562400
vt 0.611800 0.569700
vt 0.570400 0.566500
vt 0.611800 0.572200
vt 0.570400 0.570500
vt 0.611800 0.574600
vt 0.570400 0.574600
vt 0.611800 0.577100
vt 0.570400 0.578700
vt 0.611800 0.579600
vt 0.982700 0.988900
vt 0.959200 0.920000
vt 0.921100 0.946300
vt 0.530800 0.586900
vt 0.530800 0.582800
vt 0.530800 0.591000
vt 0.530800 0.595100
vt 0.530800 0.558300
vt 0.530800 0.554200
vt 0.530800 0.562400
vt 0.530800 0.566500
vt 0.530800 0.570500
vt 0.530800 0.574600
vt 0.530800 0.578700
vt 0.709700 0.550800
vt 0.821800 0.880300
vt 0.714300 0.999100
vt 0.913400 0.968100
vt 0.909000 0.973200
vt 0.903100 0.976500
vt 0.896400 0.977700
vt 0.883900 0.973200
vt 0.879500 0.968100
vt 0.877200 0.961800
vt 0.877200 0.955100
vt 0.879500 0.948800
vt 0.883900 0.943700
vt 0.889800 0.940300
vt 0.903100 0.940300
vt 0.909000 0.943700
vt 0.913400 0.948800
vt 0.915700 0.961800
vt 0.846400 0.892900
vt 0.269700 0.962800
vt 0.275000 0.976900
vt 0.284800 0.988400
vt 0.298000 0.995900
vt 0.328000 0.995900
vt 0.341300 0.988400
vt 0.351100 0.976900
vt 0.356300 0.962800
vt 0.356300 0.947800
vt 0.351100 0.933600
vt 0.341300 0.922100
vt 0.313000 0.912000
vt 0.298000 0.914600
vt 0.284800 0.922100
vt 0.269700 0.947800
vt 0.005000 0.004900
vt 0.748700 0.290500
vt 0.996100 0.408100
vt 0.991900 0.419700
vt 0.984000 0.429100
vt 0.973400 0.435200
vt 0.949300 0.435200
vt 0.938700 0.429100
vt 0.930800 0.419700
vt 0.926600 0.408100
vt 0.926600 0.395900
vt 0.930800 0.384300
vt 0.938700 0.374900
vt 0.961400 0.366700
vt 0.973400 0.368800
vt 0.984000 0.374900
vt 0.996100 0.395900
vt 0.744000 0.369800
vt 0.239200 0.946500
vt 0.231900 0.966500
vt 0.218200 0.982900
vt 0.199800 0.993500
vt 0.157800 0.993500
vt 0.139400 0.982900
vt 0.125700 0.966500
vt 0.118400 0.946500
vt 0.118400 0.925100
vt 0.125700 0.905100
vt 0.139400 0.888700
vt 0.178800 0.874300
vt 0.199800 0.878000
vt 0.218200 0.888700
vt 0.239200 0.925100
vt 0.175700 0.514000
vt 0.010200 0.965200
vt 0.022800 0.980300
vt 0.039800 0.990100
vt 0.059200 0.993500
vt 0.095600 0.980300
vt 0.108200 0.965200
vt 0.114900 0.946700
vt 0.114900 0.927000
vt 0.108200 0.908500
vt 0.095600 0.893400
vt 0.078500 0.883500
vt 0.039800 0.883500
vt 0.022800 0.893400
vt 0.010200 0.908500
vt 0.003500 0.946700
vt 0.890800 0.371600
vt 0.883000 0.393200
vt 0.868300 0.410700
vt 0.848500 0.422200
vt 0.803500 0.422200
vt 0.783700 0.410700
vt 0.769000 0.393200
vt 0.761200 0.371600
vt 0.761200 0.348700
vt 0.769000 0.327200
vt 0.783700 0.309700
vt 0.826000 0.294300
vt 0.848500 0.298200
vt 0.868300 0.309700
vt 0.890800 0.348700
vt 0.227600 0.621100
vt 0.204700 0.647200
vt 0.193400 0.674200
vt 0.180700 0.756200
vt 0.194000 0.820800
vt 0.225700 0.850200
vt 0.306000 0.876200
vt 0.386300 0.850200
vt 0.418000 0.820800
vt 0.431300 0.756200
vt 0.418700 0.674200
vt 0.407400 0.647200
vt 0.384400 0.621100
vt 0.126900 0.005000
vt 0.690700 0.552400
vt 0.573300 0.380200
vt 0.177500 0.510400
vt 0.424700 0.949700
vt 0.436600 0.963900
vt 0.452600 0.973100
vt 0.470800 0.976400
vt 0.505100 0.963900
vt 0.517000 0.949700
vt 0.523300 0.932300
vt 0.523300 0.913700
vt 0.517000 0.896300
vt 0.505100 0.882100
vt 0.489000 0.872900
vt 0.452600 0.872900
vt 0.436600 0.882100
vt 0.424700 0.896300
vt 0.418400 0.932300
vt 0.807100 0.486800
vt 0.801500 0.502500
vt 0.790800 0.515200
vt 0.776400 0.523600
vt 0.743600 0.523600
vt 0.729200 0.515200
vt 0.718500 0.502500
vt 0.712800 0.486800
vt 0.712800 0.470200
vt 0.718500 0.454500
vt 0.729200 0.441700
vt 0.760000 0.430500
vt 0.776400 0.433400
vt 0.790800 0.441700
vt 0.807100 0.470200
vt 0.611800 0.562300
vt 0.921100 0.969800
vt 0.935600 0.988900
vt 0.959200 0.996100
vt 0.997200 0.969800
vt 0.997200 0.946300
vt 0.982700 0.927300
vt 0.935600 0.927300
s 1
usemtl Candlestick_skull_MT
f 1/1/1 3/2/2 4/3/3
f 3/2/2 5/4/4 4/3/3
f 6/5/5 8/6/6 9/7/7
f 10/8/8 8/6/6 11/9/9
f 10/8/8 13/10/10 9/7/7
f 12/11/11 15/12/12 13/10/10
f 15/12/12 16/13/13 13/10/10
f 14/14/14 18/15/15 15/12/12
f 19/16/16 18/15/15 17/17/17
f 21/18/18 20/19/19 19/16/16
f 21/18/18 24/20/20 22/21/21
f 25/22/22 24/20/20 27/23/23
f 27/23/23 24/20/20 23/24/24
f 28/25/25 25/22/22 27/23/23
f 28/25/25 27/23/23 30/26/26
f 30/26/26 32/27/27 28/25/25
f 4/3/3 32/27/27 31/28/28
f 26/29/29 29/30/30 33/31/31
f 34/32/32 2/33/33 1/1/1
f 34/32/32 1/1/1 36/34/34
f 36/34/34 8/6/6 34/32/32
f 2/33/33 38/35/35 3/2/2
f 39/36/36 41/37/37 42/38/38
f 39/36/36 43/39/39 44/40/40
f 37/41/41 43/39/39 42/38/38
f 41/37/37 37/41/41 42/38/38
f 22/21/21 47/42/42 20/19/19
f 48/43/43 47/42/42 46/44/44
f 50/45/45 49/46/46 48/43/43
f 52/47/47 50/45/45 53/48/48
f 20/19/19 54/49/49 18/15/15
f 49/46/46 54/49/49 47/42/42
f 51/50/50 55/51/51 49/46/46
f 52/47/47 56/52/52 51/50/50
f 58/53/53 18/15/15 54/49/49
f 55/51/51 58/53/53 54/49/49
f 56/52/52 59/54/54 55/51/51
f 56/52/52 61/55/55 60/56/56
f 62/57/57 16/13/13 15/12/12
f 64/58/58 62/57/57 65/59/59
f 66/60/60 64/58/58 65/59/59
f 68/61/61 70/62/62 71/63/63
f 72/64/64 68/61/61 71/63/63
f 74/65/65 52/47/47 53/48/48
f 75/66/66 57/67/67 52/47/47
f 77/68/68 76/69/69 75/66/66
f 76/69/69 61/55/55 57/67/67
f 62/57/57 15/12/12 58/53/53
f 58/53/53 65/59/59 62/57/57
f 60/56/56 65/59/59 59/54/54
f 61/55/55 66/60/60 60/56/56
f 79/70/70 70/62/62 61/55/55
f 80/71/71 71/63/63 79/70/70
f 69/72/72 66/60/60 70/62/62
f 81/73/73 82/74/74 83/75/75
f 84/76/76 86/77/77 87/78/78
f 84/76/76 87/78/78 88/79/79
f 89/80/80 6/5/5 90/81/81
f 90/81/81 87/78/78 89/80/80
f 87/78/78 86/77/77 89/80/80
f 92/82/82 89/80/83 86/77/84
f 92/82/82 7/83/85 89/80/83
f 92/82/82 8/6/86 7/83/85
f 92/82/82 34/32/87 8/6/86
f 92/82/82 35/84/88 34/32/87
f 92/82/82 93/85/89 35/84/88
f 92/82/82 85/86/90 93/85/89
f 92/82/82 86/77/84 85/86/90
f 94/87/91 87/78/78 91/88/92
f 95/89/93 88/79/79 87/78/78
f 94/87/91 97/90/94 82/74/74
f 95/89/93 94/87/91 82/74/74
f 90/81/95 98/91/96 99/92/97
f 6/5/98 100/93/99 98/91/96
f 96/94/100 73/95/101 102/96/102
f 101/97/103 68/61/104 73/98/101
f 68/61/104 101/97/103 103/99/105
f 69/72/106 68/61/104 103/99/105
f 69/72/106 104/100/107 67/101/108
f 105/102/109 67/101/108 104/100/107
f 106/103/110 64/58/111 105/102/109
f 106/103/110 16/13/112 63/104/113
f 16/13/112 108/105/114 13/10/115
f 100/93/99 13/10/115 108/105/114
f 90/81/95 109/106/116 91/88/117
f 109/106/116 94/87/118 91/88/117
f 101/97/103 96/94/100 94/87/118
f 107/107/119 106/103/120 110/108/121
f 110/108/121 108/105/122 107/107/119
f 100/93/123 108/105/122 110/108/121
f 110/108/121 98/91/124 100/93/123
f 99/92/125 98/91/124 110/108/121
f 110/108/121 109/106/126 99/92/125
f 105/102/127 110/108/121 106/103/120
f 110/108/121 105/102/127 104/100/128
f 104/100/128 103/99/129 110/108/121
f 103/99/129 101/97/130 110/108/121
f 109/106/126 110/108/121 101/97/130
f 10/8/131 11/9/132 111/109/133
f 11/9/132 36/34/134 111/109/133
f 36/34/134 1/1/135 111/109/133
f 1/1/135 4/3/136 111/109/133
f 4/3/136 31/28/137 111/109/133
f 31/28/137 30/26/138 111/109/133
f 30/26/138 27/23/139 111/109/133
f 27/23/139 23/24/140 111/109/133
f 21/18/141 111/109/133 23/24/140
f 19/16/142 17/17/143 111/109/133
f 17/17/143 14/14/144 111/109/133
f 111/109/133 14/14/144 12/11/145
f 12/11/145 10/8/131 111/109/133
f 40/110/146 112/111/147 41/37/148
f 112/111/147 5/4/149 3/2/150
f 112/111/147 32/27/151 5/4/149
f 112/111/147 28/25/152 32/27/151
f 112/111/147 29/30/153 28/25/152
f 38/35/154 41/37/148 112/111/147
f 38/35/154 112/111/147 3/2/150
f 45/112/155 84/76/76 113/113/156
f 113/113/156 88/79/79 114/114/157
f 81/73/73 88/79/79 82/74/74
f 115/115/158 114/114/157 88/79/79
f 37/41/41 85/86/159 84/76/76
f 35/84/160 37/41/41 2/33/33
f 75/66/66 116/116/161 77/68/68
f 79/70/70 78/117/162 80/71/71
f 97/90/94 96/94/163 102/96/164
f 117/118/165 119/119/166 120/120/167
f 120/120/167 119/119/166 121/121/168
f 122/122/169 124/123/170 125/124/171
f 122/122/169 126/125/172 127/126/173
f 126/125/172 128/127/174 129/128/175
f 128/127/174 131/129/176 129/128/175
f 129/128/175 131/129/176 132/130/177
f 132/130/177 133/131/178 134/132/179
f 135/133/180 133/131/178 136/134/181
f 137/135/182 136/134/181 22/21/21
f 137/135/182 24/20/20 138/136/183
f 139/137/184 24/20/20 140/138/185
f 24/20/20 26/29/29 140/138/185
f 141/139/186 139/137/184 140/138/185
f 141/139/186 140/138/185 143/140/187
f 142/141/188 144/142/189 145/143/190
f 117/118/165 144/142/189 118/144/191
f 26/29/29 143/140/187 140/138/185
f 146/145/192 120/120/167 121/121/168
f 146/145/192 121/121/168 148/146/193
f 147/147/194 122/122/169 127/126/173
f 121/121/168 149/148/195 150/149/196
f 39/150/36 152/151/197 40/110/198
f 39/150/36 153/152/199 151/153/200
f 150/149/196 153/152/199 154/154/201
f 152/151/197 150/149/196 149/148/195
f 22/21/21 155/155/202 46/44/44
f 48/43/43 155/155/202 156/156/203
f 50/45/45 156/156/203 157/157/204
f 158/158/205 50/45/45 157/157/204
f 136/134/181 159/159/206 155/155/202
f 156/156/203 159/159/206 160/160/207
f 157/157/204 160/160/207 161/161/208
f 158/158/205 161/161/208 162/162/209
f 163/163/210 133/131/178 131/129/176
f 160/160/207 163/163/210 164/164/211
f 161/161/208 164/164/211 165/165/212
f 161/161/208 166/166/213 162/162/209
f 167/167/214 130/168/215 168/169/216
f 169/170/217 167/167/214 168/169/216
f 171/171/218 169/170/217 172/172/219
f 173/173/220 175/174/221 176/175/222
f 177/176/223 173/173/220 178/177/224
f 74/178/65 158/158/205 179/179/225
f 179/179/225 162/162/209 180/180/226
f 181/181/227 180/180/226 182/182/228
f 180/180/226 166/166/213 183/183/229
f 167/167/214 163/163/210 131/129/176
f 163/163/210 170/184/230 164/164/211
f 165/165/212 170/184/230 171/171/218
f 166/166/213 171/171/218 175/174/221
f 183/183/229 175/174/221 174/185/231
f 184/186/232 174/185/231 177/176/223
f 176/175/222 171/171/218 172/172/219
f 81/187/73 83/188/75 185/189/233
f 186/190/234 188/191/235 189/192/236
f 186/190/234 189/192/236 190/193/237
f 191/194/238 124/123/170 123/195/239
f 191/194/238 188/191/235 192/196/240
f 192/196/240 188/191/235 193/197/241
f 194/198/242 189/192/243 191/194/244
f 194/198/242 191/194/244 123/195/245
f 194/198/242 123/195/245 122/122/246
f 194/198/242 122/122/246 146/145/247
f 194/198/242 146/145/247 148/146/248
f 194/198/242 148/146/248 195/199/249
f 194/198/242 195/199/249 190/193/250
f 194/198/242 190/193/250 189/192/243
f 196/200/251 188/191/235 197/201/252
f 197/201/252 187/202/253 185/189/233
f 198/203/254 196/200/251 185/189/233
f 197/201/252 185/189/233 196/200/251
f 192/196/255 201/204/256 124/123/257
f 124/123/257 202/205/258 125/124/259
f 199/206/260 178/207/261 204/208/262
f 173/173/263 204/208/264 178/177/265
f 176/175/266 205/209/267 173/173/263
f 176/175/266 206/210/268 205/209/267
f 207/211/269 172/172/270 169/170/271
f 208/212/272 169/170/271 168/169/273
f 208/212/272 130/168/274 209/213/275
f 130/168/274 210/214/276 209/213/275
f 202/205/258 128/127/277 125/124/259
f 192/196/255 211/215/278 200/216/279
f 211/215/278 196/200/280 204/208/262
f 204/208/262 196/200/280 199/206/260
f 209/213/281 212/217/282 208/212/283
f 212/217/282 209/213/281 210/214/284
f 202/205/285 212/217/282 210/214/284
f 212/217/282 202/205/285 201/204/286
f 200/216/287 212/217/282 201/204/286
f 212/217/282 200/216/287 211/215/288
f 207/211/289 208/212/283 212/217/282
f 212/217/282 206/210/290 207/211/289
f 206/210/290 212/217/282 205/209/291
f 205/209/291 212/217/282 204/208/292
f 211/215/288 204/208/292 212/217/282
f 126/125/293 213/218/294 127/126/295
f 127/126/295 213/218/294 147/147/296
f 147/147/296 213/218/294 120/120/297
f 120/120/297 213/218/294 117/118/298
f 117/118/298 213/218/294 145/143/299
f 145/143/299 213/218/294 142/141/300
f 142/141/300 213/218/294 139/137/301
f 139/137/301 213/218/294 138/136/302
f 137/135/303 213/218/294 135/133/304
f 135/133/304 213/218/294 134/132/305
f 134/132/305 213/218/294 132/130/306
f 213/218/294 129/128/307 132/130/306
f 129/128/307 213/218/294 126/125/293
f 40/110/146 152/151/308 112/111/147
f 112/111/147 119/119/309 118/144/310
f 112/111/147 118/144/310 144/142/311
f 112/111/147 144/142/311 141/139/312
f 112/111/147 141/139/312 143/140/313
f 149/148/314 112/111/147 152/151/308
f 149/148/314 119/119/309 112/111/147
f 154/154/201 186/190/234 150/149/196
f 214/219/315 187/202/253 186/190/234
f 81/187/73 187/202/253 115/220/158
f 115/220/158 187/202/253 215/221/316
f 150/149/196 190/193/237 195/199/317
f 148/146/193 150/149/196 195/199/317
f 179/179/225 116/222/161 74/178/65
f 183/183/229 182/182/228 180/180/226
f 198/203/318 203/223/319 199/206/260
f 33/31/320 29/30/153 112/111/147
f 143/140/313 33/31/320 112/111/147
f 216/224/321 218/225/322 219/226/323
f 217/227/324 221/228/325 218/225/322
f 220/229/326 223/230/327 221/228/325
f 222/231/328 225/232/329 223/230/327
f 224/233/330 227/234/331 225/232/329
f 226/235/332 229/236/333 227/237/331
f 228/238/334 231/239/335 229/236/333
f 230/240/336 233/241/337 231/239/335
f 232/242/338 235/243/339 233/241/337
f 234/244/340 237/245/341 235/243/339
f 236/246/342 239/247/343 237/245/341
f 238/248/344 241/249/345 239/247/343
f 240/250/346 243/251/347 241/249/345
f 242/252/348 245/253/349 243/251/347
f 244/254/350 247/255/351 245/253/349
f 246/256/352 249/257/353 247/255/351
f 248/258/354 251/259/355 249/257/353
f 216/224/321 251/259/355 250/260/356
f 219/226/323 252/261/357 253/262/358
f 218/225/322 254/263/359 252/261/357
f 221/228/325 255/264/360 254/263/359
f 223/230/327 256/265/361 255/264/360
f 225/232/329 257/266/362 256/265/361
f 227/237/331 258/267/363 257/268/362
f 229/236/333 259/269/364 258/267/363
f 231/239/335 260/270/365 259/269/364
f 233/241/337 261/271/366 260/270/365
f 235/243/339 262/272/367 261/271/366
f 237/245/341 263/273/368 262/272/367
f 239/247/343 264/274/369 263/273/368
f 241/249/345 265/275/370 264/274/369
f 243/251/347 266/276/371 265/275/370
f 245/253/349 267/277/372 266/276/371
f 247/255/351 268/278/373 267/277/372
f 249/257/353 269/279/374 268/278/373
f 251/259/355 253/262/358 269/279/374
f 273/280/375 281/281/375 285/282/375
f 273/283/376 253/262/376 252/261/376
f 274/284/377 252/261/378 254/263/378
f 275/285/379 254/263/379 255/264/379
f 276/286/380 255/264/380 256/265/380
f 277/287/381 256/265/381 257/266/381
f 278/288/382 257/268/382 258/267/382
f 279/289/383 258/267/384 259/269/384
f 280/290/385 259/269/386 260/270/386
f 281/291/387 260/270/387 261/271/387
f 282/292/388 261/271/388 262/272/388
f 283/293/389 262/272/389 263/273/389
f 284/294/390 263/273/391 264/274/391
f 285/295/392 264/274/393 265/275/393
f 286/296/394 265/275/394 266/276/394
f 287/297/395 266/276/396 267/277/396
f 270/298/397 267/277/397 268/278/397
f 271/299/398 268/278/398 269/279/398
f 272/300/399 269/279/399 253/262/399
f 216/301/400 236/302/400 228/303/400
f 288/304/401 290/305/402 291/306/402
f 291/306/402 292/307/403 293/308/403
f 293/308/403 294/309/404 295/310/404
f 295/310/404 296/311/405 297/312/406
f 297/312/406 298/313/407 299/314/408
f 299/315/408 300/316/409 301/317/409
f 301/317/409 302/318/410 303/319/410
f 303/319/410 304/320/411 305/321/411
f 305/321/411 306/322/412 307/323/412
f 307/323/412 308/324/413 309/325/413
f 309/325/413 310/326/414 311/327/414
f 311/327/414 312/328/415 313/329/415
f 313/329/415 314/330/416 315/331/417
f 315/331/417 316/332/418 317/333/419
f 317/333/419 318/334/420 319/335/420
f 319/335/420 320/336/421 321/337/421
f 321/337/421 322/338/422 323/339/422
f 323/339/422 289/340/401 288/304/401
f 324/341/402 326/342/401 327/343/402
f 328/344/403 327/343/402 329/345/403
f 330/346/404 329/345/403 331/347/404
f 332/348/405 331/347/404 333/349/405
f 334/350/407 333/349/405 335/351/407
f 336/352/409 335/353/407 337/354/409
f 338/355/410 337/354/409 339/356/410
f 340/357/411 339/356/410 341/358/411
f 342/359/412 341/358/411 343/360/412
f 344/361/413 343/360/412 345/362/413
f 346/363/414 345/362/413 347/364/414
f 348/365/415 347/364/414 349/366/415
f 350/367/417 349/366/415 351/368/417
f 352/369/419 351/368/417 353/370/419
f 354/371/420 353/370/419 355/372/420
f 356/373/421 355/372/420 357/374/421
f 358/375/422 357/374/421 359/376/422
f 325/377/401 359/376/422 326/342/401
f 325/378/375 340/379/375 348/380/375
f 360/381/402 362/382/401 363/383/402
f 364/384/403 363/383/402 365/385/403
f 366/386/404 365/385/403 367/387/404
f 368/388/406 367/387/404 369/389/405
f 370/390/407 369/389/405 371/391/407
f 372/392/409 371/393/407 373/394/409
f 374/395/410 373/394/409 375/396/410
f 376/397/411 375/396/410 377/398/411
f 378/399/412 377/398/411 379/400/412
f 380/401/413 379/400/412 381/402/413
f 382/403/414 381/402/413 383/404/414
f 384/405/415 383/404/414 385/406/415
f 386/407/416 385/406/415 387/408/417
f 388/409/418 387/408/417 389/410/419
f 390/411/420 389/410/419 391/412/420
f 392/413/421 391/412/420 393/414/421
f 394/415/422 393/414/421 395/416/422
f 361/417/401 395/416/422 362/382/401
f 361/418/375 376/419/375 384/420/375
f 396/421/402 398/422/401 399/423/402
f 400/424/403 399/423/402 401/425/403
f 402/426/404 401/425/403 403/427/404
f 404/428/406 403/427/404 405/429/405
f 406/430/407 405/429/405 407/431/408
f 408/432/409 407/433/408 409/434/409
f 410/435/410 409/434/409 411/436/410
f 412/437/411 411/436/410 413/438/411
f 414/439/412 413/438/411 415/440/412
f 416/441/413 415/440/412 417/442/413
f 418/443/414 417/442/413 419/444/414
f 420/445/415 419/444/414 421/446/415
f 422/447/416 421/446/415 423/448/417
f 424/449/419 423/448/417 425/450/418
f 426/451/420 425/450/418 427/452/420
f 428/453/421 427/452/420 429/454/421
f 430/455/422 429/454/421 431/456/422
f 397/457/401 431/456/422 398/422/401
f 431/458/400 415/459/400 407/460/400
f 397/461/375 412/462/375 420/463/375
f 435/464/412 439/465/412 441/466/412
f 445/467/412 441/466/412 449/468/412
f 433/469/423 450/470/424 451/471/423
f 434/472/425 451/471/423 452/473/426
f 435/474/427 452/473/426 453/475/427
f 436/476/428 453/475/427 454/477/428
f 437/478/429 454/477/428 455/479/430
f 438/480/431 455/479/430 456/481/431
f 432/482/424 457/483/375 450/470/424
f 439/484/432 456/481/431 458/485/432
f 440/486/400 458/485/432 459/487/400
f 449/488/433 459/487/400 460/489/433
f 442/490/434 460/489/433 461/491/434
f 443/492/435 461/491/434 462/493/436
f 444/494/437 462/493/436 463/495/437
f 445/496/438 463/495/437 464/497/438
f 446/498/439 464/497/438 465/499/439
f 447/500/440 465/499/439 466/501/440
f 448/502/441 466/501/440 467/503/441
f 441/504/375 467/503/441 457/505/375
f 468/506/401 452/507/401 451/508/401
f 470/509/401 451/508/401 450/510/401
f 471/511/401 450/510/401 457/512/401
f 472/513/401 457/512/401 467/514/401
f 473/515/401 467/514/401 466/516/401
f 474/517/401 466/516/401 465/518/401
f 475/519/401 465/518/401 464/520/401
f 476/521/401 464/520/401 463/522/401
f 477/523/401 463/522/401 462/524/401
f 478/525/401 462/524/401 461/526/401
f 479/527/401 461/526/401 460/528/401
f 480/529/401 460/528/401 459/530/401
f 481/531/401 459/530/401 458/532/401
f 482/533/401 458/532/401 456/534/401
f 483/535/401 456/534/401 455/536/401
f 484/537/401 455/536/401 454/538/401
f 485/539/401 454/538/401 453/540/401
f 469/541/401 453/540/401 452/507/401
f 486/542/442 488/543/401 489/544/442
f 490/545/443 489/544/442 491/546/444
f 492/547/445 491/546/444 493/548/445
f 494/549/446 493/548/445 495/550/447
f 496/551/448 495/550/447 497/552/449
f 498/553/450 497/552/449 499/554/450
f 500/555/451 499/554/450 501/556/451
f 502/557/452 501/556/451 503/558/452
f 504/559/412 503/558/452 505/560/412
f 506/561/453 505/560/412 507/562/453
f 508/563/454 507/562/453 509/564/455
f 510/565/456 509/564/455 511/566/456
f 512/567/457 511/566/456 513/568/458
f 514/569/459 513/570/458 515/571/459
f 516/572/460 515/571/459 517/573/460
f 518/574/461 517/573/460 519/575/461
f 520/576/462 519/575/461 521/577/462
f 487/578/401 521/577/462 488/543/401
f 522/542/452 524/543/412 525/544/452
f 526/545/463 525/544/452 527/546/451
f 528/547/450 527/546/451 529/548/450
f 530/549/448 529/548/450 531/550/448
f 532/551/446 531/550/448 533/552/446
f 534/553/445 533/552/446 535/554/445
f 536/555/444 535/554/445 537/556/443
f 538/557/442 537/556/443 539/558/442
f 540/559/401 539/558/442 541/560/401
f 542/561/462 541/560/401 543/562/462
f 544/563/461 543/562/462 545/564/461
f 546/565/460 545/564/461 547/566/460
f 548/567/459 547/566/460 549/568/464
f 550/569/457 549/570/464 551/571/457
f 552/572/456 551/571/457 553/573/456
f 554/574/454 553/573/456 555/575/455
f 556/576/453 555/575/455 557/577/453
f 523/578/412 557/577/453 524/543/412
f 558/579/402 560/580/401 561/581/402
f 562/582/403 561/581/402 563/583/403
f 564/584/404 563/583/403 565/585/404
f 566/586/405 565/585/404 567/587/406
f 568/588/407 567/587/406 569/589/407
f 570/590/409 569/591/407 571/592/409
f 572/593/410 571/592/409 573/594/410
f 574/595/411 573/594/410 575/596/411
f 576/597/412 575/596/411 577/598/412
f 578/599/413 577/598/412 579/600/413
f 580/601/414 579/600/413 581/602/414
f 582/603/415 581/602/414 583/604/415
f 584/605/417 583/604/415 585/606/416
f 586/607/419 585/606/416 587/608/419
f 588/609/420 587/608/419 589/610/420
f 590/611/421 589/610/420 591/612/421
f 592/613/422 591/612/421 593/614/422
f 559/615/401 593/614/422 560/580/401
f 594/616/400 561/617/400 560/618/400
f 596/619/400 560/618/400 593/620/400
f 597/621/400 593/620/400 591/622/400
f 598/623/400 591/622/400 589/624/400
f 599/625/400 589/624/400 587/626/400
f 600/627/400 587/626/400 585/628/400
f 601/629/400 585/628/400 583/630/400
f 602/631/400 583/630/400 581/632/400
f 603/633/400 581/632/400 579/634/400
f 604/635/400 579/634/400 577/636/400
f 605/637/400 577/636/400 575/638/400
f 606/639/400 575/638/400 573/640/400
f 607/641/400 573/640/400 571/642/400
f 608/643/400 571/642/400 569/644/400
f 609/645/400 569/644/400 567/646/400
f 610/647/400 567/646/400 565/648/400
f 611/649/400 565/648/400 563/650/400
f 595/651/400 563/650/400 561/617/400
f 612/652/375 559/653/375 558/654/375
f 614/655/375 558/654/375 562/656/375
f 615/657/375 562/656/375 564/658/375
f 616/659/375 564/658/375 566/660/375
f 617/661/375 566/660/375 568/662/375
f 618/663/375 568/662/375 570/664/375
f 619/665/375 570/664/375 572/666/375
f 620/667/375 572/666/375 574/668/375
f 621/669/375 574/668/375 576/670/375
f 622/671/375 576/670/375 578/672/375
f 623/673/375 578/672/375 580/674/375
f 624/675/375 580/674/375 582/676/375
f 625/677/375 582/676/375 584/678/375
f 626/679/375 584/678/375 586/680/375
f 627/681/375 586/680/375 588/682/375
f 628/683/375 588/682/375 590/684/375
f 629/685/375 590/684/375 592/686/375
f 613/687/375 592/686/375 559/653/375
f 630/579/413 632/580/412 633/581/413
f 634/582/414 633/581/413 635/583/414
f 636/584/415 635/583/414 637/585/415
f 638/586/417 637/585/415 639/587/416
f 640/588/418 639/587/416 641/589/419
f 642/590/420 641/591/419 643/592/420
f 644/593/421 643/592/420 645/594/421
f 646/595/422 645/594/421 647/596/422
f 648/597/401 647/596/422 649/598/401
f 650/599/402 649/598/401 651/600/402
f 652/601/403 651/600/402 653/602/403
f 654/603/404 653/602/403 655/604/404
f 656/605/405 655/604/404 657/606/406
f 658/607/408 657/606/406 659/608/407
f 660/609/409 659/608/407 661/610/409
f 662/611/410 661/610/409 663/612/410
f 664/613/411 663/612/410 665/614/411
f 631/615/412 665/614/411 632/580/412
f 666/616/400 633/617/400 632/618/400
f 668/619/400 632/618/400 665/620/400
f 669/621/400 665/620/400 663/622/400
f 670/623/400 663/622/400 661/624/400
f 671/625/400 661/624/400 659/626/400
f 672/627/400 659/626/400 657/628/400
f 673/629/400 657/628/400 655/630/400
f 674/631/400 655/630/400 653/632/400
f 675/633/400 653/632/400 651/634/400
f 676/635/400 651/634/400 649/636/400
f 677/637/400 649/636/400 647/638/400
f 678/639/400 647/638/400 645/640/400
f 679/641/400 645/640/400 643/642/400
f 680/643/400 643/642/400 641/644/400
f 681/645/400 641/644/400 639/646/400
f 682/647/400 639/646/400 637/648/400
f 683/649/400 637/648/400 635/650/400
f 667/651/400 635/650/400 633/617/400
f 684/652/375 631/653/375 630/654/375
f 686/655/375 630/654/375 634/656/375
f 687/657/375 634/656/375 636/658/375
f 688/659/375 636/658/375 638/660/375
f 689/661/375 638/660/375 640/662/375
f 690/663/375 640/662/375 642/664/375
f 691/665/375 642/664/375 644/666/375
f 692/667/375 644/666/375 646/668/375
f 693/669/375 646/668/375 648/670/375
f 694/671/375 648/670/375 650/672/375
f 695/673/375 650/672/375 652/674/375
f 696/675/375 652/674/375 654/676/375
f 697/677/375 654/676/375 656/678/375
f 698/679/375 656/678/375 658/680/375
f 699/681/375 658/680/375 660/682/375
f 700/683/375 660/682/375 662/684/375
f 701/685/375 662/684/375 664/686/375
f 685/687/375 664/686/375 631/653/375
f 702/688/402 704/689/401 705/690/402
f 706/691/403 705/690/402 707/692/403
f 708/693/404 707/692/403 709/694/404
f 710/695/406 709/694/404 711/696/405
f 712/697/407 711/696/405 713/698/408
f 714/699/409 713/700/408 715/701/409
f 716/702/410 715/701/409 717/703/410
f 718/704/411 717/703/410 719/705/411
f 720/706/412 719/705/411 721/707/412
f 722/708/413 721/707/412 723/709/413
f 724/710/414 723/709/413 725/711/414
f 726/712/415 725/711/414 727/713/415
f 728/714/417 727/713/415 729/715/416
f 730/716/419 729/715/416 731/717/418
f 732/718/420 731/717/418 733/719/420
f 734/720/421 733/719/420 735/721/421
f 736/722/422 735/721/421 737/723/422
f 703/724/401 737/723/422 704/689/401
f 737/725/400 721/726/400 713/727/400
f 703/728/375 718/729/375 726/730/375
f 738/688/413 740/689/412 741/690/413
f 742/691/414 741/690/413 743/692/414
f 744/693/415 743/692/414 745/694/415
f 746/695/417 745/694/415 747/696/417
f 748/697/419 747/696/417 749/698/419
f 750/699/420 749/700/419 751/701/420
f 752/702/421 751/701/420 753/703/421
f 754/704/422 753/703/421 755/705/422
f 756/706/401 755/705/422 757/707/401
f 758/708/402 757/707/401 759/709/402
f 760/710/403 759/709/402 761/711/403
f 762/712/404 761/711/403 763/713/404
f 764/714/406 763/713/404 765/715/405
f 766/716/407 765/715/405 767/717/407
f 768/718/409 767/717/407 769/719/409
f 770/720/410 769/719/409 771/721/410
f 772/722/411 771/721/410 773/723/411
f 739/724/412 773/723/411 740/689/412
f 773/725/400 757/726/400 749/727/400
f 739/728/375 754/729/375 762/730/375
f 774/731/465 776/732/466 777/733/467
f 777/733/467 778/734/468 779/735/469
f 779/735/469 780/736/470 781/737/471
f 781/738/471 782/739/472 783/740/473
f 783/740/473 784/741/474 785/742/475
f 785/742/475 786/743/476 787/744/477
f 787/744/477 788/745/478 789/746/479
f 789/746/479 790/747/480 791/748/481
f 791/748/481 792/749/482 793/750/483
f 793/750/483 775/751/484 774/731/465
f 792/752/400 784/753/400 780/754/400
f 774/731/465 794/755/485 795/756/486
f 777/733/467 796/757/487 794/755/485
f 779/735/469 797/758/488 796/757/487
f 781/738/471 798/759/489 797/760/488
f 783/740/473 799/761/490 798/759/489
f 785/742/475 800/762/491 799/761/490
f 787/744/477 801/763/492 800/762/491
f 789/746/479 802/764/493 801/763/492
f 791/748/481 803/765/494 802/764/493
f 793/750/483 795/756/486 803/765/494
f 804/731/495 806/732/496 807/733/497
f 807/733/497 808/734/498 809/735/499
f 809/735/499 810/736/500 811/737/501
f 811/738/501 812/739/502 813/740/503
f 813/740/503 814/741/504 815/742/505
f 815/742/505 816/743/506 817/744/507
f 817/744/507 818/745/508 819/746/509
f 819/746/509 820/747/510 821/748/511
f 821/748/511 822/749/512 823/750/513
f 823/750/513 805/751/514 804/731/495
f 822/752/400 814/753/400 810/754/400
f 804/731/495 824/755/491 825/756/490
f 807/733/497 826/757/492 824/755/491
f 809/735/499 827/758/493 826/757/492
f 811/738/501 828/759/494 827/760/493
f 813/740/503 829/761/486 828/759/494
f 815/742/505 830/762/485 829/761/486
f 817/744/507 831/763/487 830/762/485
f 819/746/509 832/764/488 831/763/487
f 821/748/511 833/765/489 832/764/488
f 823/750/513 825/756/490 833/765/489
f 1/1/1 2/33/33 3/2/2
f 6/5/5 7/83/515 8/6/6
f 10/8/8 9/7/7 8/6/6
f 10/8/8 12/11/11 13/10/10
f 12/11/11 14/14/14 15/12/12
f 14/14/14 17/17/17 18/15/15
f 19/16/16 20/19/19 18/15/15
f 21/18/18 22/21/21 20/19/19
f 21/18/18 23/24/24 24/20/20
f 25/22/22 26/29/29 24/20/20
f 28/25/25 29/30/30 25/22/22
f 30/26/26 31/28/28 32/27/27
f 4/3/3 5/4/4 32/27/27
f 26/29/29 25/22/22 29/30/30
f 34/32/32 35/84/160 2/33/33
f 36/34/34 11/9/9 8/6/6
f 2/33/33 37/41/41 38/35/35
f 39/36/36 40/110/198 41/37/37
f 39/36/36 42/38/38 43/39/39
f 37/41/41 45/112/155 43/39/39
f 41/37/37 38/35/35 37/41/41
f 22/21/21 46/44/44 47/42/42
f 48/43/43 49/46/46 47/42/42
f 50/45/45 51/50/50 49/46/46
f 52/47/47 51/50/50 50/45/45
f 20/19/19 47/42/42 54/49/49
f 49/46/46 55/51/51 54/49/49
f 51/50/50 56/52/52 55/51/51
f 52/47/47 57/67/67 56/52/52
f 58/53/53 15/12/12 18/15/15
f 55/51/51 59/54/54 58/53/53
f 56/52/52 60/56/56 59/54/54
f 56/52/52 57/67/67 61/55/55
f 62/57/57 63/104/516 16/13/13
f 64/58/58 63/104/516 62/57/57
f 66/60/60 67/101/517 64/58/58
f 68/61/61 69/72/72 70/62/62
f 72/64/64 73/98/518 68/61/61
f 74/65/65 75/66/66 52/47/47
f 75/66/66 76/69/69 57/67/67
f 77/68/68 78/117/162 76/69/69
f 76/69/69 79/70/70 61/55/55
f 58/53/53 59/54/54 65/59/59
f 60/56/56 66/60/60 65/59/59
f 61/55/55 70/62/62 66/60/60
f 79/70/70 71/63/63 70/62/62
f 80/71/71 72/64/64 71/63/63
f 69/72/72 67/101/517 66/60/60
f 84/76/76 85/86/159 86/77/77
f 89/80/80 7/83/515 6/5/5
f 90/81/81 91/88/92 87/78/78
f 94/87/91 95/89/93 87/78/78
f 95/89/93 82/74/74 88/79/79
f 94/87/91 96/94/163 97/90/94
f 90/81/95 6/5/98 98/91/96
f 6/5/98 9/7/519 100/93/99
f 96/94/100 101/97/103 73/95/101
f 69/72/106 103/99/105 104/100/107
f 105/102/109 64/58/111 67/101/108
f 106/103/110 63/104/113 64/58/111
f 106/103/110 107/107/520 16/13/112
f 16/13/112 107/107/520 108/105/114
f 100/93/99 9/7/519 13/10/115
f 90/81/95 99/92/97 109/106/116
f 109/106/116 101/97/103 94/87/118
f 21/18/141 19/16/142 111/109/133
f 45/112/155 37/41/41 84/76/76
f 113/113/156 84/76/76 88/79/79
f 81/73/73 115/115/158 88/79/79
f 37/41/41 93/85/521 85/86/159
f 35/84/160 93/85/521 37/41/41
f 75/66/66 74/65/65 116/116/161
f 79/70/70 76/69/69 78/117/162
f 117/118/165 118/144/191 119/119/166
f 122/122/169 123/195/239 124/123/170
f 122/122/169 125/124/171 126/125/172
f 126/125/172 125/124/171 128/127/174
f 128/127/174 130/168/215 131/129/176
f 132/130/177 131/129/176 133/131/178
f 135/133/180 134/132/179 133/131/178
f 137/135/182 135/133/180 136/134/181
f 137/135/182 22/21/21 24/20/20
f 139/137/184 138/136/183 24/20/20
f 141/139/186 142/141/188 139/137/184
f 142/141/188 141/139/186 144/142/189
f 117/118/165 145/143/190 144/142/189
f 26/29/29 33/31/31 143/140/187
f 146/145/192 147/147/194 120/120/167
f 147/147/194 146/145/192 122/122/169
f 121/121/168 119/119/166 149/148/195
f 39/150/36 151/153/200 152/151/197
f 39/150/36 44/766/40 153/152/199
f 150/149/196 151/153/200 153/152/199
f 152/151/197 151/153/200 150/149/196
f 22/21/21 136/134/181 155/155/202
f 48/43/43 46/44/44 155/155/202
f 50/45/45 48/43/43 156/156/203
f 158/158/205 53/767/48 50/45/45
f 136/134/181 133/131/178 159/159/206
f 156/156/203 155/155/202 159/159/206
f 157/157/204 156/156/203 160/160/207
f 158/158/205 157/157/204 161/161/208
f 163/163/210 159/159/206 133/131/178
f 160/160/207 159/159/206 163/163/210
f 161/161/208 160/160/207 164/164/211
f 161/161/208 165/165/212 166/166/213
f 167/167/214 131/129/176 130/168/215
f 169/170/217 170/184/230 167/167/214
f 171/171/218 170/184/230 169/170/217
f 173/173/220 174/185/231 175/174/221
f 177/176/223 174/185/231 173/173/220
f 74/178/65 53/767/48 158/158/205
f 179/179/225 158/158/205 162/162/209
f 181/181/227 179/179/225 180/180/226
f 180/180/226 162/162/209 166/166/213
f 163/163/210 167/167/214 170/184/230
f 165/165/212 164/164/211 170/184/230
f 166/166/213 165/165/212 171/171/218
f 183/183/229 166/166/213 175/174/221
f 184/186/232 183/183/229 174/185/231
f 176/175/222 175/174/221 171/171/218
f 186/190/234 187/202/253 188/191/235
f 191/194/238 192/196/240 124/123/170
f 191/194/238 189/192/236 188/191/235
f 196/200/251 193/197/241 188/191/235
f 197/201/252 188/191/235 187/202/253
f 198/203/254 199/206/522 196/200/251
f 192/196/255 200/216/279 201/204/256
f 124/123/257 201/204/256 202/205/258
f 199/206/260 203/223/319 178/207/261
f 173/173/263 205/209/267 204/208/264
f 176/175/266 172/172/270 206/210/268
f 207/211/269 206/210/268 172/172/270
f 208/212/272 207/211/269 169/170/271
f 208/212/272 168/169/273 130/168/274
f 130/168/274 128/127/277 210/214/276
f 202/205/258 210/214/276 128/127/277
f 192/196/255 193/197/523 211/215/278
f 211/215/278 193/197/523 196/200/280
f 137/135/303 138/136/302 213/218/294
f 154/154/201 214/219/315 186/190/234
f 214/219/315 215/221/316 187/202/253
f 81/187/73 185/189/233 187/202/253
f 150/149/196 186/190/234 190/193/237
f 148/146/193 121/121/168 150/149/196
f 179/179/225 181/181/227 116/222/161
f 183/183/229 184/186/232 182/182/228
f 216/224/321 217/227/324 218/225/322
f 217/227/324 220/229/326 221/228/325
f 220/229/326 222/231/328 223/230/327
f 222/231/328 224/233/330 225/232/329
f 224/233/330 226/768/332 227/234/331
f 226/235/332 228/238/334 229/236/333
f 228/238/334 230/240/336 231/239/335
f 230/240/336 232/242/338 233/241/337
f 232/242/338 234/244/340 235/243/339
f 234/244/340 236/246/342 237/245/341
f 236/246/342 238/248/344 239/247/343
f 238/248/344 240/250/346 241/249/345
f 240/250/346 242/252/348 243/251/347
f 242/252/348 244/254/350 245/253/349
f 244/254/350 246/256/352 247/255/351
f 246/256/352 248/258/354 249/257/353
f 248/258/354 250/260/356 251/259/355
f 216/224/321 219/226/323 251/259/355
f 219/226/323 218/225/322 252/261/357
f 218/225/322 221/228/325 254/263/359
f 221/228/325 223/230/327 255/264/360
f 223/230/327 225/232/329 256/265/361
f 225/232/329 227/234/331 257/266/362
f 227/237/331 229/236/333 258/267/363
f 229/236/333 231/239/335 259/269/364
f 231/239/335 233/241/337 260/270/365
f 233/241/337 235/243/339 261/271/366
f 235/243/339 237/245/341 262/272/367
f 237/245/341 239/247/343 263/273/368
f 239/247/343 241/249/345 264/274/369
f 241/249/345 243/251/347 265/275/370
f 243/251/347 245/253/349 266/276/371
f 245/253/349 247/255/351 267/277/372
f 247/255/351 249/257/353 268/278/373
f 249/257/353 251/259/355 269/279/374
f 251/259/355 219/226/323 253/262/358
f 287/769/375 270/770/375 271/771/375
f 271/771/375 272/772/375 273/280/375
f 273/280/375 274/773/375 275/774/375
f 275/774/375 276/775/375 277/776/375
f 277/776/375 278/777/375 279/778/375
f 279/778/375 280/779/375 281/281/375
f 281/281/375 282/780/375 283/781/375
f 283/781/375 284/782/375 285/282/375
f 285/282/375 286/783/375 287/769/375
f 287/769/375 271/771/375 273/280/375
f 273/280/375 275/774/375 277/776/375
f 277/776/375 279/778/375 281/281/375
f 281/281/375 283/781/375 285/282/375
f 285/282/375 287/769/375 273/280/375
f 273/280/375 277/776/375 281/281/375
f 273/283/376 272/300/376 253/262/376
f 274/284/377 273/283/377 252/261/378
f 275/285/379 274/284/379 254/263/379
f 276/286/380 275/285/524 255/264/380
f 277/287/381 276/286/381 256/265/381
f 278/288/382 277/784/525 257/268/382
f 279/289/383 278/288/383 258/267/384
f 280/290/385 279/289/385 259/269/386
f 281/291/387 280/290/387 260/270/387
f 282/292/388 281/291/388 261/271/388
f 283/293/389 282/292/389 262/272/389
f 284/294/390 283/293/390 263/273/391
f 285/295/392 284/294/526 264/274/393
f 286/296/394 285/295/394 265/275/394
f 287/297/395 286/296/395 266/276/396
f 270/298/397 287/297/397 267/277/397
f 271/299/398 270/298/398 268/278/398
f 272/300/399 271/299/399 269/279/399
f 224/785/400 222/786/400 220/787/400
f 220/787/400 217/788/400 216/301/400
f 216/301/400 250/789/400 248/790/400
f 248/790/400 246/791/400 244/792/400
f 244/792/400 242/793/400 240/794/400
f 240/794/400 238/795/400 236/302/400
f 236/302/400 234/796/400 232/797/400
f 232/797/400 230/798/400 228/303/400
f 228/303/400 226/799/400 224/785/400
f 224/785/400 220/787/400 216/301/400
f 216/301/400 248/790/400 244/792/400
f 244/792/400 240/794/400 236/302/400
f 236/302/400 232/797/400 228/303/400
f 228/303/400 224/785/400 216/301/400
f 216/301/400 244/792/400 236/302/400
f 288/304/401 289/340/401 290/305/402
f 291/306/402 290/305/402 292/307/403
f 293/308/403 292/307/403 294/309/404
f 295/310/404 294/309/404 296/311/405
f 297/312/406 296/311/405 298/313/407
f 299/315/408 298/800/407 300/316/409
f 301/317/409 300/316/409 302/318/410
f 303/319/410 302/318/410 304/320/411
f 305/321/411 304/320/411 306/322/412
f 307/323/412 306/322/412 308/324/413
f 309/325/413 308/324/413 310/326/414
f 311/327/414 310/326/414 312/328/415
f 313/329/415 312/328/415 314/330/416
f 315/331/417 314/330/416 316/332/418
f 317/333/419 316/332/418 318/334/420
f 319/335/420 318/334/420 320/336/421
f 321/337/421 320/336/421 322/338/422
f 323/339/422 322/338/422 289/340/401
f 324/341/402 325/377/401 326/342/401
f 328/344/403 324/341/402 327/343/402
f 330/346/404 328/344/403 329/345/403
f 332/348/405 330/346/404 331/347/404
f 334/350/407 332/348/405 333/349/405
f 336/352/409 334/801/407 335/353/407
f 338/355/410 336/352/409 337/354/409
f 340/357/411 338/355/410 339/356/410
f 342/359/412 340/357/411 341/358/411
f 344/361/413 342/359/412 343/360/412
f 346/363/414 344/361/413 345/362/413
f 348/365/415 346/363/414 347/364/414
f 350/367/417 348/365/415 349/366/415
f 352/369/419 350/367/417 351/368/417
f 354/371/420 352/369/419 353/370/419
f 356/373/421 354/371/420 355/372/420
f 358/375/422 356/373/421 357/374/421
f 325/377/401 358/375/422 359/376/422
f 352/802/375 354/803/375 356/804/375
f 356/804/375 358/805/375 325/378/375
f 325/378/375 324/806/375 328/807/375
f 328/807/375 330/808/375 332/809/375
f 332/809/375 334/810/375 336/811/375
f 336/811/375 338/812/375 340/379/375
f 340/379/375 342/813/527 344/814/375
f 344/814/375 346/815/375 348/380/375
f 348/380/375 350/816/375 352/802/375
f 352/802/375 356/804/375 325/378/375
f 325/378/375 328/807/375 332/809/375
f 332/809/375 336/811/375 340/379/375
f 340/379/375 344/814/375 348/380/375
f 348/380/375 352/802/375 325/378/375
f 325/378/375 332/809/375 340/379/375
f 360/381/402 361/417/401 362/382/401
f 364/384/403 360/381/402 363/383/402
f 366/386/404 364/384/403 365/385/403
f 368/388/406 366/386/404 367/387/404
f 370/390/407 368/388/406 369/389/405
f 372/392/409 370/817/407 371/393/407
f 374/395/410 372/392/409 373/394/409
f 376/397/411 374/395/410 375/396/410
f 378/399/412 376/397/411 377/398/411
f 380/401/413 378/399/412 379/400/412
f 382/403/414 380/401/413 381/402/413
f 384/405/415 382/403/414 383/404/414
f 386/407/416 384/405/415 385/406/415
f 388/409/418 386/407/416 387/408/417
f 390/411/420 388/409/418 389/410/419
f 392/413/421 390/411/420 391/412/420
f 394/415/422 392/413/421 393/414/421
f 361/417/401 394/415/422 395/416/422
f 388/818/375 390/819/375 392/820/375
f 392/820/375 394/821/375 361/418/375
f 361/418/375 360/822/375 364/823/375
f 364/823/375 366/824/375 368/825/375
f 368/825/375 370/826/375 372/827/375
f 372/827/375 374/828/375 376/419/375
f 376/419/375 378/829/375 380/830/375
f 380/830/375 382/831/375 384/420/375
f 384/420/375 386/832/375 388/818/375
f 388/818/375 392/820/375 361/418/375
f 361/418/375 364/823/375 368/825/375
f 368/825/375 372/827/375 376/419/375
f 376/419/375 380/830/375 384/420/375
f 384/420/375 388/818/375 361/418/375
f 361/418/375 368/825/375 376/419/375
f 396/421/402 397/457/401 398/422/401
f 400/424/403 396/421/402 399/423/402
f 402/426/404 400/424/403 401/425/403
f 404/428/406 402/426/404 403/427/404
f 406/430/407 404/428/406 405/429/405
f 408/432/409 406/833/407 407/433/408
f 410/435/410 408/432/409 409/434/409
f 412/437/411 410/435/410 411/436/410
f 414/439/412 412/437/411 413/438/411
f 416/441/413 414/439/412 415/440/412
f 418/443/414 416/441/413 417/442/413
f 420/445/415 418/443/414 419/444/414
f 422/447/416 420/445/415 421/446/415
f 424/449/419 422/447/416 423/448/417
f 426/451/420 424/449/419 425/450/418
f 428/453/421 426/451/420 427/452/420
f 430/455/422 428/453/421 429/454/421
f 397/457/401 430/455/422 431/456/422
f 403/834/400 401/835/400 399/836/400
f 399/836/400 398/837/400 431/458/400
f 431/458/400 429/838/400 427/839/400
f 427/839/400 425/840/400 423/841/400
f 423/841/400 421/842/400 419/843/400
f 419/843/400 417/844/400 415/459/400
f 415/459/400 413/845/400 411/846/400
f 411/846/400 409/847/400 407/460/400
f 407/460/400 405/848/400 403/834/400
f 403/834/400 399/836/400 431/458/400
f 431/458/400 427/839/400 423/841/400
f 423/841/400 419/843/400 415/459/400
f 415/459/400 411/846/400 407/460/400
f 407/460/400 403/834/400 431/458/400
f 431/458/400 423/841/400 415/459/400
f 424/849/375 426/850/375 428/851/375
f 428/851/375 430/852/375 397/461/375
f 397/461/375 396/853/375 400/854/375
f 400/854/375 402/855/375 404/856/375
f 404/856/375 406/857/375 408/858/375
f 408/858/375 410/859/375 412/462/375
f 412/462/375 414/860/375 416/861/375
f 416/861/375 418/862/375 420/463/375
f 420/463/375 422/863/375 424/849/375
f 424/849/375 428/851/375 397/461/375
f 397/461/375 400/854/375 404/856/375
f 404/856/375 408/858/375 412/462/375
f 412/462/375 416/861/375 420/463/375
f 420/463/375 424/849/375 397/461/375
f 397/461/375 404/856/375 412/462/375
f 441/466/412 432/864/412 433/865/412
f 433/865/412 434/866/412 435/464/412
f 435/464/412 436/867/412 437/868/412
f 437/868/412 438/869/412 439/465/412
f 439/465/412 440/870/412 441/466/412
f 441/466/412 433/865/412 435/464/412
f 435/464/412 437/868/412 439/465/412
f 449/468/412 442/871/412 443/872/412
f 443/872/412 444/873/412 445/467/412
f 445/467/412 446/874/412 447/875/412
f 447/875/412 448/876/412 441/466/412
f 441/466/412 440/870/412 449/468/412
f 449/468/412 443/872/412 445/467/412
f 445/467/412 447/875/412 441/466/412
f 433/469/423 432/482/424 450/470/424
f 434/472/425 433/469/423 451/471/423
f 435/474/427 434/472/425 452/473/426
f 436/476/428 435/474/427 453/475/427
f 437/478/429 436/476/428 454/477/428
f 438/480/431 437/478/429 455/479/430
f 432/482/424 441/877/375 457/483/375
f 439/484/432 438/480/431 456/481/431
f 440/486/400 439/484/432 458/485/432
f 449/488/433 440/486/400 459/487/400
f 442/490/434 449/488/433 460/489/433
f 443/492/435 442/490/434 461/491/434
f 444/494/437 443/492/435 462/493/436
f 445/496/438 444/494/437 463/495/437
f 446/498/439 445/496/438 464/497/438
f 447/500/440 446/498/439 465/499/439
f 448/502/441 447/500/440 466/501/440
f 441/504/375 448/502/441 467/503/441
f 468/506/401 469/541/401 452/507/401
f 470/509/401 468/506/401 451/508/401
f 471/511/401 470/509/401 450/510/401
f 472/513/401 471/511/401 457/512/401
f 473/515/401 472/513/401 467/514/401
f 474/517/401 473/515/401 466/516/401
f 475/519/401 474/517/401 465/518/401
f 476/521/401 475/519/401 464/520/401
f 477/523/401 476/521/401 463/522/401
f 478/525/401 477/523/401 462/524/401
f 479/527/401 478/525/401 461/526/401
f 480/529/401 479/527/401 460/528/401
f 481/531/401 480/529/401 459/530/401
f 482/533/401 481/531/401 458/532/401
f 483/535/401 482/533/401 456/534/401
f 484/537/401 483/535/401 455/536/401
f 485/539/401 484/537/401 454/538/401
f 469/541/401 485/539/401 453/540/401
f 486/542/442 487/578/401 488/543/401
f 490/545/443 486/542/442 489/544/442
f 492/547/445 490/545/443 491/546/444
f 494/549/446 492/547/445 493/548/445
f 496/551/448 494/549/446 495/550/447
f 498/553/450 496/551/448 497/552/449
f 500/555/451 498/553/450 499/554/450
f 502/557/452 500/555/451 501/556/451
f 504/559/412 502/557/452 503/558/452
f 506/561/453 504/559/412 505/560/412
f 508/563/454 506/561/453 507/562/453
f 510/565/456 508/563/454 509/564/455
f 512/567/457 510/565/456 511/566/456
f 514/569/459 512/878/457 513/570/458
f 516/572/460 514/569/459 515/571/459
f 518/574/461 516/572/460 517/573/460
f 520/576/462 518/574/461 519/575/461
f 487/578/401 520/576/462 521/577/462
f 522/542/452 523/578/412 524/543/412
f 526/545/463 522/542/452 525/544/452
f 528/547/450 526/545/463 527/546/451
f 530/549/448 528/547/450 529/548/450
f 532/551/446 530/549/448 531/550/448
f 534/553/445 532/551/446 533/552/446
f 536/555/444 534/553/445 535/554/445
f 538/557/442 536/555/444 537/556/443
f 540/559/401 538/557/442 539/558/442
f 542/561/462 540/559/401 541/560/401
f 544/563/461 542/561/462 543/562/462
f 546/565/460 544/563/461 545/564/461
f 548/567/459 546/565/460 547/566/460
f 550/569/457 548/878/459 549/570/464
f 552/572/456 550/569/457 551/571/457
f 554/574/454 552/572/456 553/573/456
f 556/576/453 554/574/454 555/575/455
f 523/578/412 556/576/453 557/577/453
f 558/579/402 559/615/401 560/580/401
f 562/582/403 558/579/402 561/581/402
f 564/584/404 562/582/403 563/583/403
f 566/586/405 564/584/404 565/585/404
f 568/588/407 566/586/405 567/587/406
f 570/590/409 568/879/407 569/591/407
f 572/593/410 570/590/409 571/592/409
f 574/595/411 572/593/410 573/594/410
f 576/597/412 574/595/411 575/596/411
f 578/599/413 576/597/412 577/598/412
f 580/601/414 578/599/413 579/600/413
f 582/603/415 580/601/414 581/602/414
f 584/605/417 582/603/415 583/604/415
f 586/607/419 584/605/417 585/606/416
f 588/609/420 586/607/419 587/608/419
f 590/611/421 588/609/420 589/610/420
f 592/613/422 590/611/421 591/612/421
f 559/615/401 592/613/422 593/614/422
f 594/616/400 595/651/400 561/617/400
f 596/619/400 594/616/400 560/618/400
f 597/621/400 596/619/400 593/620/400
f 598/623/400 597/621/400 591/622/400
f 599/625/400 598/623/400 589/624/400
f 600/627/400 599/625/400 587/626/400
f 601/629/400 600/627/400 585/628/400
f 602/631/400 601/629/400 583/630/400
f 603/633/400 602/631/400 581/632/400
f 604/635/400 603/633/400 579/634/400
f 605/637/400 604/635/400 577/636/400
f 606/639/400 605/637/400 575/638/400
f 607/641/400 606/639/400 573/640/400
f 608/643/400 607/641/400 571/642/400
f 609/645/400 608/643/400 569/644/400
f 610/647/400 609/645/400 567/646/400
f 611/649/400 610/647/400 565/648/400
f 595/651/400 611/649/400 563/650/400
f 612/652/375 613/687/375 559/653/375
f 614/655/375 612/652/375 558/654/375
f 615/657/375 614/655/375 562/656/375
f 616/659/375 615/657/375 564/658/375
f 617/661/375 616/659/375 566/660/375
f 618/663/375 617/661/375 568/662/375
f 619/665/375 618/663/375 570/664/375
f 620/667/375 619/665/375 572/666/375
f 621/669/375 620/667/375 574/668/375
f 622/671/375 621/669/375 576/670/375
f 623/673/375 622/671/375 578/672/375
f 624/675/375 623/673/375 580/674/375
f 625/677/375 624/675/375 582/676/375
f 626/679/375 625/677/375 584/678/375
f 627/681/375 626/679/375 586/680/375
f 628/683/375 627/681/375 588/682/375
f 629/685/375 628/683/375 590/684/375
f 613/687/375 629/685/375 592/686/375
f 630/579/413 631/615/412 632/580/412
f 634/582/414 630/579/413 633/581/413
f 636/584/415 634/582/414 635/583/414
f 638/586/417 636/584/415 637/585/415
f 640/588/418 638/586/417 639/587/416
f 642/590/420 640/879/418 641/591/419
f 644/593/421 642/590/420 643/592/420
f 646/595/422 644/593/421 645/594/421
f 648/597/401 646/595/422 647/596/422
f 650/599/402 648/597/401 649/598/401
f 652/601/403 650/599/402 651/600/402
f 654/603/404 652/601/403 653/602/403
f 656/605/405 654/603/404 655/604/404
f 658/607/408 656/605/405 657/606/406
f 660/609/409 658/607/408 659/608/407
f 662/611/410 660/609/409 661/610/409
f 664/613/411 662/611/410 663/612/410
f 631/615/412 664/613/411 665/614/411
f 666/616/400 667/651/400 633/617/400
f 668/619/400 666/616/400 632/618/400
f 669/621/400 668/619/400 665/620/400
f 670/623/400 669/621/400 663/622/400
f 671/625/400 670/623/400 661/624/400
f 672/627/400 671/625/400 659/626/400
f 673/629/400 672/627/400 657/628/400
f 674/631/400 673/629/400 655/630/400
f 675/633/400 674/631/400 653/632/400
f 676/635/400 675/633/400 651/634/400
f 677/637/400 676/635/400 649/636/400
f 678/639/400 677/637/400 647/638/400
f 679/641/400 678/639/400 645/640/400
f 680/643/400 679/641/400 643/642/400
f 681/645/400 680/643/400 641/644/400
f 682/647/400 681/645/400 639/646/400
f 683/649/400 682/647/400 637/648/400
f 667/651/400 683/649/400 635/650/400
f 684/652/375 685/687/375 631/653/375
f 686/655/375 684/652/375 630/654/375
f 687/657/375 686/655/375 634/656/375
f 688/659/375 687/657/375 636/658/375
f 689/661/375 688/659/375 638/660/375
f 690/663/375 689/661/375 640/662/375
f 691/665/375 690/663/375 642/664/375
f 692/667/375 691/665/375 644/666/375
f 693/669/375 692/667/375 646/668/375
f 694/671/375 693/669/375 648/670/375
f 695/673/375 694/671/375 650/672/375
f 696/675/375 695/673/375 652/674/375
f 697/677/375 696/675/375 654/676/375
f 698/679/375 697/677/375 656/678/375
f 699/681/375 698/679/375 658/680/375
f 700/683/375 699/681/375 660/682/375
f 701/685/375 700/683/375 662/684/375
f 685/687/375 701/685/375 664/686/375
f 702/688/402 703/724/401 704/689/401
f 706/691/403 702/688/402 705/690/402
f 708/693/404 706/691/403 707/692/403
f 710/695/406 708/693/404 709/694/404
f 712/697/407 710/695/406 711/696/405
f 714/699/409 712/880/407 713/700/408
f 716/702/410 714/699/409 715/701/409
f 718/704/411 716/702/410 717/703/410
f 720/706/412 718/704/411 719/705/411
f 722/708/413 720/706/412 721/707/412
f 724/710/414 722/708/413 723/709/413
f 726/712/415 724/710/414 725/711/414
f 728/714/417 726/712/415 727/713/415
f 730/716/419 728/714/417 729/715/416
f 732/718/420 730/716/419 731/717/418
f 734/720/421 732/718/420 733/719/420
f 736/722/422 734/720/421 735/721/421
f 703/724/401 736/722/422 737/723/422
f 709/881/400 707/882/400 705/883/400
f 705/883/400 704/884/400 737/725/400
f 737/725/400 735/885/400 733/886/400
f 733/886/400 731/887/400 729/888/400
f 729/888/400 727/889/400 725/890/400
f 725/890/400 723/891/400 721/726/400
f 721/726/400 719/892/400 717/893/400
f 717/893/400 715/894/400 713/727/400
f 713/727/400 711/895/400 709/881/400
f 709/881/400 705/883/400 737/725/400
f 737/725/400 733/886/400 729/888/400
f 729/888/400 725/890/400 721/726/400
f 721/726/400 717/893/400 713/727/400
f 713/727/400 709/881/400 737/725/400
f 737/725/400 729/888/400 721/726/400
f 730/896/375 732/897/375 734/898/375
f 734/898/375 736/899/375 703/728/375
f 703/728/375 702/900/375 706/901/375
f 706/901/375 708/902/375 710/903/375
f 710/903/375 712/904/375 714/905/375
f 714/905/375 716/906/375 718/729/375
f 718/729/375 720/907/375 722/908/375
f 722/908/375 724/909/375 726/730/375
f 726/730/375 728/910/375 730/896/375
f 730/896/375 734/898/375 703/728/375
f 703/728/375 706/901/375 710/903/375
f 710/903/375 714/905/375 718/729/375
f 718/729/375 722/908/375 726/730/375
f 726/730/375 730/896/375 703/728/375
f 703/728/375 710/903/375 718/729/375
f 738/688/413 739/724/412 740/689/412
f 742/691/414 738/688/413 741/690/413
f 744/693/415 742/691/414 743/692/414
f 746/695/417 744/693/415 745/694/415
f 748/697/419 746/695/417 747/696/417
f 750/699/420 748/880/419 749/700/419
f 752/702/421 750/699/420 751/701/420
f 754/704/422 752/702/421 753/703/421
f 756/706/401 754/704/422 755/705/422
f 758/708/402 756/706/401 757/707/401
f 760/710/403 758/708/402 759/709/402
f 762/712/404 760/710/403 761/711/403
f 764/714/406 762/712/404 763/713/404
f 766/716/407 764/714/406 765/715/405
f 768/718/409 766/716/407 767/717/407
f 770/720/410 768/718/409 769/719/409
f 772/722/411 770/720/410 771/721/410
f 739/724/412 772/722/411 773/723/411
f 745/881/400 743/882/400 741/883/400
f 741/883/400 740/884/400 773/725/400
f 773/725/400 771/885/400 769/886/400
f 769/886/400 767/887/400 765/888/400
f 765/888/400 763/889/400 761/890/400
f 761/890/400 759/891/400 757/726/400
f 757/726/400 755/892/400 753/893/400
f 753/893/400 751/894/400 749/727/400
f 749/727/400 747/895/400 745/881/400
f 745/881/400 741/883/400 773/725/400
f 773/725/400 769/886/400 765/888/400
f 765/888/400 761/890/400 757/726/400
f 757/726/400 753/893/400 749/727/400
f 749/727/400 745/881/400 773/725/400
f 773/725/400 765/888/400 757/726/400
f 766/896/375 768/897/375 770/898/375
f 770/898/375 772/899/375 739/728/375
f 739/728/375 738/900/375 742/901/375
f 742/901/375 744/902/375 746/903/375
f 746/903/375 748/904/375 750/905/375
f 750/905/375 752/906/375 754/729/375
f 754/729/375 756/907/375 758/908/375
f 758/908/375 760/909/375 762/730/375
f 762/730/375 764/910/375 766/896/375
f 766/896/375 770/898/375 739/728/375
f 739/728/375 742/901/375 746/903/375
f 746/903/375 750/905/375 754/729/375
f 754/729/375 758/908/375 762/730/375
f 762/730/375 766/896/375 739/728/375
f 739/728/375 746/903/375 754/729/375
f 774/731/465 775/751/484 776/732/466
f 777/733/467 776/732/466 778/734/468
f 779/735/469 778/734/468 780/736/470
f 781/738/471 780/911/470 782/739/472
f 783/740/473 782/739/472 784/741/474
f 785/742/475 784/741/474 786/743/476
f 787/744/477 786/743/476 788/745/478
f 789/746/479 788/745/478 790/747/480
f 791/748/481 790/747/480 792/749/482
f 793/750/483 792/749/482 775/751/484
f 780/754/400 778/912/400 776/913/528
f 776/913/528 775/914/529 792/752/400
f 792/752/400 790/915/400 788/916/400
f 788/916/400 786/917/400 784/753/400
f 784/753/400 782/918/530 780/754/400
f 780/754/400 776/913/528 792/752/400
f 792/752/400 788/916/400 784/753/400
f 774/731/465 777/733/467 794/755/485
f 777/733/467 779/735/469 796/757/487
f 779/735/469 781/737/471 797/758/488
f 781/738/471 783/740/473 798/759/489
f 783/740/473 785/742/475 799/761/490
f 785/742/475 787/744/477 800/762/491
f 787/744/477 789/746/479 801/763/492
f 789/746/479 791/748/481 802/764/493
f 791/748/481 793/750/483 803/765/494
f 793/750/483 774/731/465 795/756/486
f 804/731/495 805/751/514 806/732/496
f 807/733/497 806/732/496 808/734/498
f 809/735/499 808/734/498 810/736/500
f 811/738/501 810/911/500 812/739/502
f 813/740/503 812/739/502 814/741/504
f 815/742/505 814/741/504 816/743/506
f 817/744/507 816/743/506 818/745/508
f 819/746/509 818/745/508 820/747/510
f 821/748/511 820/747/510 822/749/512
f 823/750/513 822/749/512 805/751/514
f 810/754/400 808/912/400 806/913/531
f 806/913/531 805/914/400 822/752/400
f 822/752/400 820/915/400 818/916/400
f 818/916/400 816/917/529 814/753/400
f 814/753/400 812/918/400 810/754/400
f 810/754/400 806/913/531 822/752/400
f 822/752/400 818/916/400 814/753/400
f 804/731/495 807/733/497 824/755/491
f 807/733/497 809/735/499 826/757/492
f 809/735/499 811/737/501 827/758/493
f 811/738/501 813/740/503 828/759/494
f 813/740/503 815/742/505 829/761/486
f 815/742/505 817/744/507 830/762/485
f 817/744/507 819/746/509 831/763/487
f 819/746/509 821/748/511 832/764/488
f 821/748/511 823/750/513 833/765/489
f 823/750/513 804/731/495 825/756/490
