# Blender 5.2.0 LTS
# www.blender.org
mtllib Chandelier.mtl
o BulpInterior
v 17.900480 17.120451 -0.000000
v 17.736944 17.091616 -0.095875
v 17.736944 17.091616 0.095874
v 17.405716 19.926399 -0.000001
v 17.242180 19.897562 -0.095876
v 17.242180 19.897562 0.095874
v 19.163670 19.889681 -0.000001
v 19.163670 19.791241 -0.056834
v 19.163670 19.791241 0.056834
v 17.315947 19.889681 -0.000001
v 17.315947 19.791241 -0.056834
v 17.315947 19.791241 0.056834
v 17.764469 20.056173 -0.000001
v 18.239809 19.743900 -0.000000
v 18.715147 20.056173 -0.000001
v 18.715147 19.926428 -0.058485
v 18.239809 19.619745 -0.071680
v 17.764469 19.926426 -0.058485
v 18.715147 19.926428 0.058483
v 18.239809 19.619745 0.071680
v 17.764469 19.926426 0.058483
v 18.739050 17.082003 -0.000000
v 18.575512 17.110840 -0.095875
v 18.575512 17.110840 0.095874
v 19.233814 19.887951 -0.000001
v 19.070276 19.916786 -0.095876
v 19.070276 19.916786 0.095874
vn 0.0001 -1.0000 -0.0000
vn 1.0000 -0.0000 -0.0000
vn -0.5000 -0.0000 -0.8660
vn -0.5000 -0.0000 0.8660
vn -0.0001 1.0000 -0.0000
vn 0.9848 -0.1735 -0.0000
vn 0.9848 -0.1736 -0.0000
vn -0.1168 -0.6623 -0.7401
vn 0.0788 0.9969 -0.0000
vn -0.0215 -0.3076 -0.9513
vn -0.1167 -0.6623 0.7401
vn -0.0215 -0.3076 0.9513
vn 0.1736 0.9848 -0.0000
vn -0.9848 0.1736 -0.0000
vn -0.9848 0.1735 -0.0000
vn 0.0604 -0.6306 -0.7738
vn 0.2668 0.9637 -0.0000
vn -0.0849 -0.2964 -0.9513
vn 0.4813 0.8765 -0.0000
vn 0.0604 -0.6306 0.7738
vn -0.0849 -0.2964 0.9513
vn -0.2724 -0.5719 -0.7738
vn -0.1526 0.9883 -0.0000
vn -0.2723 -0.5719 0.7738
vn -0.3419 -0.9397 -0.0000
vn 0.9397 -0.3420 -0.0000
vn -0.4699 0.1710 -0.8660
vn -0.4699 0.1710 0.8660
vn 0.3419 0.9397 -0.0000
vt 0.111680 0.815823
vt 0.118292 0.815823
vt 0.114986 0.821549
vt 0.679936 0.992129
vt 0.778186 0.985517
vt 0.778186 0.992128
vt 0.679936 0.985519
vt 0.778186 0.978909
vt 0.679936 0.978910
vt 0.778185 0.972299
vt 0.217119 0.791116
vt 0.213813 0.796842
vt 0.210507 0.791116
vt 0.737585 0.247568
vt 0.740979 0.249527
vt 0.737585 0.251487
vt 0.567043 0.318209
vt 0.584717 0.313452
vt 0.584717 0.318208
vt 0.567043 0.322964
vt 0.584717 0.322964
vt 0.567044 0.327720
vt 0.584718 0.327720
vt 0.737585 0.235214
vt 0.740979 0.237174
vt 0.737585 0.239134
vt 0.531695 0.318209
vt 0.549369 0.313452
vt 0.549369 0.318209
vt 0.567043 0.313452
vt 0.602391 0.313452
vt 0.531696 0.322965
vt 0.549369 0.322964
vt 0.602391 0.318208
vt 0.531696 0.327721
vt 0.549370 0.327721
vt 0.602391 0.322963
vt 0.200648 0.791116
vt 0.197342 0.796842
vt 0.194036 0.791116
vt 0.506229 0.531118
vt 0.499618 0.432868
vt 0.506229 0.432868
vt 0.499619 0.531118
vt 0.493009 0.432869
vt 0.493011 0.531118
vt 0.486399 0.432869
vt 0.725231 0.133877
vt 0.728537 0.128152
vt 0.731844 0.133877
vt 0.679936 0.972300
vt 0.531695 0.313453
vt 0.602391 0.327720
vt 0.486400 0.531118
s 1
usemtl Chandelier02
f 3/1/1 2/2/1 1/3/1
f 1/4/2 5/5/3 4/6/2
f 2/7/3 6/8/4 5/5/3
f 3/9/4 4/10/2 6/8/4
f 6/11/5 4/12/5 5/13/5
f 9/14/6 8/15/6 7/16/7
f 17/17/8 15/18/9 16/19/10
f 20/20/11 16/19/10 19/21/12
f 14/22/13 19/21/12 15/23/9
f 12/24/14 10/25/15 11/26/14
f 11/27/16 13/28/17 18/29/18
f 18/29/18 14/30/13 17/17/8
f 7/31/19 16/19/10 15/18/9
f 12/32/20 18/29/18 21/33/21
f 21/33/21 17/17/8 20/20/11
f 8/34/22 19/21/12 16/19/10
f 10/35/23 21/33/21 13/36/17
f 13/36/17 20/20/11 14/22/13
f 9/37/24 15/23/9 19/21/12
f 24/38/25 23/39/25 22/40/25
f 22/41/26 26/42/27 25/43/26
f 23/44/27 27/45/28 26/42/27
f 24/46/28 25/47/26 27/45/28
f 27/48/29 25/49/29 26/50/29
f 1/4/2 2/7/3 5/5/3
f 2/7/3 3/9/4 6/8/4
f 3/9/4 1/51/2 4/10/2
f 17/17/8 14/30/13 15/18/9
f 20/20/11 17/17/8 16/19/10
f 14/22/13 20/20/11 19/21/12
f 11/27/16 10/52/23 13/28/17
f 18/29/18 13/28/17 14/30/13
f 7/31/19 8/34/22 16/19/10
f 12/32/20 11/27/16 18/29/18
f 21/33/21 18/29/18 17/17/8
f 8/34/22 9/37/24 19/21/12
f 10/35/23 12/32/20 21/33/21
f 13/36/17 21/33/21 20/20/11
f 9/37/24 7/53/19 15/23/9
f 22/41/26 23/44/27 26/42/27
f 23/44/27 24/46/28 27/45/28
f 24/46/28 22/54/26 25/47/26
o BulpInterior001
v 18.190554 17.120451 0.290074
v 18.094679 17.091616 0.453611
v 18.286428 17.091616 0.453611
v 18.190554 19.926399 0.784838
v 18.094679 19.897562 0.948376
v 18.286428 19.897562 0.948376
v 18.190554 19.889681 -0.973116
v 18.133720 19.791241 -0.973116
v 18.247387 19.791241 -0.973116
v 18.190554 19.889679 0.874609
v 18.133720 19.791241 0.874609
v 18.247389 19.791241 0.874609
v 18.190554 20.056173 0.426084
v 18.190554 19.743898 -0.049253
v 18.190554 20.056173 -0.524592
v 18.132071 19.926426 -0.524592
v 18.118874 19.619745 -0.049253
v 18.132071 19.926426 0.426085
v 18.249037 19.926426 -0.524593
v 18.262234 19.619745 -0.049253
v 18.249037 19.926426 0.426085
v 18.190554 17.082003 -0.548494
v 18.094679 17.110840 -0.384957
v 18.286428 17.110840 -0.384957
v 18.190554 19.887951 -1.043260
v 18.094679 19.916786 -0.879722
v 18.286428 19.916786 -0.879722
vn -0.0000 -1.0000 -0.0001
vn 1.0000 -0.0000 -0.0000
vn -0.5000 0.0001 -0.8660
vn -0.5000 -0.0000 0.8660
vn -0.5000 0.0003 0.8661
vn -0.0000 1.0000 0.0001
vn 0.9848 -0.1736 -0.0000
vn 0.9848 -0.1737 -0.0000
vn -0.1168 -0.6623 -0.7401
vn 0.0788 0.9969 -0.0000
vn -0.0215 -0.3076 -0.9513
vn -0.1167 -0.6623 0.7401
vn -0.0217 -0.3076 0.9513
vn 0.1736 0.9848 -0.0000
vn -0.9848 0.1736 -0.0000
vn -0.9848 0.1735 -0.0000
vn 0.0603 -0.6306 -0.7737
vn 0.2668 0.9637 -0.0000
vn -0.0848 -0.2964 -0.9513
vn 0.4814 0.8765 0.0001
vn 0.0604 -0.6306 0.7737
vn -0.0850 -0.2963 0.9513
vn -0.2725 -0.5719 -0.7737
vn -0.1525 0.9883 0.0001
vn -0.2724 -0.5719 0.7738
vn -0.3420 -0.9397 0.0001
vn -0.3419 -0.9397 -0.0000
vn 0.9397 -0.3420 0.0001
vn -0.4699 0.1710 -0.8660
vn 0.9397 -0.3420 -0.0000
vn -0.4699 0.1710 0.8660
vn 0.3420 0.9397 -0.0001
vn 0.3419 0.9397 -0.0000
vn 0.3420 0.9397 -0.0000
vt 0.707137 0.276392
vt 0.703830 0.282118
vt 0.700525 0.276392
vt 0.456816 0.617591
vt 0.450204 0.519342
vt 0.456815 0.519342
vt 0.450206 0.617592
vt 0.443596 0.519342
vt 0.443597 0.617592
vt 0.436986 0.519342
vt 0.992888 0.039168
vt 0.996194 0.033442
vt 0.999500 0.039168
vt 0.930923 0.515224
vt 0.928963 0.518619
vt 0.927003 0.515224
vt 0.492923 0.330562
vt 0.510597 0.325806
vt 0.510597 0.330562
vt 0.492923 0.335317
vt 0.510597 0.335317
vt 0.492923 0.340074
vt 0.510597 0.340074
vt 0.737585 0.226255
vt 0.739545 0.222861
vt 0.741504 0.226255
vt 0.457575 0.330563
vt 0.475249 0.325806
vt 0.475249 0.330563
vt 0.492923 0.325806
vt 0.528271 0.325806
vt 0.457575 0.335318
vt 0.475249 0.335318
vt 0.528271 0.330562
vt 0.457575 0.340074
vt 0.475249 0.340074
vt 0.528271 0.335317
vt 0.011230 0.906414
vt 0.007924 0.912140
vt 0.004618 0.906414
vt 0.481522 0.568178
vt 0.474911 0.469928
vt 0.481522 0.469928
vt 0.474913 0.568178
vt 0.468303 0.469929
vt 0.468304 0.568178
vt 0.461693 0.469929
vt 0.992888 0.022697
vt 0.996194 0.016971
vt 0.999500 0.022697
vt 0.436987 0.617592
vt 0.457575 0.325806
vt 0.528271 0.340074
vt 0.461693 0.568179
s 1
usemtl Chandelier02
f 30/55/30 29/56/30 28/57/30
f 28/58/31 32/59/32 31/60/31
f 29/61/32 33/62/33 32/59/32
f 30/63/34 31/64/31 33/62/33
f 33/65/35 31/66/35 32/67/35
f 36/68/36 35/69/36 34/70/37
f 44/71/38 42/72/39 43/73/40
f 47/74/41 43/73/40 46/75/42
f 41/76/43 46/75/42 42/77/39
f 39/78/44 37/79/45 38/80/44
f 38/81/46 40/82/47 45/83/48
f 45/83/48 41/84/43 44/71/38
f 34/85/49 43/73/40 42/72/39
f 39/86/50 45/83/48 48/87/51
f 48/87/51 44/71/38 47/74/41
f 35/88/52 46/75/42 43/73/40
f 37/89/53 48/87/51 40/90/47
f 40/90/47 47/74/41 41/76/43
f 36/91/54 42/77/39 46/75/42
f 51/92/55 50/93/56 49/94/55
f 49/95/57 53/96/58 52/97/59
f 50/98/58 54/99/60 53/96/58
f 51/100/60 52/101/59 54/99/60
f 54/102/61 52/103/62 53/104/63
f 28/58/31 29/61/32 32/59/32
f 29/61/32 30/63/34 33/62/33
f 30/63/34 28/105/31 31/64/31
f 44/71/38 41/84/43 42/72/39
f 47/74/41 44/71/38 43/73/40
f 41/76/43 47/74/41 46/75/42
f 38/81/46 37/106/53 40/82/47
f 45/83/48 40/82/47 41/84/43
f 34/85/49 35/88/52 43/73/40
f 39/86/50 38/81/46 45/83/48
f 48/87/51 45/83/48 44/71/38
f 35/88/52 36/91/54 46/75/42
f 37/89/53 39/86/50 48/87/51
f 40/90/47 48/87/51 47/74/41
f 36/91/54 34/107/49 42/77/39
f 49/95/57 50/98/58 53/96/58
f 50/98/58 51/100/60 54/99/60
f 51/100/60 49/108/57 52/101/59
o BulpInterior004
v 9.346488 17.120449 -15.608446
v 9.440178 17.091614 -15.443648
v 9.536053 17.091614 -15.609708
v 9.774967 19.926397 -15.361066
v 9.868657 19.897560 -15.196267
v 9.964532 19.897560 -15.362327
v 8.252534 19.889679 -16.240042
v 8.224117 19.791239 -16.190823
v 8.280951 19.791239 -16.289261
v 9.852711 19.889677 -15.316180
v 9.824293 19.791239 -15.266961
v 9.881127 19.791239 -15.365400
v 9.464277 20.056171 -15.540442
v 9.052622 19.743896 -15.778111
v 8.640967 20.056171 -16.015779
v 8.611725 19.926424 -15.965132
v 9.016782 19.619743 -15.716034
v 9.435036 19.926424 -15.489794
v 8.670209 19.926424 -16.066429
v 9.088462 19.619743 -15.840188
v 9.493520 19.926424 -15.591090
v 8.620267 17.082001 -16.027731
v 8.713957 17.110838 -15.862932
v 8.809832 17.110838 -16.028994
v 8.191788 19.887949 -16.275114
v 8.285479 19.916784 -16.110315
v 8.381352 19.916784 -16.276375
vn -0.0001 -1.0000 -0.0000
vn 1.0000 -0.0000 -0.0000
vn -0.5000 -0.0000 -0.8660
vn 1.0000 -0.0001 -0.0000
vn -0.5000 -0.0000 0.8660
vn 0.0001 1.0000 -0.0000
vn 0.0001 1.0000 0.0001
vn 0.9848 -0.1736 -0.0001
vn 0.9848 -0.1737 -0.0001
vn -0.1168 -0.6622 -0.7401
vn 0.0789 0.9969 -0.0000
vn -0.0215 -0.3077 -0.9513
vn -0.1169 -0.6623 0.7400
vn -0.0215 -0.3076 0.9513
vn 0.1736 0.9848 -0.0000
vn -0.9848 0.1736 0.0001
vn -0.9848 0.1737 0.0001
vn 0.0602 -0.6306 -0.7738
vn 0.2668 0.9638 0.0001
vn -0.0850 -0.2964 -0.9513
vn 0.4814 0.8765 0.0001
vn 0.0605 -0.6305 0.7738
vn -0.0848 -0.2965 0.9513
vn -0.2724 -0.5720 -0.7737
vn -0.1525 0.9883 -0.0000
vn -0.2724 -0.5718 0.7738
vn -0.3420 -0.9397 -0.0000
vn 0.9397 -0.3421 -0.0000
vn -0.4699 0.1711 -0.8660
vn 0.9396 -0.3422 -0.0000
vn -0.4698 0.1709 0.8661
vn -0.4698 0.1710 0.8661
vn 0.3420 0.9397 -0.0000
vn 0.3420 0.9397 -0.0001
vt 0.707137 0.276392
vt 0.703830 0.282118
vt 0.700525 0.276392
vt 0.456816 0.617591
vt 0.450204 0.519342
vt 0.456815 0.519342
vt 0.450206 0.617592
vt 0.443596 0.519342
vt 0.443597 0.617592
vt 0.436986 0.519342
vt 0.992888 0.039168
vt 0.996194 0.033442
vt 0.999500 0.039168
vt 0.930923 0.515224
vt 0.928963 0.518619
vt 0.927003 0.515224
vt 0.492923 0.330562
vt 0.510597 0.325806
vt 0.510597 0.330562
vt 0.492923 0.335317
vt 0.510597 0.335317
vt 0.492923 0.340074
vt 0.510597 0.340074
vt 0.737585 0.226255
vt 0.739545 0.222861
vt 0.741504 0.226255
vt 0.457575 0.330563
vt 0.475249 0.325806
vt 0.475249 0.330563
vt 0.492923 0.325806
vt 0.528271 0.325806
vt 0.457575 0.335318
vt 0.475249 0.335318
vt 0.528271 0.330562
vt 0.457575 0.340074
vt 0.475249 0.340074
vt 0.528271 0.335317
vt 0.011230 0.906414
vt 0.007924 0.912140
vt 0.004618 0.906414
vt 0.481522 0.568178
vt 0.474911 0.469928
vt 0.481522 0.469928
vt 0.474913 0.568178
vt 0.468303 0.469929
vt 0.468304 0.568178
vt 0.461693 0.469929
vt 0.992888 0.022697
vt 0.996194 0.016971
vt 0.999500 0.022697
vt 0.436987 0.617592
vt 0.457575 0.325806
vt 0.528271 0.340074
vt 0.461693 0.568179
s 1
usemtl Chandelier02
f 57/109/64 56/110/64 55/111/64
f 55/112/65 59/113/66 58/114/67
f 56/115/66 60/116/68 59/113/66
f 57/117/68 58/118/67 60/116/68
f 60/119/69 58/120/70 59/121/69
f 63/122/71 62/123/72 61/124/71
f 71/125/73 69/126/74 70/127/75
f 74/128/76 70/127/75 73/129/77
f 68/130/78 73/129/77 69/131/74
f 66/132/79 64/133/80 65/134/80
f 65/135/81 67/136/82 72/137/83
f 72/137/83 68/138/78 71/125/73
f 61/139/84 70/127/75 69/126/74
f 66/140/85 72/137/83 75/141/86
f 75/141/86 71/125/73 74/128/76
f 62/142/87 73/129/77 70/127/75
f 64/143/88 75/141/86 67/144/82
f 67/144/82 74/128/76 68/130/78
f 63/145/89 69/131/74 73/129/77
f 78/146/90 77/147/90 76/148/90
f 76/149/91 80/150/92 79/151/93
f 77/152/92 81/153/94 80/150/92
f 78/154/95 79/155/93 81/153/94
f 81/156/96 79/157/96 80/158/97
f 55/112/65 56/115/66 59/113/66
f 56/115/66 57/117/68 60/116/68
f 57/117/68 55/159/65 58/118/67
f 71/125/73 68/138/78 69/126/74
f 74/128/76 71/125/73 70/127/75
f 68/130/78 74/128/76 73/129/77
f 65/135/81 64/160/88 67/136/82
f 72/137/83 67/136/82 68/138/78
f 61/139/84 62/142/87 70/127/75
f 66/140/85 65/135/81 72/137/83
f 75/141/86 72/137/83 71/125/73
f 62/142/87 63/145/89 73/129/77
f 64/143/88 66/140/85 75/141/86
f 67/144/82 75/141/86 74/128/76
f 63/145/89 61/161/84 69/131/74
f 76/149/91 77/152/92 80/150/92
f 77/152/92 78/154/95 81/153/94
f 78/154/95 76/162/91 79/155/93
o BulpInterior005
v 8.950240 17.120449 -15.502274
v 8.785442 17.091614 -15.408584
v 8.951502 17.091614 -15.312709
v 8.702859 19.926397 -15.073795
v 8.538060 19.897560 -14.980104
v 8.704120 19.897560 -14.884231
v 9.581835 19.889679 -16.596228
v 9.532616 19.791239 -16.624645
v 9.631055 19.791239 -16.567810
v 8.657973 19.889679 -14.996052
v 8.608754 19.791239 -15.024469
v 8.707193 19.791239 -14.967635
v 8.882236 20.056171 -15.384485
v 9.119905 19.743898 -15.796140
v 9.357574 20.056171 -16.207794
v 9.306925 19.926426 -16.237038
v 9.057827 19.619743 -15.831981
v 8.831587 19.926424 -15.413727
v 9.408221 19.926426 -16.178553
v 9.181981 19.619743 -15.760300
v 8.932883 19.926424 -15.355243
v 9.369525 17.082001 -16.228495
v 9.204726 17.110838 -16.134806
v 9.370786 17.110838 -16.038931
v 9.616907 19.887949 -16.656973
v 9.452108 19.916784 -16.563284
v 9.618168 19.916784 -16.467409
vn -0.0000 -1.0000 -0.0001
vn 1.0000 -0.0000 -0.0001
vn -0.5000 -0.0000 -0.8660
vn -0.4999 -0.0000 0.8661
vn -0.5000 -0.0001 0.8660
vn -0.0000 1.0000 0.0001
vn -0.0001 1.0000 0.0001
vn 0.9848 -0.1737 -0.0000
vn 0.9848 -0.1736 -0.0000
vn -0.1167 -0.6623 -0.7401
vn 0.0788 0.9969 -0.0000
vn -0.0215 -0.3076 -0.9513
vn -0.1168 -0.6623 0.7401
vn -0.0216 -0.3076 0.9513
vn 0.1736 0.9848 -0.0000
vn -0.9848 0.1736 -0.0000
vn 0.0604 -0.6305 -0.7738
vn 0.2668 0.9637 -0.0000
vn -0.0849 -0.2963 -0.9513
vn 0.4813 0.8765 -0.0000
vn 0.0603 -0.6305 0.7739
vn -0.0849 -0.2964 0.9513
vn -0.2723 -0.5719 -0.7738
vn -0.1525 0.9883 0.0001
vn -0.2724 -0.5719 0.7738
vn -0.3419 -0.9397 -0.0000
vn -0.3419 -0.9397 0.0001
vn 0.9398 -0.3417 -0.0000
vn -0.4699 0.1710 -0.8660
vn 0.9397 -0.3419 -0.0000
vn -0.4696 0.1736 0.8657
vn -0.4698 0.1710 0.8660
vn 0.3420 0.9397 -0.0000
vn 0.3420 0.9397 -0.0001
vt 0.111680 0.815823
vt 0.118292 0.815823
vt 0.114986 0.821549
vt 0.679936 0.992129
vt 0.778186 0.985517
vt 0.778186 0.992128
vt 0.679936 0.985519
vt 0.778186 0.978909
vt 0.679936 0.978910
vt 0.778185 0.972299
vt 0.217119 0.791116
vt 0.213813 0.796842
vt 0.210507 0.791116
vt 0.737585 0.247568
vt 0.740979 0.249527
vt 0.737585 0.251487
vt 0.567043 0.318209
vt 0.584717 0.313452
vt 0.584717 0.318208
vt 0.567043 0.322964
vt 0.584717 0.322964
vt 0.567044 0.327720
vt 0.584718 0.327720
vt 0.737585 0.235214
vt 0.740979 0.237174
vt 0.737585 0.239134
vt 0.531695 0.318209
vt 0.549369 0.313452
vt 0.549369 0.318209
vt 0.567043 0.313452
vt 0.602391 0.313452
vt 0.531696 0.322965
vt 0.549369 0.322964
vt 0.602391 0.318208
vt 0.531696 0.327721
vt 0.549370 0.327721
vt 0.602391 0.322963
vt 0.200648 0.791116
vt 0.197342 0.796842
vt 0.194036 0.791116
vt 0.506229 0.531118
vt 0.499618 0.432868
vt 0.506229 0.432868
vt 0.499619 0.531118
vt 0.493009 0.432869
vt 0.493011 0.531118
vt 0.486399 0.432869
vt 0.725231 0.133877
vt 0.728537 0.128152
vt 0.731844 0.133877
vt 0.679936 0.972300
vt 0.531695 0.313453
vt 0.602391 0.327720
vt 0.486400 0.531118
s 1
usemtl Chandelier02
f 84/163/98 83/164/98 82/165/98
f 82/166/99 86/167/100 85/168/99
f 83/169/100 87/170/101 86/167/100
f 84/171/102 85/172/99 87/170/101
f 87/173/103 85/174/103 86/175/104
f 90/176/105 89/177/106 88/178/106
f 98/179/107 96/180/108 97/181/109
f 101/182/110 97/181/109 100/183/111
f 95/184/112 100/183/111 96/185/108
f 93/186/113 91/187/113 92/188/113
f 92/189/114 94/190/115 99/191/116
f 99/191/116 95/192/112 98/179/107
f 88/193/117 97/181/109 96/180/108
f 93/194/118 99/191/116 102/195/119
f 102/195/119 98/179/107 101/182/110
f 89/196/120 100/183/111 97/181/109
f 91/197/121 102/195/119 94/198/115
f 94/198/115 101/182/110 95/184/112
f 90/199/122 96/185/108 100/183/111
f 105/200/123 104/201/123 103/202/124
f 103/203/125 107/204/126 106/205/127
f 104/206/126 108/207/128 107/204/126
f 105/208/129 106/209/127 108/207/128
f 108/210/130 106/211/131 107/212/130
f 82/166/99 83/169/100 86/167/100
f 83/169/100 84/171/102 87/170/101
f 84/171/102 82/213/99 85/172/99
f 98/179/107 95/192/112 96/180/108
f 101/182/110 98/179/107 97/181/109
f 95/184/112 101/182/110 100/183/111
f 92/189/114 91/214/121 94/190/115
f 99/191/116 94/190/115 95/192/112
f 88/193/117 89/196/120 97/181/109
f 93/194/118 92/189/114 99/191/116
f 102/195/119 99/191/116 98/179/107
f 89/196/120 90/199/122 100/183/111
f 91/197/121 93/194/118 102/195/119
f 94/198/115 102/195/119 101/182/110
f 90/199/122 88/215/117 96/185/108
f 103/203/125 104/206/126 107/204/126
f 104/206/126 105/208/129 108/207/128
f 105/208/129 103/216/125 106/209/127
o BulpInterior006
v -8.844066 17.120449 -15.898520
v -8.654501 17.091614 -15.897258
v -8.750376 17.091614 -16.063318
v -8.415586 19.926397 -16.145903
v -8.226023 19.897560 -16.144642
v -8.321898 19.897560 -16.310701
v -9.938019 19.889679 -15.266926
v -9.909602 19.791239 -15.217706
v -9.966436 19.791239 -15.316145
v -8.337844 19.889677 -16.190788
v -8.309426 19.791239 -16.141569
v -8.366261 19.791239 -16.240007
v -8.726276 20.056171 -15.966526
v -9.137932 19.743896 -15.728856
v -9.549586 20.056171 -15.491187
v -9.520345 19.926424 -15.440539
v -9.102092 19.619743 -15.666780
v -8.697035 19.926424 -15.915877
v -9.578829 19.926424 -15.541836
v -9.173772 19.619743 -15.790934
v -8.755518 19.926424 -16.017174
v -9.570287 17.082001 -15.479235
v -9.380722 17.110838 -15.477974
v -9.476597 17.110838 -15.644032
v -9.998766 19.887949 -15.231853
v -9.809201 19.916784 -15.230593
v -9.905076 19.916784 -15.396652
vn -0.0001 -1.0000 -0.0000
vn 1.0000 -0.0001 -0.0000
vn -0.5000 0.0002 -0.8661
vn 1.0000 -0.0000 -0.0000
vn -0.5000 -0.0000 -0.8660
vn -0.5000 -0.0000 0.8660
vn -0.5000 0.0001 0.8660
vn 0.0001 1.0000 -0.0001
vn 0.0001 1.0000 -0.0000
vn 0.9848 -0.1736 0.0001
vn 0.9848 -0.1737 0.0001
vn -0.1168 -0.6623 -0.7401
vn 0.0788 0.9969 -0.0001
vn -0.0214 -0.3077 -0.9512
vn -0.1167 -0.6623 0.7401
vn -0.0216 -0.3076 0.9513
vn 0.1736 0.9848 -0.0000
vn -0.9848 0.1736 -0.0000
vn -0.9848 0.1736 -0.0001
vn -0.9848 0.1736 0.0001
vn 0.0604 -0.6306 -0.7738
vn 0.2668 0.9637 -0.0000
vn -0.0849 -0.2966 -0.9512
vn 0.4815 0.8765 -0.0000
vn 0.0604 -0.6307 0.7737
vn -0.0850 -0.2964 0.9513
vn -0.2576 -0.5670 -0.7824
vn -0.1525 0.9883 0.0001
vn -0.2724 -0.5720 0.7737
vn -0.3420 -0.9397 -0.0000
vn 0.9396 -0.3421 -0.0000
vn -0.4698 0.1710 -0.8661
vn 0.9397 -0.3421 -0.0001
vn -0.4697 0.1710 -0.8661
vn -0.4698 0.1710 0.8660
vn -0.4699 0.1711 0.8660
vn 0.3420 0.9397 -0.0000
vt 0.707137 0.276392
vt 0.703830 0.282118
vt 0.700525 0.276392
vt 0.456816 0.617591
vt 0.450204 0.519342
vt 0.456815 0.519342
vt 0.450206 0.617592
vt 0.443596 0.519342
vt 0.443597 0.617592
vt 0.436986 0.519342
vt 0.992888 0.039168
vt 0.996194 0.033442
vt 0.999500 0.039168
vt 0.930923 0.515224
vt 0.928963 0.518619
vt 0.927003 0.515224
vt 0.492923 0.330562
vt 0.510597 0.325806
vt 0.510597 0.330562
vt 0.492923 0.335317
vt 0.510597 0.335317
vt 0.492923 0.340074
vt 0.510597 0.340074
vt 0.737585 0.226255
vt 0.739545 0.222861
vt 0.741504 0.226255
vt 0.457575 0.330563
vt 0.475249 0.325806
vt 0.475249 0.330563
vt 0.492923 0.325806
vt 0.528271 0.325806
vt 0.457575 0.335318
vt 0.475249 0.335318
vt 0.528271 0.330562
vt 0.457575 0.340074
vt 0.475249 0.340074
vt 0.528271 0.335317
vt 0.011230 0.906414
vt 0.007924 0.912140
vt 0.004618 0.906414
vt 0.481522 0.568178
vt 0.474911 0.469928
vt 0.481522 0.469928
vt 0.474913 0.568178
vt 0.468303 0.469929
vt 0.468304 0.568178
vt 0.461693 0.469929
vt 0.992888 0.022697
vt 0.996194 0.016971
vt 0.999500 0.022697
vt 0.436987 0.617592
vt 0.457575 0.325806
vt 0.528271 0.340074
vt 0.461693 0.568179
s 1
usemtl Chandelier02
f 111/217/132 110/218/132 109/219/132
f 109/220/133 113/221/134 112/222/135
f 110/223/136 114/224/137 113/221/134
f 111/225/138 112/226/135 114/224/137
f 114/227/139 112/228/140 113/229/140
f 117/230/141 116/231/141 115/232/142
f 125/233/143 123/234/144 124/235/145
f 128/236/146 124/235/145 127/237/147
f 122/238/148 127/237/147 123/239/144
f 120/240/149 118/241/150 119/242/151
f 119/243/152 121/244/153 126/245/154
f 126/245/154 122/246/148 125/233/143
f 115/247/155 124/235/145 123/234/144
f 120/248/156 126/245/154 129/249/157
f 129/249/157 125/233/143 128/236/146
f 116/250/158 127/237/147 124/235/145
f 118/251/159 129/249/157 121/252/153
f 121/252/153 128/236/146 122/238/148
f 117/253/160 123/239/144 127/237/147
f 132/254/161 131/255/161 130/256/161
f 130/257/162 134/258/163 133/259/164
f 131/260/165 135/261/166 134/258/163
f 132/262/167 133/263/164 135/261/166
f 135/264/168 133/265/168 134/266/168
f 109/220/133 110/223/136 113/221/134
f 110/223/136 111/225/138 114/224/137
f 111/225/138 109/267/133 112/226/135
f 125/233/143 122/246/148 123/234/144
f 128/236/146 125/233/143 124/235/145
f 122/238/148 128/236/146 127/237/147
f 119/243/152 118/268/159 121/244/153
f 126/245/154 121/244/153 122/246/148
f 115/247/155 116/250/158 124/235/145
f 120/248/156 119/243/152 126/245/154
f 129/249/157 126/245/154 125/233/143
f 116/250/158 117/253/160 127/237/147
f 118/251/159 120/248/156 129/249/157
f 121/252/153 129/249/157 128/236/146
f 117/253/160 115/269/155 123/239/144
f 130/257/162 131/260/165 134/258/163
f 131/260/165 132/262/167 135/261/166
f 132/262/167 130/270/162 133/263/164
o BulpInterior007
v -8.950240 17.120449 -15.502273
v -8.951502 17.091614 -15.312708
v -8.785442 17.091614 -15.408583
v -8.702858 19.926397 -15.073794
v -8.704120 19.897560 -14.884231
v -8.538059 19.897560 -14.980104
v -9.581835 19.889679 -16.596228
v -9.631055 19.791239 -16.567810
v -9.532615 19.791239 -16.624643
v -8.657972 19.889679 -14.996052
v -8.707192 19.791239 -14.967634
v -8.608753 19.791239 -15.024469
v -8.882235 20.056171 -15.384484
v -9.119904 19.743898 -15.796140
v -9.357573 20.056171 -16.207794
v -9.408221 19.926426 -16.178553
v -9.181981 19.619743 -15.760299
v -8.932883 19.926424 -15.355243
v -9.306925 19.926426 -16.237036
v -9.057827 19.619743 -15.831980
v -8.831586 19.926424 -15.413726
v -9.369525 17.082001 -16.228495
v -9.370786 17.110838 -16.038931
v -9.204726 17.110838 -16.134804
v -9.616906 19.887949 -16.656973
v -9.618168 19.916784 -16.467409
v -9.452108 19.916784 -16.563284
vn -0.0000 -1.0000 -0.0001
vn 1.0000 -0.0000 -0.0000
vn -0.5000 -0.0000 -0.8660
vn -0.5001 -0.0000 0.8660
vn -0.5000 -0.0000 0.8660
vn 0.0001 1.0000 0.0001
vn -0.0000 1.0000 0.0001
vn 0.9848 -0.1737 -0.0000
vn 0.9848 -0.1736 -0.0000
vn -0.1169 -0.6622 -0.7401
vn 0.0788 0.9969 -0.0000
vn -0.0215 -0.3075 -0.9513
vn -0.1168 -0.6622 0.7401
vn -0.0217 -0.3077 0.9513
vn 0.1736 0.9848 -0.0000
vn -0.9848 0.1736 -0.0000
vn 0.0605 -0.6306 -0.7737
vn 0.2668 0.9638 -0.0001
vn -0.0848 -0.2965 -0.9513
vn 0.4815 0.8765 -0.0000
vn 0.0603 -0.6306 0.7737
vn -0.0850 -0.2963 0.9513
vn -0.2723 -0.5719 -0.7738
vn -0.1525 0.9883 -0.0000
vn -0.2723 -0.5720 0.7738
vn -0.3420 -0.9397 -0.0000
vn 0.9397 -0.3420 0.0001
vn -0.4698 0.1710 -0.8661
vn -0.4698 0.1710 -0.8660
vn -0.4699 0.1710 0.8660
vn 0.3420 0.9397 -0.0000
vt 0.111680 0.815823
vt 0.118292 0.815823
vt 0.114986 0.821549
vt 0.679936 0.992129
vt 0.778186 0.985517
vt 0.778186 0.992128
vt 0.679936 0.985519
vt 0.778186 0.978909
vt 0.679936 0.978910
vt 0.778185 0.972299
vt 0.217119 0.791116
vt 0.213813 0.796842
vt 0.210507 0.791116
vt 0.737585 0.247568
vt 0.740979 0.249527
vt 0.737585 0.251487
vt 0.567043 0.318209
vt 0.584717 0.313452
vt 0.584717 0.318208
vt 0.567043 0.322964
vt 0.584717 0.322964
vt 0.567044 0.327720
vt 0.584718 0.327720
vt 0.737585 0.235214
vt 0.740979 0.237174
vt 0.737585 0.239134
vt 0.531695 0.318209
vt 0.549369 0.313452
vt 0.549369 0.318209
vt 0.567043 0.313452
vt 0.602391 0.313452
vt 0.531696 0.322965
vt 0.549369 0.322964
vt 0.602391 0.318208
vt 0.531696 0.327721
vt 0.549370 0.327721
vt 0.602391 0.322963
vt 0.200648 0.791116
vt 0.197342 0.796842
vt 0.194036 0.791116
vt 0.506229 0.531118
vt 0.499618 0.432868
vt 0.506229 0.432868
vt 0.499619 0.531118
vt 0.493009 0.432869
vt 0.493011 0.531118
vt 0.486399 0.432869
vt 0.725231 0.133877
vt 0.728537 0.128152
vt 0.731844 0.133877
vt 0.679936 0.972300
vt 0.531695 0.313453
vt 0.602391 0.327720
vt 0.486400 0.531118
s 1
usemtl Chandelier02
f 138/271/169 137/272/169 136/273/169
f 136/274/170 140/275/171 139/276/170
f 137/277/171 141/278/172 140/275/171
f 138/279/173 139/280/170 141/278/172
f 141/281/174 139/282/175 140/283/175
f 144/284/176 143/285/177 142/286/177
f 152/287/178 150/288/179 151/289/180
f 155/290/181 151/289/180 154/291/182
f 149/292/183 154/291/182 150/293/179
f 147/294/184 145/295/184 146/296/184
f 146/297/185 148/298/186 153/299/187
f 153/299/187 149/300/183 152/287/178
f 142/301/188 151/289/180 150/288/179
f 147/302/189 153/299/187 156/303/190
f 156/303/190 152/287/178 155/290/181
f 143/304/191 154/291/182 151/289/180
f 145/305/192 156/303/190 148/306/186
f 148/306/186 155/290/181 149/292/183
f 144/307/193 150/293/179 154/291/182
f 159/308/194 158/309/194 157/310/194
f 157/311/195 161/312/196 160/313/195
f 158/314/197 162/315/198 161/312/196
f 159/316/198 160/317/195 162/315/198
f 162/318/199 160/319/199 161/320/199
f 136/274/170 137/277/171 140/275/171
f 137/277/171 138/279/173 141/278/172
f 138/279/173 136/321/170 139/280/170
f 152/287/178 149/300/183 150/288/179
f 155/290/181 152/287/178 151/289/180
f 149/292/183 155/290/181 154/291/182
f 146/297/185 145/322/192 148/298/186
f 153/299/187 148/298/186 149/300/183
f 142/301/188 143/304/191 151/289/180
f 147/302/189 146/297/185 153/299/187
f 156/303/190 153/299/187 152/287/178
f 143/304/191 144/307/193 154/291/182
f 145/305/192 147/302/189 156/303/190
f 148/306/186 156/303/190 155/290/181
f 144/307/193 142/323/188 150/293/179
f 157/311/195 158/314/197 161/312/196
f 158/314/197 159/316/198 162/315/198
f 159/316/198 157/324/195 160/317/195
o BulpInterior008
v -18.190554 17.120451 -0.290078
v -18.094679 17.091616 -0.453615
v -18.286428 17.091616 -0.453615
v -18.190554 19.926399 -0.784842
v -18.094679 19.897562 -0.948380
v -18.286428 19.897562 -0.948380
v -18.190554 19.889681 0.973110
v -18.133720 19.791241 0.973110
v -18.247387 19.791241 0.973110
v -18.190554 19.889679 -0.874613
v -18.133720 19.791241 -0.874613
v -18.247389 19.791241 -0.874613
v -18.190554 20.056173 -0.426090
v -18.190554 19.743898 0.049250
v -18.190554 20.056173 0.524588
v -18.132071 19.926426 0.524588
v -18.118874 19.619745 0.049250
v -18.132071 19.926426 -0.426089
v -18.249037 19.926426 0.524588
v -18.262234 19.619745 0.049250
v -18.249037 19.926426 -0.426089
v -18.190554 17.082003 0.548490
v -18.094679 17.110840 0.384953
v -18.286428 17.110840 0.384953
v -18.190554 19.887951 1.043254
v -18.094679 19.916786 0.879718
v -18.286428 19.916786 0.879718
vn -0.0000 -1.0000 0.0001
vn 1.0000 -0.0000 -0.0000
vn -0.5000 -0.0001 -0.8660
vn -0.5000 -0.0000 0.8660
vn -0.5000 0.0001 0.8660
vn -0.0000 1.0000 -0.0001
vn 0.9848 -0.1736 -0.0000
vn 0.9848 -0.1737 -0.0000
vn 0.9848 -0.1735 -0.0000
vn -0.1167 -0.6623 -0.7401
vn 0.0788 0.9969 -0.0000
vn -0.0217 -0.3077 -0.9512
vn -0.1167 -0.6623 0.7401
vn -0.0215 -0.3077 0.9512
vn 0.1736 0.9848 -0.0000
vn -0.9848 0.1736 -0.0000
vn -0.9848 0.1735 -0.0000
vn 0.0605 -0.6305 -0.7738
vn 0.2668 0.9638 -0.0000
vn -0.0850 -0.2964 -0.9513
vn 0.4814 0.8765 -0.0001
vn 0.0603 -0.6305 0.7738
vn -0.0848 -0.2965 0.9513
vn -0.2723 -0.5719 -0.7738
vn -0.1526 0.9883 -0.0001
vn -0.2725 -0.5719 0.7737
vn -0.3420 -0.9397 -0.0000
vn -0.3420 -0.9397 -0.0001
vn -0.3419 -0.9397 -0.0000
vn 0.9397 -0.3419 -0.0000
vn -0.4699 0.1710 -0.8660
vn 0.9397 -0.3419 -0.0001
vn -0.4699 0.1710 0.8660
vn 0.3420 0.9397 -0.0000
vn 0.3420 0.9397 0.0001
vn 0.3419 0.9397 -0.0000
vt 0.707137 0.276392
vt 0.703830 0.282118
vt 0.700525 0.276392
vt 0.456816 0.617591
vt 0.450204 0.519342
vt 0.456815 0.519342
vt 0.450206 0.617592
vt 0.443596 0.519342
vt 0.443597 0.617592
vt 0.436986 0.519342
vt 0.992888 0.039168
vt 0.996194 0.033442
vt 0.999500 0.039168
vt 0.930923 0.515224
vt 0.928963 0.518619
vt 0.927003 0.515224
vt 0.492923 0.330562
vt 0.510597 0.325806
vt 0.510597 0.330562
vt 0.492923 0.335317
vt 0.510597 0.335317
vt 0.492923 0.340074
vt 0.510597 0.340074
vt 0.737585 0.226255
vt 0.739545 0.222861
vt 0.741504 0.226255
vt 0.457575 0.330563
vt 0.475249 0.325806
vt 0.475249 0.330563
vt 0.492923 0.325806
vt 0.528271 0.325806
vt 0.457575 0.335318
vt 0.475249 0.335318
vt 0.528271 0.330562
vt 0.457575 0.340074
vt 0.475249 0.340074
vt 0.528271 0.335317
vt 0.011230 0.906414
vt 0.007924 0.912140
vt 0.004618 0.906414
vt 0.481522 0.568178
vt 0.474911 0.469928
vt 0.481522 0.469928
vt 0.474913 0.568178
vt 0.468303 0.469929
vt 0.468304 0.568178
vt 0.461693 0.469929
vt 0.992888 0.022697
vt 0.996194 0.016971
vt 0.999500 0.022697
vt 0.436987 0.617592
vt 0.457575 0.325806
vt 0.528271 0.340074
vt 0.461693 0.568179
s 1
usemtl Chandelier02
f 165/325/200 164/326/200 163/327/200
f 163/328/201 167/329/202 166/330/201
f 164/331/202 168/332/203 167/329/202
f 165/333/204 166/334/201 168/332/203
f 168/335/205 166/336/205 167/337/205
f 171/338/206 170/339/207 169/340/208
f 179/341/209 177/342/210 178/343/211
f 182/344/212 178/343/211 181/345/213
f 176/346/214 181/345/213 177/347/210
f 174/348/215 172/349/216 173/350/215
f 173/351/217 175/352/218 180/353/219
f 180/353/219 176/354/214 179/341/209
f 169/355/220 178/343/211 177/342/210
f 174/356/221 180/353/219 183/357/222
f 183/357/222 179/341/209 182/344/212
f 170/358/223 181/345/213 178/343/211
f 172/359/224 183/357/222 175/360/218
f 175/360/218 182/344/212 176/346/214
f 171/361/225 177/347/210 181/345/213
f 186/362/226 185/363/227 184/364/228
f 184/365/229 188/366/230 187/367/231
f 185/368/230 189/369/232 188/366/230
f 186/370/232 187/371/231 189/369/232
f 189/372/233 187/373/234 188/374/235
f 163/328/201 164/331/202 167/329/202
f 164/331/202 165/333/204 168/332/203
f 165/333/204 163/375/201 166/334/201
f 179/341/209 176/354/214 177/342/210
f 182/344/212 179/341/209 178/343/211
f 176/346/214 182/344/212 181/345/213
f 173/351/217 172/376/224 175/352/218
f 180/353/219 175/352/218 176/354/214
f 169/355/220 170/358/223 178/343/211
f 174/356/221 173/351/217 180/353/219
f 183/357/222 180/353/219 179/341/209
f 170/358/223 171/361/225 181/345/213
f 172/359/224 174/356/221 183/357/222
f 175/360/218 183/357/222 182/344/212
f 171/361/225 169/377/220 177/347/210
f 184/365/229 185/368/230 188/366/230
f 185/368/230 186/370/232 189/369/232
f 186/370/232 184/378/229 187/371/231
o BulpInterior009
v -17.900480 17.120451 -0.000003
v -17.736944 17.091616 0.095871
v -17.736944 17.091616 -0.095878
v -17.405716 19.926399 -0.000005
v -17.242180 19.897562 0.095870
v -17.242180 19.897562 -0.095879
v -19.163670 19.889681 -0.000005
v -19.163670 19.791241 0.056830
v -19.163670 19.791241 -0.056838
v -17.315947 19.889681 -0.000005
v -17.315947 19.791241 0.056830
v -17.315947 19.791241 -0.056838
v -17.764469 20.056173 -0.000005
v -18.239809 19.743900 -0.000004
v -18.715147 20.056173 -0.000005
v -18.715147 19.926428 0.058479
v -18.239809 19.619745 0.071677
v -17.764469 19.926426 0.058479
v -18.715147 19.926428 -0.058488
v -18.239809 19.619745 -0.071684
v -17.764469 19.926426 -0.058488
v -18.739050 17.082003 -0.000003
v -18.575512 17.110840 0.095871
v -18.575512 17.110840 -0.095878
v -19.233814 19.887951 -0.000005
v -19.070276 19.916786 0.095870
v -19.070276 19.916786 -0.095879
vn -0.0001 -1.0000 -0.0000
vn 1.0000 -0.0001 -0.0000
vn -0.5000 -0.0000 -0.8660
vn -0.5000 -0.0000 0.8660
vn 0.0001 1.0000 -0.0000
vn 0.9848 -0.1736 -0.0000
vn -0.1167 -0.6624 -0.7400
vn 0.0789 0.9969 -0.0000
vn -0.0215 -0.3076 -0.9513
vn -0.1166 -0.6624 0.7400
vn -0.0214 -0.3077 0.9512
vn 0.1736 0.9848 -0.0000
vn -0.9848 0.1736 -0.0000
vn 0.0605 -0.6306 -0.7738
vn 0.2668 0.9637 -0.0000
vn -0.0849 -0.2965 -0.9513
vn 0.4815 0.8765 -0.0001
vn 0.0603 -0.6306 0.7738
vn -0.0850 -0.2965 0.9513
vn -0.2724 -0.5718 -0.7738
vn -0.1526 0.9883 -0.0000
vn -0.2724 -0.5718 0.7738
vn -0.3420 -0.9397 -0.0000
vn 0.9397 -0.3420 -0.0000
vn -0.4698 0.1710 -0.8660
vn -0.4698 0.1710 0.8660
vn -0.4698 0.1710 0.8661
vn 0.3420 0.9397 -0.0000
vt 0.111680 0.815823
vt 0.118292 0.815823
vt 0.114986 0.821549
vt 0.679936 0.992129
vt 0.778186 0.985517
vt 0.778186 0.992128
vt 0.679936 0.985519
vt 0.778186 0.978909
vt 0.679936 0.978910
vt 0.778185 0.972299
vt 0.217119 0.791116
vt 0.213813 0.796842
vt 0.210507 0.791116
vt 0.737585 0.247568
vt 0.740979 0.249527
vt 0.737585 0.251487
vt 0.567043 0.318209
vt 0.584717 0.313452
vt 0.584717 0.318208
vt 0.567043 0.322964
vt 0.584717 0.322964
vt 0.567044 0.327720
vt 0.584718 0.327720
vt 0.737585 0.235214
vt 0.740979 0.237174
vt 0.737585 0.239134
vt 0.531695 0.318209
vt 0.549369 0.313452
vt 0.549369 0.318209
vt 0.567043 0.313452
vt 0.602391 0.313452
vt 0.531696 0.322965
vt 0.549369 0.322964
vt 0.602391 0.318208
vt 0.531696 0.327721
vt 0.549370 0.327721
vt 0.602391 0.322963
vt 0.200648 0.791116
vt 0.197342 0.796842
vt 0.194036 0.791116
vt 0.506229 0.531118
vt 0.499618 0.432868
vt 0.506229 0.432868
vt 0.499619 0.531118
vt 0.493009 0.432869
vt 0.493011 0.531118
vt 0.486399 0.432869
vt 0.725231 0.133877
vt 0.728537 0.128152
vt 0.731844 0.133877
vt 0.679936 0.972300
vt 0.531695 0.313453
vt 0.602391 0.327720
vt 0.486400 0.531118
s 1
usemtl Chandelier02
f 192/379/236 191/380/236 190/381/236
f 190/382/237 194/383/238 193/384/237
f 191/385/238 195/386/239 194/383/238
f 192/387/239 193/388/237 195/386/239
f 195/389/240 193/390/240 194/391/240
f 198/392/241 197/393/241 196/394/241
f 206/395/242 204/396/243 205/397/244
f 209/398/245 205/397/244 208/399/246
f 203/400/247 208/399/246 204/401/243
f 201/402/248 199/403/248 200/404/248
f 200/405/249 202/406/250 207/407/251
f 207/407/251 203/408/247 206/395/242
f 196/409/252 205/397/244 204/396/243
f 201/410/253 207/407/251 210/411/254
f 210/411/254 206/395/242 209/398/245
f 197/412/255 208/399/246 205/397/244
f 199/413/256 210/411/254 202/414/250
f 202/414/250 209/398/245 203/400/247
f 198/415/257 204/401/243 208/399/246
f 213/416/258 212/417/258 211/418/258
f 211/419/259 215/420/260 214/421/259
f 212/422/260 216/423/261 215/420/260
f 213/424/262 214/425/259 216/423/261
f 216/426/263 214/427/263 215/428/263
f 190/382/237 191/385/238 194/383/238
f 191/385/238 192/387/239 195/386/239
f 192/387/239 190/429/237 193/388/237
f 206/395/242 203/408/247 204/396/243
f 209/398/245 206/395/242 205/397/244
f 203/400/247 209/398/245 208/399/246
f 200/405/249 199/430/256 202/406/250
f 207/407/251 202/406/250 203/408/247
f 196/409/252 197/412/255 205/397/244
f 201/410/253 200/405/249 207/407/251
f 210/411/254 207/407/251 206/395/242
f 197/412/255 198/415/257 208/399/246
f 199/413/256 201/410/253 210/411/254
f 202/414/250 210/411/254 209/398/245
f 198/415/257 196/431/252 204/401/243
f 211/419/259 212/422/260 215/420/260
f 212/422/260 213/424/262 216/423/261
f 213/424/262 211/432/259 214/425/259
o BulpInterior010
v -9.346486 17.120453 15.608445
v -9.440176 17.091618 15.443647
v -9.536051 17.091618 15.609707
v -9.774965 19.926401 15.361063
v -9.868655 19.897564 15.196264
v -9.964530 19.897564 15.362324
v -8.252532 19.889683 16.240040
v -8.224115 19.791243 16.190819
v -8.280950 19.791243 16.289259
v -9.852709 19.889681 15.316177
v -9.824291 19.791243 15.266958
v -9.881125 19.791243 15.365397
v -9.464275 20.056175 15.540441
v -9.052620 19.743900 15.778110
v -8.640965 20.056175 16.015778
v -8.611723 19.926428 15.965129
v -9.016780 19.619747 15.716031
v -9.435034 19.926428 15.489791
v -8.670207 19.926428 16.066425
v -9.088460 19.619747 15.840185
v -9.493517 19.926428 15.591087
v -8.620265 17.082005 16.027729
v -8.713955 17.110842 15.862931
v -8.809830 17.110842 16.028990
v -8.191786 19.887953 16.275110
v -8.285476 19.916788 16.110313
v -8.381351 19.916788 16.276373
vn 0.0001 -1.0000 -0.0000
vn 1.0000 -0.0000 -0.0000
vn -0.5000 0.0001 -0.8660
vn 1.0000 0.0001 -0.0000
vn -0.5000 -0.0000 -0.8660
vn -0.5000 -0.0000 0.8660
vn -0.0001 1.0000 -0.0000
vn -0.0001 1.0000 -0.0001
vn 0.9848 -0.1736 -0.0000
vn -0.1168 -0.6623 -0.7401
vn 0.0787 0.9969 -0.0000
vn -0.0216 -0.3076 -0.9513
vn -0.1168 -0.6623 0.7401
vn -0.0216 -0.3076 0.9513
vn 0.1735 0.9848 -0.0000
vn -0.9848 0.1737 -0.0000
vn -0.9848 0.1736 -0.0000
vn 0.0603 -0.6306 -0.7738
vn 0.2668 0.9637 -0.0000
vn -0.0850 -0.2965 -0.9513
vn 0.4813 0.8765 -0.0000
vn 0.0603 -0.6306 0.7738
vn -0.0850 -0.2964 0.9513
vn -0.2724 -0.5719 -0.7737
vn -0.1526 0.9883 -0.0000
vn -0.2725 -0.5719 0.7737
vn -0.3419 -0.9397 -0.0000
vn -0.3419 -0.9397 -0.0001
vn 0.9397 -0.3420 -0.0000
vn -0.4698 0.1710 -0.8660
vn -0.4699 0.1710 -0.8660
vn -0.4699 0.1711 0.8660
vn -0.4699 0.1710 0.8660
vn 0.3419 0.9397 0.0001
vn 0.3419 0.9397 -0.0000
vt 0.707137 0.276392
vt 0.703830 0.282118
vt 0.700525 0.276392
vt 0.456816 0.617591
vt 0.450204 0.519342
vt 0.456815 0.519342
vt 0.450206 0.617592
vt 0.443596 0.519342
vt 0.443597 0.617592
vt 0.436986 0.519342
vt 0.992888 0.039168
vt 0.996194 0.033442
vt 0.999500 0.039168
vt 0.930923 0.515224
vt 0.928963 0.518619
vt 0.927003 0.515224
vt 0.492923 0.330562
vt 0.510597 0.325806
vt 0.510597 0.330562
vt 0.492923 0.335317
vt 0.510597 0.335317
vt 0.492923 0.340074
vt 0.510597 0.340074
vt 0.737585 0.226255
vt 0.739545 0.222861
vt 0.741504 0.226255
vt 0.457575 0.330563
vt 0.475249 0.325806
vt 0.475249 0.330563
vt 0.492923 0.325806
vt 0.528271 0.325806
vt 0.457575 0.335318
vt 0.475249 0.335318
vt 0.528271 0.330562
vt 0.457575 0.340074
vt 0.475249 0.340074
vt 0.528271 0.335317
vt 0.011230 0.906414
vt 0.007924 0.912140
vt 0.004618 0.906414
vt 0.481522 0.568178
vt 0.474911 0.469928
vt 0.481522 0.469928
vt 0.474913 0.568178
vt 0.468303 0.469929
vt 0.468304 0.568178
vt 0.461693 0.469929
vt 0.992888 0.022697
vt 0.996194 0.016971
vt 0.999500 0.022697
vt 0.436987 0.617592
vt 0.457575 0.325806
vt 0.528271 0.340074
vt 0.461693 0.568179
s 1
usemtl Chandelier02
f 219/433/264 218/434/264 217/435/264
f 217/436/265 221/437/266 220/438/267
f 218/439/268 222/440/269 221/437/266
f 219/441/269 220/442/267 222/440/269
f 222/443/270 220/444/271 221/445/270
f 225/446/272 224/447/272 223/448/272
f 233/449/273 231/450/274 232/451/275
f 236/452/276 232/451/275 235/453/277
f 230/454/278 235/453/277 231/455/274
f 228/456/279 226/457/280 227/458/280
f 227/459/281 229/460/282 234/461/283
f 234/461/283 230/462/278 233/449/273
f 223/463/284 232/451/275 231/450/274
f 228/464/285 234/461/283 237/465/286
f 237/465/286 233/449/273 236/452/276
f 224/466/287 235/453/277 232/451/275
f 226/467/288 237/465/286 229/468/282
f 229/468/282 236/452/276 230/454/278
f 225/469/289 231/455/274 235/453/277
f 240/470/290 239/471/290 238/472/291
f 238/473/292 242/474/293 241/475/292
f 239/476/294 243/477/295 242/474/293
f 240/478/296 241/479/292 243/477/295
f 243/480/297 241/481/298 242/482/297
f 217/436/265 218/439/268 221/437/266
f 218/439/268 219/441/269 222/440/269
f 219/441/269 217/483/265 220/442/267
f 233/449/273 230/462/278 231/450/274
f 236/452/276 233/449/273 232/451/275
f 230/454/278 236/452/276 235/453/277
f 227/459/281 226/484/288 229/460/282
f 234/461/283 229/460/282 230/462/278
f 223/463/284 224/466/287 232/451/275
f 228/464/285 227/459/281 234/461/283
f 237/465/286 234/461/283 233/449/273
f 224/466/287 225/469/289 235/453/277
f 226/467/288 228/464/285 237/465/286
f 229/468/282 237/465/286 236/452/276
f 225/469/289 223/485/284 231/455/274
f 238/473/292 239/476/294 242/474/293
f 239/476/294 240/478/296 243/477/295
f 240/478/296 238/486/292 241/479/292
o BulpInterior011
v -8.950238 17.120453 15.502273
v -8.785440 17.091618 15.408583
v -8.951500 17.091618 15.312708
v -8.702857 19.926401 15.073792
v -8.538058 19.897564 14.980103
v -8.704118 19.897564 14.884228
v -9.581833 19.889683 16.596226
v -9.532613 19.791243 16.624641
v -9.631052 19.791243 16.567808
v -8.657971 19.889683 14.996049
v -8.608752 19.791243 15.024467
v -8.707191 19.791243 14.967632
v -8.882233 20.056175 15.384482
v -9.119903 19.743902 15.796137
v -9.357572 20.056175 16.207792
v -9.306923 19.926430 16.237034
v -9.057825 19.619747 15.831978
v -8.831585 19.926428 15.413724
v -9.408219 19.926430 16.178551
v -9.181979 19.619747 15.760297
v -8.932881 19.926428 15.355240
v -9.369522 17.082005 16.228493
v -9.204724 17.110842 16.134802
v -9.370784 17.110842 16.038929
v -9.616905 19.887953 16.656971
v -9.452106 19.916788 16.563282
v -9.618166 19.916788 16.467407
vn -0.0000 -1.0000 0.0001
vn 1.0000 -0.0000 -0.0000
vn -0.5000 0.0002 -0.8660
vn 1.0000 0.0004 -0.0001
vn -0.5000 -0.0000 -0.8660
vn -0.4999 -0.0002 0.8661
vn -0.5000 0.0001 0.8660
vn -0.0000 1.0000 -0.0001
vn 0.0001 1.0000 -0.0001
vn 0.9848 -0.1736 -0.0000
vn 0.9848 -0.1735 -0.0000
vn -0.1168 -0.6622 -0.7402
vn 0.0788 0.9969 -0.0000
vn -0.0216 -0.3075 -0.9513
vn -0.1168 -0.6622 0.7401
vn -0.0215 -0.3075 0.9513
vn 0.1736 0.9848 -0.0000
vn -0.9848 0.1736 -0.0000
vn 0.0603 -0.6306 -0.7737
vn 0.2667 0.9638 -0.0000
vn -0.0849 -0.2963 -0.9513
vn 0.4814 0.8765 -0.0001
vn 0.0604 -0.6306 0.7738
vn -0.0848 -0.2965 0.9513
vn -0.2723 -0.5720 -0.7737
vn -0.1525 0.9883 -0.0001
vn -0.2724 -0.5719 0.7738
vn -0.3420 -0.9397 -0.0000
vn 0.9397 -0.3420 -0.0001
vn -0.4699 0.1706 -0.8661
vn -0.4699 0.1710 -0.8660
vn -0.4699 0.1708 0.8660
vn -0.4698 0.1709 0.8661
vn 0.3420 0.9397 -0.0000
vt 0.111680 0.815823
vt 0.118292 0.815823
vt 0.114986 0.821549
vt 0.679936 0.992129
vt 0.778186 0.985517
vt 0.778186 0.992128
vt 0.679936 0.985519
vt 0.778186 0.978909
vt 0.679936 0.978910
vt 0.778185 0.972299
vt 0.217119 0.791116
vt 0.213813 0.796842
vt 0.210507 0.791116
vt 0.737585 0.247568
vt 0.740979 0.249527
vt 0.737585 0.251487
vt 0.567043 0.318209
vt 0.584717 0.313452
vt 0.584717 0.318208
vt 0.567043 0.322964
vt 0.584717 0.322964
vt 0.567044 0.327720
vt 0.584718 0.327720
vt 0.737585 0.235214
vt 0.740979 0.237174
vt 0.737585 0.239134
vt 0.531695 0.318209
vt 0.549369 0.313452
vt 0.549369 0.318209
vt 0.567043 0.313452
vt 0.602391 0.313452
vt 0.531696 0.322965
vt 0.549369 0.322964
vt 0.602391 0.318208
vt 0.531696 0.327721
vt 0.549370 0.327721
vt 0.602391 0.322963
vt 0.200648 0.791116
vt 0.197342 0.796842
vt 0.194036 0.791116
vt 0.506229 0.531118
vt 0.499618 0.432868
vt 0.506229 0.432868
vt 0.499619 0.531118
vt 0.493009 0.432869
vt 0.493011 0.531118
vt 0.486399 0.432869
vt 0.725231 0.133877
vt 0.728537 0.128152
vt 0.731844 0.133877
vt 0.679936 0.972300
vt 0.531695 0.313453
vt 0.602391 0.327720
vt 0.486400 0.531118
s 1
usemtl Chandelier02
f 246/487/299 245/488/299 244/489/299
f 244/490/300 248/491/301 247/492/302
f 245/493/303 249/494/304 248/491/301
f 246/495/305 247/496/302 249/494/304
f 249/497/306 247/498/306 248/499/307
f 252/500/308 251/501/309 250/502/308
f 260/503/310 258/504/311 259/505/312
f 263/506/313 259/505/312 262/507/314
f 257/508/315 262/507/314 258/509/311
f 255/510/316 253/511/316 254/512/316
f 254/513/317 256/514/318 261/515/319
f 261/515/319 257/516/315 260/503/310
f 250/517/320 259/505/312 258/504/311
f 255/518/321 261/515/319 264/519/322
f 264/519/322 260/503/310 263/506/313
f 251/520/323 262/507/314 259/505/312
f 253/521/324 264/519/322 256/522/318
f 256/522/318 263/506/313 257/508/315
f 252/523/325 258/509/311 262/507/314
f 267/524/326 266/525/326 265/526/326
f 265/527/327 269/528/328 268/529/327
f 266/530/329 270/531/330 269/528/328
f 267/532/331 268/533/327 270/531/330
f 270/534/332 268/535/332 269/536/332
f 244/490/300 245/493/303 248/491/301
f 245/493/303 246/495/305 249/494/304
f 246/495/305 244/537/300 247/496/302
f 260/503/310 257/516/315 258/504/311
f 263/506/313 260/503/310 259/505/312
f 257/508/315 263/506/313 262/507/314
f 254/513/317 253/538/324 256/514/318
f 261/515/319 256/514/318 257/516/315
f 250/517/320 251/520/323 259/505/312
f 255/518/321 254/513/317 261/515/319
f 264/519/322 261/515/319 260/503/310
f 251/520/323 252/523/325 262/507/314
f 253/521/324 255/518/321 264/519/322
f 256/522/318 264/519/322 263/506/313
f 252/523/325 250/539/320 258/509/311
f 265/527/327 266/530/329 269/528/328
f 266/530/329 267/532/331 270/531/330
f 267/532/331 265/540/327 268/533/327
o BulpInterior012
v 8.844064 17.120453 15.898520
v 8.654499 17.091618 15.897258
v 8.750374 17.091618 16.063316
v 8.415585 19.926401 16.145901
v 8.226021 19.897564 16.144640
v 8.321896 19.897564 16.310699
v 9.938017 19.889683 15.266924
v 9.909600 19.791243 15.217704
v 9.966434 19.791243 15.316143
v 8.337842 19.889681 16.190786
v 8.309424 19.791243 16.141565
v 8.366259 19.791243 16.240005
v 8.726274 20.056175 15.966524
v 9.137930 19.743900 15.728854
v 9.549584 20.056175 15.491185
v 9.520343 19.926428 15.440537
v 9.102090 19.619747 15.666779
v 8.697033 19.926428 15.915875
v 9.578827 19.926428 15.541834
v 9.173770 19.619747 15.790932
v 8.755516 19.926428 16.017172
v 9.570285 17.082005 15.479235
v 9.380720 17.110842 15.477974
v 9.476595 17.110842 15.644033
v 9.998764 19.887953 15.231851
v 9.809199 19.916788 15.230591
v 9.905074 19.916788 15.396650
vn 0.0001 -1.0000 -0.0000
vn 1.0000 -0.0000 0.0001
vn -0.5000 -0.0000 -0.8661
vn 1.0000 -0.0000 -0.0000
vn -0.5000 -0.0000 -0.8660
vn -0.5000 -0.0000 0.8660
vn -0.0001 1.0000 0.0001
vn -0.0001 1.0000 -0.0000
vn 0.9848 -0.1736 -0.0000
vn 0.9848 -0.1737 -0.0000
vn -0.1168 -0.6623 -0.7401
vn 0.0788 0.9969 -0.0000
vn -0.0216 -0.3076 -0.9513
vn -0.1168 -0.6622 0.7401
vn -0.0216 -0.3076 0.9513
vn 0.1736 0.9848 -0.0000
vn -0.9848 0.1736 -0.0000
vn -0.9848 0.1737 -0.0000
vn 0.0603 -0.6306 -0.7738
vn 0.2668 0.9638 -0.0000
vn -0.0850 -0.2964 -0.9513
vn 0.4813 0.8765 -0.0000
vn 0.0604 -0.6306 0.7737
vn -0.0850 -0.2964 0.9513
vn -0.2725 -0.5719 -0.7737
vn -0.1526 0.9883 -0.0000
vn -0.2724 -0.5719 0.7738
vn -0.3419 -0.9397 0.0001
vn -0.3419 -0.9397 -0.0000
vn 0.9397 -0.3420 -0.0000
vn -0.4698 0.1710 -0.8660
vn -0.4698 0.1709 -0.8661
vn -0.4698 0.1710 0.8660
vn 0.3419 0.9397 -0.0000
vn 0.3419 0.9397 -0.0001
vt 0.707137 0.276392
vt 0.703830 0.282118
vt 0.700525 0.276392
vt 0.456816 0.617591
vt 0.450204 0.519342
vt 0.456815 0.519342
vt 0.450206 0.617592
vt 0.443596 0.519342
vt 0.443597 0.617592
vt 0.436986 0.519342
vt 0.992888 0.039168
vt 0.996194 0.033442
vt 0.999500 0.039168
vt 0.930923 0.515224
vt 0.928963 0.518619
vt 0.927003 0.515224
vt 0.492923 0.330562
vt 0.510597 0.325806
vt 0.510597 0.330562
vt 0.492923 0.335317
vt 0.510597 0.335317
vt 0.492923 0.340074
vt 0.510597 0.340074
vt 0.737585 0.226255
vt 0.739545 0.222861
vt 0.741504 0.226255
vt 0.457575 0.330563
vt 0.475249 0.325806
vt 0.475249 0.330563
vt 0.492923 0.325806
vt 0.528271 0.325806
vt 0.457575 0.335318
vt 0.475249 0.335318
vt 0.528271 0.330562
vt 0.457575 0.340074
vt 0.475249 0.340074
vt 0.528271 0.335317
vt 0.011230 0.906414
vt 0.007924 0.912140
vt 0.004618 0.906414
vt 0.481522 0.568178
vt 0.474911 0.469928
vt 0.481522 0.469928
vt 0.474913 0.568178
vt 0.468303 0.469929
vt 0.468304 0.568178
vt 0.461693 0.469929
vt 0.992888 0.022697
vt 0.996194 0.016971
vt 0.999500 0.022697
vt 0.436987 0.617592
vt 0.457575 0.325806
vt 0.528271 0.340074
vt 0.461693 0.568179
s 1
usemtl Chandelier02
f 273/541/333 272/542/333 271/543/333
f 271/544/334 275/545/335 274/546/336
f 272/547/337 276/548/338 275/545/335
f 273/549/338 274/550/336 276/548/338
f 276/551/339 274/552/339 275/553/340
f 279/554/341 278/555/342 277/556/341
f 287/557/343 285/558/344 286/559/345
f 290/560/346 286/559/345 289/561/347
f 284/562/348 289/561/347 285/563/344
f 282/564/349 280/565/350 281/566/349
f 281/567/351 283/568/352 288/569/353
f 288/569/353 284/570/348 287/557/343
f 277/571/354 286/559/345 285/558/344
f 282/572/355 288/569/353 291/573/356
f 291/573/356 287/557/343 290/560/346
f 278/574/357 289/561/347 286/559/345
f 280/575/358 291/573/356 283/576/352
f 283/576/352 290/560/346 284/562/348
f 279/577/359 285/563/344 289/561/347
f 294/578/360 293/579/360 292/580/361
f 292/581/362 296/582/363 295/583/362
f 293/584/364 297/585/365 296/582/363
f 294/586/365 295/587/362 297/585/365
f 297/588/366 295/589/367 296/590/367
f 271/544/334 272/547/337 275/545/335
f 272/547/337 273/549/338 276/548/338
f 273/549/338 271/591/334 274/550/336
f 287/557/343 284/570/348 285/558/344
f 290/560/346 287/557/343 286/559/345
f 284/562/348 290/560/346 289/561/347
f 281/567/351 280/592/358 283/568/352
f 288/569/353 283/568/352 284/570/348
f 277/571/354 278/574/357 286/559/345
f 282/572/355 281/567/351 288/569/353
f 291/573/356 288/569/353 287/557/343
f 278/574/357 279/577/359 289/561/347
f 280/575/358 282/572/355 291/573/356
f 283/576/352 291/573/356 290/560/346
f 279/577/359 277/593/354 285/563/344
f 292/581/362 293/584/364 296/582/363
f 293/584/364 294/586/365 297/585/365
f 294/586/365 292/594/362 295/587/362
o BulpInterior013
v 8.950238 17.120453 15.502272
v 8.951500 17.091618 15.312707
v 8.785440 17.091618 15.408582
v 8.702856 19.926401 15.073792
v 8.704118 19.897564 14.884228
v 8.538057 19.897564 14.980101
v 9.581833 19.889683 16.596224
v 9.631052 19.791243 16.567806
v 9.532613 19.791243 16.624641
v 8.657970 19.889683 14.996049
v 8.707191 19.791243 14.967631
v 8.608751 19.791243 15.024466
v 8.882233 20.056175 15.384481
v 9.119902 19.743902 15.796137
v 9.357571 20.056175 16.207792
v 9.408219 19.926430 16.178549
v 9.181979 19.619747 15.760296
v 8.932881 19.926428 15.355240
v 9.306923 19.926430 16.237034
v 9.057825 19.619747 15.831977
v 8.831584 19.926428 15.413723
v 9.369522 17.082005 16.228491
v 9.370784 17.110842 16.038927
v 9.204724 17.110842 16.134802
v 9.616904 19.887953 16.656971
v 9.618166 19.916788 16.467405
v 9.452106 19.916788 16.563280
vn -0.0000 -1.0000 0.0001
vn 1.0000 -0.0000 0.0001
vn -0.5000 -0.0003 -0.8660
vn 1.0000 -0.0000 -0.0000
vn -0.4999 -0.0000 -0.8661
vn -0.5000 -0.0000 0.8660
vn -0.0001 1.0000 -0.0001
vn -0.0000 1.0000 -0.0001
vn 0.9848 -0.1736 -0.0000
vn 0.9848 -0.1737 -0.0000
vn -0.1169 -0.6623 -0.7401
vn 0.0788 0.9969 -0.0000
vn -0.0215 -0.3077 -0.9512
vn -0.1167 -0.6623 0.7401
vn -0.0215 -0.3075 0.9513
vn 0.1736 0.9848 -0.0000
vn -0.9848 0.1736 -0.0000
vn 0.0603 -0.6305 -0.7738
vn 0.2668 0.9638 -0.0000
vn -0.0849 -0.2963 -0.9513
vn 0.4813 0.8765 -0.0000
vn 0.0604 -0.6305 0.7738
vn -0.0849 -0.2963 0.9513
vn -0.2725 -0.5718 -0.7738
vn -0.1526 0.9883 -0.0001
vn -0.2723 -0.5719 0.7738
vn -0.3419 -0.9397 -0.0000
vn 0.9397 -0.3420 -0.0000
vn -0.4698 0.1711 -0.8660
vn -0.4696 0.1736 -0.8657
vn -0.4699 0.1710 0.8660
vn 0.3420 0.9397 -0.0000
vn 0.3419 0.9397 -0.0000
vt 0.111680 0.815823
vt 0.118292 0.815823
vt 0.114986 0.821549
vt 0.679936 0.992129
vt 0.778186 0.985517
vt 0.778186 0.992128
vt 0.679936 0.985519
vt 0.778186 0.978909
vt 0.679936 0.978910
vt 0.778185 0.972299
vt 0.217119 0.791116
vt 0.213813 0.796842
vt 0.210507 0.791116
vt 0.737585 0.247568
vt 0.740979 0.249527
vt 0.737585 0.251487
vt 0.567043 0.318209
vt 0.584717 0.313452
vt 0.584717 0.318208
vt 0.567043 0.322964
vt 0.584717 0.322964
vt 0.567044 0.327720
vt 0.584718 0.327720
vt 0.737585 0.235214
vt 0.740979 0.237174
vt 0.737585 0.239134
vt 0.531695 0.318209
vt 0.549369 0.313452
vt 0.549369 0.318209
vt 0.567043 0.313452
vt 0.602391 0.313452
vt 0.531696 0.322965
vt 0.549369 0.322964
vt 0.602391 0.318208
vt 0.531696 0.327721
vt 0.549370 0.327721
vt 0.602391 0.322963
vt 0.200648 0.791116
vt 0.197342 0.796842
vt 0.194036 0.791116
vt 0.506229 0.531118
vt 0.499618 0.432868
vt 0.506229 0.432868
vt 0.499619 0.531118
vt 0.493009 0.432869
vt 0.493011 0.531118
vt 0.486399 0.432869
vt 0.725231 0.133877
vt 0.728537 0.128152
vt 0.731844 0.133877
vt 0.679936 0.972300
vt 0.531695 0.313453
vt 0.602391 0.327720
vt 0.486400 0.531118
s 1
usemtl Chandelier02
f 300/595/368 299/596/368 298/597/368
f 298/598/369 302/599/370 301/600/371
f 299/601/372 303/602/373 302/599/370
f 300/603/373 301/604/371 303/602/373
f 303/605/374 301/606/375 302/607/375
f 306/608/376 305/609/377 304/610/376
f 314/611/378 312/612/379 313/613/380
f 317/614/381 313/613/380 316/615/382
f 311/616/383 316/615/382 312/617/379
f 309/618/384 307/619/384 308/620/384
f 308/621/385 310/622/386 315/623/387
f 315/623/387 311/624/383 314/611/378
f 304/625/388 313/613/380 312/612/379
f 309/626/389 315/623/387 318/627/390
f 318/627/390 314/611/378 317/614/381
f 305/628/391 316/615/382 313/613/380
f 307/629/392 318/627/390 310/630/386
f 310/630/386 317/614/381 311/616/383
f 306/631/393 312/617/379 316/615/382
f 321/632/394 320/633/394 319/634/394
f 319/635/395 323/636/396 322/637/395
f 320/638/397 324/639/398 323/636/396
f 321/640/398 322/641/395 324/639/398
f 324/642/399 322/643/400 323/644/400
f 298/598/369 299/601/372 302/599/370
f 299/601/372 300/603/373 303/602/373
f 300/603/373 298/645/369 301/604/371
f 314/611/378 311/624/383 312/612/379
f 317/614/381 314/611/378 313/613/380
f 311/616/383 317/614/381 316/615/382
f 308/621/385 307/646/392 310/622/386
f 315/623/387 310/622/386 311/624/383
f 304/625/388 305/628/391 313/613/380
f 309/626/389 308/621/385 315/623/387
f 318/627/390 315/623/387 314/611/378
f 305/628/391 306/631/393 316/615/382
f 307/629/392 309/626/389 318/627/390
f 310/630/386 318/627/390 317/614/381
f 306/631/393 304/647/388 312/617/379
f 319/635/395 320/638/397 323/636/396
f 320/638/397 321/640/398 324/639/398
f 321/640/398 319/648/395 322/641/395
o Chain01
v -0.194720 42.034500 0.239428
v -0.194720 42.034500 -0.239436
v -0.194719 42.468964 -0.591825
v -0.194719 43.123989 -0.760924
v -0.194718 43.858170 -0.760923
v -0.194718 44.513191 -0.591824
v -0.194718 44.947655 -0.239436
v -0.194718 44.947655 0.239428
v -0.194719 44.513191 0.591817
v -0.194719 43.858170 0.760916
v -0.194720 43.123985 0.760916
v -0.194720 42.468964 0.591817
v 0.194717 42.034500 0.239428
v 0.194717 42.034500 -0.239436
v 0.194718 42.468964 -0.591825
v 0.194719 43.123985 -0.760923
v 0.194719 43.858170 -0.760923
v 0.194719 44.513191 -0.591824
v 0.194719 44.947655 -0.239435
v 0.194719 44.947655 0.239429
v 0.194718 44.513191 0.591817
v 0.194718 43.858170 0.760917
v 0.194717 43.123985 0.760917
v 0.194717 42.468964 0.591817
v -0.194720 42.213745 0.150709
v -0.194720 42.213745 -0.150717
v -0.194719 42.556007 -0.411759
v -0.194719 43.148819 -0.562471
v -0.194718 43.833340 -0.562471
v -0.194718 44.426151 -0.411758
v -0.194718 44.768410 -0.150717
v -0.194718 44.768410 0.150709
v -0.194719 44.426151 0.411751
v -0.194719 43.833340 0.562463
v -0.194720 43.148819 0.562463
v -0.194720 42.556007 0.411751
v 0.194717 42.213745 0.150709
v 0.194717 42.213745 -0.150716
v 0.194718 42.556007 -0.411758
v 0.194718 43.148819 -0.562471
v 0.194719 43.833340 -0.562470
v 0.194719 44.426151 -0.411758
v 0.194719 44.768410 -0.150716
v 0.194719 44.768410 0.150710
v 0.194719 44.426151 0.411751
v 0.194718 43.833340 0.562464
v 0.194718 43.148819 0.562464
v 0.194717 42.556007 0.411751
vn 0.8719 0.4302 0.2337
vn 0.8720 -0.4302 0.2337
vn 0.8719 0.4303 0.2338
vn 0.8720 -0.4301 0.2335
vn 0.4349 -0.8929 0.1165
vn 0.1217 -0.9920 0.0327
vn -0.1217 -0.9920 -0.0328
vn -0.4348 -0.8929 -0.1164
vn -0.4349 -0.8929 -0.1164
vn -0.8719 -0.4302 -0.2338
vn -0.8721 -0.4301 -0.2334
vn -0.8719 0.4302 -0.2337
vn -0.8720 0.4302 -0.2337
vn -0.4349 0.8929 -0.1165
vn -0.1217 0.9920 -0.0327
vn 0.1217 0.9920 0.0328
vn 0.1216 0.9920 0.0328
vn 0.4349 0.8929 0.1164
vn -0.8656 0.4437 -0.2321
vn -0.8656 -0.4437 -0.2320
vn -0.8656 -0.4437 -0.2321
vn -0.4204 0.9003 -0.1125
vn -0.8658 0.4435 -0.2318
vn -0.1199 0.9923 -0.0322
vn -0.4201 0.9005 -0.1126
vn 0.1199 0.9923 0.0323
vn -0.1202 0.9922 -0.0322
vn 0.4203 0.9004 0.1126
vn 0.1199 0.9923 0.0322
vn 0.8656 0.4437 0.2320
vn 0.4204 0.9004 0.1125
vn 0.8657 -0.4436 0.2320
vn 0.8657 0.4436 0.2318
vn 0.4204 -0.9003 0.1125
vn 0.1199 -0.9923 0.0322
vn 0.4207 -0.9002 0.1125
vn -0.1199 -0.9923 -0.0323
vn 0.1195 -0.9923 0.0322
vn -0.4204 -0.9003 -0.1126
vn -0.1199 -0.9923 -0.0322
vn -0.4201 -0.9005 -0.1125
vn -0.2589 -0.0000 0.9659
vn 0.2589 -0.0000 -0.9659
vn 0.2589 -0.0001 -0.9659
vn -0.2589 -0.0001 0.9659
vt 0.124316 0.738522
vt 0.107563 0.725647
vt 0.123466 0.725634
vt 0.345777 0.740271
vt 0.327495 0.725374
vt 0.346620 0.725853
vt 0.326801 0.738630
vt 0.304785 0.724487
vt 0.304245 0.738188
vt 0.280234 0.724151
vt 0.279813 0.737967
vt 0.258179 0.723888
vt 0.257866 0.737675
vt 0.241024 0.724056
vt 0.240894 0.737439
vt 0.227091 0.724071
vt 0.227262 0.737458
vt 0.210096 0.723985
vt 0.210335 0.737777
vt 0.188200 0.724224
vt 0.188468 0.738060
vt 0.163867 0.724156
vt 0.164190 0.737957
vt 0.141493 0.724346
vt 0.142059 0.737940
vt 0.116626 0.760181
vt 0.125461 0.744910
vt 0.126985 0.758673
vt 0.325236 0.759190
vt 0.341580 0.746657
vt 0.340293 0.760264
vt 0.303534 0.758807
vt 0.326098 0.745503
vt 0.278815 0.758664
vt 0.303904 0.745166
vt 0.256276 0.758114
vt 0.279285 0.745012
vt 0.239957 0.757479
vt 0.257011 0.744522
vt 0.228177 0.757508
vt 0.240377 0.743772
vt 0.211842 0.758219
vt 0.227741 0.743796
vt 0.189212 0.758783
vt 0.211127 0.744626
vt 0.164275 0.758650
vt 0.188876 0.745123
vt 0.142205 0.758292
vt 0.164286 0.744996
vt 0.142005 0.744711
vt 0.108741 0.740812
vt 0.114170 0.746846
vt 0.111511 0.718837
vt 0.123481 0.719461
vt 0.327686 0.718644
vt 0.343484 0.719107
vt 0.305087 0.717519
vt 0.280300 0.717127
vt 0.257860 0.716996
vt 0.240753 0.717834
vt 0.227451 0.717848
vt 0.210435 0.717086
vt 0.188204 0.717190
vt 0.163644 0.717144
vt 0.140873 0.717571
s 1
usemtl Chandelier02
f 325/649/401 338/650/402 337/651/403
f 326/652/404 339/653/405 338/654/402
f 327/655/405 340/656/406 339/653/405
f 328/657/406 341/658/407 340/656/406
f 329/659/407 342/660/408 341/658/407
f 330/661/409 343/662/410 342/660/408
f 331/663/411 344/664/412 343/662/410
f 332/665/413 345/666/414 344/664/412
f 333/667/414 346/668/415 345/666/414
f 334/669/415 347/670/416 346/668/415
f 335/671/417 348/672/418 347/670/416
f 336/673/418 337/651/403 348/672/418
f 362/674/419 349/675/420 361/676/421
f 363/677/422 350/678/423 362/679/419
f 364/680/424 351/681/425 363/677/422
f 365/682/426 352/683/427 364/680/424
f 366/684/428 353/685/429 365/682/426
f 367/686/430 354/687/431 366/684/428
f 368/688/432 355/689/433 367/686/430
f 369/690/434 356/691/432 368/688/432
f 370/692/435 357/693/436 369/690/434
f 371/694/437 358/695/438 370/692/435
f 372/696/439 359/697/440 371/694/437
f 361/676/421 360/698/441 372/696/439
f 326/699/442 349/675/442 350/700/442
f 337/651/443 362/701/443 361/702/443
f 327/655/442 350/678/442 351/681/442
f 338/654/443 363/703/444 362/704/443
f 328/657/442 351/681/442 352/683/442
f 339/653/443 364/705/443 363/703/444
f 329/659/442 352/683/442 353/685/442
f 340/656/443 365/706/443 364/705/443
f 330/661/442 353/685/442 354/687/442
f 341/658/443 366/707/443 365/706/443
f 331/663/442 354/687/442 355/689/442
f 342/660/443 367/708/443 366/707/443
f 332/665/445 355/689/442 356/691/442
f 343/662/444 368/709/443 367/708/443
f 333/667/442 356/691/442 357/693/442
f 344/664/443 369/710/443 368/709/443
f 334/669/442 357/693/442 358/695/442
f 345/666/443 370/711/443 369/710/443
f 335/671/442 358/695/442 359/697/442
f 346/668/443 371/712/443 370/711/443
f 336/673/442 359/697/442 360/698/445
f 347/670/443 372/713/443 371/712/443
f 325/649/442 360/698/445 349/675/442
f 348/672/443 361/702/443 372/713/443
f 325/649/401 326/699/404 338/650/402
f 326/652/404 327/655/405 339/653/405
f 327/655/405 328/657/406 340/656/406
f 328/657/406 329/659/407 341/658/407
f 329/659/407 330/661/409 342/660/408
f 330/661/409 331/663/411 343/662/410
f 331/663/411 332/665/413 344/664/412
f 332/665/413 333/667/414 345/666/414
f 333/667/414 334/669/415 346/668/415
f 334/669/415 335/671/417 347/670/416
f 335/671/417 336/673/418 348/672/418
f 336/673/418 325/649/401 337/651/403
f 362/674/419 350/700/423 349/675/420
f 363/677/422 351/681/425 350/678/423
f 364/680/424 352/683/427 351/681/425
f 365/682/426 353/685/429 352/683/427
f 366/684/428 354/687/431 353/685/429
f 367/686/430 355/689/433 354/687/431
f 368/688/432 356/691/432 355/689/433
f 369/690/434 357/693/436 356/691/432
f 370/692/435 358/695/438 357/693/436
f 371/694/437 359/697/440 358/695/438
f 372/696/439 360/698/441 359/697/440
f 361/676/421 349/675/420 360/698/441
f 326/699/442 325/649/442 349/675/442
f 337/651/443 338/650/443 362/701/443
f 327/655/442 326/652/442 350/678/442
f 338/654/443 339/653/443 363/703/444
f 328/657/442 327/655/442 351/681/442
f 339/653/443 340/656/443 364/705/443
f 329/659/442 328/657/442 352/683/442
f 340/656/443 341/658/443 365/706/443
f 330/661/442 329/659/442 353/685/442
f 341/658/443 342/660/443 366/707/443
f 331/663/442 330/661/442 354/687/442
f 342/660/443 343/662/444 367/708/443
f 332/665/445 331/663/442 355/689/442
f 343/662/444 344/664/443 368/709/443
f 333/667/442 332/665/445 356/691/442
f 344/664/443 345/666/443 369/710/443
f 334/669/442 333/667/442 357/693/442
f 345/666/443 346/668/443 370/711/443
f 335/671/442 334/669/442 358/695/442
f 346/668/443 347/670/443 371/712/443
f 336/673/442 335/671/442 359/697/442
f 347/670/443 348/672/443 372/713/443
f 325/649/442 336/673/442 360/698/445
f 348/672/443 337/651/443 361/702/443
o Chain016
v 0.239431 44.447529 0.194717
v -0.239433 44.447529 0.194717
v -0.591822 44.881992 0.194716
v -0.760921 45.537018 0.194715
v -0.760920 46.271198 0.194715
v -0.591821 46.926220 0.194714
v -0.239433 47.360683 0.194714
v 0.239431 47.360683 0.194714
v 0.591820 46.926220 0.194715
v 0.760919 46.271198 0.194716
v 0.760919 45.537014 0.194717
v 0.591820 44.881996 0.194717
v 0.239431 44.447529 -0.194720
v -0.239433 44.447529 -0.194721
v -0.591822 44.881992 -0.194721
v -0.760920 45.537014 -0.194722
v -0.760920 46.271198 -0.194722
v -0.591821 46.926220 -0.194724
v -0.239432 47.360683 -0.194724
v 0.239432 47.360683 -0.194723
v 0.591820 46.926220 -0.194722
v 0.760919 46.271198 -0.194721
v 0.760920 45.537014 -0.194721
v 0.591820 44.881992 -0.194720
v 0.150712 44.626774 0.194717
v -0.150714 44.626774 0.194717
v -0.411756 44.969036 0.194716
v -0.562468 45.561848 0.194716
v -0.562468 46.246368 0.194715
v -0.411755 46.839180 0.194714
v -0.150714 47.181438 0.194714
v 0.150712 47.181438 0.194714
v 0.411754 46.839180 0.194714
v 0.562466 46.246368 0.194716
v 0.562466 45.561848 0.194716
v 0.411754 44.969036 0.194716
v 0.150712 44.626774 -0.194721
v -0.150713 44.626774 -0.194721
v -0.411755 44.969036 -0.194721
v -0.562468 45.561848 -0.194722
v -0.562467 46.246368 -0.194722
v -0.411755 46.839180 -0.194723
v -0.150713 47.181438 -0.194723
v 0.150713 47.181438 -0.194723
v 0.411754 46.839180 -0.194723
v 0.562467 46.246368 -0.194721
v 0.562467 45.561848 -0.194721
v 0.411754 44.969036 -0.194721
vn 0.8720 0.4301 0.2337
vn 0.8720 -0.4301 0.2337
vn 0.8720 0.4301 0.2335
vn 0.8721 -0.4301 0.2333
vn 0.4349 -0.8929 0.1165
vn 0.1217 -0.9920 0.0326
vn -0.1217 -0.9920 -0.0326
vn -0.1217 -0.9920 -0.0322
vn -0.4349 -0.8929 -0.1165
vn -0.8720 -0.4301 -0.2336
vn -0.8721 -0.4302 -0.2333
vn -0.8720 0.4301 -0.2337
vn -0.8720 0.4301 -0.2336
vn -0.4349 0.8929 -0.1165
vn -0.1217 0.9920 -0.0326
vn 0.1217 0.9920 0.0326
vn 0.1217 0.9920 0.0322
vn 0.4349 0.8929 0.1165
vn -0.8657 0.4436 -0.2320
vn -0.8656 -0.4435 -0.2325
vn -0.8657 -0.4436 -0.2319
vn -0.4204 0.9003 -0.1126
vn -0.8657 0.4437 -0.2319
vn -0.1199 0.9923 -0.0321
vn -0.4204 0.9003 -0.1129
vn 0.1199 0.9923 0.0321
vn -0.1199 0.9923 -0.0317
vn 0.4203 0.9004 0.1126
vn 0.1198 0.9923 0.0321
vn 0.8657 0.4436 0.2319
vn 0.8657 -0.4436 0.2319
vn 0.4204 -0.9003 0.1126
vn 0.8657 -0.4437 0.2319
vn 0.1199 -0.9923 0.0321
vn 0.4204 -0.9004 0.1123
vn -0.1199 -0.9923 -0.0321
vn -0.4204 -0.9003 -0.1126
vn -0.1198 -0.9923 -0.0321
vn -0.4205 -0.9004 -0.1119
vn -0.2587 -0.0000 0.9660
vn 0.2587 -0.0000 -0.9660
vt 0.124316 0.738522
vt 0.107563 0.725647
vt 0.123466 0.725634
vt 0.345777 0.740271
vt 0.327495 0.725374
vt 0.346620 0.725853
vt 0.326801 0.738630
vt 0.304785 0.724487
vt 0.304245 0.738188
vt 0.280234 0.724151
vt 0.279813 0.737967
vt 0.258179 0.723888
vt 0.257866 0.737675
vt 0.241024 0.724056
vt 0.240894 0.737439
vt 0.227091 0.724071
vt 0.227262 0.737458
vt 0.210096 0.723985
vt 0.210335 0.737777
vt 0.188200 0.724224
vt 0.188468 0.738060
vt 0.163867 0.724156
vt 0.164190 0.737957
vt 0.141493 0.724346
vt 0.142059 0.737940
vt 0.116626 0.760181
vt 0.125461 0.744910
vt 0.126985 0.758673
vt 0.325236 0.759190
vt 0.341580 0.746657
vt 0.340293 0.760264
vt 0.303534 0.758807
vt 0.326098 0.745503
vt 0.278815 0.758664
vt 0.303904 0.745166
vt 0.256276 0.758114
vt 0.279285 0.745012
vt 0.239957 0.757479
vt 0.257011 0.744522
vt 0.228177 0.757508
vt 0.240377 0.743772
vt 0.211842 0.758219
vt 0.227741 0.743796
vt 0.189212 0.758783
vt 0.211127 0.744626
vt 0.164275 0.758650
vt 0.188876 0.745123
vt 0.142205 0.758292
vt 0.164286 0.744996
vt 0.142005 0.744711
vt 0.108741 0.740812
vt 0.114170 0.746846
vt 0.111511 0.718837
vt 0.123481 0.719461
vt 0.327686 0.718644
vt 0.343484 0.719107
vt 0.305087 0.717519
vt 0.280300 0.717127
vt 0.257860 0.716996
vt 0.240753 0.717834
vt 0.227451 0.717848
vt 0.210435 0.717086
vt 0.188204 0.717190
vt 0.163644 0.717144
vt 0.140873 0.717571
s 1
usemtl Chandelier02
f 373/714/446 386/715/447 385/716/448
f 374/717/449 387/718/450 386/719/447
f 375/720/450 388/721/451 387/718/450
f 376/722/451 389/723/452 388/721/451
f 377/724/453 390/725/454 389/723/452
f 378/726/454 391/727/455 390/725/454
f 379/728/456 392/729/457 391/727/455
f 380/730/458 393/731/459 392/729/457
f 381/732/459 394/733/460 393/731/459
f 382/734/460 395/735/461 394/733/460
f 383/736/462 396/737/463 395/735/461
f 384/738/463 385/716/448 396/737/463
f 410/739/464 397/740/465 409/741/466
f 411/742/467 398/743/468 410/744/464
f 412/745/469 399/746/470 411/742/467
f 413/747/471 400/748/472 412/745/469
f 414/749/473 401/750/474 413/747/471
f 415/751/475 402/752/473 414/749/473
f 416/753/476 403/754/475 415/751/475
f 417/755/477 404/756/478 416/753/476
f 418/757/479 405/758/480 417/755/477
f 419/759/481 406/760/479 418/757/479
f 420/761/482 407/762/483 419/759/481
f 409/741/466 408/763/484 420/761/482
f 374/764/485 397/740/485 398/765/485
f 385/716/486 410/766/486 409/767/486
f 375/720/485 398/743/485 399/746/485
f 386/719/486 411/768/486 410/769/486
f 376/722/485 399/746/485 400/748/485
f 387/718/486 412/770/486 411/768/486
f 377/724/485 400/748/485 401/750/485
f 388/721/486 413/771/486 412/770/486
f 378/726/485 401/750/485 402/752/485
f 389/723/486 414/772/486 413/771/486
f 379/728/485 402/752/485 403/754/485
f 390/725/486 415/773/486 414/772/486
f 380/730/485 403/754/485 404/756/485
f 391/727/486 416/774/486 415/773/486
f 381/732/485 404/756/485 405/758/485
f 392/729/486 417/775/486 416/774/486
f 382/734/485 405/758/485 406/760/485
f 393/731/486 418/776/486 417/775/486
f 383/736/485 406/760/485 407/762/485
f 394/733/486 419/777/486 418/776/486
f 384/738/485 407/762/485 408/763/485
f 395/735/486 420/778/486 419/777/486
f 373/714/485 408/763/485 397/740/485
f 396/737/486 409/767/486 420/778/486
f 373/714/446 374/764/449 386/715/447
f 374/717/449 375/720/450 387/718/450
f 375/720/450 376/722/451 388/721/451
f 376/722/451 377/724/453 389/723/452
f 377/724/453 378/726/454 390/725/454
f 378/726/454 379/728/456 391/727/455
f 379/728/456 380/730/458 392/729/457
f 380/730/458 381/732/459 393/731/459
f 381/732/459 382/734/460 394/733/460
f 382/734/460 383/736/462 395/735/461
f 383/736/462 384/738/463 396/737/463
f 384/738/463 373/714/446 385/716/448
f 410/739/464 398/765/468 397/740/465
f 411/742/467 399/746/470 398/743/468
f 412/745/469 400/748/472 399/746/470
f 413/747/471 401/750/474 400/748/472
f 414/749/473 402/752/473 401/750/474
f 415/751/475 403/754/475 402/752/473
f 416/753/476 404/756/478 403/754/475
f 417/755/477 405/758/480 404/756/478
f 418/757/479 406/760/479 405/758/480
f 419/759/481 407/762/483 406/760/479
f 420/761/482 408/763/484 407/762/483
f 409/741/466 397/740/465 408/763/484
f 374/764/485 373/714/485 397/740/485
f 385/716/486 386/715/486 410/766/486
f 375/720/485 374/717/485 398/743/485
f 386/719/486 387/718/486 411/768/486
f 376/722/485 375/720/485 399/746/485
f 387/718/486 388/721/486 412/770/486
f 377/724/485 376/722/485 400/748/485
f 388/721/486 389/723/486 413/771/486
f 378/726/485 377/724/485 401/750/485
f 389/723/486 390/725/486 414/772/486
f 379/728/485 378/726/485 402/752/485
f 390/725/486 391/727/486 415/773/486
f 380/730/485 379/728/485 403/754/485
f 391/727/486 392/729/486 416/774/486
f 381/732/485 380/730/485 404/756/485
f 392/729/486 393/731/486 417/775/486
f 382/734/485 381/732/485 405/758/485
f 393/731/486 394/733/486 418/776/486
f 383/736/485 382/734/485 406/760/485
f 394/733/486 395/735/486 419/777/486
f 384/738/485 383/736/485 407/762/485
f 395/735/486 396/737/486 420/778/486
f 373/714/485 384/738/485 408/763/485
f 396/737/486 385/716/486 409/767/486
o Chain017
v -0.194720 46.895939 0.239427
v -0.194720 46.895939 -0.239437
v -0.194719 47.330402 -0.591826
v -0.194719 47.985428 -0.760925
v -0.194718 48.719608 -0.760924
v -0.194718 49.374630 -0.591825
v -0.194718 49.809093 -0.239437
v -0.194718 49.809093 0.239427
v -0.194719 49.374630 0.591816
v -0.194719 48.719608 0.760915
v -0.194720 47.985424 0.760915
v -0.194720 47.330406 0.591816
v 0.194717 46.895939 0.239427
v 0.194717 46.895939 -0.239437
v 0.194718 47.330402 -0.591826
v 0.194719 47.985424 -0.760924
v 0.194719 48.719608 -0.760924
v 0.194719 49.374630 -0.591825
v 0.194719 49.809093 -0.239436
v 0.194719 49.809093 0.239428
v 0.194718 49.374630 0.591816
v 0.194718 48.719608 0.760916
v 0.194717 47.985424 0.760916
v 0.194717 47.330402 0.591816
v -0.194720 47.075184 0.150708
v -0.194720 47.075184 -0.150718
v -0.194719 47.417446 -0.411760
v -0.194719 48.010258 -0.562472
v -0.194718 48.694778 -0.562472
v -0.194718 49.287590 -0.411759
v -0.194718 49.629848 -0.150718
v -0.194718 49.629848 0.150708
v -0.194719 49.287590 0.411750
v -0.194719 48.694778 0.562462
v -0.194720 48.010258 0.562462
v -0.194720 47.417446 0.411750
v 0.194717 47.075184 0.150708
v 0.194717 47.075184 -0.150717
v 0.194718 47.417446 -0.411759
v 0.194718 48.010258 -0.562472
v 0.194719 48.694778 -0.562471
v 0.194719 49.287590 -0.411759
v 0.194719 49.629848 -0.150717
v 0.194719 49.629848 0.150709
v 0.194719 49.287590 0.411750
v 0.194718 48.694778 0.562463
v 0.194718 48.010258 0.562463
v 0.194717 47.417446 0.411750
vn 0.8720 0.4301 0.2335
vn 0.8720 -0.4302 0.2335
vn 0.8719 0.4302 0.2337
vn 0.8719 -0.4303 0.2338
vn 0.4349 -0.8929 0.1165
vn 0.4347 -0.8930 0.1165
vn 0.1217 -0.9920 0.0327
vn -0.1217 -0.9920 -0.0328
vn -0.4349 -0.8929 -0.1164
vn -0.8720 -0.4302 -0.2337
vn -0.8722 -0.4300 -0.2332
vn -0.8719 0.4302 -0.2337
vn -0.8720 0.4302 -0.2337
vn -0.4349 0.8929 -0.1165
vn -0.1217 0.9920 -0.0327
vn 0.1217 0.9920 0.0328
vn 0.4348 0.8930 0.1164
vn 0.4346 0.8930 0.1165
vn -0.8656 0.4437 -0.2321
vn -0.8655 -0.4438 -0.2322
vn -0.8656 -0.4437 -0.2320
vn -0.4204 0.9003 -0.1126
vn -0.8658 0.4435 -0.2318
vn -0.1199 0.9923 -0.0322
vn -0.4201 0.9005 -0.1126
vn 0.1199 0.9923 0.0323
vn -0.1202 0.9922 -0.0322
vn 0.4203 0.9004 0.1126
vn 0.1196 0.9923 0.0322
vn 0.8656 0.4437 0.2320
vn 0.4204 0.9004 0.1125
vn 0.8657 -0.4436 0.2320
vn 0.8657 0.4436 0.2318
vn 0.4204 -0.9003 0.1126
vn 0.1199 -0.9923 0.0322
vn -0.1199 -0.9923 -0.0323
vn 0.1192 -0.9923 0.0322
vn -0.4204 -0.9003 -0.1126
vn -0.1199 -0.9923 -0.0322
vn -0.4204 -0.9004 -0.1125
vn -0.2589 -0.0000 0.9659
vn 0.2589 -0.0000 -0.9659
vn 0.2589 -0.0001 -0.9659
vn -0.2589 -0.0001 0.9659
vt 0.124316 0.738522
vt 0.107563 0.725647
vt 0.123466 0.725634
vt 0.345777 0.740271
vt 0.327495 0.725374
vt 0.346620 0.725853
vt 0.326801 0.738630
vt 0.304785 0.724487
vt 0.304245 0.738188
vt 0.280234 0.724151
vt 0.279813 0.737967
vt 0.258179 0.723888
vt 0.257866 0.737675
vt 0.241024 0.724056
vt 0.240894 0.737439
vt 0.227091 0.724071
vt 0.227262 0.737458
vt 0.210096 0.723985
vt 0.210335 0.737777
vt 0.188200 0.724224
vt 0.188468 0.738060
vt 0.163867 0.724156
vt 0.164190 0.737957
vt 0.141493 0.724346
vt 0.142059 0.737940
vt 0.116626 0.760181
vt 0.125461 0.744910
vt 0.126985 0.758673
vt 0.325236 0.759190
vt 0.341580 0.746657
vt 0.340293 0.760264
vt 0.303534 0.758807
vt 0.326098 0.745503
vt 0.278815 0.758664
vt 0.303904 0.745166
vt 0.256276 0.758114
vt 0.279285 0.745012
vt 0.239957 0.757479
vt 0.257011 0.744522
vt 0.228177 0.757508
vt 0.240377 0.743772
vt 0.211842 0.758219
vt 0.227741 0.743796
vt 0.189212 0.758783
vt 0.211127 0.744626
vt 0.164275 0.758650
vt 0.188876 0.745123
vt 0.142205 0.758292
vt 0.164286 0.744996
vt 0.142005 0.744711
vt 0.108741 0.740812
vt 0.114170 0.746846
vt 0.111511 0.718837
vt 0.123481 0.719461
vt 0.327686 0.718644
vt 0.343484 0.719107
vt 0.305087 0.717519
vt 0.280300 0.717127
vt 0.257860 0.716996
vt 0.240753 0.717834
vt 0.227451 0.717848
vt 0.210435 0.717086
vt 0.188204 0.717190
vt 0.163644 0.717144
vt 0.140873 0.717571
s 1
usemtl Chandelier02
f 421/779/487 434/780/488 433/781/489
f 422/782/490 435/783/491 434/784/488
f 423/785/492 436/786/493 435/783/491
f 424/787/493 437/788/494 436/786/493
f 425/789/494 438/790/495 437/788/494
f 426/791/495 439/792/496 438/790/495
f 427/793/497 440/794/498 439/792/496
f 428/795/499 441/796/500 440/794/498
f 429/797/500 442/798/501 441/796/500
f 430/799/501 443/800/502 442/798/501
f 431/801/502 444/802/503 443/800/502
f 432/803/504 433/781/489 444/802/503
f 458/804/505 445/805/506 457/806/507
f 459/807/508 446/808/509 458/809/505
f 460/810/510 447/811/511 459/807/508
f 461/812/512 448/813/513 460/810/510
f 462/814/514 449/815/515 461/812/512
f 463/816/516 450/817/517 462/814/514
f 464/818/518 451/819/519 463/816/516
f 465/820/520 452/821/518 464/818/518
f 466/822/521 453/823/520 465/820/520
f 467/824/522 454/825/523 466/822/521
f 468/826/524 455/827/525 467/824/522
f 457/806/507 456/828/526 468/826/524
f 422/829/527 445/805/527 446/830/527
f 433/781/528 458/831/528 457/832/528
f 423/785/527 446/808/527 447/811/527
f 434/784/528 459/833/529 458/834/528
f 424/787/527 447/811/527 448/813/527
f 435/783/528 460/835/528 459/833/529
f 425/789/527 448/813/527 449/815/527
f 436/786/528 461/836/528 460/835/528
f 426/791/527 449/815/527 450/817/527
f 437/788/528 462/837/528 461/836/528
f 427/793/527 450/817/527 451/819/527
f 438/790/528 463/838/528 462/837/528
f 428/795/530 451/819/527 452/821/527
f 439/792/529 464/839/528 463/838/528
f 429/797/527 452/821/527 453/823/527
f 440/794/528 465/840/528 464/839/528
f 430/799/527 453/823/527 454/825/527
f 441/796/528 466/841/528 465/840/528
f 431/801/527 454/825/527 455/827/527
f 442/798/528 467/842/528 466/841/528
f 432/803/527 455/827/527 456/828/530
f 443/800/528 468/843/528 467/842/528
f 421/779/527 456/828/530 445/805/527
f 444/802/528 457/832/528 468/843/528
f 421/779/487 422/829/490 434/780/488
f 422/782/490 423/785/492 435/783/491
f 423/785/492 424/787/493 436/786/493
f 424/787/493 425/789/494 437/788/494
f 425/789/494 426/791/495 438/790/495
f 426/791/495 427/793/497 439/792/496
f 427/793/497 428/795/499 440/794/498
f 428/795/499 429/797/500 441/796/500
f 429/797/500 430/799/501 442/798/501
f 430/799/501 431/801/502 443/800/502
f 431/801/502 432/803/504 444/802/503
f 432/803/504 421/779/487 433/781/489
f 458/804/505 446/830/509 445/805/506
f 459/807/508 447/811/511 446/808/509
f 460/810/510 448/813/513 447/811/511
f 461/812/512 449/815/515 448/813/513
f 462/814/514 450/817/517 449/815/515
f 463/816/516 451/819/519 450/817/517
f 464/818/518 452/821/518 451/819/519
f 465/820/520 453/823/520 452/821/518
f 466/822/521 454/825/523 453/823/520
f 467/824/522 455/827/525 454/825/523
f 468/826/524 456/828/526 455/827/525
f 457/806/507 445/805/506 456/828/526
f 422/829/527 421/779/527 445/805/527
f 433/781/528 434/780/528 458/831/528
f 423/785/527 422/782/527 446/808/527
f 434/784/528 435/783/528 459/833/529
f 424/787/527 423/785/527 447/811/527
f 435/783/528 436/786/528 460/835/528
f 425/789/527 424/787/527 448/813/527
f 436/786/528 437/788/528 461/836/528
f 426/791/527 425/789/527 449/815/527
f 437/788/528 438/790/528 462/837/528
f 427/793/527 426/791/527 450/817/527
f 438/790/528 439/792/529 463/838/528
f 428/795/530 427/793/527 451/819/527
f 439/792/529 440/794/528 464/839/528
f 429/797/527 428/795/530 452/821/527
f 440/794/528 441/796/528 465/840/528
f 430/799/527 429/797/527 453/823/527
f 441/796/528 442/798/528 466/841/528
f 431/801/527 430/799/527 454/825/527
f 442/798/528 443/800/528 467/842/528
f 432/803/527 431/801/527 455/827/527
f 443/800/528 444/802/528 468/843/528
f 421/779/527 432/803/527 456/828/530
f 444/802/528 433/781/528 457/832/528
o Chain018
v 0.239431 49.308968 0.194716
v -0.239433 49.308968 0.194716
v -0.591822 49.743431 0.194715
v -0.760921 50.398457 0.194714
v -0.760920 51.132637 0.194714
v -0.591821 51.787659 0.194714
v -0.239433 52.222122 0.194714
v 0.239431 52.222122 0.194714
v 0.591820 51.787659 0.194715
v 0.760919 51.132637 0.194715
v 0.760919 50.398453 0.194716
v 0.591820 49.743431 0.194716
v 0.239431 49.308968 -0.194721
v -0.239433 49.308968 -0.194722
v -0.591822 49.743431 -0.194722
v -0.760920 50.398453 -0.194723
v -0.760920 51.132637 -0.194723
v -0.591821 51.787659 -0.194724
v -0.239432 52.222122 -0.194724
v 0.239432 52.222122 -0.194723
v 0.591820 51.787659 -0.194722
v 0.760919 51.132637 -0.194722
v 0.760920 50.398453 -0.194722
v 0.591820 49.743431 -0.194721
v 0.150712 49.488213 0.194716
v -0.150714 49.488213 0.194716
v -0.411756 49.830475 0.194715
v -0.562468 50.423286 0.194715
v -0.562468 51.107807 0.194714
v -0.411755 51.700619 0.194714
v -0.150714 52.042877 0.194714
v 0.150712 52.042877 0.194714
v 0.411754 51.700619 0.194714
v 0.562466 51.107807 0.194715
v 0.562466 50.423286 0.194715
v 0.411754 49.830475 0.194715
v 0.150712 49.488213 -0.194722
v -0.150713 49.488213 -0.194722
v -0.411755 49.830475 -0.194722
v -0.562468 50.423286 -0.194723
v -0.562467 51.107807 -0.194723
v -0.411755 51.700619 -0.194723
v -0.150713 52.042877 -0.194723
v 0.150713 52.042877 -0.194723
v 0.411754 51.700619 -0.194723
v 0.562467 51.107807 -0.194722
v 0.562467 50.423286 -0.194722
v 0.411754 49.830475 -0.194722
vn 0.8720 0.4301 0.2339
vn 0.8720 -0.4301 0.2337
vn 0.8720 0.4301 0.2336
vn 0.8721 -0.4301 0.2333
vn 0.4349 -0.8929 0.1165
vn 0.1217 -0.9920 0.0326
vn -0.1217 -0.9920 -0.0326
vn -0.1217 -0.9920 -0.0322
vn -0.4349 -0.8929 -0.1165
vn -0.8720 -0.4301 -0.2337
vn -0.8719 -0.4301 -0.2340
vn -0.8720 0.4301 -0.2337
vn -0.8722 0.4302 -0.2329
vn -0.4349 0.8929 -0.1165
vn -0.1217 0.9920 -0.0326
vn 0.1217 0.9920 0.0326
vn 0.4349 0.8929 0.1165
vn 0.4349 0.8929 0.1162
vn -0.8657 0.4436 -0.2320
vn -0.8656 -0.4435 -0.2325
vn -0.8657 -0.4436 -0.2319
vn -0.4204 0.9003 -0.1126
vn -0.8657 0.4437 -0.2319
vn -0.1199 0.9923 -0.0321
vn -0.4204 0.9003 -0.1129
vn 0.1199 0.9923 0.0321
vn -0.1199 0.9923 -0.0317
vn 0.4203 0.9004 0.1126
vn 0.1198 0.9923 0.0321
vn 0.8657 0.4436 0.2319
vn 0.8657 -0.4436 0.2319
vn 0.4204 -0.9003 0.1126
vn 0.8657 -0.4437 0.2319
vn 0.1199 -0.9923 0.0321
vn 0.4204 -0.9004 0.1123
vn -0.1199 -0.9923 -0.0321
vn -0.4204 -0.9003 -0.1126
vn -0.1198 -0.9923 -0.0321
vn -0.4205 -0.9004 -0.1119
vn -0.2587 -0.0000 0.9660
vn 0.2587 -0.0000 -0.9660
vt 0.124316 0.738522
vt 0.107563 0.725647
vt 0.123466 0.725634
vt 0.345777 0.740271
vt 0.327495 0.725374
vt 0.346620 0.725853
vt 0.326801 0.738630
vt 0.304785 0.724487
vt 0.304245 0.738188
vt 0.280234 0.724151
vt 0.279813 0.737967
vt 0.258179 0.723888
vt 0.257866 0.737675
vt 0.241024 0.724056
vt 0.240894 0.737439
vt 0.227091 0.724071
vt 0.227262 0.737458
vt 0.210096 0.723985
vt 0.210335 0.737777
vt 0.188200 0.724224
vt 0.188468 0.738060
vt 0.163867 0.724156
vt 0.164190 0.737957
vt 0.141493 0.724346
vt 0.142059 0.737940
vt 0.116626 0.760181
vt 0.125461 0.744910
vt 0.126985 0.758673
vt 0.325236 0.759190
vt 0.341580 0.746657
vt 0.340293 0.760264
vt 0.303534 0.758807
vt 0.326098 0.745503
vt 0.278815 0.758664
vt 0.303904 0.745166
vt 0.256276 0.758114
vt 0.279285 0.745012
vt 0.239957 0.757479
vt 0.257011 0.744522
vt 0.228177 0.757508
vt 0.240377 0.743772
vt 0.211842 0.758219
vt 0.227741 0.743796
vt 0.189212 0.758783
vt 0.211127 0.744626
vt 0.164275 0.758650
vt 0.188876 0.745123
vt 0.142205 0.758292
vt 0.164286 0.744996
vt 0.142005 0.744711
vt 0.108741 0.740812
vt 0.114170 0.746846
vt 0.111511 0.718837
vt 0.123481 0.719461
vt 0.327686 0.718644
vt 0.343484 0.719107
vt 0.305087 0.717519
vt 0.280300 0.717127
vt 0.257860 0.716996
vt 0.240753 0.717834
vt 0.227451 0.717848
vt 0.210435 0.717086
vt 0.188204 0.717190
vt 0.163644 0.717144
vt 0.140873 0.717571
s 1
usemtl Chandelier02
f 469/844/531 482/845/532 481/846/533
f 470/847/534 483/848/535 482/849/532
f 471/850/535 484/851/536 483/848/535
f 472/852/536 485/853/537 484/851/536
f 473/854/538 486/855/539 485/853/537
f 474/856/539 487/857/540 486/855/539
f 475/858/541 488/859/542 487/857/540
f 476/860/543 489/861/544 488/859/542
f 477/862/544 490/863/545 489/861/544
f 478/864/545 491/865/546 490/863/545
f 479/866/546 492/867/547 491/865/546
f 480/868/548 481/846/533 492/867/547
f 506/869/549 493/870/550 505/871/551
f 507/872/552 494/873/553 506/874/549
f 508/875/554 495/876/555 507/872/552
f 509/877/556 496/878/557 508/875/554
f 510/879/558 497/880/559 509/877/556
f 511/881/560 498/882/558 510/879/558
f 512/883/561 499/884/560 511/881/560
f 513/885/562 500/886/563 512/883/561
f 514/887/564 501/888/565 513/885/562
f 515/889/566 502/890/564 514/887/564
f 516/891/567 503/892/568 515/889/566
f 505/871/551 504/893/569 516/891/567
f 470/894/570 493/870/570 494/895/570
f 481/846/571 506/896/571 505/897/571
f 471/850/570 494/873/570 495/876/570
f 482/849/571 507/898/571 506/899/571
f 472/852/570 495/876/570 496/878/570
f 483/848/571 508/900/571 507/898/571
f 473/854/570 496/878/570 497/880/570
f 484/851/571 509/901/571 508/900/571
f 474/856/570 497/880/570 498/882/570
f 485/853/571 510/902/571 509/901/571
f 475/858/570 498/882/570 499/884/570
f 486/855/571 511/903/571 510/902/571
f 476/860/570 499/884/570 500/886/570
f 487/857/571 512/904/571 511/903/571
f 477/862/570 500/886/570 501/888/570
f 488/859/571 513/905/571 512/904/571
f 478/864/570 501/888/570 502/890/570
f 489/861/571 514/906/571 513/905/571
f 479/866/570 502/890/570 503/892/570
f 490/863/571 515/907/571 514/906/571
f 480/868/570 503/892/570 504/893/570
f 491/865/571 516/908/571 515/907/571
f 469/844/570 504/893/570 493/870/570
f 492/867/571 505/897/571 516/908/571
f 469/844/531 470/894/534 482/845/532
f 470/847/534 471/850/535 483/848/535
f 471/850/535 472/852/536 484/851/536
f 472/852/536 473/854/538 485/853/537
f 473/854/538 474/856/539 486/855/539
f 474/856/539 475/858/541 487/857/540
f 475/858/541 476/860/543 488/859/542
f 476/860/543 477/862/544 489/861/544
f 477/862/544 478/864/545 490/863/545
f 478/864/545 479/866/546 491/865/546
f 479/866/546 480/868/548 492/867/547
f 480/868/548 469/844/531 481/846/533
f 506/869/549 494/895/553 493/870/550
f 507/872/552 495/876/555 494/873/553
f 508/875/554 496/878/557 495/876/555
f 509/877/556 497/880/559 496/878/557
f 510/879/558 498/882/558 497/880/559
f 511/881/560 499/884/560 498/882/558
f 512/883/561 500/886/563 499/884/560
f 513/885/562 501/888/565 500/886/563
f 514/887/564 502/890/564 501/888/565
f 515/889/566 503/892/568 502/890/564
f 516/891/567 504/893/569 503/892/568
f 505/871/551 493/870/550 504/893/569
f 470/894/570 469/844/570 493/870/570
f 481/846/571 482/845/571 506/896/571
f 471/850/570 470/847/570 494/873/570
f 482/849/571 483/848/571 507/898/571
f 472/852/570 471/850/570 495/876/570
f 483/848/571 484/851/571 508/900/571
f 473/854/570 472/852/570 496/878/570
f 484/851/571 485/853/571 509/901/571
f 474/856/570 473/854/570 497/880/570
f 485/853/571 486/855/571 510/902/571
f 475/858/570 474/856/570 498/882/570
f 486/855/571 487/857/571 511/903/571
f 476/860/570 475/858/570 499/884/570
f 487/857/571 488/859/571 512/904/571
f 477/862/570 476/860/570 500/886/570
f 488/859/571 489/861/571 513/905/571
f 478/864/570 477/862/570 501/888/570
f 489/861/571 490/863/571 514/906/571
f 479/866/570 478/864/570 502/890/570
f 490/863/571 491/865/571 515/907/571
f 480/868/570 479/866/570 503/892/570
f 491/865/571 492/867/571 516/908/571
f 469/844/570 480/868/570 504/893/570
f 492/867/571 481/846/571 505/897/571
o ChainStart
v 2.321384 40.038685 -0.170275
v 2.181387 41.003902 -0.170275
v 1.778283 41.852703 -0.170275
v 1.160692 42.482704 -0.170275
v 0.403104 42.817921 -0.170275
v -0.403104 42.817921 -0.170275
v -1.160692 42.482704 -0.170275
v -1.778283 41.852703 -0.170275
v -2.181387 41.003902 -0.170275
v -2.321384 40.038685 -0.170275
v -2.181387 39.073467 -0.170275
v -1.778283 38.224667 -0.170276
v -1.160693 37.594666 -0.170276
v -0.403105 37.259449 -0.170276
v 0.403103 37.259449 -0.170276
v 1.160691 37.594666 -0.170276
v 1.778282 38.224667 -0.170276
v 2.181386 39.073463 -0.170275
v 2.321384 40.038685 0.170269
v 2.181387 41.003902 0.170269
v 1.778283 41.852703 0.170270
v 1.160692 42.482704 0.170270
v 0.403104 42.817921 0.170270
v -0.403104 42.817921 0.170270
v -1.160692 42.482704 0.170270
v -1.778283 41.852703 0.170270
v -2.181387 41.003902 0.170269
v -2.321384 40.038685 0.170269
v -2.181387 39.073467 0.170269
v -1.778283 38.224667 0.170269
v -1.160693 37.594666 0.170269
v -0.403105 37.259449 0.170269
v 0.403103 37.259449 0.170269
v 1.160691 37.594666 0.170269
v 1.778282 38.224667 0.170269
v 2.181386 39.073463 0.170269
v 1.821384 40.038685 -0.170275
v 1.711541 40.796005 -0.170275
v 1.395261 41.461983 -0.170275
v 0.910692 41.956291 -0.170275
v 0.316280 42.219303 -0.170275
v -0.316280 42.219303 -0.170275
v -0.910692 41.956291 -0.170275
v -1.395261 41.461983 -0.170275
v -1.711541 40.796005 -0.170275
v -1.821384 40.038685 -0.170275
v -1.711541 39.281364 -0.170275
v -1.395261 38.615387 -0.170276
v -0.910692 38.121078 -0.170276
v -0.316281 37.858067 -0.170276
v 0.316279 37.858067 -0.170276
v 0.910691 38.121078 -0.170276
v 1.395260 38.615387 -0.170276
v 1.711540 39.281361 -0.170275
v 1.821384 40.038685 0.170269
v 1.711541 40.796005 0.170269
v 1.395261 41.461983 0.170269
v 0.910692 41.956291 0.170270
v 0.316280 42.219303 0.170270
v -0.316280 42.219303 0.170270
v -0.910692 41.956291 0.170270
v -1.395261 41.461983 0.170269
v -1.711541 40.796005 0.170269
v -1.821384 40.038685 0.170269
v -1.711541 39.281364 0.170269
v -1.395261 38.615387 0.170269
v -0.910692 38.121078 0.170269
v -0.316281 37.858067 0.170269
v 0.316279 37.858067 0.170269
v 0.910691 38.121078 0.170269
v 1.395260 38.615387 0.170269
v 1.711540 39.281361 0.170269
v 2.038259 40.940571 -0.320275
v 2.169070 40.038685 -0.320275
v 2.038258 39.136795 -0.320275
v 1.661603 38.343689 -0.320276
v 1.084534 37.755028 -0.320276
v 0.376654 37.441803 -0.320276
v -0.376656 37.441803 -0.320276
v -1.084535 37.755028 -0.320276
v -1.661604 38.343693 -0.320276
v -2.038259 39.136799 -0.320275
v -2.169070 40.038685 -0.320275
v -2.038259 40.940571 -0.320275
v -1.661604 41.733677 -0.320275
v -1.084535 42.322342 -0.320275
v -0.376655 42.635567 -0.320275
v 0.376655 42.635567 -0.320275
v 1.084535 42.322342 -0.320275
v 1.661604 41.733677 -0.320275
v 1.973698 40.038685 -0.320275
v 1.854669 40.859337 -0.320275
v 1.511940 41.581009 -0.320275
v 0.986849 42.116650 -0.320275
v 0.342729 42.401661 -0.320275
v -0.342729 42.401661 -0.320275
v -0.986849 42.116650 -0.320275
v -1.511940 41.581009 -0.320275
v -1.854669 40.859337 -0.320275
v -1.973698 40.038685 -0.320275
v -1.854669 39.218033 -0.320275
v -1.511940 38.496365 -0.320276
v -0.986849 37.960720 -0.320276
v -0.342730 37.675709 -0.320276
v 0.342728 37.675709 -0.320276
v 0.986848 37.960720 -0.320276
v 1.511939 38.496361 -0.320276
v 1.854668 39.218029 -0.320275
v 2.169070 40.038685 0.320269
v 2.038259 40.940571 0.320269
v 1.661604 41.733677 0.320270
v 1.084535 42.322342 0.320270
v 0.376655 42.635567 0.320270
v -0.376655 42.635567 0.320270
v -1.084535 42.322342 0.320270
v -1.661604 41.733677 0.320270
v -2.038259 40.940571 0.320269
v -2.169070 40.038685 0.320269
v -2.038259 39.136799 0.320269
v -1.661604 38.343693 0.320269
v -1.084535 37.755028 0.320269
v -0.376656 37.441803 0.320269
v 0.376654 37.441803 0.320269
v 1.084534 37.755028 0.320269
v 1.661603 38.343689 0.320269
v 2.038258 39.136795 0.320269
v 1.854669 40.859337 0.320269
v 1.973698 40.038685 0.320269
v 1.854668 39.218029 0.320269
v 1.511939 38.496361 0.320269
v 0.986848 37.960720 0.320269
v 0.342728 37.675709 0.320269
v -0.342730 37.675709 0.320269
v -0.986849 37.960720 0.320269
v -1.511940 38.496365 0.320269
v -1.854669 39.218033 0.320269
v -1.973698 40.038685 0.320269
v -1.854669 40.859337 0.320269
v -1.511940 41.581009 0.320269
v -0.986849 42.116650 0.320270
v -0.342729 42.401661 0.320270
v 0.342729 42.401661 0.320270
v 0.986849 42.116650 0.320270
v 1.511940 41.581009 0.320269
vn 0.9283 -0.3718 -0.0000
vn 0.8723 0.3718 -0.3176
vn 0.9283 0.3718 -0.0000
vn 0.8723 -0.3718 -0.3174
vn 0.7111 0.3718 -0.5967
vn 0.7111 -0.3719 -0.5967
vn 0.4641 0.3718 -0.8040
vn 0.4641 -0.3717 -0.8040
vn 0.1612 0.3718 -0.9142
vn 0.1613 -0.3719 -0.9142
vn -0.1613 0.3718 -0.9142
vn -0.1612 -0.3719 -0.9142
vn -0.4642 0.3718 -0.8039
vn -0.4641 -0.3717 -0.8040
vn -0.7111 0.3718 -0.5967
vn -0.7111 -0.3718 -0.5967
vn -0.8723 0.3717 -0.3176
vn -0.8723 -0.3719 -0.3174
vn -0.9283 0.3718 -0.0000
vn -0.9283 -0.3718 -0.0000
vn -0.8723 0.3719 0.3175
vn -0.8723 -0.3718 0.3176
vn -0.7111 0.3718 0.5967
vn -0.7111 -0.3719 0.5967
vn -0.4642 0.3717 0.8040
vn -0.4642 -0.3718 0.8039
vn -0.1613 0.3719 0.9142
vn -0.1611 -0.3718 0.9142
vn 0.1612 0.3719 0.9142
vn 0.1611 -0.3718 0.9142
vn 0.4641 0.3717 0.8040
vn 0.4642 -0.3718 0.8039
vn 0.7111 0.3718 0.5968
vn 0.7111 -0.3719 0.5967
vn 0.8723 0.3718 0.3175
vn 0.8723 -0.3717 0.3176
vn -0.8602 0.4024 0.3132
vn -0.9155 -0.4023 -0.0000
vn -0.9155 0.4023 -0.0000
vn -0.7013 0.4023 0.5885
vn -0.8603 -0.4023 0.3132
vn -0.4579 0.4023 0.7928
vn -0.7014 -0.4023 0.5884
vn -0.1588 0.4024 0.9016
vn -0.4578 -0.4023 0.7929
vn 0.1588 0.4024 0.9016
vn -0.1589 -0.4024 0.9016
vn 0.4578 0.4023 0.7928
vn 0.1591 -0.4024 0.9016
vn 0.7013 0.4023 0.5885
vn 0.4578 -0.4023 0.7928
vn 0.8602 0.4024 0.3131
vn 0.7014 -0.4023 0.5884
vn 0.9155 0.4023 -0.0000
vn 0.8603 -0.4023 0.3132
vn 0.8603 0.4022 -0.3132
vn 0.9155 -0.4024 -0.0000
vn 0.7013 0.4023 -0.5884
vn 0.8603 -0.4024 -0.3131
vn 0.4577 0.4024 -0.7929
vn 0.7014 -0.4023 -0.5884
vn 0.1589 0.4024 -0.9016
vn 0.4578 -0.4023 -0.7929
vn -0.1591 0.4024 -0.9016
vn 0.1588 -0.4023 -0.9016
vn -0.4578 0.4023 -0.7928
vn -0.1588 -0.4023 -0.9016
vn -0.7013 0.4023 -0.5884
vn -0.4578 -0.4022 -0.7929
vn -0.8603 0.4022 -0.3132
vn -0.7013 -0.4023 -0.5885
vn -0.8603 -0.4024 -0.3130
vn 0.3889 -0.9103 -0.1417
vn -0.3419 -0.9397 -0.0000
vn -0.3213 -0.9397 0.1170
vn 0.4140 0.9103 -0.0000
vn -0.3213 0.9397 0.1169
vn -0.3420 0.9397 -0.0001
vn 0.3114 -0.9116 -0.2684
vn -0.2620 -0.9397 0.2199
vn 0.3889 0.9103 -0.1416
vn -0.2619 0.9397 0.2197
vn 0.2071 -0.9103 -0.3585
vn -0.1710 -0.9397 0.2962
vn 0.3171 0.9103 -0.2662
vn -0.1710 0.9397 0.2961
vn 0.0719 -0.9103 -0.4077
vn -0.0595 -0.9397 0.3367
vn 0.2070 0.9103 -0.3586
vn -0.0595 0.9397 0.3367
vn -0.0718 -0.9103 -0.4077
vn 0.0595 -0.9397 0.3367
vn 0.0721 0.9103 -0.4077
vn 0.0593 0.9397 0.3367
vn -0.2069 -0.9103 -0.3585
vn 0.1710 -0.9397 0.2962
vn -0.0720 0.9103 -0.4077
vn 0.1711 0.9397 0.2961
vn -0.3170 -0.9103 -0.2661
vn 0.2620 -0.9397 0.2198
vn -0.2072 0.9102 -0.3586
vn 0.2620 0.9397 0.2197
vn -0.3891 -0.9103 -0.1416
vn 0.3213 -0.9397 0.1170
vn -0.3170 0.9103 -0.2662
vn 0.3213 0.9397 0.1169
vn -0.4139 -0.9103 -0.0000
vn 0.3420 -0.9397 0.0001
vn -0.3889 0.9103 -0.1417
vn 0.3419 0.9398 -0.0000
vn -0.3889 -0.9103 0.1417
vn 0.3214 -0.9397 -0.1169
vn -0.4141 0.9102 -0.0001
vn 0.3213 0.9397 -0.1171
vn -0.3172 -0.9102 0.2662
vn 0.2620 -0.9397 -0.2197
vn -0.3891 0.9103 0.1416
vn 0.2620 0.9397 -0.2199
vn -0.2072 -0.9102 0.3586
vn 0.1710 -0.9397 -0.2961
vn -0.3172 0.9103 0.2661
vn 0.1710 0.9397 -0.2962
vn -0.0720 -0.9103 0.4077
vn 0.0593 -0.9397 -0.3367
vn -0.2071 0.9103 0.3585
vn 0.0593 0.9397 -0.3367
vn 0.0719 -0.9103 0.4077
vn -0.0593 -0.9397 -0.3367
vn -0.0718 0.9103 0.4077
vn -0.0593 0.9397 -0.3367
vn 0.2070 -0.9103 0.3586
vn -0.1710 -0.9397 -0.2961
vn 0.0719 0.9103 0.4077
vn -0.1709 0.9397 -0.2962
vn 0.3171 -0.9103 0.2662
vn -0.2620 -0.9397 -0.2197
vn 0.2071 0.9103 0.3585
vn -0.2619 0.9397 -0.2199
vn 0.3891 -0.9103 0.1417
vn -0.3214 -0.9397 -0.1169
vn 0.3114 0.9116 0.2684
vn -0.3213 0.9397 -0.1170
vn 0.4141 -0.9102 0.0001
vn 0.3891 0.9103 0.1416
vt 0.046639 0.807355
vt 0.059240 0.780076
vt 0.059200 0.807251
vt 0.046655 0.780142
vt 0.059264 0.752949
vt 0.046668 0.752988
vt 0.059277 0.725851
vt 0.046678 0.725868
vt 0.059281 0.698766
vt 0.046681 0.698766
vt 0.059278 0.671681
vt 0.046678 0.671665
vt 0.059265 0.644585
vt 0.046669 0.644548
vt 0.059239 0.617462
vt 0.046653 0.617396
vt 0.059199 0.590292
vt 0.046637 0.590188
vt 0.059142 0.563033
vt 0.046633 0.562881
vt 0.059097 0.535598
vt 0.046691 0.535392
vt 0.059211 0.507784
vt 0.046965 0.507563
vt 0.059302 0.479238
vt 0.047063 0.479037
vt 0.060777 0.449565
vt 0.045932 0.948215
vt 0.059276 0.918321
vt 0.060760 0.947992
vt 0.047036 0.918515
vt 0.059144 0.889786
vt 0.046897 0.889976
vt 0.059186 0.861964
vt 0.046779 0.862147
vt 0.059153 0.834513
vt 0.046643 0.834666
vt 0.081872 0.779837
vt 0.094606 0.806784
vt 0.081784 0.806799
vt 0.081917 0.752828
vt 0.094696 0.779833
vt 0.081929 0.725800
vt 0.094743 0.752824
vt 0.081932 0.698766
vt 0.094753 0.725796
vt 0.081927 0.671732
vt 0.094755 0.698766
vt 0.081910 0.644705
vt 0.094749 0.671738
vt 0.081881 0.617700
vt 0.094734 0.644717
vt 0.081785 0.590744
vt 0.094709 0.617710
vt 0.081622 0.563891
vt 0.094607 0.590757
vt 0.081393 0.537233
vt 0.094438 0.563947
vt 0.081270 0.510919
vt 0.094199 0.537443
vt 0.081951 0.485184
vt 0.094084 0.511567
vt 0.085601 0.460815
vt 0.094808 0.486796
vt 0.081939 0.912377
vt 0.098165 0.934537
vt 0.085589 0.936746
vt 0.081251 0.886637
vt 0.094796 0.910766
vt 0.081418 0.860319
vt 0.094061 0.886002
vt 0.081631 0.833658
vt 0.094225 0.860120
vt 0.094447 0.833600
vt 0.038884 0.780176
vt 0.031792 0.807397
vt 0.031775 0.780190
vt 0.066913 0.807099
vt 0.074009 0.779901
vt 0.073931 0.806929
vt 0.038888 0.753010
vt 0.031775 0.753022
vt 0.066975 0.779990
vt 0.074050 0.752859
vt 0.038894 0.725879
vt 0.031778 0.725885
vt 0.067008 0.752904
vt 0.074064 0.725812
vt 0.038896 0.698766
vt 0.031779 0.698766
vt 0.067023 0.725831
vt 0.074067 0.698766
vt 0.038894 0.671654
vt 0.031778 0.671648
vt 0.067026 0.698766
vt 0.074064 0.671720
vt 0.038889 0.644525
vt 0.031775 0.644513
vt 0.067023 0.671701
vt 0.074047 0.644675
vt 0.038882 0.617363
vt 0.031775 0.617348
vt 0.067007 0.644630
vt 0.074013 0.617637
vt 0.038887 0.590151
vt 0.031790 0.590145
vt 0.066976 0.617548
vt 0.073930 0.590615
vt 0.038926 0.562869
vt 0.031855 0.562911
vt 0.066912 0.590444
vt 0.073789 0.563625
vt 0.039064 0.535487
vt 0.032038 0.535681
vt 0.066806 0.563300
vt 0.073588 0.536684
vt 0.039404 0.507942
vt 0.032394 0.508550
vt 0.066666 0.536066
vt 0.073457 0.509815
vt 0.039490 0.480104
vt 0.032385 0.481672
vt 0.066604 0.508636
vt 0.073907 0.483118
vt 0.036645 0.452013
vt 0.028996 0.455597
vt 0.066818 0.480864
vt 0.077949 0.457212
vt 0.039472 0.917448
vt 0.029003 0.941962
vt 0.032370 0.915883
vt 0.070293 0.944678
vt 0.073895 0.914442
vt 0.077936 0.940348
vt 0.039362 0.889604
vt 0.032368 0.889000
vt 0.066801 0.916695
vt 0.073435 0.887745
vt 0.039114 0.862057
vt 0.032064 0.861865
vt 0.066565 0.888927
vt 0.073618 0.860870
vt 0.038934 0.834676
vt 0.031862 0.834635
vt 0.066718 0.861492
vt 0.073797 0.833924
vt 0.038888 0.807392
vt 0.066815 0.834248
vt 0.036646 0.945543
vt 0.045943 0.449339
vt 0.023832 0.807405
vt 0.023812 0.780196
vt 0.023809 0.753025
vt 0.023811 0.725887
vt 0.023812 0.698766
vt 0.023812 0.671646
vt 0.023810 0.644510
vt 0.023811 0.617342
vt 0.023831 0.590138
vt 0.023903 0.562911
vt 0.024099 0.535734
vt 0.024447 0.508840
vt 0.024380 0.482780
vt 0.021097 0.939239
vt 0.024367 0.914779
vt 0.024426 0.888709
vt 0.024117 0.861811
vt 0.023911 0.834636
vt 0.070307 0.452881
vt 0.098176 0.463025
vt 0.021089 0.458327
s 1
usemtl Chandelier02
f 517/909/572 536/910/573 535/911/574
f 518/912/575 537/913/576 536/910/573
f 519/914/577 538/915/578 537/913/576
f 520/916/579 539/917/580 538/915/578
f 521/918/581 540/919/582 539/917/580
f 522/920/583 541/921/584 540/919/582
f 523/922/585 542/923/586 541/921/584
f 524/924/587 543/925/588 542/923/586
f 525/926/589 544/927/590 543/925/588
f 526/928/591 545/929/592 544/927/590
f 527/930/593 546/931/594 545/929/592
f 528/932/595 547/933/596 546/931/594
f 529/934/597 548/935/598 547/933/596
f 530/936/599 549/937/600 548/938/598
f 531/939/601 550/940/602 549/937/600
f 532/941/603 551/942/604 550/940/602
f 533/943/605 552/944/606 551/942/604
f 534/945/607 535/911/574 552/944/606
f 572/946/608 553/947/609 571/948/610
f 573/949/611 554/950/612 572/946/608
f 574/951/613 555/952/614 573/949/611
f 575/953/615 556/954/616 574/951/613
f 576/955/617 557/956/618 575/953/615
f 577/957/619 558/958/620 576/955/617
f 578/959/621 559/960/622 577/957/619
f 579/961/623 560/962/624 578/959/621
f 580/963/625 561/964/626 579/961/623
f 581/965/627 562/966/628 580/963/625
f 582/967/629 563/968/630 581/965/627
f 583/969/631 564/970/632 582/967/629
f 584/971/633 565/972/634 583/969/631
f 585/973/635 566/974/636 584/975/633
f 586/976/637 567/977/638 585/973/635
f 587/978/639 568/979/640 586/976/637
f 588/980/641 569/981/642 587/978/639
f 571/948/610 570/982/643 588/980/641
f 589/983/644 607/984/645 608/985/646
f 625/986/647 643/987/648 644/988/649
f 606/989/650 608/985/646 609/990/651
f 626/991/652 660/992/653 643/987/648
f 605/993/654 609/990/651 610/994/655
f 627/995/656 659/996/657 660/992/653
f 604/997/658 610/994/655 611/998/659
f 628/999/660 658/1000/661 659/996/657
f 603/1001/662 611/998/659 612/1002/663
f 629/1003/664 657/1004/665 658/1000/661
f 602/1005/666 612/1002/663 613/1006/667
f 630/1007/668 656/1008/669 657/1004/665
f 601/1009/670 613/1006/667 614/1010/671
f 631/1011/672 655/1012/673 656/1008/669
f 600/1013/674 614/1010/671 615/1014/675
f 632/1015/676 654/1016/677 655/1012/673
f 599/1017/678 615/1014/675 616/1018/679
f 633/1019/680 653/1020/681 654/1016/677
f 598/1021/682 616/1018/679 617/1022/683
f 634/1023/684 652/1024/685 653/1020/681
f 597/1025/686 617/1022/683 618/1026/687
f 635/1027/688 651/1028/689 652/1024/685
f 596/1029/690 618/1026/687 619/1030/691
f 636/1031/692 650/1032/693 651/1028/689
f 595/1033/694 619/1030/691 620/1034/695
f 637/1035/696 649/1036/697 650/1032/693
f 594/1037/698 620/1038/695 621/1039/699
f 638/1040/700 648/1041/701 649/1042/697
f 593/1043/702 621/1039/699 622/1044/703
f 639/1045/704 647/1046/705 648/1041/701
f 592/1047/706 622/1044/703 623/1048/707
f 640/1049/708 646/1050/709 647/1046/705
f 591/1051/710 623/1048/707 624/1052/711
f 641/1053/712 645/1054/713 646/1050/709
f 590/1055/714 624/1052/711 607/984/645
f 642/1056/715 644/988/649 645/1054/713
f 518/912/575 590/1055/714 589/983/644
f 517/909/572 591/1051/710 590/1055/714
f 534/945/607 592/1047/706 591/1051/710
f 533/943/605 593/1043/702 592/1047/706
f 532/941/603 594/1037/698 593/1043/702
f 531/939/601 595/1057/694 594/1037/698
f 530/1058/599 596/1029/690 595/1033/694
f 529/934/597 597/1025/686 596/1029/690
f 528/932/595 598/1021/682 597/1025/686
f 527/930/593 599/1017/678 598/1021/682
f 526/928/591 600/1013/674 599/1017/678
f 525/926/589 601/1009/670 600/1013/674
f 524/924/587 602/1005/666 601/1009/670
f 523/922/585 603/1001/662 602/1005/666
f 522/920/583 604/997/658 603/1001/662
f 521/918/581 605/993/654 604/997/658
f 520/916/579 606/989/650 605/993/654
f 519/914/577 589/983/644 606/989/650
f 553/1059/609 608/985/646 607/984/645
f 554/1060/612 609/990/651 608/985/646
f 555/1061/614 610/994/655 609/990/651
f 556/1062/616 611/998/659 610/994/655
f 557/1063/618 612/1002/663 611/998/659
f 558/1064/620 613/1006/667 612/1002/663
f 559/1065/622 614/1010/671 613/1006/667
f 560/1066/624 615/1014/675 614/1010/671
f 561/1067/626 616/1018/679 615/1014/675
f 562/1068/628 617/1022/683 616/1018/679
f 563/1069/630 618/1026/687 617/1022/683
f 564/1070/632 619/1030/691 618/1026/687
f 565/1071/634 620/1034/695 619/1030/691
f 566/1072/636 621/1039/699 620/1038/695
f 567/1073/638 622/1044/703 621/1039/699
f 568/1074/640 623/1048/707 622/1044/703
f 569/1075/642 624/1052/711 623/1048/707
f 570/1076/643 607/984/645 624/1052/711
f 535/911/574 626/991/652 625/986/647
f 536/910/573 627/995/656 626/991/652
f 537/913/576 628/999/660 627/995/656
f 538/915/578 629/1003/664 628/999/660
f 539/917/580 630/1007/668 629/1003/664
f 540/919/582 631/1011/672 630/1007/668
f 541/921/584 632/1015/676 631/1011/672
f 542/923/586 633/1019/680 632/1015/676
f 543/925/588 634/1023/684 633/1019/680
f 544/927/590 635/1027/688 634/1023/684
f 545/929/592 636/1031/692 635/1027/688
f 546/931/594 637/1035/696 636/1031/692
f 547/933/596 638/1077/700 637/1035/696
f 548/938/598 639/1045/704 638/1040/700
f 549/937/600 640/1049/708 639/1045/704
f 550/940/602 641/1053/712 640/1049/708
f 551/942/604 642/1056/715 641/1053/712
f 552/944/606 625/986/647 642/1056/715
f 572/946/608 644/988/649 643/987/648
f 571/948/610 645/1054/713 644/988/649
f 588/980/641 646/1050/709 645/1054/713
f 587/978/639 647/1046/705 646/1050/709
f 586/976/637 648/1041/701 647/1046/705
f 585/973/635 649/1042/697 648/1041/701
f 584/971/633 650/1032/693 649/1036/697
f 583/969/631 651/1028/689 650/1032/693
f 582/967/629 652/1024/685 651/1028/689
f 581/965/627 653/1020/681 652/1024/685
f 580/963/625 654/1016/677 653/1020/681
f 579/961/623 655/1012/673 654/1016/677
f 578/959/621 656/1008/669 655/1012/673
f 577/957/619 657/1004/665 656/1008/669
f 576/955/617 658/1000/661 657/1004/665
f 575/953/615 659/996/657 658/1000/661
f 574/951/613 660/992/653 659/996/657
f 573/949/611 643/987/648 660/992/653
f 517/909/572 518/912/575 536/910/573
f 518/912/575 519/914/577 537/913/576
f 519/914/577 520/916/579 538/915/578
f 520/916/579 521/918/581 539/917/580
f 521/918/581 522/920/583 540/919/582
f 522/920/583 523/922/585 541/921/584
f 523/922/585 524/924/587 542/923/586
f 524/924/587 525/926/589 543/925/588
f 525/926/589 526/928/591 544/927/590
f 526/928/591 527/930/593 545/929/592
f 527/930/593 528/932/595 546/931/594
f 528/932/595 529/934/597 547/933/596
f 529/934/597 530/1058/599 548/935/598
f 530/936/599 531/939/601 549/937/600
f 531/939/601 532/941/603 550/940/602
f 532/941/603 533/943/605 551/942/604
f 533/943/605 534/945/607 552/944/606
f 534/945/607 517/909/572 535/911/574
f 572/946/608 554/950/612 553/947/609
f 573/949/611 555/952/614 554/950/612
f 574/951/613 556/954/616 555/952/614
f 575/953/615 557/956/618 556/954/616
f 576/955/617 558/958/620 557/956/618
f 577/957/619 559/960/622 558/958/620
f 578/959/621 560/962/624 559/960/622
f 579/961/623 561/964/626 560/962/624
f 580/963/625 562/966/628 561/964/626
f 581/965/627 563/968/630 562/966/628
f 582/967/629 564/970/632 563/968/630
f 583/969/631 565/972/634 564/970/632
f 584/971/633 566/1078/636 565/972/634
f 585/973/635 567/977/638 566/974/636
f 586/976/637 568/979/640 567/977/638
f 587/978/639 569/981/642 568/979/640
f 588/980/641 570/982/643 569/981/642
f 571/948/610 553/947/609 570/982/643
f 589/983/644 590/1055/714 607/984/645
f 625/986/647 626/991/652 643/987/648
f 606/989/650 589/983/644 608/985/646
f 626/991/652 627/995/656 660/992/653
f 605/993/654 606/989/650 609/990/651
f 627/995/656 628/999/660 659/996/657
f 604/997/658 605/993/654 610/994/655
f 628/999/660 629/1003/664 658/1000/661
f 603/1001/662 604/997/658 611/998/659
f 629/1003/664 630/1007/668 657/1004/665
f 602/1005/666 603/1001/662 612/1002/663
f 630/1007/668 631/1011/672 656/1008/669
f 601/1009/670 602/1005/666 613/1006/667
f 631/1011/672 632/1015/676 655/1012/673
f 600/1013/674 601/1009/670 614/1010/671
f 632/1015/676 633/1019/680 654/1016/677
f 599/1017/678 600/1013/674 615/1014/675
f 633/1019/680 634/1023/684 653/1020/681
f 598/1021/682 599/1017/678 616/1018/679
f 634/1023/684 635/1027/688 652/1024/685
f 597/1025/686 598/1021/682 617/1022/683
f 635/1027/688 636/1031/692 651/1028/689
f 596/1029/690 597/1025/686 618/1026/687
f 636/1031/692 637/1035/696 650/1032/693
f 595/1033/694 596/1029/690 619/1030/691
f 637/1035/696 638/1077/700 649/1036/697
f 594/1037/698 595/1057/694 620/1038/695
f 638/1040/700 639/1045/704 648/1041/701
f 593/1043/702 594/1037/698 621/1039/699
f 639/1045/704 640/1049/708 647/1046/705
f 592/1047/706 593/1043/702 622/1044/703
f 640/1049/708 641/1053/712 646/1050/709
f 591/1051/710 592/1047/706 623/1048/707
f 641/1053/712 642/1056/715 645/1054/713
f 590/1055/714 591/1051/710 624/1052/711
f 642/1056/715 625/986/647 644/988/649
f 518/912/575 517/909/572 590/1055/714
f 517/909/572 534/945/607 591/1051/710
f 534/945/607 533/943/605 592/1047/706
f 533/943/605 532/941/603 593/1043/702
f 532/941/603 531/939/601 594/1037/698
f 531/939/601 530/936/599 595/1057/694
f 530/1058/599 529/934/597 596/1029/690
f 529/934/597 528/932/595 597/1025/686
f 528/932/595 527/930/593 598/1021/682
f 527/930/593 526/928/591 599/1017/678
f 526/928/591 525/926/589 600/1013/674
f 525/926/589 524/924/587 601/1009/670
f 524/924/587 523/922/585 602/1005/666
f 523/922/585 522/920/583 603/1001/662
f 522/920/583 521/918/581 604/997/658
f 521/918/581 520/916/579 605/993/654
f 520/916/579 519/914/577 606/989/650
f 519/914/577 518/912/575 589/983/644
f 553/1059/609 554/1060/612 608/985/646
f 554/1060/612 555/1061/614 609/990/651
f 555/1061/614 556/1062/616 610/994/655
f 556/1062/616 557/1063/618 611/998/659
f 557/1063/618 558/1064/620 612/1002/663
f 558/1064/620 559/1065/622 613/1006/667
f 559/1065/622 560/1066/624 614/1010/671
f 560/1066/624 561/1067/626 615/1014/675
f 561/1067/626 562/1068/628 616/1018/679
f 562/1068/628 563/1069/630 617/1022/683
f 563/1069/630 564/1070/632 618/1026/687
f 564/1070/632 565/1071/634 619/1030/691
f 565/1071/634 566/1079/636 620/1034/695
f 566/1072/636 567/1073/638 621/1039/699
f 567/1073/638 568/1074/640 622/1044/703
f 568/1074/640 569/1075/642 623/1048/707
f 569/1075/642 570/1076/643 624/1052/711
f 570/1076/643 553/1059/609 607/984/645
f 535/911/574 536/910/573 626/991/652
f 536/910/573 537/913/576 627/995/656
f 537/913/576 538/915/578 628/999/660
f 538/915/578 539/917/580 629/1003/664
f 539/917/580 540/919/582 630/1007/668
f 540/919/582 541/921/584 631/1011/672
f 541/921/584 542/923/586 632/1015/676
f 542/923/586 543/925/588 633/1019/680
f 543/925/588 544/927/590 634/1023/684
f 544/927/590 545/929/592 635/1027/688
f 545/929/592 546/931/594 636/1031/692
f 546/931/594 547/933/596 637/1035/696
f 547/933/596 548/935/598 638/1077/700
f 548/938/598 549/937/600 639/1045/704
f 549/937/600 550/940/602 640/1049/708
f 550/940/602 551/942/604 641/1053/712
f 551/942/604 552/944/606 642/1056/715
f 552/944/606 535/911/574 625/986/647
f 572/946/608 571/948/610 644/988/649
f 571/948/610 588/980/641 645/1054/713
f 588/980/641 587/978/639 646/1050/709
f 587/978/639 586/976/637 647/1046/705
f 586/976/637 585/973/635 648/1041/701
f 585/973/635 584/975/633 649/1042/697
f 584/971/633 583/969/631 650/1032/693
f 583/969/631 582/967/629 651/1028/689
f 582/967/629 581/965/627 652/1024/685
f 581/965/627 580/963/625 653/1020/681
f 580/963/625 579/961/623 654/1016/677
f 579/961/623 578/959/621 655/1012/673
f 578/959/621 577/957/619 656/1008/669
f 577/957/619 576/955/617 657/1004/665
f 576/955/617 575/953/615 658/1000/661
f 575/953/615 574/951/613 659/996/657
f 574/951/613 573/949/611 660/992/653
f 573/949/611 572/946/608 643/987/648
o Chandelier02Body
v 2.815055 5.776956 -0.000000
v 2.437909 5.776956 -1.407527
v 1.407528 5.776957 -2.437909
v 0.000000 5.776957 -2.815055
v -1.407528 5.776957 -2.437909
v -2.437909 5.776956 -1.407529
v -2.815055 5.776956 -0.000000
v -2.437910 5.776956 1.407526
v -1.407529 5.776956 2.437908
v -0.000001 5.776956 2.815056
v 1.407526 5.776956 2.437911
v 2.437909 5.776956 1.407529
v 2.815055 6.778558 -0.000001
v 2.437909 6.778558 -1.407527
v 1.407528 6.778559 -2.437909
v 0.000000 6.778559 -2.815055
v -1.407528 6.778559 -2.437909
v -2.437909 6.778558 -1.407527
v -2.815055 6.778558 -0.000001
v -2.437910 6.778558 1.407526
v -1.407529 6.778558 2.437908
v -0.000001 6.778558 2.815056
v 1.407526 6.778558 2.437911
v 2.437909 6.778558 1.407529
v 1.544718 4.518306 -0.000000
v 1.337765 4.518306 -0.772359
v 0.772359 4.518306 -1.337765
v 0.000000 4.518306 -1.544718
v -0.772359 4.518306 -1.337765
v -1.337765 4.518306 -0.772359
v -1.544718 4.518306 -0.000000
v -1.337765 4.518305 0.772359
v -0.772360 4.518305 1.337765
v -0.000001 4.518305 1.544718
v 0.772358 4.518305 1.337766
v 1.337764 4.518305 0.772360
v 1.544718 3.135044 -0.000000
v 1.337765 3.135044 -0.772359
v 0.772359 3.135044 -1.337765
v 0.000000 3.135044 -1.544718
v -0.772359 3.135044 -1.337765
v -1.337765 3.135044 -0.772359
v -1.544718 3.135044 -0.000000
v -1.337765 3.135044 0.772359
v -0.772360 3.135043 1.337765
v -0.000001 3.135043 1.544718
v 0.772358 3.135043 1.337766
v 1.337764 3.135044 0.772360
v 1.294275 2.656003 -0.000000
v 1.120875 2.656003 -0.647138
v 0.647137 2.656003 -1.120876
v 0.000000 2.656003 -1.294276
v -0.647138 2.656003 -1.120875
v -1.120876 2.656003 -0.647138
v -1.294276 2.656003 -0.000000
v -1.120876 2.656003 0.647138
v -0.647138 2.656003 1.120875
v -0.000001 2.656003 1.294276
v 0.647137 2.656003 1.120876
v 1.120875 2.656003 0.647139
v 0.745851 2.197626 -0.000000
v 0.645926 2.197626 -0.372925
v 0.372925 2.197626 -0.645926
v 0.000000 2.197626 -0.745851
v -0.372926 2.197626 -0.645926
v -0.645926 2.197626 -0.372925
v -0.745851 2.197626 -0.000000
v -0.645927 2.197626 0.372926
v -0.372926 2.197626 0.645926
v -0.000001 2.197626 0.745851
v 0.372925 2.197626 0.645926
v 0.645925 2.197626 0.372926
v 0.745851 1.847838 -0.000000
v 0.645926 1.847838 -0.372925
v 0.372925 1.847838 -0.645926
v 0.000000 1.847838 -0.745851
v -0.372926 1.847838 -0.645926
v -0.645926 1.847838 -0.372925
v -0.745851 1.847838 -0.000000
v -0.645927 1.847838 0.372926
v -0.372926 1.847838 0.645926
v -0.000001 1.847838 0.745851
v 0.372925 1.847838 0.645926
v 0.645925 1.847838 0.372926
v 0.472847 1.847837 -0.000000
v 0.409497 1.847837 -0.236423
v 0.236423 1.847837 -0.409497
v 0.000000 1.847837 -0.472847
v -0.236424 1.847837 -0.409497
v -0.409498 1.847837 -0.236423
v -0.472847 1.847837 -0.000000
v -0.409498 1.847837 0.236423
v -0.236424 1.847837 0.409497
v -0.000001 1.847837 0.472847
v 0.236423 1.847837 0.409498
v 0.409497 1.847837 0.236424
v 0.472847 1.421401 -0.000000
v 0.409497 1.421400 -0.236423
v 0.236423 1.421400 -0.409497
v 0.000000 1.421400 -0.472847
v -0.236424 1.421400 -0.409497
v -0.409498 1.421400 -0.236423
v -0.472847 1.421401 -0.000000
v -0.409498 1.421401 0.236423
v -0.236424 1.421401 0.409497
v -0.000001 1.421401 0.472847
v 0.236423 1.421401 0.409498
v 0.409497 1.421401 0.236424
v 0.604977 1.316344 -0.000000
v 0.523925 1.316343 -0.302488
v 0.302488 1.316343 -0.523926
v 0.000000 1.316343 -0.604977
v -0.302489 1.316343 -0.523926
v -0.523926 1.316343 -0.302489
v -0.604978 1.316344 -0.000000
v -0.523926 1.316344 0.302489
v -0.302489 1.316344 0.523925
v -0.000001 1.316344 0.604977
v 0.302488 1.316344 0.523926
v 0.523925 1.316344 0.302489
v 0.691024 1.076860 -0.000000
v 0.598444 1.076860 -0.345512
v 0.345512 1.076860 -0.598445
v 0.000000 1.076860 -0.691024
v -0.345513 1.076860 -0.598445
v -0.598445 1.076860 -0.345512
v -0.691025 1.076860 -0.000000
v -0.598445 1.076860 0.345512
v -0.345513 1.076860 0.598444
v -0.000001 1.076860 0.691024
v 0.345511 1.076860 0.598445
v 0.598444 1.076860 0.345513
v 0.703778 0.851857 -0.000000
v 0.609490 0.851857 -0.351889
v 0.351889 0.851857 -0.609490
v 0.000000 0.851857 -0.703779
v -0.351890 0.851857 -0.609490
v -0.609490 0.851857 -0.351889
v -0.703779 0.851857 -0.000000
v -0.609491 0.851857 0.351889
v -0.351890 0.851857 0.609490
v -0.000001 0.851857 0.703778
v 0.351889 0.851857 0.609490
v 0.609490 0.851857 0.351890
v 0.540203 0.630769 -0.000000
v 0.467829 0.630769 -0.270101
v 0.270101 0.630769 -0.467830
v 0.000000 0.630769 -0.540203
v -0.270102 0.630769 -0.467830
v -0.467830 0.630769 -0.270102
v -0.540203 0.630769 -0.000000
v -0.467830 0.630769 0.270102
v -0.270102 0.630769 0.467829
v -0.000001 0.630769 0.540203
v 0.270101 0.630769 0.467830
v 0.467829 0.630769 0.270102
v 0.000000 0.532988 -0.000000
v 0.506396 7.389671 -0.000001
v 0.438552 7.389671 -0.253199
v 0.253198 7.389671 -0.438553
v 0.000000 7.389671 -0.506397
v -0.253199 7.389671 -0.438553
v -0.438553 7.389671 -0.253199
v -0.506397 7.389671 -0.000001
v -0.438553 7.389671 0.253198
v -0.253199 7.389671 0.438551
v -0.000001 7.389670 0.506396
v 0.253198 7.389671 0.438552
v 0.438552 7.389671 0.253198
v 0.506396 11.343622 0.000000
v 0.438552 11.343622 -0.253199
v 0.253198 11.343622 -0.438553
v 0.000000 11.343622 -0.506397
v -0.253199 11.343622 -0.438553
v -0.438553 11.343622 -0.253199
v -0.506397 11.343622 -0.000001
v -0.438553 11.343622 0.253198
v -0.253199 11.343622 0.438552
v -0.000001 11.343622 0.506396
v 0.253198 11.343622 0.438552
v 0.438552 11.343622 0.253198
v 0.614183 11.343622 0.000000
v 0.531898 11.343622 -0.307092
v 0.307091 11.343622 -0.531899
v 0.000000 11.343622 -0.614184
v -0.307092 11.343622 -0.531899
v -0.531898 11.343622 -0.307092
v -0.614183 11.343622 -0.000001
v -0.531899 11.343622 0.307091
v -0.307092 11.343622 0.531897
v -0.000001 11.343622 0.614183
v 0.307091 11.343622 0.531898
v 0.531898 11.343622 0.307091
v 0.614183 11.569780 0.000000
v 0.531898 11.569780 -0.307092
v 0.307091 11.569780 -0.531899
v 0.000000 11.569780 -0.614183
v -0.307092 11.569780 -0.531899
v -0.531898 11.569780 -0.307092
v -0.614183 11.569780 -0.000001
v -0.531899 11.569780 0.307091
v -0.307092 11.569780 0.531897
v -0.000001 11.569780 0.614183
v 0.307091 11.569780 0.531898
v 0.531898 11.569780 0.307091
v 0.744911 11.569779 0.000000
v 0.645112 11.569779 -0.372456
v 0.372456 11.569779 -0.645113
v 0.000000 11.569779 -0.744912
v -0.372456 11.569779 -0.645113
v -0.645113 11.569779 -0.372456
v -0.744912 11.569779 -0.000001
v -0.645113 11.569779 0.372455
v -0.372457 11.569779 0.645112
v -0.000001 11.569779 0.744911
v 0.372455 11.569779 0.645112
v 0.645112 11.569779 0.372456
v 0.744911 11.944370 0.000000
v 0.645112 11.944370 -0.372456
v 0.372456 11.944370 -0.645113
v 0.000000 11.944370 -0.744912
v -0.372456 11.944370 -0.645113
v -0.645113 11.944370 -0.372456
v -0.744912 11.944370 -0.000001
v -0.645113 11.944370 0.372455
v -0.372457 11.944370 0.645112
v -0.000001 11.944370 0.744911
v 0.372455 11.944370 0.645112
v 0.645112 11.944370 0.372456
v 1.165273 16.334812 -0.000000
v 1.009156 16.334812 -0.582637
v 0.582636 16.334812 -1.009157
v 0.000000 16.334812 -1.165274
v -0.582637 16.334812 -1.009157
v -1.009157 16.334812 -0.582637
v -1.165274 16.334812 -0.000000
v -1.009157 16.334812 0.582636
v -0.582637 16.334812 1.009156
v -0.000001 16.334812 1.165273
v 0.582636 16.334812 1.009157
v 1.009156 16.334812 0.582637
v 0.571554 31.776024 -0.000001
v 0.494980 31.776024 -0.285778
v 0.285777 31.776024 -0.494981
v 0.000000 31.776024 -0.571555
v -0.285778 31.776024 -0.494981
v -0.494981 31.776024 -0.285778
v -0.571555 31.776024 -0.000001
v -0.494981 31.776026 0.285777
v -0.285778 31.776026 0.494980
v -0.000001 31.776026 0.571554
v 0.285777 31.776026 0.494980
v 0.494980 31.776026 0.285777
v 1.267394 22.315519 -0.000001
v 1.097595 22.315519 -0.633698
v 0.633697 22.315519 -1.097596
v 0.000000 22.315519 -1.267395
v -0.633697 22.315519 -1.097596
v -1.097596 22.315519 -0.633698
v -1.267394 22.315519 -0.000001
v -1.097596 22.315519 0.633696
v -0.633698 22.315519 1.097594
v -0.000001 22.315519 1.267393
v 0.633696 22.315519 1.097595
v 1.097595 22.315519 0.633697
v 1.333767 19.323160 -0.000000
v 1.155076 19.323160 -0.666884
v 0.666883 19.323160 -1.155076
v 0.000000 19.323160 -1.333767
v -0.666884 19.323160 -1.155076
v -1.155076 19.323160 -0.666884
v -1.333767 19.323160 -0.000000
v -1.155077 19.323160 0.666883
v -0.666884 19.323160 1.155076
v -0.000001 19.323160 1.333767
v 0.666883 19.323160 1.155076
v 1.155075 19.323160 0.666884
v 0.759567 31.776022 -0.000001
v 0.657804 31.776022 -0.379784
v 0.379783 31.776022 -0.657805
v 0.000000 31.776022 -0.759568
v -0.379784 31.776022 -0.657805
v -0.657805 31.776022 -0.379784
v -0.759567 31.776022 -0.000001
v -0.657805 31.776022 0.379783
v -0.379784 31.776022 0.657804
v -0.000001 31.776022 0.759567
v 0.379783 31.776022 0.657804
v 0.657804 31.776022 0.379783
v 0.759567 31.921164 -0.000001
v 0.657804 31.921164 -0.379784
v 0.379783 31.921164 -0.657805
v 0.000000 31.921164 -0.759568
v -0.379784 31.921164 -0.657805
v -0.657805 31.921164 -0.379784
v -0.759567 31.921164 -0.000001
v -0.657805 31.921164 0.379783
v -0.379784 31.921164 0.657804
v -0.000001 31.921164 0.759567
v 0.379783 31.921164 0.657804
v 0.657804 31.921164 0.379783
v 0.593145 31.921164 -0.000000
v 0.513679 31.921164 -0.296573
v 0.296572 31.921164 -0.513679
v 0.000000 31.921164 -0.593146
v -0.296573 31.921164 -0.513679
v -0.513679 31.921164 -0.296573
v -0.593146 31.921164 -0.000001
v -0.513679 31.921164 0.296572
v -0.296573 31.921164 0.513678
v -0.000001 31.921164 0.593145
v 0.296572 31.921164 0.513679
v 0.513678 31.921164 0.296572
v 0.593145 32.827335 -0.000000
v 0.513679 32.827335 -0.296573
v 0.296572 32.827335 -0.513680
v 0.000000 32.827335 -0.593147
v -0.296573 32.827335 -0.513680
v -0.513679 32.827335 -0.296573
v -0.593146 32.827335 -0.000001
v -0.513679 32.827335 0.296572
v -0.296573 32.827335 0.513677
v -0.000001 32.827335 0.593144
v 0.296572 32.827335 0.513678
v 0.513678 32.827335 0.296572
v 0.439921 32.827332 -0.000000
v 0.380982 32.827332 -0.219961
v 0.219960 32.827332 -0.380983
v 0.000000 32.827332 -0.439921
v -0.219961 32.827332 -0.380983
v -0.380983 32.827332 -0.219961
v -0.439921 32.827332 -0.000001
v -0.380983 32.827332 0.219960
v -0.219961 32.827332 0.380982
v -0.000001 32.827332 0.439921
v 0.219960 32.827332 0.380982
v 0.380982 32.827332 0.219960
v 0.439921 35.808990 -0.000001
v 0.380982 35.808990 -0.219962
v 0.219960 35.808990 -0.380984
v 0.000000 35.808990 -0.439922
v -0.219961 35.808990 -0.380984
v -0.380983 35.808990 -0.219962
v -0.439921 35.808990 -0.000001
v -0.380983 35.808990 0.219959
v -0.219961 35.808990 0.380981
v -0.000001 35.808990 0.439920
v 0.219960 35.808990 0.380982
v 0.380982 35.808990 0.219959
v 0.567608 35.808987 -0.000001
v 0.491563 35.808987 -0.283805
v 0.283804 35.808987 -0.491564
v 0.000000 35.808987 -0.567609
v -0.283804 35.808987 -0.491564
v -0.491563 35.808987 -0.283805
v -0.567608 35.808987 -0.000001
v -0.491563 35.808987 0.283803
v -0.283804 35.808987 0.491562
v -0.000001 35.808987 0.567607
v 0.283803 35.808987 0.491562
v 0.491562 35.808987 0.283803
v 0.567608 36.608402 -0.000001
v 0.491563 36.608402 -0.283805
v 0.283804 36.608402 -0.491564
v 0.000000 36.608402 -0.567609
v -0.283804 36.608402 -0.491564
v -0.491563 36.608402 -0.283805
v -0.567608 36.608402 -0.000001
v -0.491563 36.608402 0.283803
v -0.283804 36.608402 0.491562
v -0.000001 36.608402 0.567607
v 0.283803 36.608402 0.491562
v 0.491562 36.608402 0.283803
v 0.751628 36.608406 -0.000001
v 0.650928 36.608406 -0.375815
v 0.375814 36.608406 -0.650930
v 0.000000 36.608406 -0.751629
v -0.375814 36.608406 -0.650930
v -0.650929 36.608406 -0.375815
v -0.751628 36.608406 -0.000001
v -0.650929 36.608406 0.375812
v -0.375814 36.608406 0.650928
v -0.000001 36.608406 0.751627
v 0.375813 36.608406 0.650928
v 0.650928 36.608406 0.375813
v 0.751628 36.911003 -0.000001
v 0.650928 36.911003 -0.375815
v 0.375814 36.911003 -0.650930
v 0.000000 36.911003 -0.751629
v -0.375814 36.911003 -0.650930
v -0.650929 36.911003 -0.375815
v -0.751628 36.911003 -0.000001
v -0.650929 36.911003 0.375812
v -0.375814 36.911003 0.650928
v -0.000001 36.911003 0.751627
v 0.375813 36.911003 0.650928
v 0.650928 36.911003 0.375813
v 0.629767 38.116051 -0.000001
v 0.545395 38.116051 -0.314885
v 0.314884 38.116051 -0.545396
v 0.000000 38.116051 -0.629769
v -0.314884 38.116051 -0.545396
v -0.545395 38.116051 -0.314885
v -0.629768 38.116051 -0.000001
v -0.545395 38.116051 0.314882
v -0.314884 38.116055 0.545394
v -0.000001 38.116055 0.629767
v 0.314883 38.116055 0.545394
v 0.545394 38.116051 0.314883
v 0.773755 12.245625 0.000000
v 0.670091 12.245625 -0.386878
v 0.386877 12.245625 -0.670092
v 0.000000 12.245625 -0.773756
v -0.386878 12.245625 -0.670092
v -0.670092 12.245625 -0.386878
v -0.773756 12.245625 -0.000001
v -0.670092 12.245625 0.386877
v -0.386878 12.245625 0.670091
v -0.000001 12.245625 0.773755
v 0.386877 12.245625 0.670092
v 0.670091 12.245625 0.386878
v 0.899449 11.929574 0.000000
v 0.778946 11.929574 -0.449725
v 0.449724 11.929574 -0.778947
v 0.000000 11.929574 -0.899450
v -0.449725 11.929574 -0.778947
v -0.778946 11.929574 -0.449725
v -0.899450 11.929574 -0.000001
v -0.778947 11.929574 0.449724
v -0.449725 11.929574 0.778945
v -0.000001 11.929574 0.899449
v 0.449724 11.929574 0.778946
v 0.778945 11.929574 0.449725
v 0.803925 12.230829 -0.464147
v 0.928293 12.230829 0.000000
v 0.803925 12.230829 0.464147
v 0.464146 12.230829 0.803925
v -0.000001 12.230829 0.928293
v -0.464147 12.230829 0.803924
v -0.803926 12.230829 0.464146
v -0.928293 12.230829 -0.000001
v -0.803926 12.230829 -0.464147
v -0.464147 12.230829 -0.803926
v 0.000000 12.230829 -0.928293
v 0.464146 12.230829 -0.803926
vn -0.0000 -0.0000 -1.0000
vn 0.0001 -0.0000 -1.0000
vn -0.0001 -0.0001 -1.0000
vn -0.0000 0.0001 -1.0000
vn -0.0000 -0.0001 -1.0000
vn 0.0001 -0.0001 -1.0000
vn -0.0001 -0.0000 -1.0000
vn -0.0001 0.0001 -1.0000
vn 0.0001 0.0001 -1.0000
vn 0.0002 -0.0001 -1.0000
vn -0.0002 -0.0000 -1.0000
vn 0.4932 -0.8220 -0.2848
vn 0.5695 -0.8220 -0.0000
vn -0.0000 -1.0000 -0.0000
vn 0.2848 -0.8220 -0.4933
vn -0.0000 -0.8220 -0.5695
vn -0.2848 -0.8220 -0.4932
vn -0.4933 -0.8220 -0.2848
vn -0.5695 -0.8220 -0.0000
vn -0.4932 -0.8220 0.2848
vn -0.2848 -0.8220 0.4933
vn -0.0000 -0.8220 0.5695
vn 0.2848 -0.8220 0.4932
vn 0.4933 -0.8220 0.2848
vn -0.0000 -0.0002 -1.0000
vn 0.0003 0.0001 -1.0000
vn -0.0006 0.0128 -0.9999
vn 0.0001 -0.0045 -1.0000
vn -0.0001 0.0045 -1.0000
vn 0.0007 0.0134 -0.9999
vn -0.0000 1.0000 -0.0000
vt 0.508948 0.406062
vt 0.478318 0.352277
vt 0.523980 0.372350
vt 0.467071 0.385045
vt 0.432747 0.341358
vt 0.426483 0.375696
vt 0.390642 0.338257
vt 0.388332 0.372996
vt 0.353032 0.339231
vt 0.352479 0.373571
vt 0.318497 0.339766
vt 0.318353 0.374160
vt 0.285186 0.340276
vt 0.285184 0.374581
vt 0.251944 0.339938
vt 0.251937 0.374257
vt 0.217312 0.339025
vt 0.217706 0.373443
vt 0.179445 0.338159
vt 0.181746 0.372919
vt 0.137186 0.341309
vt 0.143447 0.375651
vt 0.091506 0.352231
vt 0.102743 0.385001
vt 0.045796 0.372286
vt 0.466464 0.452737
vt 0.439970 0.441674
vt 0.409823 0.435940
vt 0.378590 0.434097
vt 0.347270 0.434246
vt 0.316146 0.434818
vt 0.285172 0.435093
vt 0.254146 0.434828
vt 0.222913 0.434220
vt 0.191463 0.434061
vt 0.160086 0.435908
vt 0.129828 0.441639
vt 0.060815 0.406006
vt 0.103290 0.452699
vt 0.450498 0.497209
vt 0.425079 0.487609
vt 0.398581 0.483072
vt 0.371161 0.481926
vt 0.343001 0.482186
vt 0.314254 0.482713
vt 0.285170 0.482945
vt 0.256042 0.482716
vt 0.227184 0.482186
vt 0.198885 0.481922
vt 0.171326 0.483052
vt 0.144723 0.487573
vt 0.119261 0.497161
vt 0.439511 0.514274
vt 0.418252 0.504684
vt 0.394064 0.501265
vt 0.368377 0.500619
vt 0.341450 0.500936
vt 0.313576 0.501382
vt 0.285171 0.501566
vt 0.256723 0.501383
vt 0.228739 0.500949
vt 0.201669 0.500633
vt 0.175839 0.501259
vt 0.151545 0.504653
vt 0.130235 0.514219
vt 0.421999 0.532426
vt 0.407539 0.527354
vt 0.388113 0.525414
vt 0.365270 0.525108
vt 0.339941 0.525380
vt 0.312971 0.525712
vt 0.285175 0.525844
vt 0.257327 0.525701
vt 0.230242 0.525410
vt 0.204765 0.525131
vt 0.181768 0.525421
vt 0.162230 0.527339
vt 0.147723 0.532391
vt 0.418307 0.543113
vt 0.404277 0.539177
vt 0.386395 0.537569
vt 0.364495 0.537344
vt 0.339614 0.537579
vt 0.312856 0.537866
vt 0.285176 0.537978
vt 0.257477 0.537843
vt 0.230605 0.537621
vt 0.205539 0.537370
vt 0.183476 0.537580
vt 0.165475 0.539168
vt 0.151397 0.543081
vt 0.895008 0.227855
vt 0.896134 0.241544
vt 0.888733 0.235676
vt 0.884364 0.221139
vt 0.879651 0.229672
vt 0.872848 0.215232
vt 0.869243 0.224026
vt 0.860133 0.210484
vt 0.857636 0.219484
vt 0.846441 0.207464
vt 0.845098 0.216598
vt 0.832312 0.206390
vt 0.832086 0.215565
vt 0.818285 0.207154
vt 0.819079 0.216299
vt 0.804787 0.209492
vt 0.806479 0.218575
vt 0.792122 0.213025
vt 0.794589 0.222066
vt 0.780322 0.217245
vt 0.783602 0.226294
vt 0.768967 0.221963
vt 0.773713 0.230714
vt 0.758174 0.229234
vt 0.765383 0.235119
vt 0.888835 0.255073
vt 0.881050 0.250097
vt 0.872999 0.243856
vt 0.864012 0.237976
vt 0.853915 0.233341
vt 0.842895 0.230470
vt 0.831364 0.229502
vt 0.819749 0.230308
vt 0.808408 0.232703
vt 0.797652 0.236472
vt 0.787709 0.241213
vt 0.778605 0.246166
vt 0.770018 0.249723
vt 0.886631 0.263290
vt 0.877913 0.256921
vt 0.870322 0.249504
vt 0.862107 0.242752
vt 0.852675 0.237518
vt 0.842145 0.234322
vt 0.831014 0.233281
vt 0.819788 0.234194
vt 0.808867 0.236886
vt 0.798617 0.241251
vt 0.789259 0.246971
vt 0.780446 0.253254
vt 0.770775 0.258179
vt 0.879318 0.274607
vt 0.871661 0.265647
vt 0.865147 0.257127
vt 0.858125 0.249851
vt 0.849926 0.244335
vt 0.840569 0.240983
vt 0.830516 0.239889
vt 0.820311 0.240853
vt 0.810414 0.243720
vt 0.801240 0.248478
vt 0.792984 0.254945
vt 0.785187 0.262601
vt 0.776361 0.270462
vt 0.867908 0.282334
vt 0.863727 0.271583
vt 0.859111 0.262820
vt 0.853545 0.255695
vt 0.846754 0.250310
vt 0.838774 0.246993
vt 0.830035 0.245803
vt 0.821059 0.246718
vt 0.812429 0.249612
vt 0.804642 0.254432
vt 0.797955 0.261035
vt 0.792217 0.269283
vt 0.786905 0.279511
vt 0.852216 0.283690
vt 0.852060 0.274994
vt 0.849702 0.268029
vt 0.846125 0.262430
vt 0.841470 0.258167
vt 0.835775 0.255428
vt 0.829336 0.254340
vt 0.822655 0.255070
vt 0.816345 0.257544
vt 0.810916 0.261570
vt 0.806607 0.266938
vt 0.803544 0.273651
vt 0.802667 0.282247
vt 0.827988 0.273496
vt 0.525146 0.854581
vt 0.453697 0.799648
vt 0.465982 0.795234
vt 0.483851 0.877476
vt 0.432065 0.800628
vt 0.442840 0.882477
vt 0.403884 0.799745
vt 0.406311 0.881370
vt 0.372341 0.798700
vt 0.372498 0.879971
vt 0.339761 0.798133
vt 0.339635 0.879308
vt 0.307255 0.797982
vt 0.307247 0.879150
vt 0.275278 0.798145
vt 0.275348 0.879331
vt 0.244095 0.798711
vt 0.243735 0.880008
vt 0.214277 0.799721
vt 0.211442 0.881355
vt 0.187347 0.800557
vt 0.176366 0.882323
vt 0.166225 0.799612
vt 0.136337 0.877519
vt 0.154030 0.795259
vt 0.904200 0.284628
vt 0.766409 0.293869
vt 0.766409 0.284628
vt 0.904200 0.293869
vt 0.766409 0.303319
vt 0.904200 0.303319
vt 0.766409 0.312961
vt 0.904200 0.312961
vt 0.766409 0.322763
vt 0.904200 0.322763
vt 0.766409 0.332682
vt 0.904200 0.332682
vt 0.766409 0.342662
vt 0.904200 0.342662
vt 0.766409 0.352642
vt 0.904201 0.352642
vt 0.766409 0.362561
vt 0.904201 0.362561
vt 0.766409 0.372363
vt 0.904201 0.372363
vt 0.766409 0.382004
vt 0.904201 0.382005
vt 0.766409 0.391455
vt 0.904201 0.391455
vt 0.766409 0.400696
vt 0.738390 0.151519
vt 0.733364 0.160434
vt 0.734952 0.149880
vt 0.736889 0.160882
vt 0.732952 0.171009
vt 0.736531 0.171140
vt 0.733014 0.181779
vt 0.736567 0.181798
vt 0.733069 0.192708
vt 0.736631 0.192695
vt 0.733156 0.203736
vt 0.736710 0.203723
vt 0.733196 0.214822
vt 0.736748 0.214816
vt 0.733190 0.225906
vt 0.736745 0.225907
vt 0.733173 0.236935
vt 0.736726 0.236938
vt 0.733147 0.247865
vt 0.736696 0.247857
vt 0.733122 0.258665
vt 0.736657 0.258575
vt 0.733131 0.269258
vt 0.736697 0.268868
vt 0.734570 0.279811
vt 0.725748 0.159651
vt 0.727209 0.148741
vt 0.725231 0.170753
vt 0.725296 0.181748
vt 0.725342 0.192725
vt 0.725436 0.203768
vt 0.725477 0.214835
vt 0.725469 0.225907
vt 0.725453 0.236937
vt 0.725433 0.247880
vt 0.725426 0.258742
vt 0.725474 0.269805
vt 0.726787 0.280801
vt 0.745204 0.165212
vt 0.756127 0.171123
vt 0.743275 0.169439
vt 0.756629 0.166852
vt 0.768945 0.171649
vt 0.769105 0.167298
vt 0.782010 0.171586
vt 0.782044 0.167268
vt 0.795291 0.171525
vt 0.795280 0.167199
vt 0.808692 0.171437
vt 0.808678 0.167117
vt 0.822164 0.171386
vt 0.822155 0.167068
vt 0.835635 0.171377
vt 0.835634 0.167059
vt 0.849039 0.171391
vt 0.849041 0.167072
vt 0.862323 0.171413
vt 0.862310 0.167100
vt 0.875446 0.171432
vt 0.875341 0.167134
vt 0.888306 0.171416
vt 0.887889 0.167101
vt 0.901163 0.170038
vt 0.754997 0.183800
vt 0.741703 0.182302
vt 0.768543 0.184461
vt 0.781964 0.184394
vt 0.795311 0.184341
vt 0.808735 0.184250
vt 0.822190 0.184198
vt 0.835643 0.184189
vt 0.849043 0.184202
vt 0.862340 0.184217
vt 0.875536 0.184216
vt 0.888967 0.184147
vt 0.902365 0.182970
vt 0.887559 0.098718
vt 0.904241 0.088829
vt 0.903392 0.099822
vt 0.871942 0.098565
vt 0.887973 0.088445
vt 0.856254 0.098529
vt 0.872137 0.088116
vt 0.840438 0.098648
vt 0.856309 0.088038
vt 0.824519 0.098691
vt 0.840431 0.088156
vt 0.808560 0.098707
vt 0.824512 0.088200
vt 0.792598 0.098692
vt 0.808560 0.088215
vt 0.776680 0.098648
vt 0.792604 0.088200
vt 0.760864 0.098530
vt 0.776686 0.088157
vt 0.745176 0.098565
vt 0.760809 0.088039
vt 0.729560 0.098718
vt 0.744981 0.088116
vt 0.713726 0.099820
vt 0.729146 0.088444
vt 0.358277 0.334734
vt 0.689521 0.282453
vt 0.690150 0.292667
vt 0.357091 0.311994
vt 0.689775 0.273590
vt 0.356676 0.289160
vt 0.690334 0.261204
vt 0.356909 0.268210
vt 0.690562 0.244193
vt 0.357138 0.249071
vt 0.690676 0.227387
vt 0.357180 0.229746
vt 0.690695 0.210688
vt 0.357189 0.210702
vt 0.690633 0.193994
vt 0.357116 0.191794
vt 0.690495 0.177222
vt 0.357004 0.172909
vt 0.690269 0.160327
vt 0.356863 0.153861
vt 0.689712 0.147915
vt 0.356660 0.132401
vt 0.689427 0.138906
vt 0.356980 0.109241
vt 0.690039 0.128660
vt 0.250869 0.337931
vt 0.146003 0.306991
vt 0.251428 0.314133
vt 0.146727 0.286202
vt 0.251676 0.291125
vt 0.146800 0.266457
vt 0.251845 0.269276
vt 0.146830 0.247654
vt 0.252001 0.249101
vt 0.146862 0.228909
vt 0.252013 0.229791
vt 0.146882 0.210223
vt 0.252023 0.210393
vt 0.146884 0.191486
vt 0.251974 0.190987
vt 0.146850 0.172609
vt 0.251907 0.171091
vt 0.146748 0.153562
vt 0.251824 0.150610
vt 0.146436 0.134236
vt 0.251619 0.129266
vt 0.145726 0.114085
vt 0.251257 0.106655
vt 0.143742 0.093196
vt 0.250652 0.082856
vt 0.358173 0.086475
vt 0.901993 0.204188
vt 0.891436 0.196578
vt 0.904759 0.197676
vt 0.890857 0.202900
vt 0.878577 0.196644
vt 0.878513 0.202978
vt 0.865817 0.196687
vt 0.865818 0.203059
vt 0.853043 0.196707
vt 0.853048 0.203089
vt 0.840250 0.196719
vt 0.840253 0.203103
vt 0.827445 0.196733
vt 0.827445 0.203114
vt 0.814638 0.196726
vt 0.814633 0.203108
vt 0.801845 0.196700
vt 0.801838 0.203084
vt 0.789072 0.196682
vt 0.789071 0.203054
vt 0.776313 0.196641
vt 0.776378 0.202974
vt 0.763455 0.196576
vt 0.764034 0.202898
vt 0.750132 0.197676
vt 0.891542 0.191782
vt 0.904952 0.191767
vt 0.878629 0.191638
vt 0.865838 0.191602
vt 0.853051 0.191609
vt 0.840252 0.191620
vt 0.827445 0.191634
vt 0.814638 0.191627
vt 0.801839 0.191602
vt 0.789052 0.191597
vt 0.776261 0.191635
vt 0.763349 0.191780
vt 0.749938 0.191766
vt 0.891302 0.186250
vt 0.902926 0.185801
vt 0.878661 0.186028
vt 0.865858 0.185959
vt 0.853054 0.185960
vt 0.840249 0.185972
vt 0.827445 0.185983
vt 0.814640 0.185977
vt 0.801838 0.185955
vt 0.789032 0.185955
vt 0.776229 0.186025
vt 0.763588 0.186248
vt 0.751964 0.185801
vt 0.692289 0.262599
vt 0.723519 0.251894
vt 0.723519 0.262599
vt 0.692289 0.251894
vt 0.723519 0.240947
vt 0.692289 0.240947
vt 0.723519 0.229779
vt 0.692289 0.229779
vt 0.723519 0.218425
vt 0.692289 0.218425
vt 0.723519 0.206936
vt 0.692289 0.206936
vt 0.723519 0.195375
vt 0.692289 0.195375
vt 0.723519 0.183815
vt 0.692289 0.183815
vt 0.723519 0.172325
vt 0.692289 0.172325
vt 0.723519 0.160971
vt 0.692289 0.160971
vt 0.723519 0.149803
vt 0.692289 0.149803
vt 0.723519 0.138857
vt 0.692289 0.138857
vt 0.723519 0.128152
vt 0.786998 0.405340
vt 0.797489 0.409287
vt 0.789219 0.409802
vt 0.796983 0.404044
vt 0.806518 0.409295
vt 0.806477 0.404171
vt 0.815966 0.409325
vt 0.815975 0.404257
vt 0.825668 0.409335
vt 0.825672 0.404275
vt 0.835539 0.409338
vt 0.835539 0.404278
vt 0.845496 0.409339
vt 0.845496 0.404279
vt 0.855449 0.409338
vt 0.855450 0.404278
vt 0.865319 0.409335
vt 0.865317 0.404275
vt 0.875024 0.409325
vt 0.875015 0.404257
vt 0.884474 0.409295
vt 0.884516 0.404171
vt 0.893504 0.409287
vt 0.894009 0.404044
vt 0.901773 0.409803
vt 0.797581 0.512243
vt 0.789268 0.511938
vt 0.806621 0.512136
vt 0.816038 0.512091
vt 0.825707 0.512087
vt 0.835553 0.512089
vt 0.845496 0.512091
vt 0.855443 0.512090
vt 0.865290 0.512087
vt 0.874956 0.512091
vt 0.884372 0.512136
vt 0.893412 0.512243
vt 0.901726 0.511939
vt 0.797319 0.516588
vt 0.787632 0.515773
vt 0.806629 0.516379
vt 0.816051 0.516304
vt 0.825710 0.516297
vt 0.835554 0.516300
vt 0.845496 0.516301
vt 0.855440 0.516300
vt 0.865285 0.516297
vt 0.874943 0.516304
vt 0.884364 0.516379
vt 0.893674 0.516588
vt 0.903361 0.515773
vt 0.434979 0.557975
vt 0.406769 0.565619
vt 0.408268 0.555191
vt 0.433967 0.568031
vt 0.406165 0.576985
vt 0.433323 0.578507
vt 0.405975 0.588761
vt 0.433115 0.589549
vt 0.405979 0.600767
vt 0.433116 0.601099
vt 0.406049 0.612922
vt 0.433188 0.613016
vt 0.406122 0.625144
vt 0.433265 0.625153
vt 0.406154 0.637348
vt 0.433297 0.637341
vt 0.406143 0.649468
vt 0.433281 0.649377
vt 0.406121 0.661430
vt 0.433262 0.661105
vt 0.406138 0.673158
vt 0.433315 0.672372
vt 0.406402 0.684497
vt 0.433662 0.683054
vt 0.407488 0.694958
vt 0.400538 0.564691
vt 0.402986 0.552284
vt 0.400050 0.576699
vt 0.399926 0.588669
vt 0.399949 0.600751
vt 0.400024 0.612932
vt 0.400095 0.625158
vt 0.400127 0.637362
vt 0.400121 0.649480
vt 0.400090 0.661456
vt 0.400045 0.673295
vt 0.400154 0.685201
vt 0.402097 0.697656
vt 0.737585 0.110160
vt 0.751951 0.119223
vt 0.738586 0.120663
vt 0.751129 0.108840
vt 0.765537 0.118329
vt 0.764996 0.107936
vt 0.779173 0.118072
vt 0.778936 0.107616
vt 0.792805 0.118017
vt 0.792774 0.107604
vt 0.806593 0.117992
vt 0.806580 0.107583
vt 0.820397 0.117979
vt 0.820397 0.107563
vt 0.834270 0.117992
vt 0.834301 0.107576
vt 0.848058 0.118042
vt 0.848105 0.107635
vt 0.861695 0.118100
vt 0.861919 0.107644
vt 0.875297 0.118359
vt 0.875826 0.107956
vt 0.888861 0.119189
vt 0.889667 0.108809
vt 0.902243 0.120571
vt 0.756168 0.160748
vt 0.744825 0.162068
vt 0.767811 0.159998
vt 0.780213 0.159832
vt 0.793430 0.159739
vt 0.806874 0.159711
vt 0.820397 0.159706
vt 0.833988 0.159718
vt 0.847436 0.159757
vt 0.860668 0.159860
vt 0.873177 0.160046
vt 0.884912 0.160736
vt 0.896252 0.161999
vt 0.515423 0.398756
vt 0.531268 0.383455
vt 0.520752 0.420129
vt 0.552442 0.389526
vt 0.557771 0.410899
vt 0.557970 0.399499
vt 0.541926 0.426200
vt 0.530525 0.426001
vt 0.515224 0.410156
vt 0.000706 0.306506
vt 0.002114 0.292574
vt 0.002539 0.278687
vt 0.002427 0.263120
vt 0.002443 0.245934
vt 0.002469 0.228935
vt 0.002510 0.212123
vt 0.002563 0.195485
vt 0.002613 0.178996
vt 0.002611 0.162620
vt 0.002443 0.146307
vt 0.002037 0.131166
vt 0.000500 0.117235
vt 0.901282 0.105099
vt 0.887137 0.103863
vt 0.871856 0.103757
vt 0.856235 0.103746
vt 0.840440 0.103845
vt 0.824524 0.103893
vt 0.808560 0.103908
vt 0.792593 0.103893
vt 0.776677 0.103845
vt 0.760882 0.103746
vt 0.745262 0.103757
vt 0.729981 0.103862
vt 0.887924 0.083337
vt 0.714463 0.083338
vt 0.712878 0.088827
vt 0.729195 0.083336
vt 0.744903 0.082951
vt 0.760782 0.082856
vt 0.776687 0.082950
vt 0.792609 0.082997
vt 0.808560 0.083012
vt 0.824507 0.082997
vt 0.840430 0.082950
vt 0.856336 0.082856
vt 0.872216 0.082951
vt 0.904334 0.237074
vt 0.095209 0.854940
vt 0.904201 0.400696
vt 0.738051 0.278236
vt 0.899344 0.165737
vt 0.144198 0.327967
vt 0.752899 0.204187
vt 0.692289 0.128152
vt 0.903995 0.405340
vt 0.434284 0.693221
vt 0.903208 0.110077
vt 0.521296 0.388982
vt 0.542668 0.383654
vt 0.551898 0.420672
vt 0.715836 0.105097
vt 0.902657 0.083339
s 1
usemtl Chandelier02
f 661/1080/716 674/1081/717 673/1082/716
f 662/1083/717 675/1084/718 674/1081/717
f 663/1085/719 676/1086/716 675/1084/718
f 664/1087/720 677/1088/721 676/1086/716
f 665/1089/716 678/1090/722 677/1088/721
f 666/1091/722 679/1092/717 678/1090/722
f 667/1093/720 680/1094/720 679/1092/717
f 668/1095/717 681/1096/719 680/1094/720
f 669/1097/718 682/1098/717 681/1096/719
f 670/1099/723 683/1100/719 682/1098/717
f 671/1101/717 684/1102/720 683/1100/719
f 672/1103/718 673/1104/716 684/1102/720
f 662/1083/717 685/1105/716 686/1106/717
f 663/1085/719 686/1106/717 687/1107/719
f 664/1087/720 687/1107/719 688/1108/716
f 665/1089/716 688/1108/716 689/1109/724
f 666/1091/722 689/1109/724 690/1110/722
f 667/1093/720 690/1110/722 691/1111/716
f 668/1095/717 691/1111/716 692/1112/716
f 669/1097/718 692/1112/716 693/1113/722
f 670/1099/723 693/1113/722 694/1114/717
f 671/1101/717 694/1114/717 695/1115/717
f 672/1103/718 695/1115/717 696/1116/716
f 661/1117/716 696/1116/716 685/1118/716
f 686/1106/717 697/1119/716 698/1120/720
f 687/1107/719 698/1120/720 699/1121/719
f 688/1108/716 699/1121/719 700/1122/720
f 689/1109/724 700/1122/720 701/1123/719
f 690/1110/722 701/1123/719 702/1124/720
f 691/1111/716 702/1124/720 703/1125/716
f 692/1112/716 703/1125/716 704/1126/717
f 693/1113/722 704/1126/717 705/1127/722
f 694/1114/717 705/1127/722 706/1128/724
f 695/1115/717 706/1128/724 707/1129/717
f 696/1116/716 707/1129/717 708/1130/722
f 685/1118/716 708/1130/722 697/1131/716
f 698/1120/720 709/1132/718 710/1133/717
f 699/1121/719 710/1133/717 711/1134/723
f 700/1122/720 711/1134/723 712/1135/719
f 701/1123/719 712/1135/719 713/1136/724
f 702/1124/720 713/1136/724 714/1137/722
f 703/1125/716 714/1137/722 715/1138/716
f 704/1126/717 715/1138/716 716/1139/724
f 705/1127/722 716/1139/724 717/1140/722
f 706/1128/724 717/1140/722 718/1141/725
f 707/1129/717 718/1141/725 719/1142/717
f 708/1130/722 719/1142/717 720/1143/723
f 697/1131/716 720/1143/723 709/1144/718
f 710/1133/717 721/1145/719 722/1146/716
f 711/1134/723 722/1146/716 723/1147/719
f 712/1135/719 723/1147/719 724/1148/720
f 713/1136/724 724/1148/720 725/1149/719
f 714/1137/722 725/1149/719 726/1150/716
f 715/1138/716 726/1150/716 727/1151/717
f 716/1139/724 727/1151/717 728/1152/724
f 717/1140/722 728/1152/724 729/1153/722
f 718/1141/725 729/1153/722 730/1154/722
f 719/1142/717 730/1154/722 731/1155/717
f 720/1143/723 731/1155/717 732/1156/723
f 709/1144/718 732/1156/723 721/1157/719
f 722/1146/716 733/1158/718 734/1159/716
f 723/1147/719 734/1159/716 735/1160/722
f 724/1148/720 735/1160/722 736/1161/719
f 725/1149/719 736/1161/719 737/1162/724
f 726/1150/716 737/1162/724 738/1163/722
f 727/1151/717 738/1163/722 739/1164/720
f 728/1152/724 739/1164/720 740/1165/717
f 729/1153/722 740/1165/717 741/1166/720
f 730/1154/722 741/1166/720 742/1167/721
f 731/1155/717 742/1167/721 743/1168/720
f 732/1156/723 743/1168/720 744/1169/722
f 721/1157/719 744/1169/722 733/1170/718
f 734/1171/716 745/1172/720 746/1173/717
f 735/1174/722 746/1173/717 747/1175/722
f 736/1176/719 747/1175/722 748/1177/719
f 737/1178/724 748/1177/719 749/1179/717
f 738/1180/722 749/1179/717 750/1181/722
f 739/1182/720 750/1181/722 751/1183/720
f 740/1184/717 751/1183/720 752/1185/724
f 741/1186/720 752/1185/724 753/1187/716
f 742/1188/721 753/1187/716 754/1189/717
f 743/1190/720 754/1189/717 755/1191/716
f 744/1192/722 755/1191/716 756/1193/723
f 733/1194/718 756/1193/723 745/1195/720
f 746/1173/717 757/1196/716 758/1197/721
f 747/1175/722 758/1197/721 759/1198/722
f 748/1177/719 759/1198/722 760/1199/716
f 749/1179/717 760/1199/716 761/1200/717
f 750/1181/722 761/1200/717 762/1201/718
f 751/1183/720 762/1201/718 763/1202/720
f 752/1185/724 763/1202/720 764/1203/716
f 753/1187/716 764/1203/716 765/1204/723
f 754/1189/717 765/1204/723 766/1205/719
f 755/1191/716 766/1205/719 767/1206/724
f 756/1193/723 767/1206/724 768/1207/716
f 745/1195/720 768/1207/716 757/1208/716
f 758/1197/721 769/1209/723 770/1210/717
f 759/1198/722 770/1210/717 771/1211/722
f 760/1199/716 771/1211/722 772/1212/726
f 761/1200/717 772/1212/726 773/1213/721
f 762/1201/718 773/1213/721 774/1214/722
f 763/1202/720 774/1214/722 775/1215/716
f 764/1203/716 775/1215/716 776/1216/716
f 765/1204/723 776/1216/716 777/1217/718
f 766/1205/719 777/1217/718 778/1218/716
f 767/1206/724 778/1218/716 779/1219/721
f 768/1207/716 779/1219/721 780/1220/716
f 757/1208/716 780/1220/716 769/1221/723
f 770/1210/717 781/1222/716 782/1223/719
f 771/1211/722 782/1223/719 783/1224/716
f 772/1212/726 783/1224/716 784/1225/723
f 773/1213/721 784/1225/723 785/1226/716
f 774/1214/722 785/1226/716 786/1227/719
f 775/1215/716 786/1227/719 787/1228/720
f 776/1216/716 787/1228/720 788/1229/716
f 777/1217/718 788/1229/716 789/1230/716
f 778/1218/716 789/1230/716 790/1231/720
f 779/1219/721 790/1231/720 791/1232/716
f 780/1220/716 791/1232/716 792/1233/716
f 769/1221/723 792/1233/716 781/1234/716
f 782/1223/719 793/1235/716 794/1236/716
f 783/1224/716 794/1236/716 795/1237/716
f 784/1225/723 795/1237/716 796/1238/720
f 785/1226/716 796/1238/720 797/1239/716
f 786/1227/719 797/1239/716 798/1240/716
f 787/1228/720 798/1240/716 799/1241/716
f 788/1229/716 799/1241/716 800/1242/720
f 789/1230/716 800/1242/720 801/1243/718
f 790/1231/720 801/1243/718 802/1244/717
f 791/1232/716 802/1244/717 803/1245/721
f 792/1233/716 803/1245/721 804/1246/720
f 781/1234/716 804/1246/720 793/1247/716
f 794/1236/716 805/1248/720 806/1249/720
f 795/1237/716 806/1249/720 807/1250/719
f 796/1238/720 807/1250/719 808/1251/719
f 797/1239/716 808/1251/719 809/1252/716
f 798/1240/716 809/1252/716 810/1253/716
f 799/1241/716 810/1253/716 811/1254/722
f 800/1242/720 811/1254/722 812/1255/717
f 801/1243/718 812/1255/717 813/1256/716
f 802/1244/717 813/1256/716 814/1257/716
f 803/1245/721 814/1257/716 815/1258/716
f 804/1246/720 815/1258/716 816/1259/723
f 793/1247/716 816/1259/723 805/1260/720
f 806/1249/727 805/1248/728 817/1261/729
f 807/1250/730 806/1249/727 817/1261/729
f 808/1251/731 807/1250/730 817/1261/729
f 809/1252/732 808/1251/731 817/1261/729
f 810/1253/733 809/1252/732 817/1261/729
f 811/1254/734 810/1253/733 817/1261/729
f 812/1255/735 811/1254/734 817/1261/729
f 813/1256/736 812/1255/735 817/1261/729
f 814/1257/737 813/1256/736 817/1261/729
f 815/1258/738 814/1257/737 817/1261/729
f 816/1259/739 815/1258/738 817/1261/729
f 805/1260/728 816/1259/739 817/1261/729
f 673/1262/716 819/1263/724 818/1264/719
f 674/1265/717 820/1266/720 819/1263/724
f 675/1267/718 821/1268/721 820/1266/720
f 676/1269/716 822/1270/717 821/1268/721
f 677/1271/721 823/1272/722 822/1270/717
f 678/1273/722 824/1274/724 823/1272/722
f 679/1275/717 825/1276/720 824/1274/724
f 680/1277/720 826/1278/719 825/1276/720
f 681/1279/719 827/1280/716 826/1278/719
f 682/1281/717 828/1282/719 827/1280/716
f 683/1283/719 829/1284/720 828/1282/719
f 684/1285/720 818/1286/719 829/1284/720
f 818/1287/719 831/1288/716 830/1289/717
f 819/1290/724 832/1291/717 831/1288/716
f 820/1292/720 833/1293/719 832/1291/717
f 821/1294/721 834/1295/716 833/1293/719
f 822/1296/717 835/1297/722 834/1295/716
f 823/1298/722 836/1299/721 835/1297/722
f 824/1300/724 837/1301/724 836/1299/721
f 825/1302/720 838/1303/716 837/1301/724
f 826/1304/719 839/1305/720 838/1303/716
f 827/1306/716 840/1307/716 839/1305/720
f 828/1308/719 841/1309/723 840/1307/716
f 829/1310/720 830/1311/717 841/1309/723
f 830/1312/717 843/1313/720 842/1314/717
f 831/1315/716 844/1316/719 843/1313/720
f 832/1317/717 845/1318/719 844/1316/719
f 833/1319/719 846/1320/719 845/1318/719
f 834/1321/716 847/1322/720 846/1320/719
f 835/1323/722 848/1324/721 847/1322/720
f 836/1325/721 849/1326/716 848/1324/721
f 837/1327/724 850/1328/740 849/1326/716
f 838/1329/716 851/1330/716 850/1328/740
f 839/1331/720 852/1332/721 851/1330/716
f 840/1333/716 853/1334/722 852/1332/721
f 841/1335/723 842/1336/717 853/1334/722
f 842/1314/717 855/1337/720 854/1338/717
f 843/1313/720 856/1339/717 855/1337/720
f 844/1316/719 857/1340/719 856/1339/717
f 845/1318/719 858/1341/716 857/1340/719
f 846/1320/719 859/1342/722 858/1341/716
f 847/1322/720 860/1343/720 859/1342/722
f 848/1324/721 861/1344/717 860/1343/720
f 849/1326/716 862/1345/716 861/1344/717
f 850/1328/740 863/1346/716 862/1345/716
f 851/1330/716 864/1347/716 863/1346/716
f 852/1332/721 865/1348/719 864/1347/716
f 853/1334/722 854/1349/717 865/1348/719
f 854/1350/717 867/1351/720 866/1352/717
f 855/1353/720 868/1354/719 867/1351/720
f 856/1355/717 869/1356/719 868/1354/719
f 857/1357/719 870/1358/719 869/1356/719
f 858/1359/716 871/1360/720 870/1358/719
f 859/1361/722 872/1362/721 871/1360/720
f 860/1363/720 873/1364/719 872/1362/721
f 861/1365/717 874/1366/721 873/1364/719
f 862/1367/716 875/1368/720 874/1366/721
f 863/1369/716 876/1370/716 875/1368/720
f 864/1371/716 877/1372/722 876/1370/716
f 865/1373/719 866/1374/717 877/1372/722
f 866/1352/717 879/1375/722 878/1376/716
f 867/1351/720 880/1377/716 879/1375/722
f 868/1354/719 881/1378/719 880/1377/716
f 869/1356/719 882/1379/716 881/1378/719
f 870/1358/719 883/1380/716 882/1379/716
f 871/1360/720 884/1381/716 883/1380/716
f 872/1362/721 885/1382/716 884/1381/716
f 873/1364/719 886/1383/721 885/1382/716
f 874/1366/721 887/1384/720 886/1383/721
f 875/1368/720 888/1385/722 887/1384/720
f 876/1370/716 889/1386/720 888/1385/722
f 877/1372/722 878/1387/716 889/1386/720
f 1083/1388/717 1095/1389/716 1082/1390/716
f 1084/1391/719 1094/1392/717 1083/1388/717
f 1085/1393/719 1105/1394/720 1084/1391/719
f 1086/1395/717 1104/1396/720 1085/1393/719
f 1087/1397/722 1103/1398/720 1086/1395/717
f 1088/1399/721 1102/1400/722 1087/1397/722
f 1089/1401/717 1101/1402/716 1088/1399/721
f 1090/1403/721 1100/1404/720 1089/1401/717
f 1091/1405/726 1099/1406/716 1090/1403/721
f 1092/1407/716 1098/1408/741 1091/1405/726
f 1093/1409/719 1097/1410/716 1092/1407/716
f 1082/1411/716 1096/1412/720 1093/1409/719
f 914/1413/742 903/1414/720 902/1415/717
f 915/1416/716 904/1417/716 903/1414/720
f 916/1418/716 905/1419/719 904/1417/716
f 917/1420/716 906/1421/717 905/1419/719
f 918/1422/719 907/1423/718 906/1421/717
f 919/1424/716 908/1425/722 907/1423/718
f 920/1426/716 909/1427/724 908/1425/722
f 921/1428/721 910/1429/717 909/1427/724
f 922/1430/716 911/1431/720 910/1429/717
f 923/1432/716 912/1433/716 911/1431/720
f 924/1434/716 913/1435/719 912/1433/716
f 925/1436/718 902/1437/717 913/1435/719
f 926/1438/719 891/1439/720 927/1440/716
f 927/1440/716 892/1441/716 928/1442/716
f 928/1442/716 893/1443/720 929/1444/716
f 929/1444/716 894/1445/716 930/1446/716
f 930/1446/716 895/1447/720 931/1448/716
f 931/1448/716 896/1449/716 932/1450/743
f 932/1450/743 897/1451/716 933/1452/744
f 933/1452/744 898/1453/722 934/1454/716
f 934/1454/716 899/1455/719 935/1456/716
f 935/1456/716 900/1457/717 936/1458/716
f 936/1458/716 901/1459/716 937/1460/716
f 937/1460/716 890/1461/719 926/1462/719
f 914/1413/742 927/1440/716 915/1416/716
f 915/1416/716 928/1442/716 916/1418/716
f 916/1418/716 929/1444/716 917/1420/716
f 917/1420/716 930/1446/716 918/1422/719
f 918/1422/719 931/1448/716 919/1424/716
f 919/1424/716 932/1450/743 920/1426/716
f 920/1426/716 933/1452/744 921/1428/721
f 921/1428/721 934/1454/716 922/1430/716
f 922/1430/716 935/1456/716 923/1432/716
f 923/1432/716 936/1458/716 924/1434/716
f 924/1434/716 937/1460/716 925/1436/718
f 925/1436/718 926/1462/719 914/1463/742
f 902/1464/717 939/1465/720 938/1466/716
f 903/1467/720 940/1468/719 939/1465/720
f 904/1469/716 941/1470/724 940/1468/719
f 905/1471/719 942/1472/719 941/1470/724
f 906/1473/717 943/1474/720 942/1472/719
f 907/1475/718 944/1476/721 943/1474/720
f 908/1477/722 945/1478/719 944/1476/721
f 909/1479/724 946/1480/720 945/1478/719
f 910/1481/717 947/1482/716 946/1480/720
f 911/1483/720 948/1484/717 947/1482/716
f 912/1485/716 949/1486/716 948/1484/717
f 913/1487/719 938/1488/716 949/1486/716
f 938/1466/716 951/1489/719 950/1490/716
f 939/1465/720 952/1491/720 951/1489/719
f 940/1468/719 953/1492/720 952/1491/720
f 941/1470/724 954/1493/720 953/1492/720
f 942/1472/719 955/1494/719 954/1493/720
f 943/1474/720 956/1495/724 955/1494/719
f 944/1476/721 957/1496/716 956/1495/724
f 945/1478/719 958/1497/719 957/1496/716
f 946/1480/720 959/1498/719 958/1497/719
f 947/1482/716 960/1499/717 959/1498/719
f 948/1484/717 961/1500/716 960/1499/717
f 949/1486/716 950/1501/716 961/1500/716
f 950/1490/716 963/1502/719 962/1503/722
f 951/1489/719 964/1504/717 963/1502/719
f 952/1491/720 965/1505/720 964/1504/717
f 953/1492/720 966/1506/716 965/1505/720
f 954/1493/720 967/1507/722 966/1506/716
f 955/1494/719 968/1508/717 967/1507/722
f 956/1495/724 969/1509/721 968/1508/717
f 957/1496/716 970/1510/721 969/1509/721
f 958/1497/719 971/1511/719 970/1510/721
f 959/1498/719 972/1512/720 971/1511/719
f 960/1499/717 973/1513/718 972/1512/720
f 961/1500/716 962/1514/722 973/1513/718
f 962/1515/722 975/1516/719 974/1517/719
f 963/1518/719 976/1519/716 975/1516/719
f 964/1520/717 977/1521/720 976/1519/716
f 965/1522/720 978/1523/720 977/1521/720
f 966/1524/716 979/1525/719 978/1523/720
f 967/1526/722 980/1527/724 979/1525/719
f 968/1528/717 981/1529/720 980/1527/724
f 969/1530/721 982/1531/719 981/1529/720
f 970/1532/721 983/1533/716 982/1531/719
f 971/1534/719 984/1535/717 983/1533/716
f 972/1536/720 985/1537/718 984/1535/717
f 973/1538/718 974/1539/719 985/1537/718
f 974/1540/719 987/1541/716 986/1542/719
f 975/1543/719 988/1544/717 987/1541/716
f 976/1545/716 989/1546/720 988/1544/717
f 977/1547/720 990/1548/716 989/1546/720
f 978/1549/720 991/1550/722 990/1548/716
f 979/1551/719 992/1552/719 991/1550/722
f 980/1553/724 993/1554/717 992/1552/719
f 981/1555/720 994/1556/716 993/1554/717
f 982/1557/719 995/1558/719 994/1556/716
f 983/1559/716 996/1560/716 995/1558/719
f 984/1561/717 997/1562/720 996/1560/716
f 985/1563/718 986/1564/719 997/1562/720
f 986/1542/719 999/1565/720 998/1566/717
f 987/1541/716 1000/1567/717 999/1565/720
f 988/1544/717 1001/1568/719 1000/1567/717
f 989/1546/720 1002/1569/716 1001/1568/719
f 990/1548/716 1003/1570/722 1002/1569/716
f 991/1550/722 1004/1571/720 1003/1570/722
f 992/1552/719 1005/1572/724 1004/1571/720
f 993/1554/717 1006/1573/716 1005/1572/724
f 994/1556/716 1007/1574/716 1006/1573/716
f 995/1558/719 1008/1575/716 1007/1574/716
f 996/1560/716 1009/1576/719 1008/1575/716
f 997/1562/720 998/1577/717 1009/1576/719
f 998/1566/717 1011/1578/740 1010/1579/717
f 999/1565/720 1012/1580/719 1011/1578/740
f 1000/1567/717 1013/1581/724 1012/1580/719
f 1001/1568/719 1014/1582/719 1013/1581/724
f 1002/1569/716 1015/1583/720 1014/1582/719
f 1003/1570/722 1016/1584/721 1015/1583/720
f 1004/1571/720 1017/1585/719 1016/1584/721
f 1005/1572/724 1018/1586/720 1017/1585/719
f 1006/1573/716 1019/1587/720 1018/1586/720
f 1007/1574/716 1020/1588/721 1019/1587/720
f 1008/1575/716 1021/1589/716 1020/1588/721
f 1009/1576/719 1010/1590/717 1021/1589/716
f 1010/1591/717 1023/1592/720 1022/1593/716
f 1011/1594/740 1024/1595/717 1023/1592/720
f 1012/1596/719 1025/1597/719 1024/1595/717
f 1013/1598/724 1026/1599/716 1025/1597/719
f 1014/1600/719 1027/1601/722 1026/1599/716
f 1015/1602/720 1028/1603/717 1027/1601/722
f 1016/1604/721 1029/1605/724 1028/1603/717
f 1017/1606/719 1030/1607/719 1029/1605/724
f 1018/1608/720 1031/1609/716 1030/1607/719
f 1019/1610/720 1032/1611/719 1031/1609/716
f 1020/1612/721 1033/1613/723 1032/1611/719
f 1021/1614/716 1022/1615/716 1033/1613/723
f 1022/1593/716 1035/1616/720 1034/1617/716
f 1023/1592/720 1036/1618/719 1035/1616/720
f 1024/1595/717 1037/1619/719 1036/1618/719
f 1025/1597/719 1038/1620/719 1037/1619/719
f 1026/1599/716 1039/1621/720 1038/1620/719
f 1027/1601/722 1040/1622/721 1039/1621/720
f 1028/1603/717 1041/1623/724 1040/1622/721
f 1029/1605/724 1042/1624/720 1041/1623/724
f 1030/1607/719 1043/1625/720 1042/1624/720
f 1031/1609/716 1044/1626/721 1043/1625/720
f 1032/1611/719 1045/1627/722 1044/1626/721
f 1033/1613/723 1034/1628/716 1045/1627/722
f 1034/1629/716 1047/1630/717 1046/1631/716
f 1035/1632/720 1048/1633/716 1047/1630/717
f 1036/1634/719 1049/1635/716 1048/1633/716
f 1037/1636/719 1050/1637/716 1049/1635/716
f 1038/1638/719 1051/1639/716 1050/1637/716
f 1039/1640/720 1052/1641/745 1051/1639/716
f 1040/1642/721 1053/1643/719 1052/1641/745
f 1041/1644/724 1054/1645/717 1053/1643/719
f 1042/1646/720 1055/1647/720 1054/1645/717
f 1043/1648/720 1056/1649/722 1055/1647/720
f 1044/1650/721 1057/1651/719 1056/1649/722
f 1045/1652/722 1046/1653/716 1057/1651/719
f 1046/1631/716 1059/1654/716 1058/1655/716
f 1047/1630/717 1060/1656/720 1059/1654/716
f 1048/1633/716 1061/1657/721 1060/1656/720
f 1049/1635/716 1062/1658/721 1061/1657/721
f 1050/1637/716 1063/1659/719 1062/1658/721
f 1051/1639/716 1064/1660/716 1063/1659/719
f 1052/1641/745 1065/1661/722 1064/1660/716
f 1053/1643/719 1066/1662/720 1065/1661/722
f 1054/1645/717 1067/1663/716 1066/1662/720
f 1055/1647/720 1068/1664/719 1067/1663/716
f 1056/1649/722 1069/1665/717 1068/1664/719
f 1057/1651/719 1058/1666/716 1069/1665/717
f 1060/1667/720 1062/1668/721 1058/1669/716
f 1062/1668/721 1064/1670/716 1066/1671/716
f 1064/1670/746 1065/1672/746 1066/1671/746
f 1066/1671/720 1068/1673/719 1058/1669/716
f 1068/1673/746 1069/1674/746 1058/1669/746
f 1062/1668/746 1066/1671/746 1058/1669/746
f 1059/1675/746 1060/1667/746 1058/1669/746
f 891/1439/720 1070/1676/718 1071/1677/724
f 892/1441/716 1071/1677/724 1072/1678/716
f 893/1443/720 1072/1678/716 1073/1679/718
f 894/1445/716 1073/1679/718 1074/1680/716
f 895/1447/720 1074/1680/716 1075/1681/723
f 896/1449/716 1075/1681/723 1076/1682/721
f 897/1451/716 1076/1682/721 1077/1683/717
f 898/1453/722 1077/1683/717 1078/1684/722
f 899/1455/719 1078/1684/722 1079/1685/716
f 900/1457/717 1079/1685/716 1080/1686/717
f 901/1459/716 1080/1686/717 1081/1687/722
f 890/1461/719 1081/1687/722 1070/1688/718
f 878/1689/716 1083/1388/717 1082/1390/716
f 879/1690/722 1084/1391/719 1083/1388/717
f 880/1691/716 1085/1393/719 1084/1391/719
f 881/1692/719 1086/1395/717 1085/1393/719
f 882/1693/716 1087/1397/722 1086/1395/717
f 883/1694/716 1088/1399/721 1087/1397/722
f 884/1695/716 1089/1401/717 1088/1399/721
f 885/1696/716 1090/1403/721 1089/1401/717
f 886/1697/721 1091/1405/726 1090/1403/721
f 887/1698/720 1092/1407/716 1091/1405/726
f 888/1699/722 1093/1409/719 1092/1407/716
f 889/1700/720 1082/1411/716 1093/1409/719
f 1071/1701/724 1095/1389/716 1094/1392/717
f 1070/1702/718 1096/1412/720 1095/1703/716
f 1081/1704/722 1097/1410/716 1096/1412/720
f 1080/1705/717 1098/1408/741 1097/1410/716
f 1079/1706/716 1099/1406/716 1098/1408/741
f 1078/1707/722 1100/1404/720 1099/1406/716
f 1077/1708/717 1101/1402/716 1100/1404/720
f 1076/1709/721 1102/1400/722 1101/1402/716
f 1075/1710/723 1103/1398/720 1102/1400/722
f 1074/1711/716 1104/1396/720 1103/1398/720
f 1073/1712/718 1105/1394/720 1104/1396/720
f 1072/1713/716 1094/1392/717 1105/1394/720
f 661/1080/716 662/1083/717 674/1081/717
f 662/1083/717 663/1085/719 675/1084/718
f 663/1085/719 664/1087/720 676/1086/716
f 664/1087/720 665/1089/716 677/1088/721
f 665/1089/716 666/1091/722 678/1090/722
f 666/1091/722 667/1093/720 679/1092/717
f 667/1093/720 668/1095/717 680/1094/720
f 668/1095/717 669/1097/718 681/1096/719
f 669/1097/718 670/1099/723 682/1098/717
f 670/1099/723 671/1101/717 683/1100/719
f 671/1101/717 672/1103/718 684/1102/720
f 672/1103/718 661/1117/716 673/1104/716
f 662/1083/717 661/1080/716 685/1105/716
f 663/1085/719 662/1083/717 686/1106/717
f 664/1087/720 663/1085/719 687/1107/719
f 665/1089/716 664/1087/720 688/1108/716
f 666/1091/722 665/1089/716 689/1109/724
f 667/1093/720 666/1091/722 690/1110/722
f 668/1095/717 667/1093/720 691/1111/716
f 669/1097/718 668/1095/717 692/1112/716
f 670/1099/723 669/1097/718 693/1113/722
f 671/1101/717 670/1099/723 694/1114/717
f 672/1103/718 671/1101/717 695/1115/717
f 661/1117/716 672/1103/718 696/1116/716
f 686/1106/717 685/1105/716 697/1119/716
f 687/1107/719 686/1106/717 698/1120/720
f 688/1108/716 687/1107/719 699/1121/719
f 689/1109/724 688/1108/716 700/1122/720
f 690/1110/722 689/1109/724 701/1123/719
f 691/1111/716 690/1110/722 702/1124/720
f 692/1112/716 691/1111/716 703/1125/716
f 693/1113/722 692/1112/716 704/1126/717
f 694/1114/717 693/1113/722 705/1127/722
f 695/1115/717 694/1114/717 706/1128/724
f 696/1116/716 695/1115/717 707/1129/717
f 685/1118/716 696/1116/716 708/1130/722
f 698/1120/720 697/1119/716 709/1132/718
f 699/1121/719 698/1120/720 710/1133/717
f 700/1122/720 699/1121/719 711/1134/723
f 701/1123/719 700/1122/720 712/1135/719
f 702/1124/720 701/1123/719 713/1136/724
f 703/1125/716 702/1124/720 714/1137/722
f 704/1126/717 703/1125/716 715/1138/716
f 705/1127/722 704/1126/717 716/1139/724
f 706/1128/724 705/1127/722 717/1140/722
f 707/1129/717 706/1128/724 718/1141/725
f 708/1130/722 707/1129/717 719/1142/717
f 697/1131/716 708/1130/722 720/1143/723
f 710/1133/717 709/1132/718 721/1145/719
f 711/1134/723 710/1133/717 722/1146/716
f 712/1135/719 711/1134/723 723/1147/719
f 713/1136/724 712/1135/719 724/1148/720
f 714/1137/722 713/1136/724 725/1149/719
f 715/1138/716 714/1137/722 726/1150/716
f 716/1139/724 715/1138/716 727/1151/717
f 717/1140/722 716/1139/724 728/1152/724
f 718/1141/725 717/1140/722 729/1153/722
f 719/1142/717 718/1141/725 730/1154/722
f 720/1143/723 719/1142/717 731/1155/717
f 709/1144/718 720/1143/723 732/1156/723
f 722/1146/716 721/1145/719 733/1158/718
f 723/1147/719 722/1146/716 734/1159/716
f 724/1148/720 723/1147/719 735/1160/722
f 725/1149/719 724/1148/720 736/1161/719
f 726/1150/716 725/1149/719 737/1162/724
f 727/1151/717 726/1150/716 738/1163/722
f 728/1152/724 727/1151/717 739/1164/720
f 729/1153/722 728/1152/724 740/1165/717
f 730/1154/722 729/1153/722 741/1166/720
f 731/1155/717 730/1154/722 742/1167/721
f 732/1156/723 731/1155/717 743/1168/720
f 721/1157/719 732/1156/723 744/1169/722
f 734/1171/716 733/1714/718 745/1172/720
f 735/1174/722 734/1171/716 746/1173/717
f 736/1176/719 735/1174/722 747/1175/722
f 737/1178/724 736/1176/719 748/1177/719
f 738/1180/722 737/1178/724 749/1179/717
f 739/1182/720 738/1180/722 750/1181/722
f 740/1184/717 739/1182/720 751/1183/720
f 741/1186/720 740/1184/717 752/1185/724
f 742/1188/721 741/1186/720 753/1187/716
f 743/1190/720 742/1188/721 754/1189/717
f 744/1192/722 743/1190/720 755/1191/716
f 733/1194/718 744/1192/722 756/1193/723
f 746/1173/717 745/1172/720 757/1196/716
f 747/1175/722 746/1173/717 758/1197/721
f 748/1177/719 747/1175/722 759/1198/722
f 749/1179/717 748/1177/719 760/1199/716
f 750/1181/722 749/1179/717 761/1200/717
f 751/1183/720 750/1181/722 762/1201/718
f 752/1185/724 751/1183/720 763/1202/720
f 753/1187/716 752/1185/724 764/1203/716
f 754/1189/717 753/1187/716 765/1204/723
f 755/1191/716 754/1189/717 766/1205/719
f 756/1193/723 755/1191/716 767/1206/724
f 745/1195/720 756/1193/723 768/1207/716
f 758/1197/721 757/1196/716 769/1209/723
f 759/1198/722 758/1197/721 770/1210/717
f 760/1199/716 759/1198/722 771/1211/722
f 761/1200/717 760/1199/716 772/1212/726
f 762/1201/718 761/1200/717 773/1213/721
f 763/1202/720 762/1201/718 774/1214/722
f 764/1203/716 763/1202/720 775/1215/716
f 765/1204/723 764/1203/716 776/1216/716
f 766/1205/719 765/1204/723 777/1217/718
f 767/1206/724 766/1205/719 778/1218/716
f 768/1207/716 767/1206/724 779/1219/721
f 757/1208/716 768/1207/716 780/1220/716
f 770/1210/717 769/1209/723 781/1222/716
f 771/1211/722 770/1210/717 782/1223/719
f 772/1212/726 771/1211/722 783/1224/716
f 773/1213/721 772/1212/726 784/1225/723
f 774/1214/722 773/1213/721 785/1226/716
f 775/1215/716 774/1214/722 786/1227/719
f 776/1216/716 775/1215/716 787/1228/720
f 777/1217/718 776/1216/716 788/1229/716
f 778/1218/716 777/1217/718 789/1230/716
f 779/1219/721 778/1218/716 790/1231/720
f 780/1220/716 779/1219/721 791/1232/716
f 769/1221/723 780/1220/716 792/1233/716
f 782/1223/719 781/1222/716 793/1235/716
f 783/1224/716 782/1223/719 794/1236/716
f 784/1225/723 783/1224/716 795/1237/716
f 785/1226/716 784/1225/723 796/1238/720
f 786/1227/719 785/1226/716 797/1239/716
f 787/1228/720 786/1227/719 798/1240/716
f 788/1229/716 787/1228/720 799/1241/716
f 789/1230/716 788/1229/716 800/1242/720
f 790/1231/720 789/1230/716 801/1243/718
f 791/1232/716 790/1231/720 802/1244/717
f 792/1233/716 791/1232/716 803/1245/721
f 781/1234/716 792/1233/716 804/1246/720
f 794/1236/716 793/1235/716 805/1248/720
f 795/1237/716 794/1236/716 806/1249/720
f 796/1238/720 795/1237/716 807/1250/719
f 797/1239/716 796/1238/720 808/1251/719
f 798/1240/716 797/1239/716 809/1252/716
f 799/1241/716 798/1240/716 810/1253/716
f 800/1242/720 799/1241/716 811/1254/722
f 801/1243/718 800/1242/720 812/1255/717
f 802/1244/717 801/1243/718 813/1256/716
f 803/1245/721 802/1244/717 814/1257/716
f 804/1246/720 803/1245/721 815/1258/716
f 793/1247/716 804/1246/720 816/1259/723
f 673/1262/716 674/1265/717 819/1263/724
f 674/1265/717 675/1267/718 820/1266/720
f 675/1267/718 676/1269/716 821/1268/721
f 676/1269/716 677/1271/721 822/1270/717
f 677/1271/721 678/1273/722 823/1272/722
f 678/1273/722 679/1275/717 824/1274/724
f 679/1275/717 680/1277/720 825/1276/720
f 680/1277/720 681/1279/719 826/1278/719
f 681/1279/719 682/1281/717 827/1280/716
f 682/1281/717 683/1283/719 828/1282/719
f 683/1283/719 684/1285/720 829/1284/720
f 684/1285/720 673/1715/716 818/1286/719
f 818/1287/719 819/1290/724 831/1288/716
f 819/1290/724 820/1292/720 832/1291/717
f 820/1292/720 821/1294/721 833/1293/719
f 821/1294/721 822/1296/717 834/1295/716
f 822/1296/717 823/1298/722 835/1297/722
f 823/1298/722 824/1300/724 836/1299/721
f 824/1300/724 825/1302/720 837/1301/724
f 825/1302/720 826/1304/719 838/1303/716
f 826/1304/719 827/1306/716 839/1305/720
f 827/1306/716 828/1308/719 840/1307/716
f 828/1308/719 829/1310/720 841/1309/723
f 829/1310/720 818/1716/719 830/1311/717
f 830/1312/717 831/1315/716 843/1313/720
f 831/1315/716 832/1317/717 844/1316/719
f 832/1317/717 833/1319/719 845/1318/719
f 833/1319/719 834/1321/716 846/1320/719
f 834/1321/716 835/1323/722 847/1322/720
f 835/1323/722 836/1325/721 848/1324/721
f 836/1325/721 837/1327/724 849/1326/716
f 837/1327/724 838/1329/716 850/1328/740
f 838/1329/716 839/1331/720 851/1330/716
f 839/1331/720 840/1333/716 852/1332/721
f 840/1333/716 841/1335/723 853/1334/722
f 841/1335/723 830/1717/717 842/1336/717
f 842/1314/717 843/1313/720 855/1337/720
f 843/1313/720 844/1316/719 856/1339/717
f 844/1316/719 845/1318/719 857/1340/719
f 845/1318/719 846/1320/719 858/1341/716
f 846/1320/719 847/1322/720 859/1342/722
f 847/1322/720 848/1324/721 860/1343/720
f 848/1324/721 849/1326/716 861/1344/717
f 849/1326/716 850/1328/740 862/1345/716
f 850/1328/740 851/1330/716 863/1346/716
f 851/1330/716 852/1332/721 864/1347/716
f 852/1332/721 853/1334/722 865/1348/719
f 853/1334/722 842/1336/717 854/1349/717
f 854/1350/717 855/1353/720 867/1351/720
f 855/1353/720 856/1355/717 868/1354/719
f 856/1355/717 857/1357/719 869/1356/719
f 857/1357/719 858/1359/716 870/1358/719
f 858/1359/716 859/1361/722 871/1360/720
f 859/1361/722 860/1363/720 872/1362/721
f 860/1363/720 861/1365/717 873/1364/719
f 861/1365/717 862/1367/716 874/1366/721
f 862/1367/716 863/1369/716 875/1368/720
f 863/1369/716 864/1371/716 876/1370/716
f 864/1371/716 865/1373/719 877/1372/722
f 865/1373/719 854/1718/717 866/1374/717
f 866/1352/717 867/1351/720 879/1375/722
f 867/1351/720 868/1354/719 880/1377/716
f 868/1354/719 869/1356/719 881/1378/719
f 869/1356/719 870/1358/719 882/1379/716
f 870/1358/719 871/1360/720 883/1380/716
f 871/1360/720 872/1362/721 884/1381/716
f 872/1362/721 873/1364/719 885/1382/716
f 873/1364/719 874/1366/721 886/1383/721
f 874/1366/721 875/1368/720 887/1384/720
f 875/1368/720 876/1370/716 888/1385/722
f 876/1370/716 877/1372/722 889/1386/720
f 877/1372/722 866/1374/717 878/1387/716
f 1083/1388/717 1094/1392/717 1095/1389/716
f 1084/1391/719 1105/1394/720 1094/1392/717
f 1085/1393/719 1104/1396/720 1105/1394/720
f 1086/1395/717 1103/1398/720 1104/1396/720
f 1087/1397/722 1102/1400/722 1103/1398/720
f 1088/1399/721 1101/1402/716 1102/1400/722
f 1089/1401/717 1100/1404/720 1101/1402/716
f 1090/1403/721 1099/1406/716 1100/1404/720
f 1091/1405/726 1098/1408/741 1099/1406/716
f 1092/1407/716 1097/1410/716 1098/1408/741
f 1093/1409/719 1096/1412/720 1097/1410/716
f 1082/1411/716 1095/1703/716 1096/1412/720
f 914/1413/742 915/1416/716 903/1414/720
f 915/1416/716 916/1418/716 904/1417/716
f 916/1418/716 917/1420/716 905/1419/719
f 917/1420/716 918/1422/719 906/1421/717
f 918/1422/719 919/1424/716 907/1423/718
f 919/1424/716 920/1426/716 908/1425/722
f 920/1426/716 921/1428/721 909/1427/724
f 921/1428/721 922/1430/716 910/1429/717
f 922/1430/716 923/1432/716 911/1431/720
f 923/1432/716 924/1434/716 912/1433/716
f 924/1434/716 925/1436/718 913/1435/719
f 925/1436/718 914/1463/742 902/1437/717
f 926/1438/719 890/1719/719 891/1439/720
f 927/1440/716 891/1439/720 892/1441/716
f 928/1442/716 892/1441/716 893/1443/720
f 929/1444/716 893/1443/720 894/1445/716
f 930/1446/716 894/1445/716 895/1447/720
f 931/1448/716 895/1447/720 896/1449/716
f 932/1450/743 896/1449/716 897/1451/716
f 933/1452/744 897/1451/716 898/1453/722
f 934/1454/716 898/1453/722 899/1455/719
f 935/1456/716 899/1455/719 900/1457/717
f 936/1458/716 900/1457/717 901/1459/716
f 937/1460/716 901/1459/716 890/1461/719
f 914/1413/742 926/1438/719 927/1440/716
f 915/1416/716 927/1440/716 928/1442/716
f 916/1418/716 928/1442/716 929/1444/716
f 917/1420/716 929/1444/716 930/1446/716
f 918/1422/719 930/1446/716 931/1448/716
f 919/1424/716 931/1448/716 932/1450/743
f 920/1426/716 932/1450/743 933/1452/744
f 921/1428/721 933/1452/744 934/1454/716
f 922/1430/716 934/1454/716 935/1456/716
f 923/1432/716 935/1456/716 936/1458/716
f 924/1434/716 936/1458/716 937/1460/716
f 925/1436/718 937/1460/716 926/1462/719
f 902/1464/717 903/1467/720 939/1465/720
f 903/1467/720 904/1469/716 940/1468/719
f 904/1469/716 905/1471/719 941/1470/724
f 905/1471/719 906/1473/717 942/1472/719
f 906/1473/717 907/1475/718 943/1474/720
f 907/1475/718 908/1477/722 944/1476/721
f 908/1477/722 909/1479/724 945/1478/719
f 909/1479/724 910/1481/717 946/1480/720
f 910/1481/717 911/1483/720 947/1482/716
f 911/1483/720 912/1485/716 948/1484/717
f 912/1485/716 913/1487/719 949/1486/716
f 913/1487/719 902/1720/717 938/1488/716
f 938/1466/716 939/1465/720 951/1489/719
f 939/1465/720 940/1468/719 952/1491/720
f 940/1468/719 941/1470/724 953/1492/720
f 941/1470/724 942/1472/719 954/1493/720
f 942/1472/719 943/1474/720 955/1494/719
f 943/1474/720 944/1476/721 956/1495/724
f 944/1476/721 945/1478/719 957/1496/716
f 945/1478/719 946/1480/720 958/1497/719
f 946/1480/720 947/1482/716 959/1498/719
f 947/1482/716 948/1484/717 960/1499/717
f 948/1484/717 949/1486/716 961/1500/716
f 949/1486/716 938/1488/716 950/1501/716
f 950/1490/716 951/1489/719 963/1502/719
f 951/1489/719 952/1491/720 964/1504/717
f 952/1491/720 953/1492/720 965/1505/720
f 953/1492/720 954/1493/720 966/1506/716
f 954/1493/720 955/1494/719 967/1507/722
f 955/1494/719 956/1495/724 968/1508/717
f 956/1495/724 957/1496/716 969/1509/721
f 957/1496/716 958/1497/719 970/1510/721
f 958/1497/719 959/1498/719 971/1511/719
f 959/1498/719 960/1499/717 972/1512/720
f 960/1499/717 961/1500/716 973/1513/718
f 961/1500/716 950/1501/716 962/1514/722
f 962/1515/722 963/1518/719 975/1516/719
f 963/1518/719 964/1520/717 976/1519/716
f 964/1520/717 965/1522/720 977/1521/720
f 965/1522/720 966/1524/716 978/1523/720
f 966/1524/716 967/1526/722 979/1525/719
f 967/1526/722 968/1528/717 980/1527/724
f 968/1528/717 969/1530/721 981/1529/720
f 969/1530/721 970/1532/721 982/1531/719
f 970/1532/721 971/1534/719 983/1533/716
f 971/1534/719 972/1536/720 984/1535/717
f 972/1536/720 973/1538/718 985/1537/718
f 973/1538/718 962/1721/722 974/1539/719
f 974/1540/719 975/1543/719 987/1541/716
f 975/1543/719 976/1545/716 988/1544/717
f 976/1545/716 977/1547/720 989/1546/720
f 977/1547/720 978/1549/720 990/1548/716
f 978/1549/720 979/1551/719 991/1550/722
f 979/1551/719 980/1553/724 992/1552/719
f 980/1553/724 981/1555/720 993/1554/717
f 981/1555/720 982/1557/719 994/1556/716
f 982/1557/719 983/1559/716 995/1558/719
f 983/1559/716 984/1561/717 996/1560/716
f 984/1561/717 985/1563/718 997/1562/720
f 985/1563/718 974/1722/719 986/1564/719
f 986/1542/719 987/1541/716 999/1565/720
f 987/1541/716 988/1544/717 1000/1567/717
f 988/1544/717 989/1546/720 1001/1568/719
f 989/1546/720 990/1548/716 1002/1569/716
f 990/1548/716 991/1550/722 1003/1570/722
f 991/1550/722 992/1552/719 1004/1571/720
f 992/1552/719 993/1554/717 1005/1572/724
f 993/1554/717 994/1556/716 1006/1573/716
f 994/1556/716 995/1558/719 1007/1574/716
f 995/1558/719 996/1560/716 1008/1575/716
f 996/1560/716 997/1562/720 1009/1576/719
f 997/1562/720 986/1564/719 998/1577/717
f 998/1566/717 999/1565/720 1011/1578/740
f 999/1565/720 1000/1567/717 1012/1580/719
f 1000/1567/717 1001/1568/719 1013/1581/724
f 1001/1568/719 1002/1569/716 1014/1582/719
f 1002/1569/716 1003/1570/722 1015/1583/720
f 1003/1570/722 1004/1571/720 1016/1584/721
f 1004/1571/720 1005/1572/724 1017/1585/719
f 1005/1572/724 1006/1573/716 1018/1586/720
f 1006/1573/716 1007/1574/716 1019/1587/720
f 1007/1574/716 1008/1575/716 1020/1588/721
f 1008/1575/716 1009/1576/719 1021/1589/716
f 1009/1576/719 998/1577/717 1010/1590/717
f 1010/1591/717 1011/1594/740 1023/1592/720
f 1011/1594/740 1012/1596/719 1024/1595/717
f 1012/1596/719 1013/1598/724 1025/1597/719
f 1013/1598/724 1014/1600/719 1026/1599/716
f 1014/1600/719 1015/1602/720 1027/1601/722
f 1015/1602/720 1016/1604/721 1028/1603/717
f 1016/1604/721 1017/1606/719 1029/1605/724
f 1017/1606/719 1018/1608/720 1030/1607/719
f 1018/1608/720 1019/1610/720 1031/1609/716
f 1019/1610/720 1020/1612/721 1032/1611/719
f 1020/1612/721 1021/1614/716 1033/1613/723
f 1021/1614/716 1010/1723/717 1022/1615/716
f 1022/1593/716 1023/1592/720 1035/1616/720
f 1023/1592/720 1024/1595/717 1036/1618/719
f 1024/1595/717 1025/1597/719 1037/1619/719
f 1025/1597/719 1026/1599/716 1038/1620/719
f 1026/1599/716 1027/1601/722 1039/1621/720
f 1027/1601/722 1028/1603/717 1040/1622/721
f 1028/1603/717 1029/1605/724 1041/1623/724
f 1029/1605/724 1030/1607/719 1042/1624/720
f 1030/1607/719 1031/1609/716 1043/1625/720
f 1031/1609/716 1032/1611/719 1044/1626/721
f 1032/1611/719 1033/1613/723 1045/1627/722
f 1033/1613/723 1022/1615/716 1034/1628/716
f 1034/1629/716 1035/1632/720 1047/1630/717
f 1035/1632/720 1036/1634/719 1048/1633/716
f 1036/1634/719 1037/1636/719 1049/1635/716
f 1037/1636/719 1038/1638/719 1050/1637/716
f 1038/1638/719 1039/1640/720 1051/1639/716
f 1039/1640/720 1040/1642/721 1052/1641/745
f 1040/1642/721 1041/1644/724 1053/1643/719
f 1041/1644/724 1042/1646/720 1054/1645/717
f 1042/1646/720 1043/1648/720 1055/1647/720
f 1043/1648/720 1044/1650/721 1056/1649/722
f 1044/1650/721 1045/1652/722 1057/1651/719
f 1045/1652/722 1034/1724/716 1046/1653/716
f 1046/1631/716 1047/1630/717 1059/1654/716
f 1047/1630/717 1048/1633/716 1060/1656/720
f 1048/1633/716 1049/1635/716 1061/1657/721
f 1049/1635/716 1050/1637/716 1062/1658/721
f 1050/1637/716 1051/1639/716 1063/1659/719
f 1051/1639/716 1052/1641/745 1064/1660/716
f 1052/1641/745 1053/1643/719 1065/1661/722
f 1053/1643/719 1054/1645/717 1066/1662/720
f 1054/1645/717 1055/1647/720 1067/1663/716
f 1055/1647/720 1056/1649/722 1068/1664/719
f 1056/1649/722 1057/1651/719 1069/1665/717
f 1057/1651/719 1046/1653/716 1058/1666/716
f 1060/1667/720 1061/1725/721 1062/1668/721
f 1062/1668/721 1063/1726/719 1064/1670/716
f 1066/1671/720 1067/1727/716 1068/1673/719
f 891/1439/720 890/1719/719 1070/1676/718
f 892/1441/716 891/1439/720 1071/1677/724
f 893/1443/720 892/1441/716 1072/1678/716
f 894/1445/716 893/1443/720 1073/1679/718
f 895/1447/720 894/1445/716 1074/1680/716
f 896/1449/716 895/1447/720 1075/1681/723
f 897/1451/716 896/1449/716 1076/1682/721
f 898/1453/722 897/1451/716 1077/1683/717
f 899/1455/719 898/1453/722 1078/1684/722
f 900/1457/717 899/1455/719 1079/1685/716
f 901/1459/716 900/1457/717 1080/1686/717
f 890/1461/719 901/1459/716 1081/1687/722
f 878/1689/716 879/1690/722 1083/1388/717
f 879/1690/722 880/1691/716 1084/1391/719
f 880/1691/716 881/1692/719 1085/1393/719
f 881/1692/719 882/1693/716 1086/1395/717
f 882/1693/716 883/1694/716 1087/1397/722
f 883/1694/716 884/1695/716 1088/1399/721
f 884/1695/716 885/1696/716 1089/1401/717
f 885/1696/716 886/1697/721 1090/1403/721
f 886/1697/721 887/1698/720 1091/1405/726
f 887/1698/720 888/1699/722 1092/1407/716
f 888/1699/722 889/1700/720 1093/1409/719
f 889/1700/720 878/1728/716 1082/1411/716
f 1071/1701/724 1070/1729/718 1095/1389/716
f 1070/1702/718 1081/1704/722 1096/1412/720
f 1081/1704/722 1080/1705/717 1097/1410/716
f 1080/1705/717 1079/1706/716 1098/1408/741
f 1079/1706/716 1078/1707/722 1099/1406/716
f 1078/1707/722 1077/1708/717 1100/1404/720
f 1077/1708/717 1076/1709/721 1101/1402/716
f 1076/1709/721 1075/1710/723 1102/1400/722
f 1075/1710/723 1074/1711/716 1103/1398/720
f 1074/1711/716 1073/1712/718 1104/1396/720
f 1073/1712/718 1072/1713/716 1105/1394/720
f 1072/1713/716 1071/1701/724 1094/1392/717
o ChandelierArmA003
v 0.960088 6.989256 -1.662923
v 1.114473 7.001921 -1.480374
v 1.115721 7.033988 -1.243120
v 0.963247 7.070455 -1.062174
v 0.728396 7.094256 -1.022205
v 0.521057 7.094256 -1.141912
v 0.438247 7.070455 -1.365284
v 0.518713 7.033988 -1.587803
v 0.724804 7.001921 -1.705349
v 1.093221 8.690117 -1.893516
v 1.248267 8.711225 -1.712112
v 1.251188 8.764672 -1.477756
v 1.100617 8.825451 -1.300107
v 0.867008 8.865121 -1.262289
v 0.659669 8.865121 -1.381995
v 0.575617 8.825451 -1.603216
v 0.654180 8.764672 -1.822439
v 0.858598 8.711225 -1.937087
v 1.340970 9.993464 -2.322628
v 1.499178 10.031208 -2.146702
v 1.510106 10.126781 -1.926216
v 1.368641 10.235464 -1.764339
v 1.140975 10.306402 -1.736814
v 0.933637 10.306402 -1.856521
v 0.843641 10.235464 -2.067448
v 0.913098 10.126781 -2.270899
v 1.109509 10.031208 -2.371678
v 1.668562 10.975639 -2.890035
v 1.831908 11.028788 -2.723007
v 1.855844 11.163363 -2.525052
v 1.729171 11.316395 -2.388795
v 1.511161 11.416279 -2.377993
v 1.303822 11.416279 -2.497700
v 1.204171 11.316395 -2.691904
v 1.258836 11.163362 -2.869734
v 1.442239 11.028788 -2.947982
v 3.687609 12.002599 -6.387127
v 3.905716 12.072403 -6.314947
v 4.068311 12.249148 -6.357156
v 4.099315 12.450139 -6.494005
v 3.984221 12.581325 -6.661460
v 3.776883 12.581325 -6.781167
v 3.574316 12.450138 -6.797114
v 3.471303 12.249148 -6.701839
v 3.516047 12.072401 -6.539923
v 4.109530 11.156913 -7.117916
v 4.336155 11.208905 -7.060491
v 4.520321 11.340555 -7.140060
v 4.575853 11.490262 -7.319394
v 4.476769 11.587977 -7.514578
v 4.269431 11.587977 -7.634285
v 4.050854 11.490262 -7.622502
v 3.923313 11.340554 -7.484743
v 3.946486 11.208905 -7.285466
v 6.464905 4.347238 -11.197544
v 6.691439 4.399527 -11.139961
v 6.875375 4.531924 -11.219134
v 6.930647 4.682481 -11.398016
v 6.831392 4.780750 -11.592905
v 6.624054 4.780750 -11.712612
v 6.405647 4.682481 -11.701124
v 6.278367 4.531924 -11.563817
v 6.301770 4.399527 -11.364937
v 7.159462 2.927477 -12.400555
v 7.375265 3.001702 -12.324385
v 7.532028 3.189646 -12.356493
v 7.556401 3.403368 -12.481853
v 7.436978 3.542865 -12.641811
v 7.229640 3.542865 -12.761518
v 7.031401 3.403368 -12.784964
v 6.935020 3.189646 -12.701176
v 6.985596 3.001702 -12.549360
v 7.822215 2.590496 -13.548475
v 8.013739 2.676207 -13.430252
v 8.109022 2.893234 -13.355875
v 8.063482 3.140028 -13.360147
v 7.898428 3.301111 -13.441069
v 7.691090 3.301111 -13.560776
v 7.538483 3.140028 -13.663256
v 7.512014 2.893234 -13.700558
v 7.624069 2.676207 -13.655228
v 8.482391 3.009228 -14.691935
v 8.653949 3.076848 -14.539129
v 8.698678 3.248064 -14.377190
v 8.595650 3.442765 -14.281887
v 8.393072 3.569848 -14.297815
v 8.185734 3.569848 -14.417522
v 8.070650 3.442765 -14.584995
v 8.101670 3.248064 -14.721872
v 8.264279 3.076847 -14.764105
v 8.961607 4.000018 -15.521961
v 9.123596 4.049478 -15.352583
v 9.144096 4.174712 -15.148676
v 9.013515 4.317124 -15.005651
v 8.792953 4.410077 -14.990431
v 8.585615 4.410077 -15.110138
v 8.488516 4.317124 -15.308760
v 8.547089 4.174712 -15.493359
v 8.733927 4.049478 -15.577559
v 9.274931 5.621452 -16.064653
v 9.428823 5.626449 -15.881252
v 9.428823 5.639101 -15.641838
v 9.274931 5.653488 -15.458437
v 9.039155 5.662878 -15.416862
v 8.831816 5.662878 -15.536570
v 8.749931 5.653488 -15.761545
v 8.831816 5.639101 -15.986521
v 9.039154 5.626449 -16.106228
v 9.274931 8.319405 -16.064653
v 9.428823 8.319405 -15.881253
v 9.428823 8.319405 -15.641839
v 9.274931 8.319405 -15.458438
v 9.039154 8.319405 -15.416862
v 8.831816 8.319405 -15.536571
v 8.749931 8.319405 -15.761546
v 8.831816 8.319405 -15.986522
v 9.039154 8.319405 -16.106228
v 2.299561 12.294543 -3.376739
v 2.398338 12.094698 -3.464678
v 2.349870 11.918958 -3.620143
v 2.176836 11.849552 -3.770392
v 1.960201 11.918958 -3.845119
v 1.801330 12.094698 -3.809361
v 1.774561 12.294543 -3.679848
v 1.892419 12.424982 -3.517181
v 2.099758 12.424983 -3.397474
v 3.008292 12.876916 -4.604297
v 3.055825 12.640482 -4.603479
v 2.962296 12.432565 -4.680896
v 2.771466 12.350451 -4.800321
v 2.572627 12.432565 -4.905871
v 2.458817 12.640482 -4.948162
v 2.483292 12.876916 -4.907406
v 2.634599 13.031237 -4.802673
v 2.841937 13.031237 -4.682966
v 3.575241 12.875515 -5.586282
v 3.581764 12.641924 -5.514432
v 3.452173 12.436510 -5.529388
v 3.247102 12.355387 -5.624145
v 3.062504 12.436510 -5.754363
v 2.984756 12.641924 -5.859115
v 3.050241 12.875515 -5.889391
v 3.228316 13.027983 -5.831022
v 3.435655 13.027982 -5.711315
vn 0.9284 0.3421 0.1453
vn 0.7298 0.6557 0.1936
vn 0.7568 0.6428 0.1185
vn 0.1458 0.9886 0.0386
vn 0.1716 0.9848 0.0266
vn -0.4979 0.8571 -0.1320
vn -0.4940 0.8660 -0.0773
vn -0.9103 0.3363 -0.2415
vn -0.9287 0.3413 -0.1453
vn -0.9103 -0.3362 -0.2414
vn -0.9880 -0.0000 -0.1546
vn -0.7568 -0.6428 -0.1185
vn -0.4979 -0.8571 -0.1321
vn -0.4941 -0.8660 -0.0774
vn 0.1458 -0.9886 0.0387
vn 0.1715 -0.9848 0.0268
vn 0.7298 -0.6556 0.1936
vn 0.7568 -0.6428 0.1185
vn 0.9666 -0.0000 0.2563
vn 0.9284 -0.3420 0.1454
vn 0.6702 0.6569 0.3453
vn 0.1324 0.9889 0.0682
vn -0.4588 0.8565 -0.2365
vn -0.8373 0.3359 -0.4314
vn -0.8373 -0.3359 -0.4314
vn -0.4588 -0.8565 -0.2364
vn 0.1323 -0.9889 0.0683
vn 0.6702 -0.6570 0.3453
vn 0.8889 -0.0000 0.4581
vn 0.5628 0.6593 0.4986
vn 0.1081 0.9896 0.0950
vn -0.3890 0.8541 -0.3453
vn -0.7056 0.3340 -0.6249
vn -0.7057 -0.3339 -0.6249
vn -0.3888 -0.8541 -0.3454
vn 0.1081 -0.9896 0.0949
vn 0.5628 -0.6593 0.4985
vn 0.7484 -0.0000 0.6633
vn 0.3951 0.6587 0.6403
vn 0.0740 0.9901 0.1193
vn -0.2740 0.8504 -0.4491
vn -0.4920 0.3305 -0.8054
vn -0.4922 -0.3306 -0.8052
vn -0.2743 -0.8504 -0.4490
vn 0.0740 -0.9901 0.1193
vn 0.3952 -0.6587 0.6402
vn -0.5513 -0.0000 0.8343
vn -0.5812 0.6539 0.4843
vn -0.4086 0.6725 0.6171
vn -0.1186 0.9880 0.0986
vn -0.0707 0.9918 0.1068
vn 0.3943 0.8585 -0.3278
vn 0.2908 0.8515 -0.4364
vn 0.7242 0.3371 -0.6016
vn 0.5228 0.3341 -0.7843
vn 0.7243 -0.3369 -0.6016
vn 0.5227 -0.3342 -0.7843
vn 0.3944 -0.8584 -0.3279
vn 0.2907 -0.8516 -0.4363
vn -0.1186 -0.9880 0.0987
vn -0.0706 -0.9918 0.1068
vn -0.5814 -0.6538 0.4843
vn -0.4083 -0.6726 0.6172
vn -0.7682 -0.0000 0.6402
vn -0.5960 0.6348 0.4918
vn -0.1472 0.9816 0.1216
vn 0.3740 0.8746 -0.3085
vn 0.7229 0.3490 -0.5964
vn 0.7229 -0.3488 -0.5964
vn 0.3741 -0.8746 -0.3085
vn -0.1473 -0.9816 0.1216
vn -0.5960 -0.6349 0.4917
vn -0.7714 0.0001 0.6364
vn -0.3895 0.6255 0.6760
vn -0.1120 0.9747 0.1933
vn 0.2219 0.8966 -0.3832
vn 0.4665 0.3717 -0.8026
vn 0.4665 -0.3719 -0.8026
vn 0.2220 -0.8966 -0.3832
vn -0.1121 -0.9747 0.1932
vn -0.3896 -0.6255 0.6760
vn -0.5001 -0.0001 0.8660
vn 0.0218 0.6242 0.7810
vn 0.0030 0.9746 0.2239
vn -0.0066 0.8951 -0.4458
vn -0.0029 0.3691 -0.9294
vn -0.0028 -0.3691 -0.9294
vn -0.0067 -0.8952 -0.4456
vn 0.0030 -0.9746 0.2241
vn 0.0216 -0.6240 0.7812
vn 0.0313 -0.0000 0.9995
vn 0.4111 0.6236 0.6649
vn 0.1146 0.9748 0.1911
vn -0.2319 0.8943 -0.3826
vn -0.4745 0.3691 -0.7992
vn -0.4746 -0.3690 -0.7991
vn -0.2321 -0.8943 -0.3825
vn 0.1146 -0.9748 0.1911
vn 0.4110 -0.6237 0.6649
vn 0.5282 -0.0000 0.8491
vn 0.6607 0.6208 0.4221
vn 0.1836 0.9765 0.1132
vn -0.3946 0.8834 -0.2527
vn -0.7900 0.3544 -0.5003
vn -0.7899 -0.3545 -0.5003
vn -0.3946 -0.8834 -0.2527
vn 0.1837 -0.9765 0.1131
vn 0.6605 -0.6208 0.4222
vn 0.8410 -0.0000 0.5411
vn 0.7689 0.6231 0.1435
vn 0.2085 0.9770 0.0442
vn -0.4613 0.8831 -0.0855
vn -0.9177 0.3549 -0.1783
vn -0.9178 -0.3548 -0.1783
vn -0.4613 -0.8831 -0.0854
vn 0.2085 -0.9770 0.0444
vn 0.7687 -0.6232 0.1436
vn 0.9839 -0.0001 0.1788
vn 0.7660 0.6429 0.0001
vn 0.1736 0.9848 -0.0000
vn -0.5000 0.8660 -0.0000
vn -0.9397 0.3420 -0.0000
vn -0.9397 -0.3420 -0.0001
vn -0.5000 -0.8660 -0.0000
vn 0.1734 -0.9849 0.0002
vn 0.7660 -0.6428 -0.0000
vn 1.0000 -0.0000 -0.0001
vn -0.1546 0.0001 0.9880
vn -0.1547 0.0001 0.9880
vn -0.0000 -0.0000 -1.0000
vn -0.0001 -0.0000 -1.0000
vn 0.5256 -0.0000 0.8507
vn 0.1497 0.6660 0.7308
vn 0.0225 0.9914 0.1293
vn -0.1046 0.8486 -0.5187
vn -0.1781 0.3305 -0.9269
vn -0.1781 -0.3304 -0.9269
vn -0.1045 -0.8486 -0.5187
vn 0.0226 -0.9914 0.1291
vn 0.1499 -0.6659 0.7308
vn 0.2044 -0.0001 0.9789
vn -0.1386 0.6703 0.7291
vn -0.0264 0.9914 0.1278
vn 0.0996 0.8517 -0.5145
vn 0.1839 0.3339 -0.9245
vn 0.1835 -0.3339 -0.9246
vn 0.0994 -0.8517 -0.5145
vn -0.0264 -0.9915 0.1278
vn -0.1387 -0.6703 0.7290
vn -0.1846 -0.0000 0.9828
vn -0.1547 -0.0000 0.9880
vn -0.1548 0.0001 0.9880
vn 0.0001 -0.0000 -1.0000
vt 0.989622 0.035527
vt 0.930199 0.027511
vt 0.990069 0.028162
vt 0.931337 0.018862
vt 0.991509 0.020565
vt 0.932609 0.010351
vt 0.993133 0.012634
vt 0.933250 0.002023
vt 0.994036 0.004474
vt 0.997609 0.074856
vt 0.935771 0.070788
vt 0.996616 0.066592
vt 0.934229 0.062324
vt 0.994773 0.058375
vt 0.932297 0.053706
vt 0.992466 0.050453
vt 0.930643 0.044989
vt 0.990508 0.042880
vt 0.929871 0.036239
vt 0.880516 0.027763
vt 0.881230 0.019116
vt 0.882013 0.010626
vt 0.882340 0.002312
vt 0.936519 0.079080
vt 0.884374 0.071086
vt 0.883318 0.062623
vt 0.881998 0.054015
vt 0.880870 0.045292
vt 0.880329 0.036514
vt 0.837664 0.027886
vt 0.838381 0.019185
vt 0.839166 0.010674
vt 0.839532 0.002355
vt 0.884826 0.079392
vt 0.840857 0.071720
vt 0.839991 0.063162
vt 0.838854 0.054453
vt 0.837879 0.045621
vt 0.837438 0.036731
vt 0.788760 0.028009
vt 0.789247 0.019384
vt 0.789788 0.010988
vt 0.790068 0.002728
vt 0.790638 0.080122
vt 0.841161 0.080069
vt 0.790497 0.071758
vt 0.790002 0.063212
vt 0.789348 0.054557
vt 0.788800 0.045754
vt 0.670417 0.036283
vt 0.627443 0.028109
vt 0.670014 0.027060
vt 0.625154 0.020441
vt 0.668661 0.017915
vt 0.622633 0.012565
vt 0.667185 0.008999
vt 0.621341 0.004467
vt 0.666436 0.000500
vt 0.662616 0.080627
vt 0.617867 0.066642
vt 0.663541 0.072323
vt 0.620528 0.058592
vt 0.665311 0.063671
vt 0.623963 0.050788
vt 0.667564 0.054685
vt 0.626906 0.043183
vt 0.669511 0.045513
vt 0.628208 0.035659
vt 0.343840 0.027580
vt 0.341355 0.018375
vt 0.338645 0.009640
vt 0.337409 0.001282
vt 0.616680 0.074834
vt 0.333859 0.073113
vt 0.336606 0.064682
vt 0.340220 0.055894
vt 0.343330 0.046662
vt 0.344692 0.037117
vt 0.279316 0.027993
vt 0.277764 0.019727
vt 0.276087 0.011368
vt 0.275304 0.003060
vt 0.332778 0.081374
vt 0.272864 0.069295
vt 0.274658 0.060951
vt 0.276980 0.052557
vt 0.278969 0.044284
vt 0.279843 0.036140
vt 0.237751 0.027653
vt 0.237811 0.019647
vt 0.237937 0.011433
vt 0.238110 0.003174
vt 0.272077 0.077522
vt 0.237233 0.069014
vt 0.237392 0.060402
vt 0.237512 0.051827
vt 0.237620 0.043509
vt 0.237701 0.035516
vt 0.195548 0.028031
vt 0.196445 0.019857
vt 0.197470 0.011725
vt 0.198058 0.003531
vt 0.237047 0.077413
vt 0.198799 0.069022
vt 0.197904 0.060696
vt 0.196693 0.052577
vt 0.195664 0.044498
vt 0.195230 0.036292
vt 0.152528 0.027562
vt 0.153084 0.019271
vt 0.153665 0.011049
vt 0.153842 0.002826
vt 0.199047 0.077352
vt 0.155974 0.069844
vt 0.154975 0.061421
vt 0.153815 0.052975
vt 0.152852 0.044492
vt 0.152391 0.035989
vt 0.096949 0.027809
vt 0.099661 0.018947
vt 0.102650 0.010542
vt 0.104215 0.002336
vt 0.156619 0.078153
vt 0.107507 0.071659
vt 0.104637 0.063462
vt 0.100794 0.055078
vt 0.097464 0.046187
vt 0.096008 0.036992
vt 0.005418 0.027865
vt 0.007795 0.019022
vt 0.010374 0.010329
vt 0.011546 0.001879
vt 0.108429 0.079916
vt 0.015327 0.072744
vt 0.012594 0.063944
vt 0.009052 0.054992
vt 0.005987 0.046102
vt 0.004618 0.036981
vt 0.127120 0.793927
vt 0.115286 0.814424
vt 0.107563 0.801046
vt 0.939264 0.510075
vt 0.918768 0.498241
vt 0.932146 0.490517
vt 0.788578 0.036850
vt 0.740970 0.027700
vt 0.740392 0.018866
vt 0.739749 0.010293
vt 0.739342 0.001946
vt 0.738661 0.080276
vt 0.738695 0.071998
vt 0.739245 0.063534
vt 0.740066 0.054827
vt 0.740816 0.045870
vt 0.741154 0.036757
vt 0.705219 0.027620
vt 0.704405 0.018750
vt 0.703518 0.010218
vt 0.703122 0.001935
vt 0.700947 0.080454
vt 0.701241 0.072158
vt 0.702282 0.063683
vt 0.703659 0.054933
vt 0.704875 0.045916
vt 0.705448 0.036747
vt 0.016371 0.081101
vt 0.111672 0.793927
vt 0.119396 0.791116
vt 0.131230 0.801046
vt 0.129803 0.809141
vt 0.123506 0.814424
vt 0.108990 0.809141
vt 0.939264 0.494627
vt 0.942076 0.502351
vt 0.932146 0.514185
vt 0.924051 0.512757
vt 0.918768 0.506461
vt 0.924051 0.491945
s 1
usemtl Chandelier02
f 1106/1730/747 1116/1731/748 1107/1732/749
f 1107/1732/749 1117/1733/750 1108/1734/751
f 1108/1734/751 1118/1735/752 1109/1736/753
f 1109/1736/753 1119/1737/754 1110/1738/755
f 1110/1739/755 1120/1740/756 1111/1741/757
f 1111/1741/758 1121/1742/759 1112/1743/760
f 1112/1743/760 1122/1744/761 1113/1745/762
f 1113/1745/762 1123/1746/763 1114/1747/764
f 1114/1747/764 1115/1748/765 1106/1730/766
f 1115/1748/765 1125/1749/767 1116/1731/748
f 1116/1731/748 1126/1750/768 1117/1733/750
f 1117/1733/750 1127/1751/769 1118/1735/752
f 1118/1735/752 1128/1752/770 1119/1737/754
f 1119/1753/754 1129/1754/771 1120/1740/756
f 1120/1740/756 1130/1755/772 1121/1742/759
f 1121/1742/759 1131/1756/773 1122/1744/761
f 1122/1744/761 1132/1757/774 1123/1746/763
f 1123/1746/763 1124/1758/775 1115/1748/765
f 1124/1758/775 1134/1759/776 1125/1749/767
f 1125/1749/767 1135/1760/777 1126/1750/768
f 1126/1750/768 1136/1761/778 1127/1751/769
f 1127/1751/769 1137/1762/779 1128/1752/770
f 1128/1763/770 1138/1764/780 1129/1754/771
f 1129/1754/771 1139/1765/781 1130/1755/772
f 1130/1755/772 1140/1766/782 1131/1756/773
f 1131/1756/773 1141/1767/783 1132/1757/774
f 1132/1757/774 1133/1768/784 1124/1758/775
f 1133/1768/784 1225/1769/785 1134/1759/776
f 1134/1759/776 1224/1770/786 1135/1760/777
f 1135/1760/777 1223/1771/787 1136/1761/778
f 1136/1761/778 1231/1772/788 1137/1762/779
f 1231/1773/788 1138/1764/780 1137/1774/779
f 1230/1775/789 1139/1765/781 1138/1764/780
f 1229/1776/790 1140/1766/782 1139/1765/781
f 1228/1777/791 1141/1767/783 1140/1766/782
f 1227/1778/792 1133/1768/784 1141/1767/783
f 1142/1779/793 1152/1780/794 1143/1781/795
f 1143/1781/795 1153/1782/796 1144/1783/797
f 1144/1783/797 1154/1784/798 1145/1785/799
f 1145/1785/799 1155/1786/800 1146/1787/801
f 1146/1788/801 1156/1789/802 1147/1790/803
f 1147/1790/803 1157/1791/804 1148/1792/805
f 1148/1792/805 1158/1793/806 1149/1794/807
f 1149/1794/807 1159/1795/808 1150/1796/809
f 1150/1796/809 1151/1797/810 1142/1779/793
f 1151/1797/810 1161/1798/811 1152/1780/794
f 1152/1780/794 1162/1799/812 1153/1782/796
f 1153/1782/796 1163/1800/813 1154/1784/798
f 1154/1784/798 1164/1801/814 1155/1786/800
f 1155/1802/800 1165/1803/815 1156/1789/802
f 1156/1789/802 1166/1804/816 1157/1791/804
f 1157/1791/804 1167/1805/817 1158/1793/806
f 1158/1793/806 1168/1806/818 1159/1795/808
f 1159/1795/808 1160/1807/819 1151/1797/810
f 1160/1807/819 1170/1808/820 1161/1798/811
f 1161/1798/811 1171/1809/821 1162/1799/812
f 1162/1799/812 1172/1810/822 1163/1800/813
f 1163/1800/813 1173/1811/823 1164/1801/814
f 1164/1812/814 1174/1813/824 1165/1803/815
f 1165/1803/815 1175/1814/825 1166/1804/816
f 1166/1804/816 1176/1815/826 1167/1805/817
f 1167/1805/817 1177/1816/827 1168/1806/818
f 1168/1806/818 1169/1817/828 1160/1807/819
f 1169/1817/828 1179/1818/829 1170/1808/820
f 1170/1808/820 1180/1819/830 1171/1809/821
f 1171/1809/821 1181/1820/831 1172/1810/822
f 1172/1810/822 1182/1821/832 1173/1811/823
f 1173/1822/823 1183/1823/833 1174/1813/824
f 1174/1813/824 1184/1824/834 1175/1814/825
f 1175/1814/825 1185/1825/835 1176/1815/826
f 1176/1815/826 1186/1826/836 1177/1816/827
f 1177/1816/827 1178/1827/837 1169/1817/828
f 1178/1827/837 1188/1828/838 1179/1818/829
f 1179/1818/829 1189/1829/839 1180/1819/830
f 1180/1819/830 1190/1830/840 1181/1820/831
f 1181/1820/831 1191/1831/841 1182/1821/832
f 1182/1832/832 1192/1833/842 1183/1823/833
f 1183/1823/833 1193/1834/843 1184/1824/834
f 1184/1824/834 1194/1835/844 1185/1825/835
f 1185/1825/835 1195/1836/845 1186/1826/836
f 1186/1826/836 1187/1837/846 1178/1827/837
f 1187/1837/846 1197/1838/847 1188/1828/838
f 1188/1828/838 1198/1839/848 1189/1829/839
f 1189/1829/839 1199/1840/849 1190/1830/840
f 1190/1830/840 1200/1841/850 1191/1831/841
f 1191/1842/841 1201/1843/851 1192/1833/842
f 1192/1833/842 1202/1844/852 1193/1834/843
f 1193/1834/843 1203/1845/853 1194/1835/844
f 1194/1835/844 1204/1846/854 1195/1836/845
f 1195/1836/845 1196/1847/855 1187/1837/846
f 1196/1847/855 1206/1848/856 1197/1838/847
f 1197/1838/847 1207/1849/857 1198/1839/848
f 1198/1839/848 1208/1850/858 1199/1840/849
f 1199/1840/849 1209/1851/859 1200/1841/850
f 1200/1852/850 1210/1853/860 1201/1843/851
f 1201/1843/851 1211/1854/861 1202/1844/852
f 1202/1844/852 1212/1855/862 1203/1845/853
f 1203/1845/853 1213/1856/863 1204/1846/854
f 1204/1846/854 1205/1857/864 1196/1847/855
f 1205/1857/864 1215/1858/865 1206/1848/856
f 1206/1848/856 1216/1859/866 1207/1849/857
f 1207/1849/857 1217/1860/867 1208/1850/858
f 1208/1850/858 1218/1861/868 1209/1851/859
f 1209/1862/859 1219/1863/869 1210/1853/860
f 1210/1853/860 1220/1864/870 1211/1854/861
f 1211/1854/861 1221/1865/871 1212/1855/862
f 1212/1855/862 1222/1866/872 1213/1856/863
f 1213/1856/863 1214/1867/873 1205/1857/864
f 1107/1868/874 1111/1869/875 1113/1870/874
f 1222/1871/876 1218/1872/877 1216/1873/876
f 1226/1874/878 1234/1875/879 1225/1769/785
f 1225/1769/785 1233/1876/880 1224/1770/786
f 1224/1770/786 1232/1877/881 1223/1771/787
f 1223/1771/787 1240/1878/882 1231/1772/788
f 1240/1879/882 1230/1775/789 1231/1773/788
f 1239/1880/883 1229/1776/790 1230/1775/789
f 1238/1881/884 1228/1777/791 1229/1776/790
f 1237/1882/885 1227/1778/792 1228/1777/791
f 1236/1883/886 1226/1874/878 1227/1778/792
f 1235/1884/887 1243/1885/888 1234/1875/879
f 1234/1875/879 1242/1886/889 1233/1876/880
f 1233/1876/880 1241/1887/890 1232/1877/881
f 1232/1877/881 1249/1888/891 1240/1878/882
f 1249/1889/891 1239/1880/883 1240/1879/882
f 1248/1890/892 1238/1881/884 1239/1880/883
f 1247/1891/893 1237/1882/885 1238/1881/884
f 1246/1892/894 1236/1883/886 1237/1882/885
f 1245/1893/895 1235/1884/887 1236/1883/886
f 1142/1779/793 1243/1885/888 1244/1894/896
f 1143/1781/795 1242/1886/889 1243/1885/888
f 1144/1783/797 1241/1887/890 1242/1886/889
f 1145/1785/799 1249/1888/891 1241/1887/890
f 1146/1788/801 1248/1890/892 1249/1889/891
f 1248/1890/892 1148/1792/805 1247/1891/893
f 1247/1891/893 1149/1794/807 1246/1892/894
f 1246/1892/894 1150/1796/809 1245/1893/895
f 1245/1893/895 1142/1779/793 1244/1894/896
f 1106/1730/747 1115/1748/765 1116/1731/748
f 1107/1732/749 1116/1731/748 1117/1733/750
f 1108/1734/751 1117/1733/750 1118/1735/752
f 1109/1736/753 1118/1735/752 1119/1737/754
f 1110/1739/755 1119/1753/754 1120/1740/756
f 1111/1741/758 1120/1740/756 1121/1742/759
f 1112/1743/760 1121/1742/759 1122/1744/761
f 1113/1745/762 1122/1744/761 1123/1746/763
f 1114/1747/764 1123/1746/763 1115/1748/765
f 1115/1748/765 1124/1758/775 1125/1749/767
f 1116/1731/748 1125/1749/767 1126/1750/768
f 1117/1733/750 1126/1750/768 1127/1751/769
f 1118/1735/752 1127/1751/769 1128/1752/770
f 1119/1753/754 1128/1763/770 1129/1754/771
f 1120/1740/756 1129/1754/771 1130/1755/772
f 1121/1742/759 1130/1755/772 1131/1756/773
f 1122/1744/761 1131/1756/773 1132/1757/774
f 1123/1746/763 1132/1757/774 1124/1758/775
f 1124/1758/775 1133/1768/784 1134/1759/776
f 1125/1749/767 1134/1759/776 1135/1760/777
f 1126/1750/768 1135/1760/777 1136/1761/778
f 1127/1751/769 1136/1761/778 1137/1762/779
f 1128/1763/770 1137/1774/779 1138/1764/780
f 1129/1754/771 1138/1764/780 1139/1765/781
f 1130/1755/772 1139/1765/781 1140/1766/782
f 1131/1756/773 1140/1766/782 1141/1767/783
f 1132/1757/774 1141/1767/783 1133/1768/784
f 1133/1768/784 1226/1874/878 1225/1769/785
f 1134/1759/776 1225/1769/785 1224/1770/786
f 1135/1760/777 1224/1770/786 1223/1771/787
f 1136/1761/778 1223/1771/787 1231/1772/788
f 1231/1773/788 1230/1775/789 1138/1764/780
f 1230/1775/789 1229/1776/790 1139/1765/781
f 1229/1776/790 1228/1777/791 1140/1766/782
f 1228/1777/791 1227/1778/792 1141/1767/783
f 1227/1778/792 1226/1874/878 1133/1768/784
f 1142/1779/793 1151/1797/810 1152/1780/794
f 1143/1781/795 1152/1780/794 1153/1782/796
f 1144/1783/797 1153/1782/796 1154/1784/798
f 1145/1785/799 1154/1784/798 1155/1786/800
f 1146/1788/801 1155/1802/800 1156/1789/802
f 1147/1790/803 1156/1789/802 1157/1791/804
f 1148/1792/805 1157/1791/804 1158/1793/806
f 1149/1794/807 1158/1793/806 1159/1795/808
f 1150/1796/809 1159/1795/808 1151/1797/810
f 1151/1797/810 1160/1807/819 1161/1798/811
f 1152/1780/794 1161/1798/811 1162/1799/812
f 1153/1782/796 1162/1799/812 1163/1800/813
f 1154/1784/798 1163/1800/813 1164/1801/814
f 1155/1802/800 1164/1812/814 1165/1803/815
f 1156/1789/802 1165/1803/815 1166/1804/816
f 1157/1791/804 1166/1804/816 1167/1805/817
f 1158/1793/806 1167/1805/817 1168/1806/818
f 1159/1795/808 1168/1806/818 1160/1807/819
f 1160/1807/819 1169/1817/828 1170/1808/820
f 1161/1798/811 1170/1808/820 1171/1809/821
f 1162/1799/812 1171/1809/821 1172/1810/822
f 1163/1800/813 1172/1810/822 1173/1811/823
f 1164/1812/814 1173/1822/823 1174/1813/824
f 1165/1803/815 1174/1813/824 1175/1814/825
f 1166/1804/816 1175/1814/825 1176/1815/826
f 1167/1805/817 1176/1815/826 1177/1816/827
f 1168/1806/818 1177/1816/827 1169/1817/828
f 1169/1817/828 1178/1827/837 1179/1818/829
f 1170/1808/820 1179/1818/829 1180/1819/830
f 1171/1809/821 1180/1819/830 1181/1820/831
f 1172/1810/822 1181/1820/831 1182/1821/832
f 1173/1822/823 1182/1832/832 1183/1823/833
f 1174/1813/824 1183/1823/833 1184/1824/834
f 1175/1814/825 1184/1824/834 1185/1825/835
f 1176/1815/826 1185/1825/835 1186/1826/836
f 1177/1816/827 1186/1826/836 1178/1827/837
f 1178/1827/837 1187/1837/846 1188/1828/838
f 1179/1818/829 1188/1828/838 1189/1829/839
f 1180/1819/830 1189/1829/839 1190/1830/840
f 1181/1820/831 1190/1830/840 1191/1831/841
f 1182/1832/832 1191/1842/841 1192/1833/842
f 1183/1823/833 1192/1833/842 1193/1834/843
f 1184/1824/834 1193/1834/843 1194/1835/844
f 1185/1825/835 1194/1835/844 1195/1836/845
f 1186/1826/836 1195/1836/845 1187/1837/846
f 1187/1837/846 1196/1847/855 1197/1838/847
f 1188/1828/838 1197/1838/847 1198/1839/848
f 1189/1829/839 1198/1839/848 1199/1840/849
f 1190/1830/840 1199/1840/849 1200/1841/850
f 1191/1842/841 1200/1852/850 1201/1843/851
f 1192/1833/842 1201/1843/851 1202/1844/852
f 1193/1834/843 1202/1844/852 1203/1845/853
f 1194/1835/844 1203/1845/853 1204/1846/854
f 1195/1836/845 1204/1846/854 1196/1847/855
f 1196/1847/855 1205/1857/864 1206/1848/856
f 1197/1838/847 1206/1848/856 1207/1849/857
f 1198/1839/848 1207/1849/857 1208/1850/858
f 1199/1840/849 1208/1850/858 1209/1851/859
f 1200/1852/850 1209/1862/859 1210/1853/860
f 1201/1843/851 1210/1853/860 1211/1854/861
f 1202/1844/852 1211/1854/861 1212/1855/862
f 1203/1845/853 1212/1855/862 1213/1856/863
f 1204/1846/854 1213/1856/863 1205/1857/864
f 1205/1857/864 1214/1867/873 1215/1858/865
f 1206/1848/856 1215/1858/865 1216/1859/866
f 1207/1849/857 1216/1859/866 1217/1860/867
f 1208/1850/858 1217/1860/867 1218/1861/868
f 1209/1862/859 1218/1895/868 1219/1863/869
f 1210/1853/860 1219/1863/869 1220/1864/870
f 1211/1854/861 1220/1864/870 1221/1865/871
f 1212/1855/862 1221/1865/871 1222/1866/872
f 1213/1856/863 1222/1866/872 1214/1867/873
f 1114/1896/875 1106/1897/897 1107/1868/874
f 1107/1868/874 1108/1898/875 1109/1899/898
f 1109/1899/898 1110/1900/874 1111/1869/875
f 1111/1869/875 1112/1901/897 1113/1870/874
f 1113/1870/874 1114/1896/875 1107/1868/874
f 1107/1868/874 1109/1899/898 1111/1869/875
f 1215/1902/876 1214/1903/876 1222/1871/876
f 1222/1871/876 1221/1904/899 1220/1905/876
f 1220/1905/876 1219/1906/876 1218/1872/877
f 1218/1872/877 1217/1907/877 1216/1873/876
f 1216/1873/876 1215/1902/876 1222/1871/876
f 1222/1871/876 1220/1905/876 1218/1872/877
f 1226/1874/878 1235/1884/887 1234/1875/879
f 1225/1769/785 1234/1875/879 1233/1876/880
f 1224/1770/786 1233/1876/880 1232/1877/881
f 1223/1771/787 1232/1877/881 1240/1878/882
f 1240/1879/882 1239/1880/883 1230/1775/789
f 1239/1880/883 1238/1881/884 1229/1776/790
f 1238/1881/884 1237/1882/885 1228/1777/791
f 1237/1882/885 1236/1883/886 1227/1778/792
f 1236/1883/886 1235/1884/887 1226/1874/878
f 1235/1884/887 1244/1894/896 1243/1885/888
f 1234/1875/879 1243/1885/888 1242/1886/889
f 1233/1876/880 1242/1886/889 1241/1887/890
f 1232/1877/881 1241/1887/890 1249/1888/891
f 1249/1889/891 1248/1890/892 1239/1880/883
f 1248/1890/892 1247/1891/893 1238/1881/884
f 1247/1891/893 1246/1892/894 1237/1882/885
f 1246/1892/894 1245/1893/895 1236/1883/886
f 1245/1893/895 1244/1894/896 1235/1884/887
f 1142/1779/793 1143/1781/795 1243/1885/888
f 1143/1781/795 1144/1783/797 1242/1886/889
f 1144/1783/797 1145/1785/799 1241/1887/890
f 1145/1785/799 1146/1787/801 1249/1888/891
f 1146/1788/801 1147/1790/803 1248/1890/892
f 1248/1890/892 1147/1790/803 1148/1792/805
f 1247/1891/893 1148/1792/805 1149/1794/807
f 1246/1892/894 1149/1794/807 1150/1796/809
f 1245/1893/895 1150/1796/809 1142/1779/793
o ChandelierArmA004
v -0.960088 6.989256 -1.662921
v -0.724804 7.001921 -1.705348
v -0.518713 7.033988 -1.587803
v -0.438247 7.070455 -1.365283
v -0.521057 7.094256 -1.141912
v -0.728396 7.094256 -1.022205
v -0.963247 7.070455 -1.062176
v -1.115721 7.033988 -1.243120
v -1.114473 7.001921 -1.480374
v -1.093221 8.690117 -1.893515
v -0.858598 8.711225 -1.937087
v -0.654180 8.764672 -1.822439
v -0.575617 8.825451 -1.603216
v -0.659669 8.865121 -1.381995
v -0.867007 8.865121 -1.262288
v -1.100616 8.825451 -1.300107
v -1.251188 8.764672 -1.477757
v -1.248267 8.711225 -1.712112
v -1.340970 9.993464 -2.322629
v -1.109509 10.031208 -2.371678
v -0.913098 10.126781 -2.270899
v -0.843641 10.235464 -2.067448
v -0.933636 10.306402 -1.856521
v -1.140975 10.306402 -1.736814
v -1.368641 10.235464 -1.764339
v -1.510106 10.126781 -1.926216
v -1.499178 10.031208 -2.146702
v -1.668562 10.975639 -2.890035
v -1.442238 11.028788 -2.947982
v -1.258836 11.163363 -2.869734
v -1.204171 11.316395 -2.691904
v -1.303821 11.416279 -2.497700
v -1.511160 11.416279 -2.377993
v -1.729171 11.316395 -2.388795
v -1.855844 11.163362 -2.525052
v -1.831907 11.028788 -2.723007
v -3.687609 12.002599 -6.387127
v -3.516046 12.072402 -6.539923
v -3.471303 12.249148 -6.701839
v -3.574315 12.450139 -6.797114
v -3.776882 12.581325 -6.781167
v -3.984221 12.581325 -6.661460
v -4.099315 12.450138 -6.494005
v -4.068310 12.249148 -6.357156
v -3.905715 12.072402 -6.314947
v -4.109530 11.156913 -7.117916
v -3.946486 11.208905 -7.285466
v -3.923313 11.340555 -7.484743
v -4.050853 11.490262 -7.622502
v -4.269430 11.587977 -7.634285
v -4.476769 11.587977 -7.514578
v -4.575853 11.490262 -7.319394
v -4.520320 11.340554 -7.140060
v -4.336155 11.208905 -7.060491
v -6.464906 4.347238 -11.197543
v -6.301771 4.399527 -11.364937
v -6.278368 4.531924 -11.563816
v -6.405648 4.682481 -11.701124
v -6.624055 4.780750 -11.712612
v -6.831393 4.780750 -11.592905
v -6.930648 4.682481 -11.398016
v -6.875376 4.531924 -11.219133
v -6.691440 4.399527 -11.139961
v -7.159464 2.927477 -12.400553
v -6.985598 3.001702 -12.549358
v -6.935022 3.189646 -12.701174
v -7.031403 3.403368 -12.784962
v -7.229641 3.542865 -12.761518
v -7.436980 3.542865 -12.641811
v -7.556403 3.403368 -12.481854
v -7.532030 3.189646 -12.356491
v -7.375267 3.001702 -12.324383
v -7.822217 2.590496 -13.548474
v -7.624071 2.676207 -13.655227
v -7.512016 2.893234 -13.700557
v -7.538486 3.140028 -13.663254
v -7.691092 3.301111 -13.560774
v -7.898431 3.301111 -13.441067
v -8.063485 3.140028 -13.360146
v -8.109024 2.893234 -13.355874
v -8.013741 2.676207 -13.430251
v -8.482393 3.009228 -14.691934
v -8.264281 3.076848 -14.764105
v -8.101672 3.248064 -14.721871
v -8.070652 3.442765 -14.584993
v -8.185736 3.569848 -14.417521
v -8.393074 3.569848 -14.297814
v -8.595652 3.442765 -14.281885
v -8.698680 3.248064 -14.377189
v -8.653951 3.076847 -14.539129
v -8.961610 4.000018 -15.521960
v -8.733929 4.049478 -15.577558
v -8.547091 4.174712 -15.493358
v -8.488518 4.317124 -15.308759
v -8.585618 4.410077 -15.110138
v -8.792956 4.410077 -14.990431
v -9.013517 4.317124 -15.005651
v -9.144098 4.174712 -15.148675
v -9.123598 4.049478 -15.352582
v -9.274933 5.621452 -16.064651
v -9.039156 5.626449 -16.106226
v -8.831818 5.639101 -15.986519
v -8.749932 5.653488 -15.761543
v -8.831818 5.662878 -15.536569
v -9.039156 5.662878 -15.416862
v -9.274932 5.653488 -15.458435
v -9.428825 5.639101 -15.641836
v -9.428825 5.626449 -15.881250
v -9.274933 8.319405 -16.064651
v -9.039156 8.319405 -16.106228
v -8.831818 8.319405 -15.986520
v -8.749932 8.319405 -15.761544
v -8.831817 8.319405 -15.536569
v -9.039155 8.319405 -15.416862
v -9.274932 8.319405 -15.458436
v -9.428825 8.319405 -15.641837
v -9.428825 8.319405 -15.881252
v -1.774560 12.294543 -3.679848
v -1.801329 12.094698 -3.809361
v -1.960200 11.918958 -3.845119
v -2.176836 11.849552 -3.770391
v -2.349869 11.918958 -3.620143
v -2.398337 12.094698 -3.464678
v -2.299560 12.294543 -3.376739
v -2.099758 12.424982 -3.397474
v -1.892419 12.424983 -3.517181
v -2.483292 12.876916 -4.907406
v -2.458817 12.640482 -4.948162
v -2.572626 12.432565 -4.905871
v -2.771466 12.350451 -4.800321
v -2.962295 12.432565 -4.680896
v -3.055824 12.640482 -4.603479
v -3.008291 12.876916 -4.604297
v -2.841937 13.031237 -4.682966
v -2.634598 13.031237 -4.802673
v -3.050241 12.875515 -5.889391
v -2.984756 12.641924 -5.859115
v -3.062503 12.436510 -5.754363
v -3.247101 12.355387 -5.624145
v -3.452172 12.436510 -5.529388
v -3.581764 12.641924 -5.514433
v -3.575241 12.875515 -5.586282
v -3.435654 13.027983 -5.711315
v -3.228315 13.027982 -5.831022
vn 0.9284 0.3421 0.1454
vn 0.7297 0.6558 0.1936
vn 0.7569 0.6428 0.1184
vn 0.1458 0.9885 0.0388
vn 0.1715 0.9848 0.0270
vn -0.4979 0.8571 -0.1321
vn -0.4941 0.8660 -0.0772
vn -0.9103 0.3362 -0.2414
vn -0.9284 0.3421 -0.1453
vn -0.9103 -0.3362 -0.2415
vn -0.9880 -0.0000 -0.1546
vn -0.7569 -0.6428 -0.1184
vn -0.4979 -0.8571 -0.1321
vn -0.4939 -0.8661 -0.0773
vn 0.1458 -0.9886 0.0388
vn 0.1715 -0.9848 0.0270
vn 0.7297 -0.6558 0.1936
vn 0.7568 -0.6428 0.1184
vn 0.9666 -0.0000 0.2564
vn 0.9284 -0.3421 0.1453
vn 0.6702 0.6569 0.3454
vn 0.1325 0.9888 0.0683
vn -0.4587 0.8566 -0.2364
vn -0.8373 0.3358 -0.4315
vn -0.8373 -0.3358 -0.4314
vn -0.4588 -0.8565 -0.2364
vn 0.1324 -0.9888 0.0682
vn 0.6702 -0.6569 0.3453
vn 0.8890 -0.0000 0.4580
vn 0.5628 0.6593 0.4986
vn 0.1084 0.9896 0.0950
vn -0.3889 0.8541 -0.3454
vn -0.7056 0.3339 -0.6250
vn -0.7057 -0.3338 -0.6249
vn -0.3889 -0.8541 -0.3455
vn 0.1083 -0.9896 0.0949
vn 0.5629 -0.6592 0.4986
vn 0.7483 -0.0000 0.6634
vn 0.3951 0.6586 0.6404
vn 0.0741 0.9901 0.1192
vn -0.2741 0.8503 -0.4493
vn -0.4921 0.3305 -0.8053
vn -0.4922 -0.3304 -0.8053
vn -0.2741 -0.8504 -0.4492
vn 0.0741 -0.9901 0.1193
vn 0.3951 -0.6587 0.6403
vn -0.5513 -0.0000 0.8343
vn -0.5812 0.6539 0.4843
vn -0.4085 0.6725 0.6172
vn -0.1187 0.9880 0.0985
vn -0.0707 0.9918 0.1067
vn 0.3943 0.8585 -0.3279
vn 0.2907 0.8516 -0.4363
vn 0.7243 0.3370 -0.6016
vn 0.5229 0.3341 -0.7842
vn 0.7242 -0.3371 -0.6015
vn 0.5229 -0.3342 -0.7841
vn 0.3943 -0.8585 -0.3278
vn 0.2905 -0.8516 -0.4363
vn -0.1186 -0.9880 0.0987
vn -0.0707 -0.9918 0.1067
vn -0.5813 -0.6539 0.4843
vn -0.4084 -0.6726 0.6171
vn -0.7682 -0.0000 0.6402
vn -0.5959 0.6349 0.4918
vn -0.1473 0.9816 0.1215
vn 0.3740 0.8746 -0.3085
vn 0.7229 0.3489 -0.5964
vn 0.7229 -0.3489 -0.5964
vn 0.3741 -0.8745 -0.3087
vn -0.1472 -0.9816 0.1216
vn -0.5960 -0.6349 0.4917
vn -0.7714 -0.0000 0.6364
vn -0.3895 0.6256 0.6760
vn -0.1122 0.9747 0.1933
vn 0.2218 0.8966 -0.3832
vn 0.4665 0.3717 -0.8026
vn 0.4665 -0.3719 -0.8025
vn 0.2219 -0.8966 -0.3833
vn -0.1122 -0.9747 0.1933
vn -0.3895 -0.6256 0.6759
vn -0.4989 -0.0001 0.8667
vn 0.0252 0.6276 0.7781
vn 0.0029 0.9746 0.2239
vn -0.0066 0.8952 -0.4457
vn -0.0030 0.3692 -0.9293
vn -0.0028 -0.3692 -0.9293
vn -0.0067 -0.8951 -0.4457
vn 0.0029 -0.9745 0.2242
vn 0.0218 -0.6240 0.7811
vn 0.0312 -0.0000 0.9995
vn 0.4112 0.6236 0.6649
vn 0.1147 0.9748 0.1912
vn -0.2320 0.8944 -0.3824
vn -0.4745 0.3690 -0.7992
vn -0.4745 -0.3689 -0.7992
vn -0.2319 -0.8943 -0.3826
vn 0.1146 -0.9748 0.1912
vn 0.4110 -0.6236 0.6650
vn 0.5283 -0.0001 0.8490
vn 0.6607 0.6208 0.4221
vn 0.1838 0.9764 0.1131
vn -0.3946 0.8834 -0.2528
vn -0.7899 0.3546 -0.5003
vn -0.7901 -0.3545 -0.5002
vn -0.3947 -0.8834 -0.2527
vn 0.1837 -0.9764 0.1132
vn 0.6607 -0.6206 0.4223
vn 0.8409 -0.0002 0.5411
vn 0.7689 0.6230 0.1435
vn 0.2084 0.9770 0.0444
vn -0.4614 0.8831 -0.0855
vn -0.9178 0.3549 -0.1781
vn -0.9177 -0.3549 -0.1783
vn -0.4613 -0.8831 -0.0857
vn 0.2085 -0.9770 0.0446
vn 0.7688 -0.6232 0.1436
vn 0.9839 -0.0001 0.1789
vn 0.7659 0.6429 -0.0000
vn 0.1736 0.9848 -0.0000
vn -0.5000 0.8660 -0.0000
vn -0.9397 0.3420 0.0001
vn -0.9397 -0.3420 -0.0000
vn -0.5003 -0.8659 -0.0001
vn 0.1736 -0.9848 0.0001
vn 0.7660 -0.6428 -0.0001
vn 1.0000 -0.0000 -0.0000
vn -0.1546 0.0001 0.9880
vn -0.1547 0.0001 0.9880
vn -0.0000 -0.0000 -1.0000
vn 0.0001 -0.0000 -1.0000
vn 0.5257 -0.0001 0.8507
vn 0.1498 0.6660 0.7308
vn 0.0225 0.9914 0.1292
vn -0.1045 0.8486 -0.5187
vn -0.1781 0.3304 -0.9269
vn -0.1780 -0.3303 -0.9269
vn -0.1045 -0.8486 -0.5186
vn 0.0224 -0.9914 0.1290
vn 0.1498 -0.6659 0.7308
vn 0.2042 0.0001 0.9789
vn -0.1388 0.6702 0.7291
vn -0.0264 0.9915 0.1276
vn 0.0994 0.8517 -0.5145
vn 0.1838 0.3338 -0.9246
vn 0.1837 -0.3339 -0.9245
vn 0.0994 -0.8517 -0.5145
vn -0.0265 -0.9914 0.1278
vn -0.1361 -0.6739 0.7262
vn -0.1848 -0.0000 0.9828
vn -0.1548 0.0001 0.9879
vn -0.0001 -0.0000 -1.0000
vt 0.989622 0.035527
vt 0.930199 0.027511
vt 0.990069 0.028162
vt 0.931337 0.018862
vt 0.991509 0.020565
vt 0.932609 0.010351
vt 0.993133 0.012634
vt 0.933250 0.002023
vt 0.994036 0.004474
vt 0.997609 0.074856
vt 0.935771 0.070788
vt 0.996616 0.066592
vt 0.934229 0.062324
vt 0.994773 0.058375
vt 0.932297 0.053706
vt 0.992466 0.050453
vt 0.930643 0.044989
vt 0.990508 0.042880
vt 0.929871 0.036239
vt 0.880516 0.027763
vt 0.881230 0.019116
vt 0.882013 0.010626
vt 0.882340 0.002312
vt 0.936519 0.079080
vt 0.884374 0.071086
vt 0.883318 0.062623
vt 0.881998 0.054015
vt 0.880870 0.045292
vt 0.880329 0.036514
vt 0.837664 0.027886
vt 0.838381 0.019185
vt 0.839166 0.010674
vt 0.839532 0.002355
vt 0.884826 0.079392
vt 0.840857 0.071720
vt 0.839991 0.063162
vt 0.838854 0.054453
vt 0.837879 0.045621
vt 0.837438 0.036731
vt 0.788760 0.028009
vt 0.789247 0.019384
vt 0.789788 0.010988
vt 0.790068 0.002728
vt 0.790638 0.080122
vt 0.841161 0.080069
vt 0.790497 0.071758
vt 0.790002 0.063212
vt 0.789348 0.054557
vt 0.788800 0.045754
vt 0.670417 0.036283
vt 0.627443 0.028109
vt 0.670014 0.027060
vt 0.625154 0.020441
vt 0.668661 0.017915
vt 0.622633 0.012565
vt 0.667185 0.008999
vt 0.621341 0.004467
vt 0.666436 0.000500
vt 0.662616 0.080627
vt 0.617867 0.066642
vt 0.663541 0.072323
vt 0.620528 0.058592
vt 0.665311 0.063671
vt 0.623963 0.050788
vt 0.667564 0.054685
vt 0.626906 0.043183
vt 0.669511 0.045513
vt 0.628208 0.035659
vt 0.343840 0.027580
vt 0.341355 0.018375
vt 0.338645 0.009640
vt 0.337409 0.001282
vt 0.616680 0.074834
vt 0.333859 0.073113
vt 0.336606 0.064682
vt 0.340220 0.055894
vt 0.343330 0.046662
vt 0.344692 0.037117
vt 0.279316 0.027993
vt 0.277764 0.019727
vt 0.276087 0.011368
vt 0.275304 0.003060
vt 0.332778 0.081374
vt 0.272864 0.069295
vt 0.274658 0.060951
vt 0.276980 0.052557
vt 0.278969 0.044284
vt 0.279843 0.036140
vt 0.237751 0.027653
vt 0.237811 0.019647
vt 0.237937 0.011433
vt 0.238110 0.003174
vt 0.272077 0.077522
vt 0.237233 0.069014
vt 0.237392 0.060402
vt 0.237512 0.051827
vt 0.237620 0.043509
vt 0.237701 0.035516
vt 0.195548 0.028031
vt 0.196445 0.019857
vt 0.197470 0.011725
vt 0.198058 0.003531
vt 0.237047 0.077413
vt 0.198799 0.069022
vt 0.197904 0.060696
vt 0.196693 0.052577
vt 0.195664 0.044498
vt 0.195230 0.036292
vt 0.152528 0.027562
vt 0.153084 0.019271
vt 0.153665 0.011049
vt 0.153842 0.002826
vt 0.199047 0.077352
vt 0.155974 0.069844
vt 0.154975 0.061421
vt 0.153815 0.052975
vt 0.152852 0.044492
vt 0.152391 0.035989
vt 0.096949 0.027809
vt 0.099661 0.018947
vt 0.102650 0.010542
vt 0.104215 0.002336
vt 0.156619 0.078153
vt 0.107507 0.071659
vt 0.104637 0.063462
vt 0.100794 0.055078
vt 0.097464 0.046187
vt 0.096008 0.036992
vt 0.005418 0.027865
vt 0.007795 0.019022
vt 0.010374 0.010329
vt 0.011546 0.001879
vt 0.108429 0.079916
vt 0.015327 0.072744
vt 0.012594 0.063944
vt 0.009052 0.054992
vt 0.005987 0.046102
vt 0.004618 0.036981
vt 0.127120 0.793927
vt 0.115286 0.814424
vt 0.107563 0.801046
vt 0.939264 0.510075
vt 0.918768 0.498241
vt 0.932146 0.490517
vt 0.788578 0.036850
vt 0.740970 0.027700
vt 0.740392 0.018866
vt 0.739749 0.010293
vt 0.739342 0.001946
vt 0.738661 0.080276
vt 0.738695 0.071998
vt 0.739245 0.063534
vt 0.740066 0.054827
vt 0.740816 0.045870
vt 0.741154 0.036757
vt 0.705219 0.027620
vt 0.704405 0.018750
vt 0.703518 0.010218
vt 0.703122 0.001935
vt 0.700947 0.080454
vt 0.701241 0.072158
vt 0.702282 0.063683
vt 0.703659 0.054933
vt 0.704875 0.045916
vt 0.705448 0.036747
vt 0.016371 0.081101
vt 0.111672 0.793927
vt 0.119396 0.791116
vt 0.131230 0.801046
vt 0.129803 0.809141
vt 0.123506 0.814424
vt 0.108990 0.809141
vt 0.939264 0.494627
vt 0.942076 0.502351
vt 0.932146 0.514185
vt 0.924051 0.512757
vt 0.918768 0.506461
vt 0.924051 0.491945
s 1
usemtl Chandelier02
f 1250/1908/900 1260/1909/901 1251/1910/902
f 1251/1910/902 1261/1911/903 1252/1912/904
f 1252/1912/904 1262/1913/905 1253/1914/906
f 1253/1914/906 1263/1915/907 1254/1916/908
f 1254/1917/908 1264/1918/909 1255/1919/910
f 1255/1919/911 1265/1920/912 1256/1921/913
f 1256/1921/913 1266/1922/914 1257/1923/915
f 1257/1923/915 1267/1924/916 1258/1925/917
f 1258/1925/917 1259/1926/918 1250/1908/919
f 1259/1926/918 1269/1927/920 1260/1909/901
f 1260/1909/901 1270/1928/921 1261/1911/903
f 1261/1911/903 1271/1929/922 1262/1913/905
f 1262/1913/905 1272/1930/923 1263/1915/907
f 1263/1931/907 1273/1932/924 1264/1918/909
f 1264/1918/909 1274/1933/925 1265/1920/912
f 1265/1920/912 1275/1934/926 1266/1922/914
f 1266/1922/914 1276/1935/927 1267/1924/916
f 1267/1924/916 1268/1936/928 1259/1926/918
f 1268/1936/928 1278/1937/929 1269/1927/920
f 1269/1927/920 1279/1938/930 1270/1928/921
f 1270/1928/921 1280/1939/931 1271/1929/922
f 1271/1929/922 1281/1940/932 1272/1930/923
f 1272/1941/923 1282/1942/933 1273/1932/924
f 1273/1932/924 1283/1943/934 1274/1933/925
f 1274/1933/925 1284/1944/935 1275/1934/926
f 1275/1934/926 1285/1945/936 1276/1935/927
f 1276/1935/927 1277/1946/937 1268/1936/928
f 1277/1946/937 1369/1947/938 1278/1937/929
f 1278/1937/929 1368/1948/939 1279/1938/930
f 1279/1938/930 1367/1949/940 1280/1939/931
f 1280/1939/931 1375/1950/941 1281/1940/932
f 1375/1951/941 1282/1942/933 1281/1952/932
f 1374/1953/942 1283/1943/934 1282/1942/933
f 1373/1954/943 1284/1944/935 1283/1943/934
f 1372/1955/944 1285/1945/936 1284/1944/935
f 1371/1956/945 1277/1946/937 1285/1945/936
f 1286/1957/946 1296/1958/947 1287/1959/948
f 1287/1959/948 1297/1960/949 1288/1961/950
f 1288/1961/950 1298/1962/951 1289/1963/952
f 1289/1963/952 1299/1964/953 1290/1965/954
f 1290/1966/954 1300/1967/955 1291/1968/956
f 1291/1968/956 1301/1969/957 1292/1970/958
f 1292/1970/958 1302/1971/959 1293/1972/960
f 1293/1972/960 1303/1973/961 1294/1974/962
f 1294/1974/962 1295/1975/963 1286/1957/946
f 1295/1975/963 1305/1976/964 1296/1958/947
f 1296/1958/947 1306/1977/965 1297/1960/949
f 1297/1960/949 1307/1978/966 1298/1962/951
f 1298/1962/951 1308/1979/967 1299/1964/953
f 1299/1980/953 1309/1981/968 1300/1967/955
f 1300/1967/955 1310/1982/969 1301/1969/957
f 1301/1969/957 1311/1983/970 1302/1971/959
f 1302/1971/959 1312/1984/971 1303/1973/961
f 1303/1973/961 1304/1985/972 1295/1975/963
f 1304/1985/972 1314/1986/973 1305/1976/964
f 1305/1976/964 1315/1987/974 1306/1977/965
f 1306/1977/965 1316/1988/975 1307/1978/966
f 1307/1978/966 1317/1989/976 1308/1979/967
f 1308/1990/967 1318/1991/977 1309/1981/968
f 1309/1981/968 1319/1992/978 1310/1982/969
f 1310/1982/969 1320/1993/979 1311/1983/970
f 1311/1983/970 1321/1994/980 1312/1984/971
f 1312/1984/971 1313/1995/981 1304/1985/972
f 1313/1995/981 1323/1996/982 1314/1986/973
f 1314/1986/973 1324/1997/983 1315/1987/974
f 1315/1987/974 1325/1998/984 1316/1988/975
f 1316/1988/975 1326/1999/985 1317/1989/976
f 1317/2000/976 1327/2001/986 1318/1991/977
f 1318/1991/977 1328/2002/987 1319/1992/978
f 1319/1992/978 1329/2003/988 1320/1993/979
f 1320/1993/979 1330/2004/989 1321/1994/980
f 1321/1994/980 1322/2005/990 1313/1995/981
f 1322/2005/990 1332/2006/991 1323/1996/982
f 1323/1996/982 1333/2007/992 1324/1997/983
f 1324/1997/983 1334/2008/993 1325/1998/984
f 1325/1998/984 1335/2009/994 1326/1999/985
f 1326/2010/985 1336/2011/995 1327/2001/986
f 1327/2001/986 1337/2012/996 1328/2002/987
f 1328/2002/987 1338/2013/997 1329/2003/988
f 1329/2003/988 1339/2014/998 1330/2004/989
f 1330/2004/989 1331/2015/999 1322/2005/990
f 1331/2015/999 1341/2016/1000 1332/2006/991
f 1332/2006/991 1342/2017/1001 1333/2007/992
f 1333/2007/992 1343/2018/1002 1334/2008/993
f 1334/2008/993 1344/2019/1003 1335/2009/994
f 1335/2020/994 1345/2021/1004 1336/2011/995
f 1336/2011/995 1346/2022/1005 1337/2012/996
f 1337/2012/996 1347/2023/1006 1338/2013/997
f 1338/2013/997 1348/2024/1007 1339/2014/998
f 1339/2014/998 1340/2025/1008 1331/2015/999
f 1340/2025/1008 1350/2026/1009 1341/2016/1000
f 1341/2016/1000 1351/2027/1010 1342/2017/1001
f 1342/2017/1001 1352/2028/1011 1343/2018/1002
f 1343/2018/1002 1353/2029/1012 1344/2019/1003
f 1344/2030/1003 1354/2031/1013 1345/2021/1004
f 1345/2021/1004 1355/2032/1014 1346/2022/1005
f 1346/2022/1005 1356/2033/1015 1347/2023/1006
f 1347/2023/1006 1357/2034/1016 1348/2024/1007
f 1348/2024/1007 1349/2035/1017 1340/2025/1008
f 1349/2035/1017 1359/2036/1018 1350/2026/1009
f 1350/2026/1009 1360/2037/1019 1351/2027/1010
f 1351/2027/1010 1361/2038/1020 1352/2028/1011
f 1352/2028/1011 1362/2039/1021 1353/2029/1012
f 1353/2040/1012 1363/2041/1022 1354/2031/1013
f 1354/2031/1013 1364/2042/1023 1355/2032/1014
f 1355/2032/1014 1365/2043/1024 1356/2033/1015
f 1356/2033/1015 1366/2044/1025 1357/2034/1016
f 1357/2034/1016 1358/2045/1026 1349/2035/1017
f 1251/2046/1027 1255/2047/1028 1257/2048/1027
f 1366/2049/1029 1362/2050/1030 1360/2051/1029
f 1370/2052/1031 1378/2053/1032 1369/1947/938
f 1369/1947/938 1377/2054/1033 1368/1948/939
f 1368/1948/939 1376/2055/1034 1367/1949/940
f 1367/1949/940 1384/2056/1035 1375/1950/941
f 1384/2057/1035 1374/1953/942 1375/1951/941
f 1383/2058/1036 1373/1954/943 1374/1953/942
f 1382/2059/1037 1372/1955/944 1373/1954/943
f 1381/2060/1038 1371/1956/945 1372/1955/944
f 1380/2061/1039 1370/2052/1031 1371/1956/945
f 1379/2062/1040 1387/2063/1041 1378/2053/1032
f 1378/2053/1032 1386/2064/1042 1377/2054/1033
f 1377/2054/1033 1385/2065/1043 1376/2055/1034
f 1376/2055/1034 1393/2066/1044 1384/2056/1035
f 1393/2067/1044 1383/2058/1036 1384/2057/1035
f 1392/2068/1045 1382/2059/1037 1383/2058/1036
f 1391/2069/1046 1381/2060/1038 1382/2059/1037
f 1390/2070/1047 1380/2061/1039 1381/2060/1038
f 1389/2071/1048 1379/2062/1040 1380/2061/1039
f 1286/1957/946 1387/2063/1041 1388/2072/1049
f 1287/1959/948 1386/2064/1042 1387/2063/1041
f 1288/1961/950 1385/2065/1043 1386/2064/1042
f 1289/1963/952 1393/2066/1044 1385/2065/1043
f 1290/1966/954 1392/2068/1045 1393/2067/1044
f 1392/2068/1045 1292/1970/958 1391/2069/1046
f 1391/2069/1046 1293/1972/960 1390/2070/1047
f 1390/2070/1047 1294/1974/962 1389/2071/1048
f 1389/2071/1048 1286/1957/946 1388/2072/1049
f 1250/1908/900 1259/1926/918 1260/1909/901
f 1251/1910/902 1260/1909/901 1261/1911/903
f 1252/1912/904 1261/1911/903 1262/1913/905
f 1253/1914/906 1262/1913/905 1263/1915/907
f 1254/1917/908 1263/1931/907 1264/1918/909
f 1255/1919/911 1264/1918/909 1265/1920/912
f 1256/1921/913 1265/1920/912 1266/1922/914
f 1257/1923/915 1266/1922/914 1267/1924/916
f 1258/1925/917 1267/1924/916 1259/1926/918
f 1259/1926/918 1268/1936/928 1269/1927/920
f 1260/1909/901 1269/1927/920 1270/1928/921
f 1261/1911/903 1270/1928/921 1271/1929/922
f 1262/1913/905 1271/1929/922 1272/1930/923
f 1263/1931/907 1272/1941/923 1273/1932/924
f 1264/1918/909 1273/1932/924 1274/1933/925
f 1265/1920/912 1274/1933/925 1275/1934/926
f 1266/1922/914 1275/1934/926 1276/1935/927
f 1267/1924/916 1276/1935/927 1268/1936/928
f 1268/1936/928 1277/1946/937 1278/1937/929
f 1269/1927/920 1278/1937/929 1279/1938/930
f 1270/1928/921 1279/1938/930 1280/1939/931
f 1271/1929/922 1280/1939/931 1281/1940/932
f 1272/1941/923 1281/1952/932 1282/1942/933
f 1273/1932/924 1282/1942/933 1283/1943/934
f 1274/1933/925 1283/1943/934 1284/1944/935
f 1275/1934/926 1284/1944/935 1285/1945/936
f 1276/1935/927 1285/1945/936 1277/1946/937
f 1277/1946/937 1370/2052/1031 1369/1947/938
f 1278/1937/929 1369/1947/938 1368/1948/939
f 1279/1938/930 1368/1948/939 1367/1949/940
f 1280/1939/931 1367/1949/940 1375/1950/941
f 1375/1951/941 1374/1953/942 1282/1942/933
f 1374/1953/942 1373/1954/943 1283/1943/934
f 1373/1954/943 1372/1955/944 1284/1944/935
f 1372/1955/944 1371/1956/945 1285/1945/936
f 1371/1956/945 1370/2052/1031 1277/1946/937
f 1286/1957/946 1295/1975/963 1296/1958/947
f 1287/1959/948 1296/1958/947 1297/1960/949
f 1288/1961/950 1297/1960/949 1298/1962/951
f 1289/1963/952 1298/1962/951 1299/1964/953
f 1290/1966/954 1299/1980/953 1300/1967/955
f 1291/1968/956 1300/1967/955 1301/1969/957
f 1292/1970/958 1301/1969/957 1302/1971/959
f 1293/1972/960 1302/1971/959 1303/1973/961
f 1294/1974/962 1303/1973/961 1295/1975/963
f 1295/1975/963 1304/1985/972 1305/1976/964
f 1296/1958/947 1305/1976/964 1306/1977/965
f 1297/1960/949 1306/1977/965 1307/1978/966
f 1298/1962/951 1307/1978/966 1308/1979/967
f 1299/1980/953 1308/1990/967 1309/1981/968
f 1300/1967/955 1309/1981/968 1310/1982/969
f 1301/1969/957 1310/1982/969 1311/1983/970
f 1302/1971/959 1311/1983/970 1312/1984/971
f 1303/1973/961 1312/1984/971 1304/1985/972
f 1304/1985/972 1313/1995/981 1314/1986/973
f 1305/1976/964 1314/1986/973 1315/1987/974
f 1306/1977/965 1315/1987/974 1316/1988/975
f 1307/1978/966 1316/1988/975 1317/1989/976
f 1308/1990/967 1317/2000/976 1318/1991/977
f 1309/1981/968 1318/1991/977 1319/1992/978
f 1310/1982/969 1319/1992/978 1320/1993/979
f 1311/1983/970 1320/1993/979 1321/1994/980
f 1312/1984/971 1321/1994/980 1313/1995/981
f 1313/1995/981 1322/2005/990 1323/1996/982
f 1314/1986/973 1323/1996/982 1324/1997/983
f 1315/1987/974 1324/1997/983 1325/1998/984
f 1316/1988/975 1325/1998/984 1326/1999/985
f 1317/2000/976 1326/2010/985 1327/2001/986
f 1318/1991/977 1327/2001/986 1328/2002/987
f 1319/1992/978 1328/2002/987 1329/2003/988
f 1320/1993/979 1329/2003/988 1330/2004/989
f 1321/1994/980 1330/2004/989 1322/2005/990
f 1322/2005/990 1331/2015/999 1332/2006/991
f 1323/1996/982 1332/2006/991 1333/2007/992
f 1324/1997/983 1333/2007/992 1334/2008/993
f 1325/1998/984 1334/2008/993 1335/2009/994
f 1326/2010/985 1335/2020/994 1336/2011/995
f 1327/2001/986 1336/2011/995 1337/2012/996
f 1328/2002/987 1337/2012/996 1338/2013/997
f 1329/2003/988 1338/2013/997 1339/2014/998
f 1330/2004/989 1339/2014/998 1331/2015/999
f 1331/2015/999 1340/2025/1008 1341/2016/1000
f 1332/2006/991 1341/2016/1000 1342/2017/1001
f 1333/2007/992 1342/2017/1001 1343/2018/1002
f 1334/2008/993 1343/2018/1002 1344/2019/1003
f 1335/2020/994 1344/2030/1003 1345/2021/1004
f 1336/2011/995 1345/2021/1004 1346/2022/1005
f 1337/2012/996 1346/2022/1005 1347/2023/1006
f 1338/2013/997 1347/2023/1006 1348/2024/1007
f 1339/2014/998 1348/2024/1007 1340/2025/1008
f 1340/2025/1008 1349/2035/1017 1350/2026/1009
f 1341/2016/1000 1350/2026/1009 1351/2027/1010
f 1342/2017/1001 1351/2027/1010 1352/2028/1011
f 1343/2018/1002 1352/2028/1011 1353/2029/1012
f 1344/2030/1003 1353/2040/1012 1354/2031/1013
f 1345/2021/1004 1354/2031/1013 1355/2032/1014
f 1346/2022/1005 1355/2032/1014 1356/2033/1015
f 1347/2023/1006 1356/2033/1015 1357/2034/1016
f 1348/2024/1007 1357/2034/1016 1349/2035/1017
f 1349/2035/1017 1358/2045/1026 1359/2036/1018
f 1350/2026/1009 1359/2036/1018 1360/2037/1019
f 1351/2027/1010 1360/2037/1019 1361/2038/1020
f 1352/2028/1011 1361/2038/1020 1362/2039/1021
f 1353/2040/1012 1362/2073/1021 1363/2041/1022
f 1354/2031/1013 1363/2041/1022 1364/2042/1023
f 1355/2032/1014 1364/2042/1023 1365/2043/1024
f 1356/2033/1015 1365/2043/1024 1366/2044/1025
f 1357/2034/1016 1366/2044/1025 1358/2045/1026
f 1258/2074/1028 1250/2075/1050 1251/2046/1027
f 1251/2046/1027 1252/2076/1028 1253/2077/1028
f 1253/2077/1028 1254/2078/1027 1255/2047/1028
f 1255/2047/1028 1256/2079/1028 1257/2048/1027
f 1257/2048/1027 1258/2074/1028 1251/2046/1027
f 1251/2046/1027 1253/2077/1028 1255/2047/1028
f 1359/2080/1029 1358/2081/1051 1366/2049/1029
f 1366/2049/1029 1365/2082/1030 1364/2083/1029
f 1364/2083/1029 1363/2084/1029 1362/2050/1030
f 1362/2050/1030 1361/2085/1051 1360/2051/1029
f 1360/2051/1029 1359/2080/1029 1366/2049/1029
f 1366/2049/1029 1364/2083/1029 1362/2050/1030
f 1370/2052/1031 1379/2062/1040 1378/2053/1032
f 1369/1947/938 1378/2053/1032 1377/2054/1033
f 1368/1948/939 1377/2054/1033 1376/2055/1034
f 1367/1949/940 1376/2055/1034 1384/2056/1035
f 1384/2057/1035 1383/2058/1036 1374/1953/942
f 1383/2058/1036 1382/2059/1037 1373/1954/943
f 1382/2059/1037 1381/2060/1038 1372/1955/944
f 1381/2060/1038 1380/2061/1039 1371/1956/945
f 1380/2061/1039 1379/2062/1040 1370/2052/1031
f 1379/2062/1040 1388/2072/1049 1387/2063/1041
f 1378/2053/1032 1387/2063/1041 1386/2064/1042
f 1377/2054/1033 1386/2064/1042 1385/2065/1043
f 1376/2055/1034 1385/2065/1043 1393/2066/1044
f 1393/2067/1044 1392/2068/1045 1383/2058/1036
f 1392/2068/1045 1391/2069/1046 1382/2059/1037
f 1391/2069/1046 1390/2070/1047 1381/2060/1038
f 1390/2070/1047 1389/2071/1048 1380/2061/1039
f 1389/2071/1048 1388/2072/1049 1379/2062/1040
f 1286/1957/946 1287/1959/948 1387/2063/1041
f 1287/1959/948 1288/1961/950 1386/2064/1042
f 1288/1961/950 1289/1963/952 1385/2065/1043
f 1289/1963/952 1290/1965/954 1393/2066/1044
f 1290/1966/954 1291/1968/956 1392/2068/1045
f 1392/2068/1045 1291/1968/956 1292/1970/958
f 1391/2069/1046 1292/1970/958 1293/1972/960
f 1390/2070/1047 1293/1972/960 1294/1974/962
f 1389/2071/1048 1294/1974/962 1286/1957/946
o ChandelierArmA005
v -1.920177 6.989256 -0.000001
v -1.839277 7.001921 -0.224977
v -1.634434 7.033988 -0.344684
v -1.401494 7.070455 -0.303110
v -1.249453 7.094256 -0.119708
v -1.249453 7.094256 0.119706
v -1.401494 7.070455 0.303107
v -1.634434 7.033988 0.344681
v -1.839277 7.001921 0.224974
v -2.186442 8.690117 -0.000002
v -2.106865 8.711225 -0.224977
v -1.905367 8.764672 -0.344684
v -1.676233 8.825451 -0.303110
v -1.526677 8.865121 -0.119708
v -1.526677 8.865121 0.119706
v -1.676233 8.825451 0.303107
v -1.905368 8.764672 0.344681
v -2.106865 8.711225 0.224974
v -2.681939 9.993464 -0.000002
v -2.608686 10.031208 -0.224977
v -2.423204 10.126781 -0.344684
v -2.212282 10.235464 -0.303110
v -2.074612 10.306402 -0.119709
v -2.074612 10.306402 0.119705
v -2.212282 10.235464 0.303107
v -2.423204 10.126781 0.344681
v -2.608687 10.031208 0.224974
v -3.337124 10.975639 -0.000002
v -3.274146 11.028788 -0.224977
v -3.114680 11.163363 -0.344684
v -2.933342 11.316395 -0.303111
v -2.814982 11.416279 -0.119709
v -2.814982 11.416279 0.119705
v -2.933342 11.316395 0.303107
v -3.114680 11.163362 0.344681
v -3.274146 11.028788 0.224974
v -7.375218 12.002600 -0.000002
v -7.421762 12.072403 -0.224978
v -7.539613 12.249149 -0.344685
v -7.673630 12.450140 -0.303111
v -7.761103 12.581326 -0.119710
v -7.761103 12.581326 0.119704
v -7.673630 12.450139 0.303106
v -7.539614 12.249149 0.344680
v -7.421762 12.072402 0.224973
v -8.219060 11.156914 -0.000002
v -8.282640 11.208906 -0.224978
v -8.443633 11.340556 -0.344685
v -8.626707 11.490263 -0.303111
v -8.746200 11.587978 -0.119710
v -8.746200 11.587978 0.119704
v -8.626707 11.490263 0.303106
v -8.443633 11.340555 0.344680
v -8.282640 11.208906 0.224973
v -12.929810 4.347239 -0.000001
v -12.993209 4.399528 -0.224977
v -13.153742 4.531925 -0.344684
v -13.336294 4.682482 -0.303110
v -13.455446 4.780751 -0.119708
v -13.455446 4.780751 0.119706
v -13.336294 4.682482 0.303107
v -13.153742 4.531925 0.344681
v -12.993209 4.399528 0.224974
v -14.318926 2.927478 -0.000001
v -14.360863 3.001703 -0.224977
v -14.467051 3.189647 -0.344684
v -14.587803 3.403369 -0.303110
v -14.666619 3.542866 -0.119708
v -14.666619 3.542866 0.119706
v -14.587804 3.403369 0.303108
v -14.467051 3.189647 0.344681
v -14.360863 3.001703 0.224974
v -15.644431 2.590497 -0.000001
v -15.637809 2.676208 -0.224977
v -15.621038 2.893235 -0.344684
v -15.601968 3.140029 -0.303110
v -15.589520 3.301112 -0.119708
v -15.589520 3.301112 0.119706
v -15.601968 3.140029 0.303108
v -15.621038 2.893235 0.344682
v -15.637809 2.676208 0.224974
v -16.964785 3.009229 -0.000001
v -16.918230 3.076849 -0.224977
v -16.800350 3.248065 -0.344684
v -16.666302 3.442766 -0.303110
v -16.578808 3.569849 -0.119708
v -16.578808 3.569849 0.119706
v -16.666302 3.442766 0.303108
v -16.800350 3.248065 0.344681
v -16.918230 3.076848 0.224974
v -17.923218 4.000019 -0.000001
v -17.857525 4.049479 -0.224977
v -17.691185 4.174713 -0.344684
v -17.502033 4.317125 -0.303110
v -17.378571 4.410078 -0.119709
v -17.378571 4.410078 0.119706
v -17.502033 4.317125 0.303107
v -17.691185 4.174713 0.344681
v -17.857525 4.049479 0.224974
v -18.549862 5.621454 -0.000002
v -18.467979 5.626450 -0.224977
v -18.260639 5.639102 -0.344684
v -18.024864 5.653489 -0.303111
v -17.870972 5.662879 -0.119709
v -17.870972 5.662879 0.119705
v -18.024864 5.653489 0.303107
v -18.260639 5.639102 0.344681
v -18.467979 5.626450 0.224974
v -18.549864 8.319406 -0.000003
v -18.467979 8.319406 -0.224979
v -18.260639 8.319406 -0.344686
v -18.024864 8.319406 -0.303112
v -17.870972 8.319406 -0.119710
v -17.870972 8.319406 0.119704
v -18.024864 8.319406 0.303106
v -18.260639 8.319406 0.344679
v -18.467979 8.319406 0.224972
v -4.074121 12.294543 -0.303111
v -4.199667 12.094698 -0.344685
v -4.310070 11.918958 -0.224978
v -4.353672 11.849552 -0.000002
v -4.310070 11.918958 0.224974
v -4.199667 12.094698 0.344681
v -4.074121 12.294543 0.303107
v -3.992177 12.424982 0.119705
v -3.992177 12.424983 -0.119709
v -5.491583 12.876916 -0.303111
v -5.514641 12.640482 -0.344685
v -5.534922 12.432565 -0.224978
v -5.542932 12.350451 -0.000002
v -5.534922 12.432565 0.224973
v -5.514641 12.640482 0.344680
v -5.491583 12.876916 0.303107
v -5.476535 13.031237 0.119705
v -5.476535 13.031237 -0.119709
v -6.625482 12.875515 -0.303111
v -6.566520 12.641924 -0.344685
v -6.514676 12.436510 -0.224978
v -6.494202 12.355387 -0.000002
v -6.514676 12.436510 0.224973
v -6.566520 12.641924 0.344680
v -6.625482 12.875515 0.303106
v -6.663970 13.027983 0.119705
v -6.663970 13.027982 -0.119709
vn 0.9284 0.3420 0.1453
vn 0.7297 0.6558 0.1935
vn 0.7568 0.6428 0.1185
vn 0.1457 0.9886 0.0386
vn 0.1716 0.9848 0.0268
vn -0.4978 0.8572 -0.1321
vn -0.4943 0.8658 -0.0776
vn -0.9103 0.3362 -0.2415
vn -0.9284 0.3420 -0.1454
vn -0.9103 -0.3361 -0.2415
vn -0.9880 -0.0000 -0.1546
vn -0.7568 -0.6428 -0.1184
vn -0.4979 -0.8571 -0.1321
vn -0.4940 -0.8660 -0.0774
vn 0.1487 -0.9881 0.0391
vn 0.1715 -0.9848 0.0268
vn 0.7298 -0.6557 0.1935
vn 0.7569 -0.6427 0.1185
vn 0.9666 0.0001 0.2564
vn 0.9284 -0.3421 0.1454
vn 0.6702 0.6570 0.3453
vn 0.1324 0.9889 0.0682
vn -0.4588 0.8565 -0.2364
vn -0.8374 0.3357 -0.4313
vn -0.8373 -0.3359 -0.4314
vn -0.4589 -0.8565 -0.2364
vn 0.1324 -0.9888 0.0682
vn 0.6702 -0.6570 0.3453
vn 0.8889 -0.0001 0.4581
vn 0.5628 0.6592 0.4987
vn 0.1082 0.9896 0.0949
vn -0.3889 0.8541 -0.3454
vn -0.7056 0.3340 -0.6249
vn -0.7056 -0.3340 -0.6250
vn -0.3890 -0.8541 -0.3453
vn 0.1082 -0.9896 0.0950
vn 0.5627 -0.6593 0.4986
vn 0.7483 0.0001 0.6634
vn 0.3950 0.6588 0.6403
vn 0.0740 0.9901 0.1194
vn -0.2742 0.8503 -0.4492
vn -0.4920 0.3306 -0.8054
vn -0.4921 -0.3305 -0.8054
vn -0.2742 -0.8504 -0.4491
vn 0.0738 -0.9901 0.1193
vn 0.3952 -0.6587 0.6403
vn -0.5513 -0.0000 0.8343
vn -0.5814 0.6538 0.4843
vn -0.4084 0.6725 0.6172
vn -0.1187 0.9880 0.0986
vn -0.0707 0.9918 0.1067
vn 0.3943 0.8585 -0.3279
vn 0.2908 0.8516 -0.4362
vn 0.7242 0.3370 -0.6017
vn 0.5229 0.3342 -0.7842
vn 0.7242 -0.3371 -0.6015
vn 0.5228 -0.3340 -0.7843
vn 0.3943 -0.8585 -0.3278
vn 0.2907 -0.8516 -0.4362
vn -0.1186 -0.9880 0.0986
vn -0.0708 -0.9918 0.1067
vn -0.5813 -0.6539 0.4843
vn -0.4084 -0.6726 0.6171
vn -0.7681 -0.0000 0.6403
vn -0.5959 0.6349 0.4917
vn -0.1473 0.9816 0.1215
vn 0.3740 0.8746 -0.3087
vn 0.7228 0.3490 -0.5965
vn 0.7228 -0.3490 -0.5964
vn 0.3741 -0.8746 -0.3085
vn -0.1472 -0.9816 0.1215
vn -0.5959 -0.6349 0.4918
vn -0.7713 -0.0000 0.6364
vn -0.3896 0.6256 0.6759
vn -0.1121 0.9747 0.1933
vn 0.2220 0.8966 -0.3833
vn 0.4665 0.3719 -0.8025
vn 0.4665 -0.3718 -0.8026
vn 0.2219 -0.8966 -0.3832
vn -0.1120 -0.9747 0.1934
vn -0.3897 -0.6255 0.6759
vn -0.4989 -0.0000 0.8667
vn 0.0217 0.6241 0.7810
vn 0.0028 0.9746 0.2241
vn -0.0066 0.8952 -0.4456
vn -0.0029 0.3691 -0.9294
vn -0.0029 -0.3690 -0.9294
vn -0.0066 -0.8952 -0.4456
vn 0.0030 -0.9746 0.2240
vn 0.0217 -0.6241 0.7810
vn 0.0312 -0.0000 0.9995
vn 0.4110 0.6237 0.6649
vn 0.1146 0.9748 0.1912
vn -0.2320 0.8944 -0.3824
vn -0.4744 0.3689 -0.7993
vn -0.4745 -0.3688 -0.7993
vn -0.2321 -0.8944 -0.3824
vn 0.1145 -0.9748 0.1912
vn 0.4111 -0.6237 0.6649
vn 0.5282 0.0001 0.8491
vn 0.6607 0.6207 0.4222
vn 0.1839 0.9764 0.1131
vn -0.3947 0.8833 -0.2528
vn -0.7900 0.3544 -0.5003
vn -0.7900 -0.3546 -0.5002
vn -0.3945 -0.8835 -0.2526
vn 0.1838 -0.9764 0.1131
vn 0.6607 -0.6207 0.4220
vn 0.8409 -0.0001 0.5412
vn 0.7689 0.6230 0.1435
vn 0.2086 0.9770 0.0443
vn -0.4611 0.8832 -0.0856
vn -0.9177 0.3549 -0.1784
vn -0.9178 -0.3548 -0.1783
vn -0.4614 -0.8831 -0.0855
vn 0.2085 -0.9770 0.0443
vn 0.7689 -0.6231 0.1436
vn 0.9839 -0.0000 0.1788
vn 0.7660 0.6428 -0.0000
vn 0.1737 0.9848 -0.0001
vn -0.5003 0.8659 -0.0002
vn -0.9397 0.3420 -0.0000
vn -0.9397 -0.3421 -0.0000
vn -0.5000 -0.8660 -0.0001
vn 0.1737 -0.9848 0.0001
vn 0.7661 -0.6428 -0.0001
vn 1.0000 -0.0000 -0.0000
vn -0.1546 -0.0000 0.9880
vn -0.1547 -0.0001 0.9880
vn -0.0000 -0.0000 -1.0000
vn 0.0001 -0.0000 -1.0000
vn 0.5257 -0.0001 0.8507
vn 0.1498 0.6659 0.7309
vn 0.0225 0.9914 0.1292
vn -0.1043 0.8486 -0.5186
vn -0.1780 0.3304 -0.9269
vn -0.1781 -0.3303 -0.9269
vn -0.1044 -0.8486 -0.5186
vn 0.0226 -0.9914 0.1292
vn 0.1497 -0.6660 0.7308
vn 0.2042 -0.0001 0.9789
vn -0.1387 0.6702 0.7291
vn -0.0264 0.9915 0.1278
vn 0.0996 0.8517 -0.5145
vn 0.1838 0.3339 -0.9245
vn 0.1836 -0.3339 -0.9245
vn 0.0995 -0.8517 -0.5145
vn -0.0264 -0.9915 0.1278
vn -0.1387 -0.6703 0.7290
vn -0.1847 -0.0001 0.9828
vn -0.0001 -0.0000 -1.0000
vt 0.989622 0.035527
vt 0.930199 0.027511
vt 0.990069 0.028162
vt 0.931337 0.018862
vt 0.991509 0.020565
vt 0.932609 0.010351
vt 0.993133 0.012634
vt 0.933250 0.002023
vt 0.994036 0.004474
vt 0.997609 0.074856
vt 0.935771 0.070788
vt 0.996616 0.066592
vt 0.934229 0.062324
vt 0.994773 0.058375
vt 0.932297 0.053706
vt 0.992466 0.050453
vt 0.930643 0.044989
vt 0.990508 0.042880
vt 0.929871 0.036239
vt 0.880516 0.027763
vt 0.881230 0.019116
vt 0.882013 0.010626
vt 0.882340 0.002312
vt 0.936519 0.079080
vt 0.884374 0.071086
vt 0.883318 0.062623
vt 0.881998 0.054015
vt 0.880870 0.045292
vt 0.880329 0.036514
vt 0.837664 0.027886
vt 0.838381 0.019185
vt 0.839166 0.010674
vt 0.839532 0.002355
vt 0.884826 0.079392
vt 0.840857 0.071720
vt 0.839991 0.063162
vt 0.838854 0.054453
vt 0.837879 0.045621
vt 0.837438 0.036731
vt 0.788760 0.028009
vt 0.789247 0.019384
vt 0.789788 0.010988
vt 0.790068 0.002728
vt 0.790638 0.080122
vt 0.841161 0.080069
vt 0.790497 0.071758
vt 0.790002 0.063212
vt 0.789348 0.054557
vt 0.788800 0.045754
vt 0.670417 0.036283
vt 0.627443 0.028109
vt 0.670014 0.027060
vt 0.625154 0.020441
vt 0.668661 0.017915
vt 0.622633 0.012565
vt 0.667185 0.008999
vt 0.621341 0.004467
vt 0.666436 0.000500
vt 0.662616 0.080627
vt 0.617867 0.066642
vt 0.663541 0.072323
vt 0.620528 0.058592
vt 0.665311 0.063671
vt 0.623963 0.050788
vt 0.667564 0.054685
vt 0.626906 0.043183
vt 0.669511 0.045513
vt 0.628208 0.035659
vt 0.343840 0.027580
vt 0.341355 0.018375
vt 0.338645 0.009640
vt 0.337409 0.001282
vt 0.616680 0.074834
vt 0.333859 0.073113
vt 0.336606 0.064682
vt 0.340220 0.055894
vt 0.343330 0.046662
vt 0.344692 0.037117
vt 0.279316 0.027993
vt 0.277764 0.019727
vt 0.276087 0.011368
vt 0.275304 0.003060
vt 0.332778 0.081374
vt 0.272864 0.069295
vt 0.274658 0.060951
vt 0.276980 0.052557
vt 0.278969 0.044284
vt 0.279843 0.036140
vt 0.237751 0.027653
vt 0.237811 0.019647
vt 0.237937 0.011433
vt 0.238110 0.003174
vt 0.272077 0.077522
vt 0.237233 0.069014
vt 0.237392 0.060402
vt 0.237512 0.051827
vt 0.237620 0.043509
vt 0.237701 0.035516
vt 0.195548 0.028031
vt 0.196445 0.019857
vt 0.197470 0.011725
vt 0.198058 0.003531
vt 0.237047 0.077413
vt 0.198799 0.069022
vt 0.197904 0.060696
vt 0.196693 0.052577
vt 0.195664 0.044498
vt 0.195230 0.036292
vt 0.152528 0.027562
vt 0.153084 0.019271
vt 0.153665 0.011049
vt 0.153842 0.002826
vt 0.199047 0.077352
vt 0.155974 0.069844
vt 0.154975 0.061421
vt 0.153815 0.052975
vt 0.152852 0.044492
vt 0.152391 0.035989
vt 0.096949 0.027809
vt 0.099661 0.018947
vt 0.102650 0.010542
vt 0.104215 0.002336
vt 0.156619 0.078153
vt 0.107507 0.071659
vt 0.104637 0.063462
vt 0.100794 0.055078
vt 0.097464 0.046187
vt 0.096008 0.036992
vt 0.005418 0.027865
vt 0.007795 0.019022
vt 0.010374 0.010329
vt 0.011546 0.001879
vt 0.108429 0.079916
vt 0.015327 0.072744
vt 0.012594 0.063944
vt 0.009052 0.054992
vt 0.005987 0.046102
vt 0.004618 0.036981
vt 0.127120 0.793927
vt 0.115286 0.814424
vt 0.107563 0.801046
vt 0.939264 0.510075
vt 0.918768 0.498241
vt 0.932146 0.490517
vt 0.788578 0.036850
vt 0.740970 0.027700
vt 0.740392 0.018866
vt 0.739749 0.010293
vt 0.739342 0.001946
vt 0.738661 0.080276
vt 0.738695 0.071998
vt 0.739245 0.063534
vt 0.740066 0.054827
vt 0.740816 0.045870
vt 0.741154 0.036757
vt 0.705219 0.027620
vt 0.704405 0.018750
vt 0.703518 0.010218
vt 0.703122 0.001935
vt 0.700947 0.080454
vt 0.701241 0.072158
vt 0.702282 0.063683
vt 0.703659 0.054933
vt 0.704875 0.045916
vt 0.705448 0.036747
vt 0.016371 0.081101
vt 0.111672 0.793927
vt 0.119396 0.791116
vt 0.131230 0.801046
vt 0.129803 0.809141
vt 0.123506 0.814424
vt 0.108990 0.809141
vt 0.939264 0.494627
vt 0.942076 0.502351
vt 0.932146 0.514185
vt 0.924051 0.512757
vt 0.918768 0.506461
vt 0.924051 0.491945
s 1
usemtl Chandelier02
f 1394/2086/1052 1404/2087/1053 1395/2088/1054
f 1395/2088/1054 1405/2089/1055 1396/2090/1056
f 1396/2090/1056 1406/2091/1057 1397/2092/1058
f 1397/2092/1058 1407/2093/1059 1398/2094/1060
f 1398/2095/1060 1408/2096/1061 1399/2097/1062
f 1399/2097/1063 1409/2098/1064 1400/2099/1065
f 1400/2099/1065 1410/2100/1066 1401/2101/1067
f 1401/2101/1067 1411/2102/1068 1402/2103/1069
f 1402/2103/1069 1403/2104/1070 1394/2086/1071
f 1403/2104/1070 1413/2105/1072 1404/2087/1053
f 1404/2087/1053 1414/2106/1073 1405/2089/1055
f 1405/2089/1055 1415/2107/1074 1406/2091/1057
f 1406/2091/1057 1416/2108/1075 1407/2093/1059
f 1407/2109/1059 1417/2110/1076 1408/2096/1061
f 1408/2096/1061 1418/2111/1077 1409/2098/1064
f 1409/2098/1064 1419/2112/1078 1410/2100/1066
f 1410/2100/1066 1420/2113/1079 1411/2102/1068
f 1411/2102/1068 1412/2114/1080 1403/2104/1070
f 1412/2114/1080 1422/2115/1081 1413/2105/1072
f 1413/2105/1072 1423/2116/1082 1414/2106/1073
f 1414/2106/1073 1424/2117/1083 1415/2107/1074
f 1415/2107/1074 1425/2118/1084 1416/2108/1075
f 1416/2119/1075 1426/2120/1085 1417/2110/1076
f 1417/2110/1076 1427/2121/1086 1418/2111/1077
f 1418/2111/1077 1428/2122/1087 1419/2112/1078
f 1419/2112/1078 1429/2123/1088 1420/2113/1079
f 1420/2113/1079 1421/2124/1089 1412/2114/1080
f 1421/2124/1089 1513/2125/1090 1422/2115/1081
f 1422/2115/1081 1512/2126/1091 1423/2116/1082
f 1423/2116/1082 1511/2127/1092 1424/2117/1083
f 1424/2117/1083 1519/2128/1093 1425/2118/1084
f 1519/2129/1093 1426/2120/1085 1425/2130/1084
f 1518/2131/1094 1427/2121/1086 1426/2120/1085
f 1517/2132/1095 1428/2122/1087 1427/2121/1086
f 1516/2133/1096 1429/2123/1088 1428/2122/1087
f 1515/2134/1097 1421/2124/1089 1429/2123/1088
f 1430/2135/1098 1440/2136/1099 1431/2137/1100
f 1431/2137/1100 1441/2138/1101 1432/2139/1102
f 1432/2139/1102 1442/2140/1103 1433/2141/1104
f 1433/2141/1104 1443/2142/1105 1434/2143/1106
f 1434/2144/1106 1444/2145/1107 1435/2146/1108
f 1435/2146/1108 1445/2147/1109 1436/2148/1110
f 1436/2148/1110 1446/2149/1111 1437/2150/1112
f 1437/2150/1112 1447/2151/1113 1438/2152/1114
f 1438/2152/1114 1439/2153/1115 1430/2135/1098
f 1439/2153/1115 1449/2154/1116 1440/2136/1099
f 1440/2136/1099 1450/2155/1117 1441/2138/1101
f 1441/2138/1101 1451/2156/1118 1442/2140/1103
f 1442/2140/1103 1452/2157/1119 1443/2142/1105
f 1443/2158/1105 1453/2159/1120 1444/2145/1107
f 1444/2145/1107 1454/2160/1121 1445/2147/1109
f 1445/2147/1109 1455/2161/1122 1446/2149/1111
f 1446/2149/1111 1456/2162/1123 1447/2151/1113
f 1447/2151/1113 1448/2163/1124 1439/2153/1115
f 1448/2163/1124 1458/2164/1125 1449/2154/1116
f 1449/2154/1116 1459/2165/1126 1450/2155/1117
f 1450/2155/1117 1460/2166/1127 1451/2156/1118
f 1451/2156/1118 1461/2167/1128 1452/2157/1119
f 1452/2168/1119 1462/2169/1129 1453/2159/1120
f 1453/2159/1120 1463/2170/1130 1454/2160/1121
f 1454/2160/1121 1464/2171/1131 1455/2161/1122
f 1455/2161/1122 1465/2172/1132 1456/2162/1123
f 1456/2162/1123 1457/2173/1133 1448/2163/1124
f 1457/2173/1133 1467/2174/1134 1458/2164/1125
f 1458/2164/1125 1468/2175/1135 1459/2165/1126
f 1459/2165/1126 1469/2176/1136 1460/2166/1127
f 1460/2166/1127 1470/2177/1137 1461/2167/1128
f 1461/2178/1128 1471/2179/1138 1462/2169/1129
f 1462/2169/1129 1472/2180/1139 1463/2170/1130
f 1463/2170/1130 1473/2181/1140 1464/2171/1131
f 1464/2171/1131 1474/2182/1141 1465/2172/1132
f 1465/2172/1132 1466/2183/1142 1457/2173/1133
f 1466/2183/1142 1476/2184/1143 1467/2174/1134
f 1467/2174/1134 1477/2185/1144 1468/2175/1135
f 1468/2175/1135 1478/2186/1145 1469/2176/1136
f 1469/2176/1136 1479/2187/1146 1470/2177/1137
f 1470/2188/1137 1480/2189/1147 1471/2179/1138
f 1471/2179/1138 1481/2190/1148 1472/2180/1139
f 1472/2180/1139 1482/2191/1149 1473/2181/1140
f 1473/2181/1140 1483/2192/1150 1474/2182/1141
f 1474/2182/1141 1475/2193/1151 1466/2183/1142
f 1475/2193/1151 1485/2194/1152 1476/2184/1143
f 1476/2184/1143 1486/2195/1153 1477/2185/1144
f 1477/2185/1144 1487/2196/1154 1478/2186/1145
f 1478/2186/1145 1488/2197/1155 1479/2187/1146
f 1479/2198/1146 1489/2199/1156 1480/2189/1147
f 1480/2189/1147 1490/2200/1157 1481/2190/1148
f 1481/2190/1148 1491/2201/1158 1482/2191/1149
f 1482/2191/1149 1492/2202/1159 1483/2192/1150
f 1483/2192/1150 1484/2203/1160 1475/2193/1151
f 1484/2203/1160 1494/2204/1161 1485/2194/1152
f 1485/2194/1152 1495/2205/1162 1486/2195/1153
f 1486/2195/1153 1496/2206/1163 1487/2196/1154
f 1487/2196/1154 1497/2207/1164 1488/2197/1155
f 1488/2208/1155 1498/2209/1165 1489/2199/1156
f 1489/2199/1156 1499/2210/1166 1490/2200/1157
f 1490/2200/1157 1500/2211/1167 1491/2201/1158
f 1491/2201/1158 1501/2212/1168 1492/2202/1159
f 1492/2202/1159 1493/2213/1169 1484/2203/1160
f 1493/2213/1169 1503/2214/1170 1494/2204/1161
f 1494/2204/1161 1504/2215/1171 1495/2205/1162
f 1495/2205/1162 1505/2216/1172 1496/2206/1163
f 1496/2206/1163 1506/2217/1173 1497/2207/1164
f 1497/2218/1164 1507/2219/1174 1498/2209/1165
f 1498/2209/1165 1508/2220/1175 1499/2210/1166
f 1499/2210/1166 1509/2221/1176 1500/2211/1167
f 1500/2211/1167 1510/2222/1177 1501/2212/1168
f 1501/2212/1168 1502/2223/1178 1493/2213/1169
f 1395/2224/1179 1399/2225/1180 1401/2226/1179
f 1510/2227/1181 1506/2228/1182 1504/2229/1181
f 1514/2230/1183 1522/2231/1184 1513/2125/1090
f 1513/2125/1090 1521/2232/1185 1512/2126/1091
f 1512/2126/1091 1520/2233/1186 1511/2127/1092
f 1511/2127/1092 1528/2234/1187 1519/2128/1093
f 1528/2235/1187 1518/2131/1094 1519/2129/1093
f 1527/2236/1188 1517/2132/1095 1518/2131/1094
f 1526/2237/1189 1516/2133/1096 1517/2132/1095
f 1525/2238/1190 1515/2134/1097 1516/2133/1096
f 1524/2239/1191 1514/2230/1183 1515/2134/1097
f 1523/2240/1192 1531/2241/1193 1522/2231/1184
f 1522/2231/1184 1530/2242/1194 1521/2232/1185
f 1521/2232/1185 1529/2243/1195 1520/2233/1186
f 1520/2233/1186 1537/2244/1196 1528/2234/1187
f 1537/2245/1196 1527/2236/1188 1528/2235/1187
f 1536/2246/1197 1526/2237/1189 1527/2236/1188
f 1535/2247/1198 1525/2238/1190 1526/2237/1189
f 1534/2248/1199 1524/2239/1191 1525/2238/1190
f 1533/2249/1200 1523/2240/1192 1524/2239/1191
f 1430/2135/1098 1531/2241/1193 1532/2250/1201
f 1431/2137/1100 1530/2242/1194 1531/2241/1193
f 1432/2139/1102 1529/2243/1195 1530/2242/1194
f 1433/2141/1104 1537/2244/1196 1529/2243/1195
f 1434/2144/1106 1536/2246/1197 1537/2245/1196
f 1536/2246/1197 1436/2148/1110 1535/2247/1198
f 1535/2247/1198 1437/2150/1112 1534/2248/1199
f 1534/2248/1199 1438/2152/1114 1533/2249/1200
f 1533/2249/1200 1430/2135/1098 1532/2250/1201
f 1394/2086/1052 1403/2104/1070 1404/2087/1053
f 1395/2088/1054 1404/2087/1053 1405/2089/1055
f 1396/2090/1056 1405/2089/1055 1406/2091/1057
f 1397/2092/1058 1406/2091/1057 1407/2093/1059
f 1398/2095/1060 1407/2109/1059 1408/2096/1061
f 1399/2097/1063 1408/2096/1061 1409/2098/1064
f 1400/2099/1065 1409/2098/1064 1410/2100/1066
f 1401/2101/1067 1410/2100/1066 1411/2102/1068
f 1402/2103/1069 1411/2102/1068 1403/2104/1070
f 1403/2104/1070 1412/2114/1080 1413/2105/1072
f 1404/2087/1053 1413/2105/1072 1414/2106/1073
f 1405/2089/1055 1414/2106/1073 1415/2107/1074
f 1406/2091/1057 1415/2107/1074 1416/2108/1075
f 1407/2109/1059 1416/2119/1075 1417/2110/1076
f 1408/2096/1061 1417/2110/1076 1418/2111/1077
f 1409/2098/1064 1418/2111/1077 1419/2112/1078
f 1410/2100/1066 1419/2112/1078 1420/2113/1079
f 1411/2102/1068 1420/2113/1079 1412/2114/1080
f 1412/2114/1080 1421/2124/1089 1422/2115/1081
f 1413/2105/1072 1422/2115/1081 1423/2116/1082
f 1414/2106/1073 1423/2116/1082 1424/2117/1083
f 1415/2107/1074 1424/2117/1083 1425/2118/1084
f 1416/2119/1075 1425/2130/1084 1426/2120/1085
f 1417/2110/1076 1426/2120/1085 1427/2121/1086
f 1418/2111/1077 1427/2121/1086 1428/2122/1087
f 1419/2112/1078 1428/2122/1087 1429/2123/1088
f 1420/2113/1079 1429/2123/1088 1421/2124/1089
f 1421/2124/1089 1514/2230/1183 1513/2125/1090
f 1422/2115/1081 1513/2125/1090 1512/2126/1091
f 1423/2116/1082 1512/2126/1091 1511/2127/1092
f 1424/2117/1083 1511/2127/1092 1519/2128/1093
f 1519/2129/1093 1518/2131/1094 1426/2120/1085
f 1518/2131/1094 1517/2132/1095 1427/2121/1086
f 1517/2132/1095 1516/2133/1096 1428/2122/1087
f 1516/2133/1096 1515/2134/1097 1429/2123/1088
f 1515/2134/1097 1514/2230/1183 1421/2124/1089
f 1430/2135/1098 1439/2153/1115 1440/2136/1099
f 1431/2137/1100 1440/2136/1099 1441/2138/1101
f 1432/2139/1102 1441/2138/1101 1442/2140/1103
f 1433/2141/1104 1442/2140/1103 1443/2142/1105
f 1434/2144/1106 1443/2158/1105 1444/2145/1107
f 1435/2146/1108 1444/2145/1107 1445/2147/1109
f 1436/2148/1110 1445/2147/1109 1446/2149/1111
f 1437/2150/1112 1446/2149/1111 1447/2151/1113
f 1438/2152/1114 1447/2151/1113 1439/2153/1115
f 1439/2153/1115 1448/2163/1124 1449/2154/1116
f 1440/2136/1099 1449/2154/1116 1450/2155/1117
f 1441/2138/1101 1450/2155/1117 1451/2156/1118
f 1442/2140/1103 1451/2156/1118 1452/2157/1119
f 1443/2158/1105 1452/2168/1119 1453/2159/1120
f 1444/2145/1107 1453/2159/1120 1454/2160/1121
f 1445/2147/1109 1454/2160/1121 1455/2161/1122
f 1446/2149/1111 1455/2161/1122 1456/2162/1123
f 1447/2151/1113 1456/2162/1123 1448/2163/1124
f 1448/2163/1124 1457/2173/1133 1458/2164/1125
f 1449/2154/1116 1458/2164/1125 1459/2165/1126
f 1450/2155/1117 1459/2165/1126 1460/2166/1127
f 1451/2156/1118 1460/2166/1127 1461/2167/1128
f 1452/2168/1119 1461/2178/1128 1462/2169/1129
f 1453/2159/1120 1462/2169/1129 1463/2170/1130
f 1454/2160/1121 1463/2170/1130 1464/2171/1131
f 1455/2161/1122 1464/2171/1131 1465/2172/1132
f 1456/2162/1123 1465/2172/1132 1457/2173/1133
f 1457/2173/1133 1466/2183/1142 1467/2174/1134
f 1458/2164/1125 1467/2174/1134 1468/2175/1135
f 1459/2165/1126 1468/2175/1135 1469/2176/1136
f 1460/2166/1127 1469/2176/1136 1470/2177/1137
f 1461/2178/1128 1470/2188/1137 1471/2179/1138
f 1462/2169/1129 1471/2179/1138 1472/2180/1139
f 1463/2170/1130 1472/2180/1139 1473/2181/1140
f 1464/2171/1131 1473/2181/1140 1474/2182/1141
f 1465/2172/1132 1474/2182/1141 1466/2183/1142
f 1466/2183/1142 1475/2193/1151 1476/2184/1143
f 1467/2174/1134 1476/2184/1143 1477/2185/1144
f 1468/2175/1135 1477/2185/1144 1478/2186/1145
f 1469/2176/1136 1478/2186/1145 1479/2187/1146
f 1470/2188/1137 1479/2198/1146 1480/2189/1147
f 1471/2179/1138 1480/2189/1147 1481/2190/1148
f 1472/2180/1139 1481/2190/1148 1482/2191/1149
f 1473/2181/1140 1482/2191/1149 1483/2192/1150
f 1474/2182/1141 1483/2192/1150 1475/2193/1151
f 1475/2193/1151 1484/2203/1160 1485/2194/1152
f 1476/2184/1143 1485/2194/1152 1486/2195/1153
f 1477/2185/1144 1486/2195/1153 1487/2196/1154
f 1478/2186/1145 1487/2196/1154 1488/2197/1155
f 1479/2198/1146 1488/2208/1155 1489/2199/1156
f 1480/2189/1147 1489/2199/1156 1490/2200/1157
f 1481/2190/1148 1490/2200/1157 1491/2201/1158
f 1482/2191/1149 1491/2201/1158 1492/2202/1159
f 1483/2192/1150 1492/2202/1159 1484/2203/1160
f 1484/2203/1160 1493/2213/1169 1494/2204/1161
f 1485/2194/1152 1494/2204/1161 1495/2205/1162
f 1486/2195/1153 1495/2205/1162 1496/2206/1163
f 1487/2196/1154 1496/2206/1163 1497/2207/1164
f 1488/2208/1155 1497/2218/1164 1498/2209/1165
f 1489/2199/1156 1498/2209/1165 1499/2210/1166
f 1490/2200/1157 1499/2210/1166 1500/2211/1167
f 1491/2201/1158 1500/2211/1167 1501/2212/1168
f 1492/2202/1159 1501/2212/1168 1493/2213/1169
f 1493/2213/1169 1502/2223/1178 1503/2214/1170
f 1494/2204/1161 1503/2214/1170 1504/2215/1171
f 1495/2205/1162 1504/2215/1171 1505/2216/1172
f 1496/2206/1163 1505/2216/1172 1506/2217/1173
f 1497/2218/1164 1506/2251/1173 1507/2219/1174
f 1498/2209/1165 1507/2219/1174 1508/2220/1175
f 1499/2210/1166 1508/2220/1175 1509/2221/1176
f 1500/2211/1167 1509/2221/1176 1510/2222/1177
f 1501/2212/1168 1510/2222/1177 1502/2223/1178
f 1402/2252/1179 1394/2253/1180 1395/2224/1179
f 1395/2224/1179 1396/2254/1179 1397/2255/1180
f 1397/2255/1180 1398/2256/1179 1399/2225/1180
f 1399/2225/1180 1400/2257/1180 1401/2226/1179
f 1401/2226/1179 1402/2252/1179 1395/2224/1179
f 1395/2224/1179 1397/2255/1180 1399/2225/1180
f 1503/2258/1182 1502/2259/1181 1510/2227/1181
f 1510/2227/1181 1509/2260/1202 1508/2261/1202
f 1508/2261/1202 1507/2262/1181 1506/2228/1182
f 1506/2228/1182 1505/2263/1181 1504/2229/1181
f 1504/2229/1181 1503/2258/1182 1510/2227/1181
f 1510/2227/1181 1508/2261/1202 1506/2228/1182
f 1514/2230/1183 1523/2240/1192 1522/2231/1184
f 1513/2125/1090 1522/2231/1184 1521/2232/1185
f 1512/2126/1091 1521/2232/1185 1520/2233/1186
f 1511/2127/1092 1520/2233/1186 1528/2234/1187
f 1528/2235/1187 1527/2236/1188 1518/2131/1094
f 1527/2236/1188 1526/2237/1189 1517/2132/1095
f 1526/2237/1189 1525/2238/1190 1516/2133/1096
f 1525/2238/1190 1524/2239/1191 1515/2134/1097
f 1524/2239/1191 1523/2240/1192 1514/2230/1183
f 1523/2240/1192 1532/2250/1201 1531/2241/1193
f 1522/2231/1184 1531/2241/1193 1530/2242/1194
f 1521/2232/1185 1530/2242/1194 1529/2243/1195
f 1520/2233/1186 1529/2243/1195 1537/2244/1196
f 1537/2245/1196 1536/2246/1197 1527/2236/1188
f 1536/2246/1197 1535/2247/1198 1526/2237/1189
f 1535/2247/1198 1534/2248/1199 1525/2238/1190
f 1534/2248/1199 1533/2249/1200 1524/2239/1191
f 1533/2249/1200 1532/2250/1201 1523/2240/1192
f 1430/2135/1098 1431/2137/1100 1531/2241/1193
f 1431/2137/1100 1432/2139/1102 1530/2242/1194
f 1432/2139/1102 1433/2141/1104 1529/2243/1195
f 1433/2141/1104 1434/2143/1106 1537/2244/1196
f 1434/2144/1106 1435/2146/1108 1536/2246/1197
f 1536/2246/1197 1435/2146/1108 1436/2148/1110
f 1535/2247/1198 1436/2148/1110 1437/2150/1112
f 1534/2248/1199 1437/2150/1112 1438/2152/1114
f 1533/2249/1200 1438/2152/1114 1430/2135/1098
o ChandelierArmA006
v -0.960088 6.989256 1.662922
v -1.114473 7.001921 1.480373
v -1.115721 7.033988 1.243119
v -0.963247 7.070455 1.062175
v -0.728396 7.094256 1.022205
v -0.521057 7.094256 1.141912
v -0.438247 7.070455 1.365283
v -0.518713 7.033988 1.587803
v -0.724804 7.001921 1.705348
v -1.093221 8.690117 1.893514
v -1.248267 8.711225 1.712110
v -1.251188 8.764672 1.477755
v -1.100617 8.825451 1.300106
v -0.867008 8.865121 1.262287
v -0.659669 8.865121 1.381993
v -0.575617 8.825451 1.603214
v -0.654180 8.764672 1.822438
v -0.858598 8.711225 1.937086
v -1.340969 9.993464 2.322627
v -1.499178 10.031208 2.146700
v -1.510106 10.126781 1.926215
v -1.368641 10.235464 1.764337
v -1.140975 10.306402 1.736812
v -0.933637 10.306402 1.856519
v -0.843641 10.235464 2.067446
v -0.913098 10.126781 2.270897
v -1.109509 10.031208 2.371676
v -1.668562 10.975639 2.890033
v -1.831907 11.028788 2.723005
v -1.855844 11.163363 2.525050
v -1.729171 11.316395 2.388793
v -1.511160 11.416279 2.377992
v -1.303822 11.416279 2.497699
v -1.204171 11.316395 2.691902
v -1.258836 11.163362 2.869733
v -1.442238 11.028788 2.947981
v -3.687608 12.002601 6.387126
v -3.905715 12.072403 6.314946
v -4.068310 12.249150 6.357155
v -4.099315 12.450141 6.494004
v -3.984220 12.581326 6.661458
v -3.776882 12.581326 6.781166
v -3.574315 12.450140 6.797112
v -3.471303 12.249150 6.701837
v -3.516046 12.072403 6.539921
v -4.109529 11.156915 7.117915
v -4.336154 11.208907 7.060490
v -4.520320 11.340557 7.140059
v -4.575852 11.490264 7.319392
v -4.476768 11.587979 7.514577
v -4.269430 11.587979 7.634284
v -4.050853 11.490264 7.622501
v -3.923312 11.340556 7.484742
v -3.946485 11.208907 7.285465
v -6.464903 4.347240 11.197545
v -6.691437 4.399529 11.139963
v -6.875373 4.531926 11.219135
v -6.930645 4.682483 11.398016
v -6.831390 4.780752 11.592907
v -6.624052 4.780752 11.712614
v -6.405645 4.682483 11.701126
v -6.278365 4.531926 11.563818
v -6.301768 4.399529 11.364939
v -7.159460 2.927479 12.400556
v -7.375263 3.001704 12.324387
v -7.532026 3.189648 12.356494
v -7.556399 3.403370 12.481855
v -7.436976 3.542867 12.641813
v -7.229638 3.542867 12.761520
v -7.031400 3.403370 12.784965
v -6.935019 3.189648 12.701177
v -6.985594 3.001704 12.549362
v -7.822213 2.590498 13.548476
v -8.013737 2.676209 13.430254
v -8.109020 2.893236 13.355877
v -8.063481 3.140030 13.360148
v -7.898427 3.301113 13.441069
v -7.691089 3.301113 13.560776
v -7.538482 3.140030 13.663257
v -7.512012 2.893236 13.700560
v -7.624067 2.676209 13.655230
v -8.482389 3.009230 14.691936
v -8.653947 3.076850 14.539131
v -8.698676 3.248066 14.377191
v -8.595648 3.442767 14.281888
v -8.393070 3.569850 14.297816
v -8.185732 3.569850 14.417523
v -8.070648 3.442767 14.584996
v -8.101668 3.248066 14.721873
v -8.264277 3.076849 14.764107
v -8.961605 4.000020 15.521963
v -9.123594 4.049480 15.352585
v -9.144094 4.174714 15.148677
v -9.013513 4.317126 15.005652
v -8.792952 4.410079 14.990433
v -8.585613 4.410079 15.110140
v -8.488513 4.317126 15.308761
v -8.547086 4.174714 15.493360
v -8.733925 4.049480 15.577560
v -9.274929 5.621455 16.064655
v -9.428822 5.626451 15.881252
v -9.428822 5.639103 15.641839
v -9.274929 5.653490 15.458437
v -9.039153 5.662880 15.416863
v -8.831814 5.662880 15.536571
v -8.749929 5.653490 15.761545
v -8.831814 5.639103 15.986522
v -9.039152 5.626451 16.106228
v -9.274929 8.319407 16.064655
v -9.428822 8.319407 15.881252
v -9.428822 8.319407 15.641838
v -9.274929 8.319407 15.458436
v -9.039152 8.319407 15.416862
v -8.831814 8.319407 15.536570
v -8.749929 8.319407 15.761544
v -8.831814 8.319407 15.986521
v -9.039152 8.319407 16.106228
v -2.299560 12.294543 3.376737
v -2.398337 12.094698 3.464676
v -2.349869 11.918958 3.620142
v -2.176836 11.849552 3.770390
v -1.960200 11.918958 3.845118
v -1.801329 12.094698 3.809359
v -1.774560 12.294543 3.679846
v -1.892419 12.424982 3.517179
v -2.099757 12.424983 3.397472
v -3.008291 12.876916 4.604296
v -3.055824 12.640482 4.603477
v -2.962295 12.432565 4.680894
v -2.771466 12.350451 4.800319
v -2.572626 12.432565 4.905870
v -2.458817 12.640482 4.948160
v -2.483291 12.876916 4.907404
v -2.634598 13.031237 4.802672
v -2.841937 13.031237 4.682964
v -3.575241 12.875515 5.586281
v -3.581763 12.641924 5.514431
v -3.452172 12.436510 5.529386
v -3.247101 12.355387 5.624144
v -3.062503 12.436510 5.754362
v -2.984756 12.641924 5.859114
v -3.050241 12.875515 5.889389
v -3.228315 13.027983 5.831020
v -3.435654 13.027982 5.711313
vn 0.9284 0.3421 0.1453
vn 0.7297 0.6558 0.1936
vn 0.7568 0.6428 0.1185
vn 0.1458 0.9886 0.0387
vn 0.1715 0.9848 0.0269
vn -0.4978 0.8572 -0.1321
vn -0.4940 0.8660 -0.0774
vn -0.9103 0.3362 -0.2414
vn -0.9284 0.3420 -0.1453
vn -0.9103 -0.3362 -0.2415
vn -0.9880 -0.0000 -0.1546
vn -0.7568 -0.6428 -0.1185
vn -0.4977 -0.8572 -0.1321
vn -0.4939 -0.8660 -0.0774
vn 0.1458 -0.9886 0.0387
vn 0.1716 -0.9848 0.0268
vn 0.7298 -0.6556 0.1937
vn 0.7568 -0.6428 0.1186
vn 0.9665 0.0001 0.2565
vn 0.9284 -0.3420 0.1453
vn 0.6702 0.6569 0.3454
vn 0.1325 0.9888 0.0683
vn -0.4587 0.8566 -0.2364
vn -0.8373 0.3358 -0.4315
vn -0.8373 -0.3359 -0.4314
vn -0.4586 -0.8566 -0.2365
vn 0.1325 -0.9888 0.0682
vn 0.6702 -0.6570 0.3453
vn 0.8889 -0.0001 0.4581
vn 0.5627 0.6592 0.4987
vn 0.1082 0.9896 0.0950
vn -0.3889 0.8541 -0.3453
vn -0.7057 0.3340 -0.6248
vn -0.7057 -0.3341 -0.6248
vn -0.3888 -0.8541 -0.3454
vn 0.1082 -0.9896 0.0950
vn 0.5628 -0.6593 0.4987
vn 0.7483 0.0001 0.6633
vn 0.3949 0.6588 0.6404
vn 0.0740 0.9901 0.1191
vn -0.2741 0.8504 -0.4492
vn -0.4921 0.3304 -0.8054
vn -0.4921 -0.3307 -0.8053
vn -0.2740 -0.8503 -0.4493
vn 0.0740 -0.9901 0.1193
vn 0.3950 -0.6587 0.6403
vn -0.5513 -0.0000 0.8343
vn -0.5813 0.6539 0.4842
vn -0.4085 0.6727 0.6169
vn -0.1186 0.9880 0.0985
vn -0.0708 0.9918 0.1067
vn 0.3943 0.8585 -0.3280
vn 0.2907 0.8516 -0.4362
vn 0.7242 0.3370 -0.6016
vn 0.5228 0.3341 -0.7843
vn 0.7242 -0.3369 -0.6017
vn 0.5229 -0.3341 -0.7842
vn 0.3943 -0.8585 -0.3278
vn 0.2907 -0.8515 -0.4363
vn -0.1187 -0.9880 0.0986
vn -0.0707 -0.9918 0.1067
vn -0.5814 -0.6537 0.4844
vn -0.4085 -0.6726 0.6170
vn -0.7682 -0.0002 0.6402
vn -0.5960 0.6349 0.4917
vn -0.1474 0.9816 0.1215
vn 0.3740 0.8746 -0.3086
vn 0.7228 0.3490 -0.5965
vn 0.7229 -0.3488 -0.5964
vn 0.3740 -0.8746 -0.3087
vn -0.1473 -0.9816 0.1215
vn -0.5959 -0.6348 0.4918
vn -0.7714 -0.0000 0.6364
vn -0.3897 0.6256 0.6759
vn -0.1121 0.9747 0.1933
vn 0.2218 0.8966 -0.3833
vn 0.4665 0.3718 -0.8026
vn 0.4666 -0.3717 -0.8026
vn 0.2217 -0.8966 -0.3832
vn -0.1121 -0.9747 0.1933
vn -0.3896 -0.6256 0.6759
vn -0.4987 0.0001 0.8668
vn 0.0217 0.6240 0.7812
vn 0.0028 0.9746 0.2241
vn -0.0065 0.8951 -0.4457
vn -0.0028 0.3692 -0.9293
vn -0.0028 -0.3693 -0.9293
vn -0.0066 -0.8951 -0.4458
vn 0.0029 -0.9746 0.2241
vn 0.0216 -0.6240 0.7811
vn 0.0312 0.0001 0.9995
vn 0.4110 0.6236 0.6650
vn 0.1147 0.9748 0.1912
vn -0.2320 0.8944 -0.3825
vn -0.4745 0.3689 -0.7992
vn -0.4746 -0.3690 -0.7991
vn -0.2319 -0.8944 -0.3825
vn 0.1147 -0.9748 0.1913
vn 0.4110 -0.6237 0.6649
vn 0.5282 0.0001 0.8491
vn 0.6606 0.6207 0.4222
vn 0.1838 0.9764 0.1130
vn -0.3946 0.8834 -0.2526
vn -0.7900 0.3547 -0.5001
vn -0.7900 -0.3546 -0.5002
vn -0.3945 -0.8835 -0.2527
vn 0.1837 -0.9764 0.1133
vn 0.6607 -0.6207 0.4221
vn 0.8409 -0.0000 0.5411
vn 0.7688 0.6231 0.1437
vn 0.2085 0.9770 0.0445
vn -0.4612 0.8832 -0.0856
vn -0.9178 0.3549 -0.1782
vn -0.9177 -0.3549 -0.1783
vn -0.4612 -0.8831 -0.0857
vn 0.2085 -0.9770 0.0444
vn 0.7690 -0.6229 0.1437
vn 0.9839 0.0002 0.1788
vn 0.7660 0.6428 0.0003
vn 0.1737 0.9848 -0.0001
vn -0.4998 0.8661 -0.0001
vn -0.9398 0.3416 -0.0001
vn -0.9397 -0.3421 -0.0002
vn -0.5001 -0.8660 -0.0000
vn 0.1737 -0.9848 -0.0002
vn 0.7660 -0.6428 -0.0000
vn 1.0000 -0.0000 -0.0000
vn -0.1546 -0.0000 0.9880
vn -0.1547 -0.0000 0.9880
vn -0.0000 -0.0000 -1.0000
vn 0.5257 -0.0000 0.8507
vn 0.1496 0.6659 0.7309
vn 0.0225 0.9914 0.1291
vn -0.1044 0.8486 -0.5187
vn -0.1781 0.3304 -0.9269
vn -0.1781 -0.3306 -0.9268
vn -0.1044 -0.8485 -0.5187
vn 0.0225 -0.9914 0.1291
vn 0.1498 -0.6660 0.7308
vn 0.2043 0.0001 0.9789
vn -0.1388 0.6702 0.7291
vn -0.0264 0.9915 0.1277
vn 0.0995 0.8517 -0.5144
vn 0.1837 0.3340 -0.9245
vn 0.1837 -0.3339 -0.9245
vn 0.0995 -0.8517 -0.5145
vn -0.0265 -0.9915 0.1276
vn -0.1387 -0.6702 0.7291
vn -0.1847 -0.0000 0.9828
vn -0.1548 -0.0000 0.9879
vn -0.1545 -0.0000 0.9880
vn 0.0001 -0.0000 -1.0000
vn -0.0001 -0.0000 -1.0000
vt 0.989622 0.035527
vt 0.930199 0.027511
vt 0.990069 0.028162
vt 0.931337 0.018862
vt 0.991509 0.020565
vt 0.932609 0.010351
vt 0.993133 0.012634
vt 0.933250 0.002023
vt 0.994036 0.004474
vt 0.997609 0.074856
vt 0.935771 0.070788
vt 0.996616 0.066592
vt 0.934229 0.062324
vt 0.994773 0.058375
vt 0.932297 0.053706
vt 0.992466 0.050453
vt 0.930643 0.044989
vt 0.990508 0.042880
vt 0.929871 0.036239
vt 0.880516 0.027763
vt 0.881230 0.019116
vt 0.882013 0.010626
vt 0.882340 0.002312
vt 0.936519 0.079080
vt 0.884374 0.071086
vt 0.883318 0.062623
vt 0.881998 0.054015
vt 0.880870 0.045292
vt 0.880329 0.036514
vt 0.837664 0.027886
vt 0.838381 0.019185
vt 0.839166 0.010674
vt 0.839532 0.002355
vt 0.884826 0.079392
vt 0.840857 0.071720
vt 0.839991 0.063162
vt 0.838854 0.054453
vt 0.837879 0.045621
vt 0.837438 0.036731
vt 0.788760 0.028009
vt 0.789247 0.019384
vt 0.789788 0.010988
vt 0.790068 0.002728
vt 0.790638 0.080122
vt 0.841161 0.080069
vt 0.790497 0.071758
vt 0.790002 0.063212
vt 0.789348 0.054557
vt 0.788800 0.045754
vt 0.670417 0.036283
vt 0.627443 0.028109
vt 0.670014 0.027060
vt 0.625154 0.020441
vt 0.668661 0.017915
vt 0.622633 0.012565
vt 0.667185 0.008999
vt 0.621341 0.004467
vt 0.666436 0.000500
vt 0.662616 0.080627
vt 0.617867 0.066642
vt 0.663541 0.072323
vt 0.620528 0.058592
vt 0.665311 0.063671
vt 0.623963 0.050788
vt 0.667564 0.054685
vt 0.626906 0.043183
vt 0.669511 0.045513
vt 0.628208 0.035659
vt 0.343840 0.027580
vt 0.341355 0.018375
vt 0.338645 0.009640
vt 0.337409 0.001282
vt 0.616680 0.074834
vt 0.333859 0.073113
vt 0.336606 0.064682
vt 0.340220 0.055894
vt 0.343330 0.046662
vt 0.344692 0.037117
vt 0.279316 0.027993
vt 0.277764 0.019727
vt 0.276087 0.011368
vt 0.275304 0.003060
vt 0.332778 0.081374
vt 0.272864 0.069295
vt 0.274658 0.060951
vt 0.276980 0.052557
vt 0.278969 0.044284
vt 0.279843 0.036140
vt 0.237751 0.027653
vt 0.237811 0.019647
vt 0.237937 0.011433
vt 0.238110 0.003174
vt 0.272077 0.077522
vt 0.237233 0.069014
vt 0.237392 0.060402
vt 0.237512 0.051827
vt 0.237620 0.043509
vt 0.237701 0.035516
vt 0.195548 0.028031
vt 0.196445 0.019857
vt 0.197470 0.011725
vt 0.198058 0.003531
vt 0.237047 0.077413
vt 0.198799 0.069022
vt 0.197904 0.060696
vt 0.196693 0.052577
vt 0.195664 0.044498
vt 0.195230 0.036292
vt 0.152528 0.027562
vt 0.153084 0.019271
vt 0.153665 0.011049
vt 0.153842 0.002826
vt 0.199047 0.077352
vt 0.155974 0.069844
vt 0.154975 0.061421
vt 0.153815 0.052975
vt 0.152852 0.044492
vt 0.152391 0.035989
vt 0.096949 0.027809
vt 0.099661 0.018947
vt 0.102650 0.010542
vt 0.104215 0.002336
vt 0.156619 0.078153
vt 0.107507 0.071659
vt 0.104637 0.063462
vt 0.100794 0.055078
vt 0.097464 0.046187
vt 0.096008 0.036992
vt 0.005418 0.027865
vt 0.007795 0.019022
vt 0.010374 0.010329
vt 0.011546 0.001879
vt 0.108429 0.079916
vt 0.015327 0.072744
vt 0.012594 0.063944
vt 0.009052 0.054992
vt 0.005987 0.046102
vt 0.004618 0.036981
vt 0.127120 0.793927
vt 0.115286 0.814424
vt 0.107563 0.801046
vt 0.939264 0.510075
vt 0.918768 0.498241
vt 0.932146 0.490517
vt 0.788578 0.036850
vt 0.740970 0.027700
vt 0.740392 0.018866
vt 0.739749 0.010293
vt 0.739342 0.001946
vt 0.738661 0.080276
vt 0.738695 0.071998
vt 0.739245 0.063534
vt 0.740066 0.054827
vt 0.740816 0.045870
vt 0.741154 0.036757
vt 0.705219 0.027620
vt 0.704405 0.018750
vt 0.703518 0.010218
vt 0.703122 0.001935
vt 0.700947 0.080454
vt 0.701241 0.072158
vt 0.702282 0.063683
vt 0.703659 0.054933
vt 0.704875 0.045916
vt 0.705448 0.036747
vt 0.016371 0.081101
vt 0.111672 0.793927
vt 0.119396 0.791116
vt 0.131230 0.801046
vt 0.129803 0.809141
vt 0.123506 0.814424
vt 0.108990 0.809141
vt 0.939264 0.494627
vt 0.942076 0.502351
vt 0.932146 0.514185
vt 0.924051 0.512757
vt 0.918768 0.506461
vt 0.924051 0.491945
s 1
usemtl Chandelier02
f 1538/2264/1203 1548/2265/1204 1539/2266/1205
f 1539/2266/1205 1549/2267/1206 1540/2268/1207
f 1540/2268/1207 1550/2269/1208 1541/2270/1209
f 1541/2270/1209 1551/2271/1210 1542/2272/1211
f 1542/2273/1211 1552/2274/1212 1543/2275/1213
f 1543/2275/1214 1553/2276/1215 1544/2277/1216
f 1544/2277/1216 1554/2278/1217 1545/2279/1218
f 1545/2279/1218 1555/2280/1219 1546/2281/1220
f 1546/2281/1220 1547/2282/1221 1538/2264/1222
f 1547/2282/1221 1557/2283/1223 1548/2265/1204
f 1548/2265/1204 1558/2284/1224 1549/2267/1206
f 1549/2267/1206 1559/2285/1225 1550/2269/1208
f 1550/2269/1208 1560/2286/1226 1551/2271/1210
f 1551/2287/1210 1561/2288/1227 1552/2274/1212
f 1552/2274/1212 1562/2289/1228 1553/2276/1215
f 1553/2276/1215 1563/2290/1229 1554/2278/1217
f 1554/2278/1217 1564/2291/1230 1555/2280/1219
f 1555/2280/1219 1556/2292/1231 1547/2282/1221
f 1556/2292/1231 1566/2293/1232 1557/2283/1223
f 1557/2283/1223 1567/2294/1233 1558/2284/1224
f 1558/2284/1224 1568/2295/1234 1559/2285/1225
f 1559/2285/1225 1569/2296/1235 1560/2286/1226
f 1560/2297/1226 1570/2298/1236 1561/2288/1227
f 1561/2288/1227 1571/2299/1237 1562/2289/1228
f 1562/2289/1228 1572/2300/1238 1563/2290/1229
f 1563/2290/1229 1573/2301/1239 1564/2291/1230
f 1564/2291/1230 1565/2302/1240 1556/2292/1231
f 1565/2302/1240 1657/2303/1241 1566/2293/1232
f 1566/2293/1232 1656/2304/1242 1567/2294/1233
f 1567/2294/1233 1655/2305/1243 1568/2295/1234
f 1568/2295/1234 1663/2306/1244 1569/2296/1235
f 1663/2307/1244 1570/2298/1236 1569/2308/1235
f 1662/2309/1245 1571/2299/1237 1570/2298/1236
f 1661/2310/1246 1572/2300/1238 1571/2299/1237
f 1660/2311/1247 1573/2301/1239 1572/2300/1238
f 1659/2312/1248 1565/2302/1240 1573/2301/1239
f 1574/2313/1249 1584/2314/1250 1575/2315/1251
f 1575/2315/1251 1585/2316/1252 1576/2317/1253
f 1576/2317/1253 1586/2318/1254 1577/2319/1255
f 1577/2319/1255 1587/2320/1256 1578/2321/1257
f 1578/2322/1257 1588/2323/1258 1579/2324/1259
f 1579/2324/1259 1589/2325/1260 1580/2326/1261
f 1580/2326/1261 1590/2327/1262 1581/2328/1263
f 1581/2328/1263 1591/2329/1264 1582/2330/1265
f 1582/2330/1265 1583/2331/1266 1574/2313/1249
f 1583/2331/1266 1593/2332/1267 1584/2314/1250
f 1584/2314/1250 1594/2333/1268 1585/2316/1252
f 1585/2316/1252 1595/2334/1269 1586/2318/1254
f 1586/2318/1254 1596/2335/1270 1587/2320/1256
f 1587/2336/1256 1597/2337/1271 1588/2323/1258
f 1588/2323/1258 1598/2338/1272 1589/2325/1260
f 1589/2325/1260 1599/2339/1273 1590/2327/1262
f 1590/2327/1262 1600/2340/1274 1591/2329/1264
f 1591/2329/1264 1592/2341/1275 1583/2331/1266
f 1592/2341/1275 1602/2342/1276 1593/2332/1267
f 1593/2332/1267 1603/2343/1277 1594/2333/1268
f 1594/2333/1268 1604/2344/1278 1595/2334/1269
f 1595/2334/1269 1605/2345/1279 1596/2335/1270
f 1596/2346/1270 1606/2347/1280 1597/2337/1271
f 1597/2337/1271 1607/2348/1281 1598/2338/1272
f 1598/2338/1272 1608/2349/1282 1599/2339/1273
f 1599/2339/1273 1609/2350/1283 1600/2340/1274
f 1600/2340/1274 1601/2351/1284 1592/2341/1275
f 1601/2351/1284 1611/2352/1285 1602/2342/1276
f 1602/2342/1276 1612/2353/1286 1603/2343/1277
f 1603/2343/1277 1613/2354/1287 1604/2344/1278
f 1604/2344/1278 1614/2355/1288 1605/2345/1279
f 1605/2356/1279 1615/2357/1289 1606/2347/1280
f 1606/2347/1280 1616/2358/1290 1607/2348/1281
f 1607/2348/1281 1617/2359/1291 1608/2349/1282
f 1608/2349/1282 1618/2360/1292 1609/2350/1283
f 1609/2350/1283 1610/2361/1293 1601/2351/1284
f 1610/2361/1293 1620/2362/1294 1611/2352/1285
f 1611/2352/1285 1621/2363/1295 1612/2353/1286
f 1612/2353/1286 1622/2364/1296 1613/2354/1287
f 1613/2354/1287 1623/2365/1297 1614/2355/1288
f 1614/2366/1288 1624/2367/1298 1615/2357/1289
f 1615/2357/1289 1625/2368/1299 1616/2358/1290
f 1616/2358/1290 1626/2369/1300 1617/2359/1291
f 1617/2359/1291 1627/2370/1301 1618/2360/1292
f 1618/2360/1292 1619/2371/1302 1610/2361/1293
f 1619/2371/1302 1629/2372/1303 1620/2362/1294
f 1620/2362/1294 1630/2373/1304 1621/2363/1295
f 1621/2363/1295 1631/2374/1305 1622/2364/1296
f 1622/2364/1296 1632/2375/1306 1623/2365/1297
f 1623/2376/1297 1633/2377/1307 1624/2367/1298
f 1624/2367/1298 1634/2378/1308 1625/2368/1299
f 1625/2368/1299 1635/2379/1309 1626/2369/1300
f 1626/2369/1300 1636/2380/1310 1627/2370/1301
f 1627/2370/1301 1628/2381/1311 1619/2371/1302
f 1628/2381/1311 1638/2382/1312 1629/2372/1303
f 1629/2372/1303 1639/2383/1313 1630/2373/1304
f 1630/2373/1304 1640/2384/1314 1631/2374/1305
f 1631/2374/1305 1641/2385/1315 1632/2375/1306
f 1632/2386/1306 1642/2387/1316 1633/2377/1307
f 1633/2377/1307 1643/2388/1317 1634/2378/1308
f 1634/2378/1308 1644/2389/1318 1635/2379/1309
f 1635/2379/1309 1645/2390/1319 1636/2380/1310
f 1636/2380/1310 1637/2391/1320 1628/2381/1311
f 1637/2391/1320 1647/2392/1321 1638/2382/1312
f 1638/2382/1312 1648/2393/1322 1639/2383/1313
f 1639/2383/1313 1649/2394/1323 1640/2384/1314
f 1640/2384/1314 1650/2395/1324 1641/2385/1315
f 1641/2396/1315 1651/2397/1325 1642/2387/1316
f 1642/2387/1316 1652/2398/1326 1643/2388/1317
f 1643/2388/1317 1653/2399/1327 1644/2389/1318
f 1644/2389/1318 1654/2400/1328 1645/2390/1319
f 1645/2390/1319 1646/2401/1329 1637/2391/1320
f 1539/2402/1330 1543/2403/1331 1545/2404/1331
f 1654/2405/1332 1650/2406/1332 1648/2407/1332
f 1658/2408/1333 1666/2409/1334 1657/2303/1241
f 1657/2303/1241 1665/2410/1335 1656/2304/1242
f 1656/2304/1242 1664/2411/1336 1655/2305/1243
f 1655/2305/1243 1672/2412/1337 1663/2306/1244
f 1672/2413/1337 1662/2309/1245 1663/2307/1244
f 1671/2414/1338 1661/2310/1246 1662/2309/1245
f 1670/2415/1339 1660/2311/1247 1661/2310/1246
f 1669/2416/1340 1659/2312/1248 1660/2311/1247
f 1668/2417/1341 1658/2408/1333 1659/2312/1248
f 1667/2418/1342 1675/2419/1343 1666/2409/1334
f 1666/2409/1334 1674/2420/1344 1665/2410/1335
f 1665/2410/1335 1673/2421/1345 1664/2411/1336
f 1664/2411/1336 1681/2422/1346 1672/2412/1337
f 1681/2423/1346 1671/2414/1338 1672/2413/1337
f 1680/2424/1347 1670/2415/1339 1671/2414/1338
f 1679/2425/1348 1669/2416/1340 1670/2415/1339
f 1678/2426/1349 1668/2417/1341 1669/2416/1340
f 1677/2427/1350 1667/2418/1342 1668/2417/1341
f 1574/2313/1249 1675/2419/1343 1676/2428/1351
f 1575/2315/1251 1674/2420/1344 1675/2419/1343
f 1576/2317/1253 1673/2421/1345 1674/2420/1344
f 1577/2319/1255 1681/2422/1346 1673/2421/1345
f 1578/2322/1257 1680/2424/1347 1681/2423/1346
f 1680/2424/1347 1580/2326/1261 1679/2425/1348
f 1679/2425/1348 1581/2328/1263 1678/2426/1349
f 1678/2426/1349 1582/2330/1265 1677/2427/1350
f 1677/2427/1350 1574/2313/1249 1676/2428/1351
f 1538/2264/1203 1547/2282/1221 1548/2265/1204
f 1539/2266/1205 1548/2265/1204 1549/2267/1206
f 1540/2268/1207 1549/2267/1206 1550/2269/1208
f 1541/2270/1209 1550/2269/1208 1551/2271/1210
f 1542/2273/1211 1551/2287/1210 1552/2274/1212
f 1543/2275/1214 1552/2274/1212 1553/2276/1215
f 1544/2277/1216 1553/2276/1215 1554/2278/1217
f 1545/2279/1218 1554/2278/1217 1555/2280/1219
f 1546/2281/1220 1555/2280/1219 1547/2282/1221
f 1547/2282/1221 1556/2292/1231 1557/2283/1223
f 1548/2265/1204 1557/2283/1223 1558/2284/1224
f 1549/2267/1206 1558/2284/1224 1559/2285/1225
f 1550/2269/1208 1559/2285/1225 1560/2286/1226
f 1551/2287/1210 1560/2297/1226 1561/2288/1227
f 1552/2274/1212 1561/2288/1227 1562/2289/1228
f 1553/2276/1215 1562/2289/1228 1563/2290/1229
f 1554/2278/1217 1563/2290/1229 1564/2291/1230
f 1555/2280/1219 1564/2291/1230 1556/2292/1231
f 1556/2292/1231 1565/2302/1240 1566/2293/1232
f 1557/2283/1223 1566/2293/1232 1567/2294/1233
f 1558/2284/1224 1567/2294/1233 1568/2295/1234
f 1559/2285/1225 1568/2295/1234 1569/2296/1235
f 1560/2297/1226 1569/2308/1235 1570/2298/1236
f 1561/2288/1227 1570/2298/1236 1571/2299/1237
f 1562/2289/1228 1571/2299/1237 1572/2300/1238
f 1563/2290/1229 1572/2300/1238 1573/2301/1239
f 1564/2291/1230 1573/2301/1239 1565/2302/1240
f 1565/2302/1240 1658/2408/1333 1657/2303/1241
f 1566/2293/1232 1657/2303/1241 1656/2304/1242
f 1567/2294/1233 1656/2304/1242 1655/2305/1243
f 1568/2295/1234 1655/2305/1243 1663/2306/1244
f 1663/2307/1244 1662/2309/1245 1570/2298/1236
f 1662/2309/1245 1661/2310/1246 1571/2299/1237
f 1661/2310/1246 1660/2311/1247 1572/2300/1238
f 1660/2311/1247 1659/2312/1248 1573/2301/1239
f 1659/2312/1248 1658/2408/1333 1565/2302/1240
f 1574/2313/1249 1583/2331/1266 1584/2314/1250
f 1575/2315/1251 1584/2314/1250 1585/2316/1252
f 1576/2317/1253 1585/2316/1252 1586/2318/1254
f 1577/2319/1255 1586/2318/1254 1587/2320/1256
f 1578/2322/1257 1587/2336/1256 1588/2323/1258
f 1579/2324/1259 1588/2323/1258 1589/2325/1260
f 1580/2326/1261 1589/2325/1260 1590/2327/1262
f 1581/2328/1263 1590/2327/1262 1591/2329/1264
f 1582/2330/1265 1591/2329/1264 1583/2331/1266
f 1583/2331/1266 1592/2341/1275 1593/2332/1267
f 1584/2314/1250 1593/2332/1267 1594/2333/1268
f 1585/2316/1252 1594/2333/1268 1595/2334/1269
f 1586/2318/1254 1595/2334/1269 1596/2335/1270
f 1587/2336/1256 1596/2346/1270 1597/2337/1271
f 1588/2323/1258 1597/2337/1271 1598/2338/1272
f 1589/2325/1260 1598/2338/1272 1599/2339/1273
f 1590/2327/1262 1599/2339/1273 1600/2340/1274
f 1591/2329/1264 1600/2340/1274 1592/2341/1275
f 1592/2341/1275 1601/2351/1284 1602/2342/1276
f 1593/2332/1267 1602/2342/1276 1603/2343/1277
f 1594/2333/1268 1603/2343/1277 1604/2344/1278
f 1595/2334/1269 1604/2344/1278 1605/2345/1279
f 1596/2346/1270 1605/2356/1279 1606/2347/1280
f 1597/2337/1271 1606/2347/1280 1607/2348/1281
f 1598/2338/1272 1607/2348/1281 1608/2349/1282
f 1599/2339/1273 1608/2349/1282 1609/2350/1283
f 1600/2340/1274 1609/2350/1283 1601/2351/1284
f 1601/2351/1284 1610/2361/1293 1611/2352/1285
f 1602/2342/1276 1611/2352/1285 1612/2353/1286
f 1603/2343/1277 1612/2353/1286 1613/2354/1287
f 1604/2344/1278 1613/2354/1287 1614/2355/1288
f 1605/2356/1279 1614/2366/1288 1615/2357/1289
f 1606/2347/1280 1615/2357/1289 1616/2358/1290
f 1607/2348/1281 1616/2358/1290 1617/2359/1291
f 1608/2349/1282 1617/2359/1291 1618/2360/1292
f 1609/2350/1283 1618/2360/1292 1610/2361/1293
f 1610/2361/1293 1619/2371/1302 1620/2362/1294
f 1611/2352/1285 1620/2362/1294 1621/2363/1295
f 1612/2353/1286 1621/2363/1295 1622/2364/1296
f 1613/2354/1287 1622/2364/1296 1623/2365/1297
f 1614/2366/1288 1623/2376/1297 1624/2367/1298
f 1615/2357/1289 1624/2367/1298 1625/2368/1299
f 1616/2358/1290 1625/2368/1299 1626/2369/1300
f 1617/2359/1291 1626/2369/1300 1627/2370/1301
f 1618/2360/1292 1627/2370/1301 1619/2371/1302
f 1619/2371/1302 1628/2381/1311 1629/2372/1303
f 1620/2362/1294 1629/2372/1303 1630/2373/1304
f 1621/2363/1295 1630/2373/1304 1631/2374/1305
f 1622/2364/1296 1631/2374/1305 1632/2375/1306
f 1623/2376/1297 1632/2386/1306 1633/2377/1307
f 1624/2367/1298 1633/2377/1307 1634/2378/1308
f 1625/2368/1299 1634/2378/1308 1635/2379/1309
f 1626/2369/1300 1635/2379/1309 1636/2380/1310
f 1627/2370/1301 1636/2380/1310 1628/2381/1311
f 1628/2381/1311 1637/2391/1320 1638/2382/1312
f 1629/2372/1303 1638/2382/1312 1639/2383/1313
f 1630/2373/1304 1639/2383/1313 1640/2384/1314
f 1631/2374/1305 1640/2384/1314 1641/2385/1315
f 1632/2386/1306 1641/2396/1315 1642/2387/1316
f 1633/2377/1307 1642/2387/1316 1643/2388/1317
f 1634/2378/1308 1643/2388/1317 1644/2389/1318
f 1635/2379/1309 1644/2389/1318 1645/2390/1319
f 1636/2380/1310 1645/2390/1319 1637/2391/1320
f 1637/2391/1320 1646/2401/1329 1647/2392/1321
f 1638/2382/1312 1647/2392/1321 1648/2393/1322
f 1639/2383/1313 1648/2393/1322 1649/2394/1323
f 1640/2384/1314 1649/2394/1323 1650/2395/1324
f 1641/2396/1315 1650/2429/1324 1651/2397/1325
f 1642/2387/1316 1651/2397/1325 1652/2398/1326
f 1643/2388/1317 1652/2398/1326 1653/2399/1327
f 1644/2389/1318 1653/2399/1327 1654/2400/1328
f 1645/2390/1319 1654/2400/1328 1646/2401/1329
f 1546/2430/1331 1538/2431/1331 1539/2402/1330
f 1539/2402/1330 1540/2432/1331 1541/2433/1352
f 1541/2433/1352 1542/2434/1353 1543/2403/1331
f 1543/2403/1331 1544/2435/1331 1545/2404/1331
f 1545/2404/1331 1546/2430/1331 1539/2402/1330
f 1539/2402/1330 1541/2433/1352 1543/2403/1331
f 1647/2436/1354 1646/2437/1332 1654/2405/1332
f 1654/2405/1332 1653/2438/1354 1652/2439/1355
f 1652/2439/1355 1651/2440/1332 1650/2406/1332
f 1650/2406/1332 1649/2441/1355 1648/2407/1332
f 1648/2407/1332 1647/2436/1354 1654/2405/1332
f 1654/2405/1332 1652/2439/1355 1650/2406/1332
f 1658/2408/1333 1667/2418/1342 1666/2409/1334
f 1657/2303/1241 1666/2409/1334 1665/2410/1335
f 1656/2304/1242 1665/2410/1335 1664/2411/1336
f 1655/2305/1243 1664/2411/1336 1672/2412/1337
f 1672/2413/1337 1671/2414/1338 1662/2309/1245
f 1671/2414/1338 1670/2415/1339 1661/2310/1246
f 1670/2415/1339 1669/2416/1340 1660/2311/1247
f 1669/2416/1340 1668/2417/1341 1659/2312/1248
f 1668/2417/1341 1667/2418/1342 1658/2408/1333
f 1667/2418/1342 1676/2428/1351 1675/2419/1343
f 1666/2409/1334 1675/2419/1343 1674/2420/1344
f 1665/2410/1335 1674/2420/1344 1673/2421/1345
f 1664/2411/1336 1673/2421/1345 1681/2422/1346
f 1681/2423/1346 1680/2424/1347 1671/2414/1338
f 1680/2424/1347 1679/2425/1348 1670/2415/1339
f 1679/2425/1348 1678/2426/1349 1669/2416/1340
f 1678/2426/1349 1677/2427/1350 1668/2417/1341
f 1677/2427/1350 1676/2428/1351 1667/2418/1342
f 1574/2313/1249 1575/2315/1251 1675/2419/1343
f 1575/2315/1251 1576/2317/1253 1674/2420/1344
f 1576/2317/1253 1577/2319/1255 1673/2421/1345
f 1577/2319/1255 1578/2321/1257 1681/2422/1346
f 1578/2322/1257 1579/2324/1259 1680/2424/1347
f 1680/2424/1347 1579/2324/1259 1580/2326/1261
f 1679/2425/1348 1580/2326/1261 1581/2328/1263
f 1678/2426/1349 1581/2328/1263 1582/2330/1265
f 1677/2427/1350 1582/2330/1265 1574/2313/1249
o ChandelierArmA007
v 0.960088 6.989256 1.662922
v 0.724804 7.001921 1.705348
v 0.518713 7.033988 1.587803
v 0.438247 7.070455 1.365283
v 0.521057 7.094256 1.141912
v 0.728396 7.094256 1.022204
v 0.963247 7.070455 1.062175
v 1.115721 7.033988 1.243119
v 1.114473 7.001921 1.480373
v 1.093221 8.690117 1.893514
v 0.858597 8.711225 1.937085
v 0.654179 8.764672 1.822437
v 0.575616 8.825451 1.603214
v 0.659669 8.865121 1.381993
v 0.867007 8.865121 1.262286
v 1.100616 8.825451 1.300105
v 1.251187 8.764672 1.477755
v 1.248266 8.711225 1.712110
v 1.340969 9.993464 2.322627
v 1.109508 10.031208 2.371676
v 0.913098 10.126781 2.270897
v 0.843640 10.235464 2.067446
v 0.933636 10.306402 1.856519
v 1.140975 10.306402 1.736812
v 1.368640 10.235464 1.764337
v 1.510106 10.126781 1.926215
v 1.499177 10.031208 2.146701
v 1.668561 10.975639 2.890033
v 1.442238 11.028788 2.947980
v 1.258836 11.163363 2.869732
v 1.204171 11.316395 2.691902
v 1.303821 11.416279 2.497698
v 1.511160 11.416279 2.377991
v 1.729170 11.316395 2.388793
v 1.855843 11.163362 2.525050
v 1.831907 11.028788 2.723005
v 3.687608 12.002601 6.387126
v 3.516045 12.072404 6.539921
v 3.471302 12.249150 6.701837
v 3.574314 12.450141 6.797112
v 3.776881 12.581326 6.781166
v 3.984220 12.581326 6.661458
v 4.099314 12.450140 6.494004
v 4.068310 12.249150 6.357155
v 3.905714 12.072402 6.314946
v 4.109529 11.156915 7.117915
v 3.946485 11.208907 7.285465
v 3.923312 11.340557 7.484742
v 4.050852 11.490264 7.622501
v 4.269429 11.587979 7.634284
v 4.476768 11.587979 7.514577
v 4.575852 11.490264 7.319392
v 4.520319 11.340556 7.140059
v 4.336154 11.208907 7.060489
v 6.464904 4.347240 11.197544
v 6.301769 4.399529 11.364937
v 6.278367 4.531926 11.563817
v 6.405646 4.682483 11.701124
v 6.624053 4.780752 11.712612
v 6.831392 4.780752 11.592905
v 6.930647 4.682483 11.398016
v 6.875374 4.531926 11.219134
v 6.691438 4.399529 11.139961
v 7.159462 2.927479 12.400554
v 6.985596 3.001704 12.549360
v 6.935020 3.189648 12.701175
v 7.031401 3.403370 12.784964
v 7.229640 3.542867 12.761518
v 7.436978 3.542867 12.641811
v 7.556401 3.403370 12.481855
v 7.532029 3.189648 12.356492
v 7.375265 3.001704 12.324385
v 7.822215 2.590498 13.548475
v 7.624069 2.676209 13.655228
v 7.512015 2.893236 13.700558
v 7.538484 3.140030 13.663256
v 7.691091 3.301113 13.560776
v 7.898429 3.301113 13.441069
v 8.063483 3.140030 13.360147
v 8.109022 2.893236 13.355875
v 8.013739 2.676209 13.430252
v 8.482391 3.009230 14.691935
v 8.264280 3.076850 14.764105
v 8.101671 3.248066 14.721872
v 8.070650 3.442767 14.584995
v 8.185734 3.569850 14.417522
v 8.393072 3.569850 14.297815
v 8.595650 3.442767 14.281887
v 8.698679 3.248066 14.377190
v 8.653950 3.076849 14.539129
v 8.961608 4.000020 15.521961
v 8.733927 4.049480 15.577559
v 8.547089 4.174714 15.493359
v 8.488516 4.317126 15.308760
v 8.585616 4.410079 15.110138
v 8.792954 4.410079 14.990431
v 9.013515 4.317126 15.005651
v 9.144096 4.174714 15.148676
v 9.123596 4.049480 15.352583
v 9.274931 5.621455 16.064653
v 9.039154 5.626451 16.106228
v 8.831816 5.639103 15.986521
v 8.749931 5.653490 15.761545
v 8.831816 5.662880 15.536570
v 9.039154 5.662880 15.416862
v 9.274931 5.653490 15.458437
v 9.428823 5.639103 15.641838
v 9.428823 5.626451 15.881252
v 9.274931 8.319407 16.064653
v 9.039154 8.319407 16.106228
v 8.831816 8.319407 15.986520
v 8.749931 8.319407 15.761544
v 8.831816 8.319407 15.536569
v 9.039154 8.319407 15.416861
v 9.274931 8.319407 15.458436
v 9.428823 8.319407 15.641837
v 9.428823 8.319407 15.881251
v 1.774560 12.294543 3.679846
v 1.801329 12.094698 3.809359
v 1.960200 11.918958 3.845118
v 2.176835 11.849552 3.770390
v 2.349869 11.918958 3.620142
v 2.398337 12.094698 3.464676
v 2.299560 12.294543 3.376737
v 2.099757 12.424982 3.397472
v 1.892418 12.424983 3.517179
v 2.483291 12.876916 4.907404
v 2.458816 12.640482 4.948160
v 2.572625 12.432565 4.905870
v 2.771465 12.350451 4.800319
v 2.962295 12.432565 4.680894
v 3.055824 12.640482 4.603477
v 3.008291 12.876916 4.604296
v 2.841936 13.031237 4.682965
v 2.634598 13.031237 4.802671
v 3.050240 12.875515 5.889389
v 2.984755 12.641924 5.859114
v 3.062502 12.436510 5.754362
v 3.247100 12.355387 5.624144
v 3.452171 12.436510 5.529386
v 3.581763 12.641924 5.514431
v 3.575240 12.875515 5.586281
v 3.435653 13.027983 5.711313
v 3.228315 13.027982 5.831020
vn 0.9284 0.3420 0.1453
vn 0.7298 0.6556 0.1936
vn 0.7568 0.6428 0.1186
vn 0.1458 0.9886 0.0388
vn 0.1715 0.9848 0.0269
vn -0.4978 0.8572 -0.1320
vn -0.4940 0.8660 -0.0773
vn -0.9103 0.3362 -0.2415
vn -0.9284 0.3420 -0.1453
vn -0.9103 -0.3361 -0.2415
vn -0.9880 -0.0000 -0.1546
vn -0.7569 -0.6427 -0.1185
vn -0.4978 -0.8571 -0.1321
vn -0.4941 -0.8660 -0.0773
vn 0.1458 -0.9886 0.0386
vn 0.1716 -0.9848 0.0271
vn 0.7298 -0.6557 0.1935
vn 0.7568 -0.6428 0.1185
vn 0.9666 -0.0000 0.2563
vn 0.9284 -0.3420 0.1453
vn 0.6702 0.6569 0.3454
vn 0.1324 0.9888 0.0683
vn -0.4587 0.8566 -0.2364
vn -0.8373 0.3359 -0.4315
vn -0.8374 -0.3357 -0.4314
vn -0.4588 -0.8566 -0.2363
vn 0.1324 -0.9888 0.0683
vn 0.6703 -0.6569 0.3453
vn 0.8889 0.0001 0.4580
vn 0.5627 0.6593 0.4986
vn 0.1081 0.9896 0.0951
vn -0.3889 0.8541 -0.3453
vn -0.7057 0.3340 -0.6249
vn -0.7056 -0.3340 -0.6250
vn -0.3890 -0.8541 -0.3453
vn 0.1082 -0.9896 0.0950
vn 0.5628 -0.6593 0.4986
vn 0.7483 -0.0000 0.6633
vn 0.3951 0.6586 0.6404
vn 0.0739 0.9901 0.1194
vn -0.2742 0.8503 -0.4493
vn -0.4921 0.3305 -0.8054
vn -0.4921 -0.3306 -0.8054
vn -0.2743 -0.8503 -0.4492
vn 0.0740 -0.9901 0.1193
vn 0.3950 -0.6587 0.6404
vn -0.5512 -0.0000 0.8344
vn -0.5813 0.6539 0.4843
vn -0.4083 0.6725 0.6172
vn -0.1185 0.9880 0.0987
vn -0.0707 0.9918 0.1067
vn 0.3944 0.8585 -0.3278
vn 0.2905 0.8516 -0.4363
vn 0.7243 0.3370 -0.6015
vn 0.5228 0.3341 -0.7842
vn 0.7242 -0.3369 -0.6017
vn 0.5229 -0.3342 -0.7841
vn 0.3943 -0.8585 -0.3278
vn 0.2908 -0.8515 -0.4362
vn -0.1185 -0.9880 0.0986
vn -0.0707 -0.9918 0.1067
vn -0.5813 -0.6538 0.4844
vn -0.4084 -0.6726 0.6171
vn -0.7683 -0.0000 0.6401
vn -0.5959 0.6349 0.4918
vn -0.1472 0.9816 0.1214
vn 0.3740 0.8746 -0.3084
vn 0.7229 0.3489 -0.5965
vn 0.7228 -0.3489 -0.5965
vn 0.3740 -0.8746 -0.3087
vn -0.1472 -0.9816 0.1214
vn -0.5959 -0.6349 0.4917
vn -0.7714 -0.0000 0.6363
vn -0.3896 0.6256 0.6759
vn -0.1121 0.9747 0.1933
vn 0.2219 0.8966 -0.3831
vn 0.4667 0.3718 -0.8025
vn 0.4665 -0.3719 -0.8026
vn 0.2220 -0.8966 -0.3832
vn -0.1121 -0.9747 0.1933
vn -0.3896 -0.6256 0.6759
vn -0.4988 -0.0000 0.8667
vn 0.0216 0.6241 0.7810
vn 0.0028 0.9746 0.2239
vn -0.0065 0.8952 -0.4455
vn -0.0029 0.3691 -0.9294
vn -0.0028 -0.3692 -0.9294
vn -0.0067 -0.8951 -0.4457
vn 0.0029 -0.9746 0.2241
vn 0.0217 -0.6241 0.7811
vn 0.0311 0.0001 0.9995
vn 0.4112 0.6235 0.6649
vn 0.1146 0.9748 0.1913
vn -0.2321 0.8944 -0.3824
vn -0.4746 0.3688 -0.7992
vn -0.4746 -0.3690 -0.7992
vn -0.2320 -0.8944 -0.3824
vn 0.1147 -0.9748 0.1913
vn 0.4110 -0.6237 0.6649
vn 0.5283 -0.0000 0.8491
vn 0.6606 0.6208 0.4221
vn 0.1837 0.9764 0.1132
vn -0.3946 0.8834 -0.2527
vn -0.7900 0.3546 -0.5002
vn -0.7900 -0.3545 -0.5003
vn -0.3947 -0.8833 -0.2528
vn 0.1838 -0.9764 0.1132
vn 0.6607 -0.6207 0.4220
vn 0.8409 -0.0000 0.5411
vn 0.7689 0.6230 0.1437
vn 0.2086 0.9770 0.0445
vn -0.4612 0.8832 -0.0855
vn -0.9177 0.3549 -0.1783
vn -0.9178 -0.3548 -0.1783
vn -0.4612 -0.8831 -0.0856
vn 0.2085 -0.9770 0.0443
vn 0.7689 -0.6231 0.1436
vn 0.9839 -0.0000 0.1787
vn 0.7662 0.6426 0.0001
vn 0.1735 0.9848 -0.0000
vn -0.5000 0.8660 -0.0000
vn -0.9397 0.3419 0.0002
vn -0.9398 -0.3417 0.0001
vn -0.5002 -0.8659 -0.0001
vn 0.1736 -0.9848 -0.0001
vn 0.7660 -0.6428 -0.0001
vn 1.0000 0.0003 0.0001
vn -0.1547 -0.0000 0.9880
vn -0.1546 -0.0000 0.9880
vn -0.0000 -0.0000 -1.0000
vn 0.0001 -0.0000 -1.0000
vn 0.5256 -0.0000 0.8507
vn 0.1499 0.6660 0.7307
vn 0.0224 0.9914 0.1293
vn -0.1045 0.8486 -0.5186
vn -0.1782 0.3305 -0.9268
vn -0.1782 -0.3303 -0.9269
vn -0.1044 -0.8486 -0.5186
vn 0.0223 -0.9914 0.1291
vn 0.1499 -0.6659 0.7308
vn 0.2043 -0.0000 0.9789
vn -0.1387 0.6702 0.7291
vn -0.0266 0.9914 0.1278
vn 0.0996 0.8517 -0.5145
vn 0.1837 0.3340 -0.9245
vn 0.1838 -0.3340 -0.9245
vn 0.0996 -0.8517 -0.5144
vn -0.0266 -0.9915 0.1277
vn -0.1388 -0.6702 0.7291
vn -0.1847 -0.0002 0.9828
vn -0.0001 -0.0000 -1.0000
vt 0.989622 0.035527
vt 0.930199 0.027511
vt 0.990069 0.028162
vt 0.931337 0.018862
vt 0.991509 0.020565
vt 0.932609 0.010351
vt 0.993133 0.012634
vt 0.933250 0.002023
vt 0.994036 0.004474
vt 0.997609 0.074856
vt 0.935771 0.070788
vt 0.996616 0.066592
vt 0.934229 0.062324
vt 0.994773 0.058375
vt 0.932297 0.053706
vt 0.992466 0.050453
vt 0.930643 0.044989
vt 0.990508 0.042880
vt 0.929871 0.036239
vt 0.880516 0.027763
vt 0.881230 0.019116
vt 0.882013 0.010626
vt 0.882340 0.002312
vt 0.936519 0.079080
vt 0.884374 0.071086
vt 0.883318 0.062623
vt 0.881998 0.054015
vt 0.880870 0.045292
vt 0.880329 0.036514
vt 0.837664 0.027886
vt 0.838381 0.019185
vt 0.839166 0.010674
vt 0.839532 0.002355
vt 0.884826 0.079392
vt 0.840857 0.071720
vt 0.839991 0.063162
vt 0.838854 0.054453
vt 0.837879 0.045621
vt 0.837438 0.036731
vt 0.788760 0.028009
vt 0.789247 0.019384
vt 0.789788 0.010988
vt 0.790068 0.002728
vt 0.790638 0.080122
vt 0.841161 0.080069
vt 0.790497 0.071758
vt 0.790002 0.063212
vt 0.789348 0.054557
vt 0.788800 0.045754
vt 0.670417 0.036283
vt 0.627443 0.028109
vt 0.670014 0.027060
vt 0.625154 0.020441
vt 0.668661 0.017915
vt 0.622633 0.012565
vt 0.667185 0.008999
vt 0.621341 0.004467
vt 0.666436 0.000500
vt 0.662616 0.080627
vt 0.617867 0.066642
vt 0.663541 0.072323
vt 0.620528 0.058592
vt 0.665311 0.063671
vt 0.623963 0.050788
vt 0.667564 0.054685
vt 0.626906 0.043183
vt 0.669511 0.045513
vt 0.628208 0.035659
vt 0.343840 0.027580
vt 0.341355 0.018375
vt 0.338645 0.009640
vt 0.337409 0.001282
vt 0.616680 0.074834
vt 0.333859 0.073113
vt 0.336606 0.064682
vt 0.340220 0.055894
vt 0.343330 0.046662
vt 0.344692 0.037117
vt 0.279316 0.027993
vt 0.277764 0.019727
vt 0.276087 0.011368
vt 0.275304 0.003060
vt 0.332778 0.081374
vt 0.272864 0.069295
vt 0.274658 0.060951
vt 0.276980 0.052557
vt 0.278969 0.044284
vt 0.279843 0.036140
vt 0.237751 0.027653
vt 0.237811 0.019647
vt 0.237937 0.011433
vt 0.238110 0.003174
vt 0.272077 0.077522
vt 0.237233 0.069014
vt 0.237392 0.060402
vt 0.237512 0.051827
vt 0.237620 0.043509
vt 0.237701 0.035516
vt 0.195548 0.028031
vt 0.196445 0.019857
vt 0.197470 0.011725
vt 0.198058 0.003531
vt 0.237047 0.077413
vt 0.198799 0.069022
vt 0.197904 0.060696
vt 0.196693 0.052577
vt 0.195664 0.044498
vt 0.195230 0.036292
vt 0.152528 0.027562
vt 0.153084 0.019271
vt 0.153665 0.011049
vt 0.153842 0.002826
vt 0.199047 0.077352
vt 0.155974 0.069844
vt 0.154975 0.061421
vt 0.153815 0.052975
vt 0.152852 0.044492
vt 0.152391 0.035989
vt 0.096949 0.027809
vt 0.099661 0.018947
vt 0.102650 0.010542
vt 0.104215 0.002336
vt 0.156619 0.078153
vt 0.107507 0.071659
vt 0.104637 0.063462
vt 0.100794 0.055078
vt 0.097464 0.046187
vt 0.096008 0.036992
vt 0.005418 0.027865
vt 0.007795 0.019022
vt 0.010374 0.010329
vt 0.011546 0.001879
vt 0.108429 0.079916
vt 0.015327 0.072744
vt 0.012594 0.063944
vt 0.009052 0.054992
vt 0.005987 0.046102
vt 0.004618 0.036981
vt 0.127120 0.793927
vt 0.115286 0.814424
vt 0.107563 0.801046
vt 0.939264 0.510075
vt 0.918768 0.498241
vt 0.932146 0.490517
vt 0.788578 0.036850
vt 0.740970 0.027700
vt 0.740392 0.018866
vt 0.739749 0.010293
vt 0.739342 0.001946
vt 0.738661 0.080276
vt 0.738695 0.071998
vt 0.739245 0.063534
vt 0.740066 0.054827
vt 0.740816 0.045870
vt 0.741154 0.036757
vt 0.705219 0.027620
vt 0.704405 0.018750
vt 0.703518 0.010218
vt 0.703122 0.001935
vt 0.700947 0.080454
vt 0.701241 0.072158
vt 0.702282 0.063683
vt 0.703659 0.054933
vt 0.704875 0.045916
vt 0.705448 0.036747
vt 0.016371 0.081101
vt 0.111672 0.793927
vt 0.119396 0.791116
vt 0.131230 0.801046
vt 0.129803 0.809141
vt 0.123506 0.814424
vt 0.108990 0.809141
vt 0.939264 0.494627
vt 0.942076 0.502351
vt 0.932146 0.514185
vt 0.924051 0.512757
vt 0.918768 0.506461
vt 0.924051 0.491945
s 1
usemtl Chandelier02
f 1682/2442/1356 1692/2443/1357 1683/2444/1358
f 1683/2444/1358 1693/2445/1359 1684/2446/1360
f 1684/2446/1360 1694/2447/1361 1685/2448/1362
f 1685/2448/1362 1695/2449/1363 1686/2450/1364
f 1686/2451/1364 1696/2452/1365 1687/2453/1366
f 1687/2453/1367 1697/2454/1368 1688/2455/1369
f 1688/2455/1369 1698/2456/1370 1689/2457/1371
f 1689/2457/1371 1699/2458/1372 1690/2459/1373
f 1690/2459/1373 1691/2460/1374 1682/2442/1375
f 1691/2460/1374 1701/2461/1376 1692/2443/1357
f 1692/2443/1357 1702/2462/1377 1693/2445/1359
f 1693/2445/1359 1703/2463/1378 1694/2447/1361
f 1694/2447/1361 1704/2464/1379 1695/2449/1363
f 1695/2465/1363 1705/2466/1380 1696/2452/1365
f 1696/2452/1365 1706/2467/1381 1697/2454/1368
f 1697/2454/1368 1707/2468/1382 1698/2456/1370
f 1698/2456/1370 1708/2469/1383 1699/2458/1372
f 1699/2458/1372 1700/2470/1384 1691/2460/1374
f 1700/2470/1384 1710/2471/1385 1701/2461/1376
f 1701/2461/1376 1711/2472/1386 1702/2462/1377
f 1702/2462/1377 1712/2473/1387 1703/2463/1378
f 1703/2463/1378 1713/2474/1388 1704/2464/1379
f 1704/2475/1379 1714/2476/1389 1705/2466/1380
f 1705/2466/1380 1715/2477/1390 1706/2467/1381
f 1706/2467/1381 1716/2478/1391 1707/2468/1382
f 1707/2468/1382 1717/2479/1392 1708/2469/1383
f 1708/2469/1383 1709/2480/1393 1700/2470/1384
f 1709/2480/1393 1801/2481/1394 1710/2471/1385
f 1710/2471/1385 1800/2482/1395 1711/2472/1386
f 1711/2472/1386 1799/2483/1396 1712/2473/1387
f 1712/2473/1387 1807/2484/1397 1713/2474/1388
f 1807/2485/1397 1714/2476/1389 1713/2486/1388
f 1806/2487/1398 1715/2477/1390 1714/2476/1389
f 1805/2488/1399 1716/2478/1391 1715/2477/1390
f 1804/2489/1400 1717/2479/1392 1716/2478/1391
f 1803/2490/1401 1709/2480/1393 1717/2479/1392
f 1718/2491/1402 1728/2492/1403 1719/2493/1404
f 1719/2493/1404 1729/2494/1405 1720/2495/1406
f 1720/2495/1406 1730/2496/1407 1721/2497/1408
f 1721/2497/1408 1731/2498/1409 1722/2499/1410
f 1722/2500/1410 1732/2501/1411 1723/2502/1412
f 1723/2502/1412 1733/2503/1413 1724/2504/1414
f 1724/2504/1414 1734/2505/1415 1725/2506/1416
f 1725/2506/1416 1735/2507/1417 1726/2508/1418
f 1726/2508/1418 1727/2509/1419 1718/2491/1402
f 1727/2509/1419 1737/2510/1420 1728/2492/1403
f 1728/2492/1403 1738/2511/1421 1729/2494/1405
f 1729/2494/1405 1739/2512/1422 1730/2496/1407
f 1730/2496/1407 1740/2513/1423 1731/2498/1409
f 1731/2514/1409 1741/2515/1424 1732/2501/1411
f 1732/2501/1411 1742/2516/1425 1733/2503/1413
f 1733/2503/1413 1743/2517/1426 1734/2505/1415
f 1734/2505/1415 1744/2518/1427 1735/2507/1417
f 1735/2507/1417 1736/2519/1428 1727/2509/1419
f 1736/2519/1428 1746/2520/1429 1737/2510/1420
f 1737/2510/1420 1747/2521/1430 1738/2511/1421
f 1738/2511/1421 1748/2522/1431 1739/2512/1422
f 1739/2512/1422 1749/2523/1432 1740/2513/1423
f 1740/2524/1423 1750/2525/1433 1741/2515/1424
f 1741/2515/1424 1751/2526/1434 1742/2516/1425
f 1742/2516/1425 1752/2527/1435 1743/2517/1426
f 1743/2517/1426 1753/2528/1436 1744/2518/1427
f 1744/2518/1427 1745/2529/1437 1736/2519/1428
f 1745/2529/1437 1755/2530/1438 1746/2520/1429
f 1746/2520/1429 1756/2531/1439 1747/2521/1430
f 1747/2521/1430 1757/2532/1440 1748/2522/1431
f 1748/2522/1431 1758/2533/1441 1749/2523/1432
f 1749/2534/1432 1759/2535/1442 1750/2525/1433
f 1750/2525/1433 1760/2536/1443 1751/2526/1434
f 1751/2526/1434 1761/2537/1444 1752/2527/1435
f 1752/2527/1435 1762/2538/1445 1753/2528/1436
f 1753/2528/1436 1754/2539/1446 1745/2529/1437
f 1754/2539/1446 1764/2540/1447 1755/2530/1438
f 1755/2530/1438 1765/2541/1448 1756/2531/1439
f 1756/2531/1439 1766/2542/1449 1757/2532/1440
f 1757/2532/1440 1767/2543/1450 1758/2533/1441
f 1758/2544/1441 1768/2545/1451 1759/2535/1442
f 1759/2535/1442 1769/2546/1452 1760/2536/1443
f 1760/2536/1443 1770/2547/1453 1761/2537/1444
f 1761/2537/1444 1771/2548/1454 1762/2538/1445
f 1762/2538/1445 1763/2549/1455 1754/2539/1446
f 1763/2549/1455 1773/2550/1456 1764/2540/1447
f 1764/2540/1447 1774/2551/1457 1765/2541/1448
f 1765/2541/1448 1775/2552/1458 1766/2542/1449
f 1766/2542/1449 1776/2553/1459 1767/2543/1450
f 1767/2554/1450 1777/2555/1460 1768/2545/1451
f 1768/2545/1451 1778/2556/1461 1769/2546/1452
f 1769/2546/1452 1779/2557/1462 1770/2547/1453
f 1770/2547/1453 1780/2558/1463 1771/2548/1454
f 1771/2548/1454 1772/2559/1464 1763/2549/1455
f 1772/2559/1464 1782/2560/1465 1773/2550/1456
f 1773/2550/1456 1783/2561/1466 1774/2551/1457
f 1774/2551/1457 1784/2562/1467 1775/2552/1458
f 1775/2552/1458 1785/2563/1468 1776/2553/1459
f 1776/2564/1459 1786/2565/1469 1777/2555/1460
f 1777/2555/1460 1787/2566/1470 1778/2556/1461
f 1778/2556/1461 1788/2567/1471 1779/2557/1462
f 1779/2557/1462 1789/2568/1472 1780/2558/1463
f 1780/2558/1463 1781/2569/1473 1772/2559/1464
f 1781/2569/1473 1791/2570/1474 1782/2560/1465
f 1782/2560/1465 1792/2571/1475 1783/2561/1466
f 1783/2561/1466 1793/2572/1476 1784/2562/1467
f 1784/2562/1467 1794/2573/1477 1785/2563/1468
f 1785/2574/1468 1795/2575/1478 1786/2565/1469
f 1786/2565/1469 1796/2576/1479 1787/2566/1470
f 1787/2566/1470 1797/2577/1480 1788/2567/1471
f 1788/2567/1471 1798/2578/1481 1789/2568/1472
f 1789/2568/1472 1790/2579/1482 1781/2569/1473
f 1683/2580/1483 1687/2581/1484 1689/2582/1484
f 1798/2583/1485 1794/2584/1486 1792/2585/1485
f 1802/2586/1487 1810/2587/1488 1801/2481/1394
f 1801/2481/1394 1809/2588/1489 1800/2482/1395
f 1800/2482/1395 1808/2589/1490 1799/2483/1396
f 1799/2483/1396 1816/2590/1491 1807/2484/1397
f 1816/2591/1491 1806/2487/1398 1807/2485/1397
f 1815/2592/1492 1805/2488/1399 1806/2487/1398
f 1814/2593/1493 1804/2489/1400 1805/2488/1399
f 1813/2594/1494 1803/2490/1401 1804/2489/1400
f 1812/2595/1495 1802/2586/1487 1803/2490/1401
f 1811/2596/1496 1819/2597/1497 1810/2587/1488
f 1810/2587/1488 1818/2598/1498 1809/2588/1489
f 1809/2588/1489 1817/2599/1499 1808/2589/1490
f 1808/2589/1490 1825/2600/1500 1816/2590/1491
f 1825/2601/1500 1815/2592/1492 1816/2591/1491
f 1824/2602/1501 1814/2593/1493 1815/2592/1492
f 1823/2603/1502 1813/2594/1494 1814/2593/1493
f 1822/2604/1503 1812/2595/1495 1813/2594/1494
f 1821/2605/1504 1811/2596/1496 1812/2595/1495
f 1718/2491/1402 1819/2597/1497 1820/2606/1505
f 1719/2493/1404 1818/2598/1498 1819/2597/1497
f 1720/2495/1406 1817/2599/1499 1818/2598/1498
f 1721/2497/1408 1825/2600/1500 1817/2599/1499
f 1722/2500/1410 1824/2602/1501 1825/2601/1500
f 1824/2602/1501 1724/2504/1414 1823/2603/1502
f 1823/2603/1502 1725/2506/1416 1822/2604/1503
f 1822/2604/1503 1726/2508/1418 1821/2605/1504
f 1821/2605/1504 1718/2491/1402 1820/2606/1505
f 1682/2442/1356 1691/2460/1374 1692/2443/1357
f 1683/2444/1358 1692/2443/1357 1693/2445/1359
f 1684/2446/1360 1693/2445/1359 1694/2447/1361
f 1685/2448/1362 1694/2447/1361 1695/2449/1363
f 1686/2451/1364 1695/2465/1363 1696/2452/1365
f 1687/2453/1367 1696/2452/1365 1697/2454/1368
f 1688/2455/1369 1697/2454/1368 1698/2456/1370
f 1689/2457/1371 1698/2456/1370 1699/2458/1372
f 1690/2459/1373 1699/2458/1372 1691/2460/1374
f 1691/2460/1374 1700/2470/1384 1701/2461/1376
f 1692/2443/1357 1701/2461/1376 1702/2462/1377
f 1693/2445/1359 1702/2462/1377 1703/2463/1378
f 1694/2447/1361 1703/2463/1378 1704/2464/1379
f 1695/2465/1363 1704/2475/1379 1705/2466/1380
f 1696/2452/1365 1705/2466/1380 1706/2467/1381
f 1697/2454/1368 1706/2467/1381 1707/2468/1382
f 1698/2456/1370 1707/2468/1382 1708/2469/1383
f 1699/2458/1372 1708/2469/1383 1700/2470/1384
f 1700/2470/1384 1709/2480/1393 1710/2471/1385
f 1701/2461/1376 1710/2471/1385 1711/2472/1386
f 1702/2462/1377 1711/2472/1386 1712/2473/1387
f 1703/2463/1378 1712/2473/1387 1713/2474/1388
f 1704/2475/1379 1713/2486/1388 1714/2476/1389
f 1705/2466/1380 1714/2476/1389 1715/2477/1390
f 1706/2467/1381 1715/2477/1390 1716/2478/1391
f 1707/2468/1382 1716/2478/1391 1717/2479/1392
f 1708/2469/1383 1717/2479/1392 1709/2480/1393
f 1709/2480/1393 1802/2586/1487 1801/2481/1394
f 1710/2471/1385 1801/2481/1394 1800/2482/1395
f 1711/2472/1386 1800/2482/1395 1799/2483/1396
f 1712/2473/1387 1799/2483/1396 1807/2484/1397
f 1807/2485/1397 1806/2487/1398 1714/2476/1389
f 1806/2487/1398 1805/2488/1399 1715/2477/1390
f 1805/2488/1399 1804/2489/1400 1716/2478/1391
f 1804/2489/1400 1803/2490/1401 1717/2479/1392
f 1803/2490/1401 1802/2586/1487 1709/2480/1393
f 1718/2491/1402 1727/2509/1419 1728/2492/1403
f 1719/2493/1404 1728/2492/1403 1729/2494/1405
f 1720/2495/1406 1729/2494/1405 1730/2496/1407
f 1721/2497/1408 1730/2496/1407 1731/2498/1409
f 1722/2500/1410 1731/2514/1409 1732/2501/1411
f 1723/2502/1412 1732/2501/1411 1733/2503/1413
f 1724/2504/1414 1733/2503/1413 1734/2505/1415
f 1725/2506/1416 1734/2505/1415 1735/2507/1417
f 1726/2508/1418 1735/2507/1417 1727/2509/1419
f 1727/2509/1419 1736/2519/1428 1737/2510/1420
f 1728/2492/1403 1737/2510/1420 1738/2511/1421
f 1729/2494/1405 1738/2511/1421 1739/2512/1422
f 1730/2496/1407 1739/2512/1422 1740/2513/1423
f 1731/2514/1409 1740/2524/1423 1741/2515/1424
f 1732/2501/1411 1741/2515/1424 1742/2516/1425
f 1733/2503/1413 1742/2516/1425 1743/2517/1426
f 1734/2505/1415 1743/2517/1426 1744/2518/1427
f 1735/2507/1417 1744/2518/1427 1736/2519/1428
f 1736/2519/1428 1745/2529/1437 1746/2520/1429
f 1737/2510/1420 1746/2520/1429 1747/2521/1430
f 1738/2511/1421 1747/2521/1430 1748/2522/1431
f 1739/2512/1422 1748/2522/1431 1749/2523/1432
f 1740/2524/1423 1749/2534/1432 1750/2525/1433
f 1741/2515/1424 1750/2525/1433 1751/2526/1434
f 1742/2516/1425 1751/2526/1434 1752/2527/1435
f 1743/2517/1426 1752/2527/1435 1753/2528/1436
f 1744/2518/1427 1753/2528/1436 1745/2529/1437
f 1745/2529/1437 1754/2539/1446 1755/2530/1438
f 1746/2520/1429 1755/2530/1438 1756/2531/1439
f 1747/2521/1430 1756/2531/1439 1757/2532/1440
f 1748/2522/1431 1757/2532/1440 1758/2533/1441
f 1749/2534/1432 1758/2544/1441 1759/2535/1442
f 1750/2525/1433 1759/2535/1442 1760/2536/1443
f 1751/2526/1434 1760/2536/1443 1761/2537/1444
f 1752/2527/1435 1761/2537/1444 1762/2538/1445
f 1753/2528/1436 1762/2538/1445 1754/2539/1446
f 1754/2539/1446 1763/2549/1455 1764/2540/1447
f 1755/2530/1438 1764/2540/1447 1765/2541/1448
f 1756/2531/1439 1765/2541/1448 1766/2542/1449
f 1757/2532/1440 1766/2542/1449 1767/2543/1450
f 1758/2544/1441 1767/2554/1450 1768/2545/1451
f 1759/2535/1442 1768/2545/1451 1769/2546/1452
f 1760/2536/1443 1769/2546/1452 1770/2547/1453
f 1761/2537/1444 1770/2547/1453 1771/2548/1454
f 1762/2538/1445 1771/2548/1454 1763/2549/1455
f 1763/2549/1455 1772/2559/1464 1773/2550/1456
f 1764/2540/1447 1773/2550/1456 1774/2551/1457
f 1765/2541/1448 1774/2551/1457 1775/2552/1458
f 1766/2542/1449 1775/2552/1458 1776/2553/1459
f 1767/2554/1450 1776/2564/1459 1777/2555/1460
f 1768/2545/1451 1777/2555/1460 1778/2556/1461
f 1769/2546/1452 1778/2556/1461 1779/2557/1462
f 1770/2547/1453 1779/2557/1462 1780/2558/1463
f 1771/2548/1454 1780/2558/1463 1772/2559/1464
f 1772/2559/1464 1781/2569/1473 1782/2560/1465
f 1773/2550/1456 1782/2560/1465 1783/2561/1466
f 1774/2551/1457 1783/2561/1466 1784/2562/1467
f 1775/2552/1458 1784/2562/1467 1785/2563/1468
f 1776/2564/1459 1785/2574/1468 1786/2565/1469
f 1777/2555/1460 1786/2565/1469 1787/2566/1470
f 1778/2556/1461 1787/2566/1470 1788/2567/1471
f 1779/2557/1462 1788/2567/1471 1789/2568/1472
f 1780/2558/1463 1789/2568/1472 1781/2569/1473
f 1781/2569/1473 1790/2579/1482 1791/2570/1474
f 1782/2560/1465 1791/2570/1474 1792/2571/1475
f 1783/2561/1466 1792/2571/1475 1793/2572/1476
f 1784/2562/1467 1793/2572/1476 1794/2573/1477
f 1785/2574/1468 1794/2607/1477 1795/2575/1478
f 1786/2565/1469 1795/2575/1478 1796/2576/1479
f 1787/2566/1470 1796/2576/1479 1797/2577/1480
f 1788/2567/1471 1797/2577/1480 1798/2578/1481
f 1789/2568/1472 1798/2578/1481 1790/2579/1482
f 1690/2608/1484 1682/2609/1483 1683/2580/1483
f 1683/2580/1483 1684/2610/1484 1685/2611/1483
f 1685/2611/1483 1686/2612/1484 1687/2581/1484
f 1687/2581/1484 1688/2613/1483 1689/2582/1484
f 1689/2582/1484 1690/2608/1484 1683/2580/1483
f 1683/2580/1483 1685/2611/1483 1687/2581/1484
f 1791/2614/1506 1790/2615/1506 1798/2583/1485
f 1798/2583/1485 1797/2616/1485 1796/2617/1485
f 1796/2617/1485 1795/2618/1485 1794/2584/1486
f 1794/2584/1486 1793/2619/1485 1792/2585/1485
f 1792/2585/1485 1791/2614/1506 1798/2583/1485
f 1798/2583/1485 1796/2617/1485 1794/2584/1486
f 1802/2586/1487 1811/2596/1496 1810/2587/1488
f 1801/2481/1394 1810/2587/1488 1809/2588/1489
f 1800/2482/1395 1809/2588/1489 1808/2589/1490
f 1799/2483/1396 1808/2589/1490 1816/2590/1491
f 1816/2591/1491 1815/2592/1492 1806/2487/1398
f 1815/2592/1492 1814/2593/1493 1805/2488/1399
f 1814/2593/1493 1813/2594/1494 1804/2489/1400
f 1813/2594/1494 1812/2595/1495 1803/2490/1401
f 1812/2595/1495 1811/2596/1496 1802/2586/1487
f 1811/2596/1496 1820/2606/1505 1819/2597/1497
f 1810/2587/1488 1819/2597/1497 1818/2598/1498
f 1809/2588/1489 1818/2598/1498 1817/2599/1499
f 1808/2589/1490 1817/2599/1499 1825/2600/1500
f 1825/2601/1500 1824/2602/1501 1815/2592/1492
f 1824/2602/1501 1823/2603/1502 1814/2593/1493
f 1823/2603/1502 1822/2604/1503 1813/2594/1494
f 1822/2604/1503 1821/2605/1504 1812/2595/1495
f 1821/2605/1504 1820/2606/1505 1811/2596/1496
f 1718/2491/1402 1719/2493/1404 1819/2597/1497
f 1719/2493/1404 1720/2495/1406 1818/2598/1498
f 1720/2495/1406 1721/2497/1408 1817/2599/1499
f 1721/2497/1408 1722/2499/1410 1825/2600/1500
f 1722/2500/1410 1723/2502/1412 1824/2602/1501
f 1824/2602/1501 1723/2502/1412 1724/2504/1414
f 1823/2603/1502 1724/2504/1414 1725/2506/1416
f 1822/2604/1503 1725/2506/1416 1726/2508/1418
f 1821/2605/1504 1726/2508/1418 1718/2491/1402
o ChandelierArmA01
v 1.920177 6.989256 -0.000001
v 1.839277 7.001921 0.224975
v 1.634434 7.033988 0.344682
v 1.401494 7.070455 0.303108
v 1.249453 7.094256 0.119706
v 1.249453 7.094256 -0.119708
v 1.401494 7.070455 -0.303110
v 1.634434 7.033988 -0.344683
v 1.839277 7.001921 -0.224976
v 2.186442 8.690117 -0.000001
v 2.106865 8.711225 0.224975
v 1.905367 8.764672 0.344682
v 1.676233 8.825451 0.303108
v 1.526677 8.865121 0.119706
v 1.526677 8.865121 -0.119708
v 1.676233 8.825451 -0.303109
v 1.905368 8.764672 -0.344683
v 2.106865 8.711225 -0.224976
v 2.681939 9.993464 -0.000001
v 2.608686 10.031208 0.224975
v 2.423204 10.126781 0.344682
v 2.212282 10.235464 0.303108
v 2.074612 10.306402 0.119706
v 2.074612 10.306402 -0.119708
v 2.212282 10.235464 -0.303109
v 2.423204 10.126781 -0.344683
v 2.608687 10.031208 -0.224976
v 3.337124 10.975639 -0.000001
v 3.274146 11.028788 0.224975
v 3.114680 11.163363 0.344682
v 2.933342 11.316395 0.303108
v 2.814982 11.416279 0.119706
v 2.814982 11.416279 -0.119708
v 2.933342 11.316395 -0.303109
v 3.114680 11.163362 -0.344683
v 3.274146 11.028788 -0.224976
v 7.375218 12.002600 0.000000
v 7.421762 12.072403 0.224975
v 7.539613 12.249149 0.344683
v 7.673630 12.450140 0.303109
v 7.761103 12.581326 0.119707
v 7.761103 12.581326 -0.119707
v 7.673630 12.450139 -0.303109
v 7.539614 12.249149 -0.344683
v 7.421762 12.072402 -0.224976
v 8.219060 11.156914 0.000000
v 8.282640 11.208906 0.224975
v 8.443633 11.340556 0.344682
v 8.626707 11.490263 0.303109
v 8.746200 11.587978 0.119707
v 8.746200 11.587978 -0.119707
v 8.626707 11.490263 -0.303109
v 8.443633 11.340555 -0.344683
v 8.282640 11.208906 -0.224976
v 12.929810 4.347239 -0.000000
v 12.993209 4.399528 0.224976
v 13.153742 4.531925 0.344683
v 13.336294 4.682482 0.303109
v 13.455446 4.780751 0.119707
v 13.455446 4.780751 -0.119707
v 13.336294 4.682482 -0.303109
v 13.153742 4.531925 -0.344682
v 12.993209 4.399528 -0.224975
v 14.318926 2.927478 -0.000000
v 14.360863 3.001703 0.224976
v 14.467051 3.189647 0.344683
v 14.587803 3.403369 0.303109
v 14.666619 3.542866 0.119707
v 14.666619 3.542866 -0.119707
v 14.587804 3.403369 -0.303109
v 14.467051 3.189647 -0.344683
v 14.360863 3.001703 -0.224976
v 15.644431 2.590497 -0.000000
v 15.637809 2.676208 0.224975
v 15.621038 2.893235 0.344682
v 15.601968 3.140029 0.303109
v 15.589520 3.301112 0.119707
v 15.589520 3.301112 -0.119707
v 15.601968 3.140029 -0.303109
v 15.621038 2.893235 -0.344683
v 15.637809 2.676208 -0.224976
v 16.964785 3.009229 -0.000000
v 16.918230 3.076849 0.224975
v 16.800350 3.248065 0.344682
v 16.666302 3.442766 0.303109
v 16.578808 3.569849 0.119707
v 16.578808 3.569849 -0.119707
v 16.666302 3.442766 -0.303109
v 16.800350 3.248065 -0.344683
v 16.918230 3.076848 -0.224976
v 17.923218 4.000019 -0.000000
v 17.857525 4.049479 0.224975
v 17.691185 4.174713 0.344683
v 17.502033 4.317125 0.303109
v 17.378571 4.410078 0.119707
v 17.378571 4.410078 -0.119707
v 17.502033 4.317125 -0.303109
v 17.691185 4.174713 -0.344683
v 17.857525 4.049479 -0.224976
v 18.549862 5.621454 -0.000000
v 18.467979 5.626450 0.224976
v 18.260639 5.639102 0.344683
v 18.024864 5.653489 0.303109
v 17.870972 5.662879 0.119707
v 17.870972 5.662879 -0.119707
v 18.024864 5.653489 -0.303109
v 18.260639 5.639102 -0.344682
v 18.467979 5.626450 -0.224975
v 18.549864 8.319406 -0.000001
v 18.467979 8.319406 0.224975
v 18.260639 8.319406 0.344682
v 18.024864 8.319406 0.303108
v 17.870972 8.319406 0.119707
v 17.870972 8.319406 -0.119708
v 18.024864 8.319406 -0.303109
v 18.260639 8.319406 -0.344683
v 18.467979 8.319406 -0.224976
v 4.074121 12.294543 0.303108
v 4.199667 12.094698 0.344682
v 4.310070 11.918958 0.224975
v 4.353672 11.849552 0.000000
v 4.310070 11.918958 -0.224976
v 4.199667 12.094698 -0.344683
v 4.074121 12.294543 -0.303109
v 3.992177 12.424982 -0.119707
v 3.992177 12.424983 0.119707
v 5.491583 12.876916 0.303109
v 5.514641 12.640482 0.344682
v 5.534922 12.432565 0.224975
v 5.542932 12.350451 0.000000
v 5.534922 12.432565 -0.224976
v 5.514641 12.640482 -0.344683
v 5.491583 12.876916 -0.303109
v 5.476535 13.031237 -0.119707
v 5.476535 13.031237 0.119707
v 6.625482 12.875515 0.303109
v 6.566520 12.641924 0.344682
v 6.514676 12.436510 0.224975
v 6.494202 12.355387 0.000000
v 6.514676 12.436510 -0.224976
v 6.566520 12.641924 -0.344683
v 6.625482 12.875515 -0.303109
v 6.663970 13.027983 -0.119707
v 6.663970 13.027982 0.119707
vn 0.9284 0.3420 0.1454
vn 0.7298 0.6557 0.1935
vn 0.7569 0.6427 0.1184
vn 0.1459 0.9885 0.0387
vn 0.1715 0.9848 0.0268
vn -0.4978 0.8572 -0.1320
vn -0.4935 0.8663 -0.0771
vn -0.9103 0.3361 -0.2415
vn -0.9283 0.3421 -0.1453
vn -0.9103 -0.3362 -0.2415
vn -0.9880 -0.0000 -0.1546
vn -0.7568 -0.6428 -0.1185
vn -0.4978 -0.8572 -0.1321
vn -0.4940 -0.8660 -0.0773
vn 0.1458 -0.9886 0.0387
vn 0.1719 -0.9848 0.0269
vn 0.7298 -0.6557 0.1936
vn 0.7568 -0.6428 0.1185
vn 0.9666 -0.0001 0.2563
vn 0.9284 -0.3420 0.1453
vn 0.6702 0.6569 0.3454
vn 0.1324 0.9888 0.0682
vn -0.4588 0.8565 -0.2364
vn -0.8372 0.3359 -0.4315
vn -0.8373 -0.3359 -0.4314
vn -0.4588 -0.8565 -0.2364
vn 0.1325 -0.9888 0.0683
vn 0.6702 -0.6570 0.3452
vn 0.8889 0.0001 0.4580
vn 0.5629 0.6592 0.4986
vn 0.1083 0.9896 0.0949
vn -0.3889 0.8541 -0.3454
vn -0.7057 0.3340 -0.6249
vn -0.7057 -0.3340 -0.6248
vn -0.3889 -0.8541 -0.3454
vn 0.1082 -0.9896 0.0950
vn 0.5628 -0.6593 0.4985
vn 0.7483 -0.0000 0.6634
vn 0.3950 0.6588 0.6403
vn 0.0739 0.9901 0.1192
vn -0.2740 0.8504 -0.4492
vn -0.4921 0.3305 -0.8053
vn -0.4920 -0.3305 -0.8054
vn -0.2741 -0.8504 -0.4491
vn 0.0740 -0.9901 0.1193
vn 0.3952 -0.6587 0.6403
vn -0.5513 -0.0001 0.8343
vn -0.5814 0.6538 0.4843
vn -0.4083 0.6727 0.6171
vn -0.1185 0.9880 0.0986
vn -0.0707 0.9918 0.1067
vn 0.3943 0.8585 -0.3279
vn 0.2907 0.8515 -0.4364
vn 0.7242 0.3370 -0.6016
vn 0.5228 0.3343 -0.7842
vn 0.7242 -0.3370 -0.6017
vn 0.5229 -0.3341 -0.7842
vn 0.3944 -0.8585 -0.3278
vn 0.2908 -0.8516 -0.4361
vn -0.1186 -0.9880 0.0986
vn -0.0707 -0.9918 0.1067
vn -0.5815 -0.6538 0.4842
vn -0.4084 -0.6726 0.6171
vn -0.7681 -0.0000 0.6403
vn -0.5960 0.6348 0.4918
vn -0.1473 0.9816 0.1215
vn 0.3739 0.8746 -0.3087
vn 0.7229 0.3489 -0.5964
vn 0.7229 -0.3489 -0.5964
vn 0.3741 -0.8746 -0.3085
vn -0.1473 -0.9816 0.1216
vn -0.5960 -0.6349 0.4916
vn -0.7714 -0.0000 0.6364
vn -0.3895 0.6256 0.6759
vn -0.1120 0.9747 0.1933
vn 0.2218 0.8966 -0.3834
vn 0.4665 0.3718 -0.8026
vn 0.4664 -0.3718 -0.8027
vn 0.2219 -0.8966 -0.3832
vn -0.1121 -0.9747 0.1933
vn -0.3896 -0.6256 0.6760
vn -0.4988 -0.0000 0.8667
vn 0.0219 0.6240 0.7811
vn 0.0027 0.9746 0.2240
vn -0.0067 0.8952 -0.4457
vn -0.0027 0.3692 -0.9293
vn -0.0030 -0.3692 -0.9294
vn -0.0066 -0.8952 -0.4457
vn 0.0028 -0.9746 0.2240
vn 0.0216 -0.6241 0.7811
vn 0.0311 -0.0000 0.9995
vn 0.4109 0.6237 0.6650
vn 0.1147 0.9748 0.1912
vn -0.2320 0.8943 -0.3826
vn -0.4746 0.3689 -0.7992
vn -0.4746 -0.3690 -0.7991
vn -0.2321 -0.8943 -0.3824
vn 0.1147 -0.9748 0.1912
vn 0.4110 -0.6237 0.6649
vn 0.5283 -0.0001 0.8490
vn 0.6608 0.6207 0.4220
vn 0.1838 0.9764 0.1130
vn -0.3945 0.8834 -0.2528
vn -0.7899 0.3545 -0.5003
vn -0.7900 -0.3546 -0.5001
vn -0.3948 -0.8834 -0.2526
vn 0.1837 -0.9765 0.1132
vn 0.6608 -0.6207 0.4220
vn 0.8409 0.0001 0.5412
vn 0.7689 0.6230 0.1436
vn 0.2086 0.9770 0.0443
vn -0.4613 0.8831 -0.0856
vn -0.9178 0.3548 -0.1783
vn -0.9177 -0.3549 -0.1783
vn -0.4612 -0.8832 -0.0856
vn 0.2085 -0.9770 0.0444
vn 0.7689 -0.6231 0.1436
vn 0.9839 -0.0001 0.1788
vn 0.7660 0.6428 -0.0000
vn 0.1737 0.9848 -0.0001
vn -0.5003 0.8659 -0.0001
vn -0.9397 0.3420 -0.0000
vn -0.9397 -0.3420 0.0001
vn -0.5003 -0.8659 0.0001
vn 0.1737 -0.9848 0.0001
vn 0.7660 -0.6429 -0.0001
vn 1.0000 -0.0000 -0.0000
vn -0.1546 -0.0000 0.9880
vn -0.1547 0.0001 0.9880
vn -0.1545 -0.0000 0.9880
vn -0.0000 -0.0000 -1.0000
vn 0.0001 -0.0000 -1.0000
vn 0.5256 -0.0001 0.8507
vn 0.1498 0.6660 0.7308
vn 0.0224 0.9914 0.1292
vn -0.1046 0.8486 -0.5187
vn -0.1779 0.3304 -0.9269
vn -0.1781 -0.3305 -0.9269
vn -0.1046 -0.8486 -0.5186
vn 0.0223 -0.9914 0.1292
vn 0.1497 -0.6659 0.7308
vn 0.2043 0.0001 0.9789
vn -0.1387 0.6702 0.7291
vn -0.0264 0.9915 0.1277
vn 0.0995 0.8517 -0.5145
vn 0.1837 0.3339 -0.9246
vn 0.1838 -0.3339 -0.9245
vn 0.0995 -0.8517 -0.5144
vn -0.0265 -0.9915 0.1277
vn -0.1386 -0.6702 0.7291
vn -0.1846 -0.0000 0.9828
vn -0.1547 -0.0000 0.9880
vn -0.1548 0.0001 0.9879
vn -0.0001 -0.0000 -1.0000
vt 0.989622 0.035527
vt 0.930199 0.027511
vt 0.990069 0.028162
vt 0.931337 0.018862
vt 0.991509 0.020565
vt 0.932609 0.010351
vt 0.993133 0.012634
vt 0.933250 0.002023
vt 0.994036 0.004474
vt 0.997609 0.074856
vt 0.935771 0.070788
vt 0.996616 0.066592
vt 0.934229 0.062324
vt 0.994773 0.058375
vt 0.932297 0.053706
vt 0.992466 0.050453
vt 0.930643 0.044989
vt 0.990508 0.042880
vt 0.929871 0.036239
vt 0.880516 0.027763
vt 0.881230 0.019116
vt 0.882013 0.010626
vt 0.882340 0.002312
vt 0.936519 0.079080
vt 0.884374 0.071086
vt 0.883318 0.062623
vt 0.881998 0.054015
vt 0.880870 0.045292
vt 0.880329 0.036514
vt 0.837664 0.027886
vt 0.838381 0.019185
vt 0.839166 0.010674
vt 0.839532 0.002355
vt 0.884826 0.079392
vt 0.840857 0.071720
vt 0.839991 0.063162
vt 0.838854 0.054453
vt 0.837879 0.045621
vt 0.837438 0.036731
vt 0.788760 0.028009
vt 0.789247 0.019384
vt 0.789788 0.010988
vt 0.790068 0.002728
vt 0.790638 0.080122
vt 0.841161 0.080069
vt 0.790497 0.071758
vt 0.790002 0.063212
vt 0.789348 0.054557
vt 0.788800 0.045754
vt 0.670417 0.036283
vt 0.627443 0.028109
vt 0.670014 0.027060
vt 0.625154 0.020441
vt 0.668661 0.017915
vt 0.622633 0.012565
vt 0.667185 0.008999
vt 0.621341 0.004467
vt 0.666436 0.000500
vt 0.662616 0.080627
vt 0.617867 0.066642
vt 0.663541 0.072323
vt 0.620528 0.058592
vt 0.665311 0.063671
vt 0.623963 0.050788
vt 0.667564 0.054685
vt 0.626906 0.043183
vt 0.669511 0.045513
vt 0.628208 0.035659
vt 0.343840 0.027580
vt 0.341355 0.018375
vt 0.338645 0.009640
vt 0.337409 0.001282
vt 0.616680 0.074834
vt 0.333859 0.073113
vt 0.336606 0.064682
vt 0.340220 0.055894
vt 0.343330 0.046662
vt 0.344692 0.037117
vt 0.279316 0.027993
vt 0.277764 0.019727
vt 0.276087 0.011368
vt 0.275304 0.003060
vt 0.332778 0.081374
vt 0.272864 0.069295
vt 0.274658 0.060951
vt 0.276980 0.052557
vt 0.278969 0.044284
vt 0.279843 0.036140
vt 0.237751 0.027653
vt 0.237811 0.019647
vt 0.237937 0.011433
vt 0.238110 0.003174
vt 0.272077 0.077522
vt 0.237233 0.069014
vt 0.237392 0.060402
vt 0.237512 0.051827
vt 0.237620 0.043509
vt 0.237701 0.035516
vt 0.195548 0.028031
vt 0.196445 0.019857
vt 0.197470 0.011725
vt 0.198058 0.003531
vt 0.237047 0.077413
vt 0.198799 0.069022
vt 0.197904 0.060696
vt 0.196693 0.052577
vt 0.195664 0.044498
vt 0.195230 0.036292
vt 0.152528 0.027562
vt 0.153084 0.019271
vt 0.153665 0.011049
vt 0.153842 0.002826
vt 0.199047 0.077352
vt 0.155974 0.069844
vt 0.154975 0.061421
vt 0.153815 0.052975
vt 0.152852 0.044492
vt 0.152391 0.035989
vt 0.096949 0.027809
vt 0.099661 0.018947
vt 0.102650 0.010542
vt 0.104215 0.002336
vt 0.156619 0.078153
vt 0.107507 0.071659
vt 0.104637 0.063462
vt 0.100794 0.055078
vt 0.097464 0.046187
vt 0.096008 0.036992
vt 0.005418 0.027865
vt 0.007795 0.019022
vt 0.010374 0.010329
vt 0.011546 0.001879
vt 0.108429 0.079916
vt 0.015327 0.072744
vt 0.012594 0.063944
vt 0.009052 0.054992
vt 0.005987 0.046102
vt 0.004618 0.036981
vt 0.127120 0.793927
vt 0.115286 0.814424
vt 0.107563 0.801046
vt 0.939264 0.510075
vt 0.918768 0.498241
vt 0.932146 0.490517
vt 0.788578 0.036850
vt 0.740970 0.027700
vt 0.740392 0.018866
vt 0.739749 0.010293
vt 0.739342 0.001946
vt 0.738661 0.080276
vt 0.738695 0.071998
vt 0.739245 0.063534
vt 0.740066 0.054827
vt 0.740816 0.045870
vt 0.741154 0.036757
vt 0.705219 0.027620
vt 0.704405 0.018750
vt 0.703518 0.010218
vt 0.703122 0.001935
vt 0.700947 0.080454
vt 0.701241 0.072158
vt 0.702282 0.063683
vt 0.703659 0.054933
vt 0.704875 0.045916
vt 0.705448 0.036747
vt 0.016371 0.081101
vt 0.111672 0.793927
vt 0.119396 0.791116
vt 0.131230 0.801046
vt 0.129803 0.809141
vt 0.123506 0.814424
vt 0.108990 0.809141
vt 0.939264 0.494627
vt 0.942076 0.502351
vt 0.932146 0.514185
vt 0.924051 0.512757
vt 0.918768 0.506461
vt 0.924051 0.491945
s 1
usemtl Chandelier02
f 1826/2620/1507 1836/2621/1508 1827/2622/1509
f 1827/2622/1509 1837/2623/1510 1828/2624/1511
f 1828/2624/1511 1838/2625/1512 1829/2626/1513
f 1829/2626/1513 1839/2627/1514 1830/2628/1515
f 1830/2629/1515 1840/2630/1516 1831/2631/1517
f 1831/2631/1518 1841/2632/1519 1832/2633/1520
f 1832/2633/1520 1842/2634/1521 1833/2635/1522
f 1833/2635/1522 1843/2636/1523 1834/2637/1524
f 1834/2637/1524 1835/2638/1525 1826/2620/1526
f 1835/2638/1525 1845/2639/1527 1836/2621/1508
f 1836/2621/1508 1846/2640/1528 1837/2623/1510
f 1837/2623/1510 1847/2641/1529 1838/2625/1512
f 1838/2625/1512 1848/2642/1530 1839/2627/1514
f 1839/2643/1514 1849/2644/1531 1840/2630/1516
f 1840/2630/1516 1850/2645/1532 1841/2632/1519
f 1841/2632/1519 1851/2646/1533 1842/2634/1521
f 1842/2634/1521 1852/2647/1534 1843/2636/1523
f 1843/2636/1523 1844/2648/1535 1835/2638/1525
f 1844/2648/1535 1854/2649/1536 1845/2639/1527
f 1845/2639/1527 1855/2650/1537 1846/2640/1528
f 1846/2640/1528 1856/2651/1538 1847/2641/1529
f 1847/2641/1529 1857/2652/1539 1848/2642/1530
f 1848/2653/1530 1858/2654/1540 1849/2644/1531
f 1849/2644/1531 1859/2655/1541 1850/2645/1532
f 1850/2645/1532 1860/2656/1542 1851/2646/1533
f 1851/2646/1533 1861/2657/1543 1852/2647/1534
f 1852/2647/1534 1853/2658/1544 1844/2648/1535
f 1853/2658/1544 1945/2659/1545 1854/2649/1536
f 1854/2649/1536 1944/2660/1546 1855/2650/1537
f 1855/2650/1537 1943/2661/1547 1856/2651/1538
f 1856/2651/1538 1951/2662/1548 1857/2652/1539
f 1951/2663/1548 1858/2654/1540 1857/2664/1539
f 1950/2665/1549 1859/2655/1541 1858/2654/1540
f 1949/2666/1550 1860/2656/1542 1859/2655/1541
f 1948/2667/1551 1861/2657/1543 1860/2656/1542
f 1947/2668/1552 1853/2658/1544 1861/2657/1543
f 1862/2669/1553 1872/2670/1554 1863/2671/1555
f 1863/2671/1555 1873/2672/1556 1864/2673/1557
f 1864/2673/1557 1874/2674/1558 1865/2675/1559
f 1865/2675/1559 1875/2676/1560 1866/2677/1561
f 1866/2678/1561 1876/2679/1562 1867/2680/1563
f 1867/2680/1563 1877/2681/1564 1868/2682/1565
f 1868/2682/1565 1878/2683/1566 1869/2684/1567
f 1869/2684/1567 1879/2685/1568 1870/2686/1569
f 1870/2686/1569 1871/2687/1570 1862/2669/1553
f 1871/2687/1570 1881/2688/1571 1872/2670/1554
f 1872/2670/1554 1882/2689/1572 1873/2672/1556
f 1873/2672/1556 1883/2690/1573 1874/2674/1558
f 1874/2674/1558 1884/2691/1574 1875/2676/1560
f 1875/2692/1560 1885/2693/1575 1876/2679/1562
f 1876/2679/1562 1886/2694/1576 1877/2681/1564
f 1877/2681/1564 1887/2695/1577 1878/2683/1566
f 1878/2683/1566 1888/2696/1578 1879/2685/1568
f 1879/2685/1568 1880/2697/1579 1871/2687/1570
f 1880/2697/1579 1890/2698/1580 1881/2688/1571
f 1881/2688/1571 1891/2699/1581 1882/2689/1572
f 1882/2689/1572 1892/2700/1582 1883/2690/1573
f 1883/2690/1573 1893/2701/1583 1884/2691/1574
f 1884/2702/1574 1894/2703/1584 1885/2693/1575
f 1885/2693/1575 1895/2704/1585 1886/2694/1576
f 1886/2694/1576 1896/2705/1586 1887/2695/1577
f 1887/2695/1577 1897/2706/1587 1888/2696/1578
f 1888/2696/1578 1889/2707/1588 1880/2697/1579
f 1889/2707/1588 1899/2708/1589 1890/2698/1580
f 1890/2698/1580 1900/2709/1590 1891/2699/1581
f 1891/2699/1581 1901/2710/1591 1892/2700/1582
f 1892/2700/1582 1902/2711/1592 1893/2701/1583
f 1893/2712/1583 1903/2713/1593 1894/2703/1584
f 1894/2703/1584 1904/2714/1594 1895/2704/1585
f 1895/2704/1585 1905/2715/1595 1896/2705/1586
f 1896/2705/1586 1906/2716/1596 1897/2706/1587
f 1897/2706/1587 1898/2717/1597 1889/2707/1588
f 1898/2717/1597 1908/2718/1598 1899/2708/1589
f 1899/2708/1589 1909/2719/1599 1900/2709/1590
f 1900/2709/1590 1910/2720/1600 1901/2710/1591
f 1901/2710/1591 1911/2721/1601 1902/2711/1592
f 1902/2722/1592 1912/2723/1602 1903/2713/1593
f 1903/2713/1593 1913/2724/1603 1904/2714/1594
f 1904/2714/1594 1914/2725/1604 1905/2715/1595
f 1905/2715/1595 1915/2726/1605 1906/2716/1596
f 1906/2716/1596 1907/2727/1606 1898/2717/1597
f 1907/2727/1606 1917/2728/1607 1908/2718/1598
f 1908/2718/1598 1918/2729/1608 1909/2719/1599
f 1909/2719/1599 1919/2730/1609 1910/2720/1600
f 1910/2720/1600 1920/2731/1610 1911/2721/1601
f 1911/2732/1601 1921/2733/1611 1912/2723/1602
f 1912/2723/1602 1922/2734/1612 1913/2724/1603
f 1913/2724/1603 1923/2735/1613 1914/2725/1604
f 1914/2725/1604 1924/2736/1614 1915/2726/1605
f 1915/2726/1605 1916/2737/1615 1907/2727/1606
f 1916/2737/1615 1926/2738/1616 1917/2728/1607
f 1917/2728/1607 1927/2739/1617 1918/2729/1608
f 1918/2729/1608 1928/2740/1618 1919/2730/1609
f 1919/2730/1609 1929/2741/1619 1920/2731/1610
f 1920/2742/1610 1930/2743/1620 1921/2733/1611
f 1921/2733/1611 1931/2744/1621 1922/2734/1612
f 1922/2734/1612 1932/2745/1622 1923/2735/1613
f 1923/2735/1613 1933/2746/1623 1924/2736/1614
f 1924/2736/1614 1925/2747/1624 1916/2737/1615
f 1925/2747/1624 1935/2748/1625 1926/2738/1616
f 1926/2738/1616 1936/2749/1626 1927/2739/1617
f 1927/2739/1617 1937/2750/1627 1928/2740/1618
f 1928/2740/1618 1938/2751/1628 1929/2741/1619
f 1929/2752/1619 1939/2753/1629 1930/2743/1620
f 1930/2743/1620 1940/2754/1630 1931/2744/1621
f 1931/2744/1621 1941/2755/1631 1932/2745/1622
f 1932/2745/1622 1942/2756/1632 1933/2746/1623
f 1933/2746/1623 1934/2757/1633 1925/2747/1624
f 1827/2758/1634 1831/2759/1635 1833/2760/1636
f 1942/2761/1637 1938/2762/1638 1936/2763/1637
f 1946/2764/1639 1954/2765/1640 1945/2659/1545
f 1945/2659/1545 1953/2766/1641 1944/2660/1546
f 1944/2660/1546 1952/2767/1642 1943/2661/1547
f 1943/2661/1547 1960/2768/1643 1951/2662/1548
f 1960/2769/1643 1950/2665/1549 1951/2663/1548
f 1959/2770/1644 1949/2666/1550 1950/2665/1549
f 1958/2771/1645 1948/2667/1551 1949/2666/1550
f 1957/2772/1646 1947/2668/1552 1948/2667/1551
f 1956/2773/1647 1946/2764/1639 1947/2668/1552
f 1955/2774/1648 1963/2775/1649 1954/2765/1640
f 1954/2765/1640 1962/2776/1650 1953/2766/1641
f 1953/2766/1641 1961/2777/1651 1952/2767/1642
f 1952/2767/1642 1969/2778/1652 1960/2768/1643
f 1969/2779/1652 1959/2770/1644 1960/2769/1643
f 1968/2780/1653 1958/2771/1645 1959/2770/1644
f 1967/2781/1654 1957/2772/1646 1958/2771/1645
f 1966/2782/1655 1956/2773/1647 1957/2772/1646
f 1965/2783/1656 1955/2774/1648 1956/2773/1647
f 1862/2669/1553 1963/2775/1649 1964/2784/1657
f 1863/2671/1555 1962/2776/1650 1963/2775/1649
f 1864/2673/1557 1961/2777/1651 1962/2776/1650
f 1865/2675/1559 1969/2778/1652 1961/2777/1651
f 1866/2678/1561 1968/2780/1653 1969/2779/1652
f 1968/2780/1653 1868/2682/1565 1967/2781/1654
f 1967/2781/1654 1869/2684/1567 1966/2782/1655
f 1966/2782/1655 1870/2686/1569 1965/2783/1656
f 1965/2783/1656 1862/2669/1553 1964/2784/1657
f 1826/2620/1507 1835/2638/1525 1836/2621/1508
f 1827/2622/1509 1836/2621/1508 1837/2623/1510
f 1828/2624/1511 1837/2623/1510 1838/2625/1512
f 1829/2626/1513 1838/2625/1512 1839/2627/1514
f 1830/2629/1515 1839/2643/1514 1840/2630/1516
f 1831/2631/1518 1840/2630/1516 1841/2632/1519
f 1832/2633/1520 1841/2632/1519 1842/2634/1521
f 1833/2635/1522 1842/2634/1521 1843/2636/1523
f 1834/2637/1524 1843/2636/1523 1835/2638/1525
f 1835/2638/1525 1844/2648/1535 1845/2639/1527
f 1836/2621/1508 1845/2639/1527 1846/2640/1528
f 1837/2623/1510 1846/2640/1528 1847/2641/1529
f 1838/2625/1512 1847/2641/1529 1848/2642/1530
f 1839/2643/1514 1848/2653/1530 1849/2644/1531
f 1840/2630/1516 1849/2644/1531 1850/2645/1532
f 1841/2632/1519 1850/2645/1532 1851/2646/1533
f 1842/2634/1521 1851/2646/1533 1852/2647/1534
f 1843/2636/1523 1852/2647/1534 1844/2648/1535
f 1844/2648/1535 1853/2658/1544 1854/2649/1536
f 1845/2639/1527 1854/2649/1536 1855/2650/1537
f 1846/2640/1528 1855/2650/1537 1856/2651/1538
f 1847/2641/1529 1856/2651/1538 1857/2652/1539
f 1848/2653/1530 1857/2664/1539 1858/2654/1540
f 1849/2644/1531 1858/2654/1540 1859/2655/1541
f 1850/2645/1532 1859/2655/1541 1860/2656/1542
f 1851/2646/1533 1860/2656/1542 1861/2657/1543
f 1852/2647/1534 1861/2657/1543 1853/2658/1544
f 1853/2658/1544 1946/2764/1639 1945/2659/1545
f 1854/2649/1536 1945/2659/1545 1944/2660/1546
f 1855/2650/1537 1944/2660/1546 1943/2661/1547
f 1856/2651/1538 1943/2661/1547 1951/2662/1548
f 1951/2663/1548 1950/2665/1549 1858/2654/1540
f 1950/2665/1549 1949/2666/1550 1859/2655/1541
f 1949/2666/1550 1948/2667/1551 1860/2656/1542
f 1948/2667/1551 1947/2668/1552 1861/2657/1543
f 1947/2668/1552 1946/2764/1639 1853/2658/1544
f 1862/2669/1553 1871/2687/1570 1872/2670/1554
f 1863/2671/1555 1872/2670/1554 1873/2672/1556
f 1864/2673/1557 1873/2672/1556 1874/2674/1558
f 1865/2675/1559 1874/2674/1558 1875/2676/1560
f 1866/2678/1561 1875/2692/1560 1876/2679/1562
f 1867/2680/1563 1876/2679/1562 1877/2681/1564
f 1868/2682/1565 1877/2681/1564 1878/2683/1566
f 1869/2684/1567 1878/2683/1566 1879/2685/1568
f 1870/2686/1569 1879/2685/1568 1871/2687/1570
f 1871/2687/1570 1880/2697/1579 1881/2688/1571
f 1872/2670/1554 1881/2688/1571 1882/2689/1572
f 1873/2672/1556 1882/2689/1572 1883/2690/1573
f 1874/2674/1558 1883/2690/1573 1884/2691/1574
f 1875/2692/1560 1884/2702/1574 1885/2693/1575
f 1876/2679/1562 1885/2693/1575 1886/2694/1576
f 1877/2681/1564 1886/2694/1576 1887/2695/1577
f 1878/2683/1566 1887/2695/1577 1888/2696/1578
f 1879/2685/1568 1888/2696/1578 1880/2697/1579
f 1880/2697/1579 1889/2707/1588 1890/2698/1580
f 1881/2688/1571 1890/2698/1580 1891/2699/1581
f 1882/2689/1572 1891/2699/1581 1892/2700/1582
f 1883/2690/1573 1892/2700/1582 1893/2701/1583
f 1884/2702/1574 1893/2712/1583 1894/2703/1584
f 1885/2693/1575 1894/2703/1584 1895/2704/1585
f 1886/2694/1576 1895/2704/1585 1896/2705/1586
f 1887/2695/1577 1896/2705/1586 1897/2706/1587
f 1888/2696/1578 1897/2706/1587 1889/2707/1588
f 1889/2707/1588 1898/2717/1597 1899/2708/1589
f 1890/2698/1580 1899/2708/1589 1900/2709/1590
f 1891/2699/1581 1900/2709/1590 1901/2710/1591
f 1892/2700/1582 1901/2710/1591 1902/2711/1592
f 1893/2712/1583 1902/2722/1592 1903/2713/1593
f 1894/2703/1584 1903/2713/1593 1904/2714/1594
f 1895/2704/1585 1904/2714/1594 1905/2715/1595
f 1896/2705/1586 1905/2715/1595 1906/2716/1596
f 1897/2706/1587 1906/2716/1596 1898/2717/1597
f 1898/2717/1597 1907/2727/1606 1908/2718/1598
f 1899/2708/1589 1908/2718/1598 1909/2719/1599
f 1900/2709/1590 1909/2719/1599 1910/2720/1600
f 1901/2710/1591 1910/2720/1600 1911/2721/1601
f 1902/2722/1592 1911/2732/1601 1912/2723/1602
f 1903/2713/1593 1912/2723/1602 1913/2724/1603
f 1904/2714/1594 1913/2724/1603 1914/2725/1604
f 1905/2715/1595 1914/2725/1604 1915/2726/1605
f 1906/2716/1596 1915/2726/1605 1907/2727/1606
f 1907/2727/1606 1916/2737/1615 1917/2728/1607
f 1908/2718/1598 1917/2728/1607 1918/2729/1608
f 1909/2719/1599 1918/2729/1608 1919/2730/1609
f 1910/2720/1600 1919/2730/1609 1920/2731/1610
f 1911/2732/1601 1920/2742/1610 1921/2733/1611
f 1912/2723/1602 1921/2733/1611 1922/2734/1612
f 1913/2724/1603 1922/2734/1612 1923/2735/1613
f 1914/2725/1604 1923/2735/1613 1924/2736/1614
f 1915/2726/1605 1924/2736/1614 1916/2737/1615
f 1916/2737/1615 1925/2747/1624 1926/2738/1616
f 1917/2728/1607 1926/2738/1616 1927/2739/1617
f 1918/2729/1608 1927/2739/1617 1928/2740/1618
f 1919/2730/1609 1928/2740/1618 1929/2741/1619
f 1920/2742/1610 1929/2752/1619 1930/2743/1620
f 1921/2733/1611 1930/2743/1620 1931/2744/1621
f 1922/2734/1612 1931/2744/1621 1932/2745/1622
f 1923/2735/1613 1932/2745/1622 1933/2746/1623
f 1924/2736/1614 1933/2746/1623 1925/2747/1624
f 1925/2747/1624 1934/2757/1633 1935/2748/1625
f 1926/2738/1616 1935/2748/1625 1936/2749/1626
f 1927/2739/1617 1936/2749/1626 1937/2750/1627
f 1928/2740/1618 1937/2750/1627 1938/2751/1628
f 1929/2752/1619 1938/2785/1628 1939/2753/1629
f 1930/2743/1620 1939/2753/1629 1940/2754/1630
f 1931/2744/1621 1940/2754/1630 1941/2755/1631
f 1932/2745/1622 1941/2755/1631 1942/2756/1632
f 1933/2746/1623 1942/2756/1632 1934/2757/1633
f 1834/2786/1658 1826/2787/1635 1827/2758/1634
f 1827/2758/1634 1828/2788/1635 1829/2789/1635
f 1829/2789/1635 1830/2790/1634 1831/2759/1635
f 1831/2759/1635 1832/2791/1659 1833/2760/1636
f 1833/2760/1636 1834/2786/1658 1827/2758/1634
f 1827/2758/1634 1829/2789/1635 1831/2759/1635
f 1935/2792/1638 1934/2793/1660 1942/2761/1637
f 1942/2761/1637 1941/2794/1637 1940/2795/1660
f 1940/2795/1660 1939/2796/1637 1938/2762/1638
f 1938/2762/1638 1937/2797/1637 1936/2763/1637
f 1936/2763/1637 1935/2792/1638 1942/2761/1637
f 1942/2761/1637 1940/2795/1660 1938/2762/1638
f 1946/2764/1639 1955/2774/1648 1954/2765/1640
f 1945/2659/1545 1954/2765/1640 1953/2766/1641
f 1944/2660/1546 1953/2766/1641 1952/2767/1642
f 1943/2661/1547 1952/2767/1642 1960/2768/1643
f 1960/2769/1643 1959/2770/1644 1950/2665/1549
f 1959/2770/1644 1958/2771/1645 1949/2666/1550
f 1958/2771/1645 1957/2772/1646 1948/2667/1551
f 1957/2772/1646 1956/2773/1647 1947/2668/1552
f 1956/2773/1647 1955/2774/1648 1946/2764/1639
f 1955/2774/1648 1964/2784/1657 1963/2775/1649
f 1954/2765/1640 1963/2775/1649 1962/2776/1650
f 1953/2766/1641 1962/2776/1650 1961/2777/1651
f 1952/2767/1642 1961/2777/1651 1969/2778/1652
f 1969/2779/1652 1968/2780/1653 1959/2770/1644
f 1968/2780/1653 1967/2781/1654 1958/2771/1645
f 1967/2781/1654 1966/2782/1655 1957/2772/1646
f 1966/2782/1655 1965/2783/1656 1956/2773/1647
f 1965/2783/1656 1964/2784/1657 1955/2774/1648
f 1862/2669/1553 1863/2671/1555 1963/2775/1649
f 1863/2671/1555 1864/2673/1557 1962/2776/1650
f 1864/2673/1557 1865/2675/1559 1961/2777/1651
f 1865/2675/1559 1866/2677/1561 1969/2778/1652
f 1866/2678/1561 1867/2680/1563 1968/2780/1653
f 1968/2780/1653 1867/2680/1563 1868/2682/1565
f 1967/2781/1654 1868/2682/1565 1869/2684/1567
f 1966/2782/1655 1869/2684/1567 1870/2686/1569
f 1965/2783/1656 1870/2686/1569 1862/2669/1553
o ChandelierArmB003
v 9.595276 8.286621 -16.619509
v 9.095276 8.136621 -16.598192
v 8.672921 8.136621 -16.485022
v 8.363737 8.136621 -16.175837
v 8.250567 8.136621 -15.753484
v 8.363737 8.136621 -15.331129
v 8.672921 8.136621 -15.021945
v 9.095276 8.136621 -14.908775
v 9.517630 8.136621 -15.021945
v 9.826815 8.136621 -15.331129
v 9.939984 8.136621 -15.753484
v 9.961302 8.286621 -16.253483
v 9.595276 8.761565 -16.619509
v 9.095276 8.761565 -16.753483
v 8.595276 8.761565 -16.619509
v 8.229251 8.761565 -16.253483
v 8.095276 8.761565 -15.753484
v 8.229251 8.761565 -15.253484
v 8.595276 8.761565 -14.887458
v 9.095276 8.761565 -14.753484
v 9.595276 8.761565 -14.887458
v 9.961301 8.761565 -15.253484
v 10.095276 8.761565 -15.753483
v 9.961302 8.761565 -16.253483
v 9.706538 8.761565 -16.812222
v 9.095276 8.761565 -16.976007
v 8.484014 8.761565 -16.812222
v 8.036538 8.761565 -16.364746
v 7.872751 8.761565 -15.753484
v 8.036538 8.761565 -15.142220
v 8.484014 8.761565 -14.694746
v 9.095276 8.761565 -14.530959
v 9.706538 8.761565 -14.694746
v 10.154014 8.761565 -15.142220
v 10.317801 8.761565 -15.753483
v 10.154014 8.761565 -16.364744
v 9.706538 9.015311 -16.812222
v 9.095276 9.015311 -16.976007
v 8.484014 9.015311 -16.812222
v 8.036538 9.015311 -16.364746
v 7.872751 9.015311 -15.753484
v 8.036538 9.015311 -15.142220
v 8.484014 9.015311 -14.694746
v 9.095276 9.015311 -14.530959
v 9.706538 9.015311 -14.694746
v 10.154014 9.015311 -15.142220
v 10.317801 9.015311 -15.753483
v 10.154014 9.015311 -16.364744
v 10.376698 9.015310 -17.972971
v 9.095276 9.015311 -18.316326
v 7.813853 9.015311 -17.972971
v 6.875788 9.015311 -17.034904
v 6.532432 9.015311 -15.753484
v 6.875788 9.015311 -14.472062
v 7.813854 9.015310 -13.533996
v 9.095276 9.015310 -13.190639
v 10.376698 9.015310 -13.533996
v 11.314763 9.015310 -14.472061
v 11.658119 9.015310 -15.753483
v 11.314765 9.015310 -17.034904
v 10.451698 9.438699 -18.102875
v 9.095276 9.438700 -18.466328
v 7.738853 9.438699 -18.102875
v 6.745884 9.438700 -17.109905
v 6.382432 9.438699 -15.753484
v 6.745884 9.438700 -14.397061
v 7.738853 9.438699 -13.404092
v 9.095276 9.438699 -13.040640
v 10.451697 9.438699 -13.404092
v 11.444667 9.438699 -14.397061
v 11.808120 9.438699 -15.753483
v 11.444669 9.438699 -17.109903
v 9.478853 9.051662 -16.417858
v 9.095276 9.051662 -16.520636
v 8.711699 9.051662 -16.417858
v 8.430902 9.051662 -16.137060
v 8.328122 9.051662 -15.753484
v 8.430902 9.051662 -15.369906
v 8.711699 9.051662 -15.089109
v 9.095276 9.051662 -14.986330
v 9.478853 9.051662 -15.089109
v 9.759650 9.051662 -15.369906
v 9.862430 9.051662 -15.753484
v 9.759651 9.051662 -16.137058
v 9.478853 17.187202 -16.417860
v 9.095276 17.187202 -16.520638
v 8.711699 17.187202 -16.417858
v 8.430902 17.187202 -16.137062
v 8.328123 17.187202 -15.753484
v 8.430902 17.187202 -15.369906
v 8.711699 17.187202 -15.089109
v 9.095276 17.187202 -14.986330
v 9.478853 17.187202 -15.089109
v 9.759651 17.187202 -15.369906
v 9.862430 17.187202 -15.753483
v 9.759651 17.187202 -16.137060
v 10.451698 9.165311 -18.102875
v 9.095276 9.165311 -18.466328
v 7.738853 9.165311 -18.102875
v 6.745884 9.165311 -17.109905
v 6.382432 9.165311 -15.753484
v 6.745884 9.165311 -14.397061
v 7.738853 9.165311 -13.404092
v 9.095276 9.165311 -13.040640
v 10.451697 9.165311 -13.404092
v 11.444667 9.165310 -14.397061
v 11.808120 9.165311 -15.753483
v 11.444669 9.165311 -17.109903
v 9.517630 8.136621 -16.485022
v 9.095276 8.286621 -16.753483
v 8.595276 8.286622 -16.619509
v 8.229250 8.286622 -16.253483
v 8.095276 8.286622 -15.753484
v 8.229250 8.286621 -15.253484
v 8.595276 8.286621 -14.887459
v 9.095276 8.286621 -14.753484
v 9.595276 8.286621 -14.887458
v 9.961301 8.286621 -15.253484
v 10.095276 8.286621 -15.753483
v 9.826816 8.136621 -16.175837
vn 0.0001 -0.0000 -1.0000
vn -0.0000 -0.0000 -1.0000
vn 0.0001 0.0002 -1.0000
vn -0.4257 -0.9049 -0.0000
vn -0.3687 -0.9049 -0.2128
vn -0.2130 -0.9049 -0.3686
vn -0.0001 -0.0000 -1.0000
vn -0.0001 -0.0001 -1.0000
vn 0.2128 -0.9049 -0.3687
vn 0.3687 -0.9049 -0.2129
vn 0.4257 -0.9049 -0.0000
vn -0.2129 -0.9049 0.3687
vn -0.2128 -0.9049 -0.3687
vn 0.3687 -0.9049 0.2128
vn 0.2129 -0.9049 0.3687
vn -0.0000 0.0001 -1.0000
vn -0.0000 -0.0001 -1.0000
vn 0.0001 0.0001 -1.0000
vn -0.0001 0.0001 -1.0000
vn 0.0001 -0.0001 -1.0000
vn -0.0000 -0.0002 -1.0000
vn -0.0000 0.0002 -1.0000
vn -0.0000 1.0000 -0.0000
vt 0.572019 0.387884
vt 0.543308 0.379652
vt 0.593504 0.367137
vt 0.536083 0.350671
vt 0.557568 0.329923
vt 0.544046 0.337419
vt 0.586278 0.338156
vt 0.593774 0.351678
vt 0.585541 0.380389
vt 0.214287 0.779184
vt 0.196632 0.762356
vt 0.214287 0.762358
vt 0.196632 0.779183
vt 0.178960 0.762352
vt 0.178957 0.779179
vt 0.161267 0.762326
vt 0.161273 0.779156
vt 0.143519 0.762292
vt 0.143600 0.779105
vt 0.125680 0.762415
vt 0.125877 0.779106
vt 0.107563 0.762464
vt 0.320234 0.779563
vt 0.302392 0.762381
vt 0.320492 0.762446
vt 0.302233 0.779081
vt 0.284660 0.762322
vt 0.284617 0.779127
vt 0.267074 0.762336
vt 0.267069 0.779164
vt 0.249506 0.762353
vt 0.249508 0.779180
vt 0.231913 0.762358
vt 0.231914 0.779184
vt 0.237253 0.697451
vt 0.258699 0.705096
vt 0.237253 0.705095
vt 0.258700 0.697452
vt 0.280151 0.705106
vt 0.280154 0.697459
vt 0.301590 0.705132
vt 0.301594 0.697484
vt 0.323012 0.705215
vt 0.322963 0.697585
vt 0.344454 0.705455
vt 0.343948 0.697817
vt 0.366384 0.704031
vt 0.111302 0.696422
vt 0.130270 0.705450
vt 0.108343 0.704048
vt 0.130772 0.697812
vt 0.151689 0.705213
vt 0.151738 0.697583
vt 0.173060 0.705131
vt 0.173056 0.697483
vt 0.194433 0.705104
vt 0.194430 0.697458
vt 0.215829 0.705097
vt 0.215829 0.697453
vt 0.258698 0.714119
vt 0.237254 0.714118
vt 0.280151 0.714133
vt 0.301601 0.714161
vt 0.323077 0.714226
vt 0.344892 0.714390
vt 0.367172 0.713213
vt 0.129836 0.714385
vt 0.107563 0.713231
vt 0.151624 0.714224
vt 0.173049 0.714160
vt 0.194432 0.714130
vt 0.215830 0.714122
vt 0.322870 0.900787
vt 0.358674 0.946852
vt 0.322869 0.946822
vt 0.358805 0.900830
vt 0.394670 0.947093
vt 0.395060 0.901096
vt 0.430904 0.948012
vt 0.431310 0.901926
vt 0.468282 0.949665
vt 0.466317 0.903127
vt 0.508807 0.948220
vt 0.497485 0.902222
vt 0.550336 0.931863
vt 0.128161 0.894177
vt 0.140714 0.948240
vt 0.099327 0.932116
vt 0.151901 0.902219
vt 0.180600 0.949606
vt 0.182556 0.903076
vt 0.217021 0.947979
vt 0.216641 0.901892
vt 0.252201 0.947083
vt 0.251825 0.901084
vt 0.287373 0.946850
vt 0.287248 0.900828
vt 0.008091 0.608657
vt 0.017723 0.559405
vt 0.017723 0.608657
vt 0.008091 0.559405
vt 0.017724 0.510169
vt 0.008091 0.510170
vt 0.017727 0.460991
vt 0.008094 0.460995
vt 0.017739 0.411884
vt 0.008109 0.411913
vt 0.017717 0.362771
vt 0.008138 0.362934
vt 0.017694 0.313452
vt 0.007949 0.903057
vt 0.017717 0.854053
vt 0.017694 0.903333
vt 0.008138 0.853890
vt 0.017739 0.805045
vt 0.008109 0.805016
vt 0.017727 0.756074
vt 0.008094 0.756071
vt 0.017724 0.707024
vt 0.008091 0.707024
vt 0.017723 0.657877
vt 0.008091 0.657877
vt 0.987603 0.301193
vt 0.919623 0.334575
vt 0.919537 0.301071
vt 0.987661 0.334511
vt 0.920116 0.367602
vt 0.988214 0.367472
vt 0.921145 0.399725
vt 0.989522 0.400914
vt 0.922107 0.429585
vt 0.990860 0.436705
vt 0.920917 0.454339
vt 0.987161 0.477017
vt 0.914726 0.470574
vt 0.966039 0.078738
vt 0.920934 0.143097
vt 0.914650 0.126773
vt 0.987095 0.120132
vt 0.922183 0.168417
vt 0.990949 0.161235
vt 0.921228 0.199433
vt 0.989611 0.198298
vt 0.920193 0.232987
vt 0.988296 0.233208
vt 0.919682 0.267148
vt 0.987737 0.267390
vt 0.396894 0.618931
vt 0.107563 0.630306
vt 0.107563 0.618931
vt 0.396894 0.630306
vt 0.107563 0.641789
vt 0.396894 0.641789
vt 0.107563 0.653575
vt 0.396894 0.653575
vt 0.107563 0.665852
vt 0.396894 0.665853
vt 0.107563 0.678788
vt 0.396894 0.678788
vt 0.107563 0.692500
vt 0.396894 0.544049
vt 0.107563 0.557857
vt 0.107563 0.544049
vt 0.396894 0.557857
vt 0.107563 0.571049
vt 0.396894 0.571049
vt 0.107563 0.583662
vt 0.396894 0.583662
vt 0.107563 0.595768
vt 0.396894 0.595768
vt 0.107563 0.607475
vt 0.396894 0.607475
vt 0.000743 0.559405
vt 0.000743 0.608657
vt 0.000743 0.510170
vt 0.000746 0.460999
vt 0.000764 0.411940
vt 0.000837 0.363124
vt 0.000501 0.315430
vt 0.000838 0.853700
vt 0.000500 0.901355
vt 0.000764 0.804989
vt 0.000746 0.756067
vt 0.000743 0.707023
vt 0.000743 0.657877
vt 0.639612 0.301344
vt 0.658455 0.320856
vt 0.613292 0.307906
vt 0.650978 0.346931
vt 0.624658 0.353493
vt 0.638697 0.353738
vt 0.605815 0.333981
vt 0.606060 0.319942
vt 0.625573 0.301099
vt 0.196631 0.786695
vt 0.214287 0.786696
vt 0.178955 0.786691
vt 0.161273 0.786671
vt 0.143634 0.786607
vt 0.126243 0.786515
vt 0.109926 0.787281
vt 0.301864 0.786501
vt 0.318135 0.787275
vt 0.284580 0.786618
vt 0.267070 0.786676
vt 0.249510 0.786692
vt 0.231915 0.786695
vt 0.556561 0.387615
vt 0.535813 0.366129
vt 0.573026 0.330193
vt 0.107826 0.779575
vt 0.363419 0.696407
vt 0.521321 0.894061
vt 0.007949 0.313728
vt 0.966413 0.518283
vt 0.396894 0.692500
vt 0.651648 0.308576
vt 0.658210 0.334895
vt 0.612623 0.346261
s 1
usemtl Chandelier02
f 1980/2798/1661 1978/2799/1662 2078/2800/1662
f 1978/2799/1662 1976/2801/1663 1974/2802/1662
f 1976/2801/1664 1975/2803/1665 1974/2802/1666
f 1974/2802/1667 1972/2804/1668 2078/2800/1661
f 1972/2804/1669 1971/2805/1670 2078/2800/1671
f 1978/2799/1672 1974/2802/1673 2078/2800/1671
f 2089/2806/1674 1980/2798/1675 2078/2800/1671
f 1970/2807/1676 1983/2808/1676 1982/2809/1662
f 2079/2810/1662 1984/2811/1662 1983/2808/1676
f 2080/2812/1676 1985/2813/1667 1984/2811/1662
f 2081/2814/1667 1986/2815/1677 1985/2813/1667
f 2082/2816/1677 1987/2817/1678 1986/2815/1677
f 2083/2818/1661 1988/2819/1662 1987/2817/1678
f 2084/2820/1662 1989/2821/1677 1988/2822/1662
f 2085/2823/1678 1990/2824/1662 1989/2821/1677
f 2086/2825/1676 1991/2826/1676 1990/2824/1662
f 2087/2827/1679 1992/2828/1677 1991/2826/1676
f 2088/2829/1662 1993/2830/1677 1992/2828/1677
f 1981/2831/1678 1982/2809/1662 1993/2830/1677
f 1982/2832/1662 1995/2833/1678 1994/2834/1676
f 1983/2835/1676 1996/2836/1676 1995/2833/1678
f 1984/2837/1662 1997/2838/1677 1996/2836/1676
f 1985/2839/1667 1998/2840/1680 1997/2838/1677
f 1986/2841/1677 1999/2842/1676 1998/2840/1680
f 1987/2843/1678 2000/2844/1677 1999/2842/1676
f 1988/2845/1662 2001/2846/1662 2000/2847/1677
f 1989/2848/1677 2002/2849/1680 2001/2846/1662
f 1990/2850/1662 2003/2851/1667 2002/2849/1680
f 1991/2852/1676 2004/2853/1662 2003/2851/1667
f 1992/2854/1677 2005/2855/1677 2004/2853/1662
f 1993/2856/1677 1994/2834/1676 2005/2855/1677
f 1994/2834/1676 2007/2857/1662 2006/2858/1662
f 1995/2833/1678 2008/2859/1662 2007/2857/1662
f 1996/2836/1676 2009/2860/1667 2008/2859/1662
f 1997/2838/1677 2010/2861/1680 2009/2860/1667
f 1998/2840/1680 2011/2862/1678 2010/2861/1680
f 1999/2842/1676 2012/2863/1662 2011/2862/1678
f 2000/2847/1677 2013/2864/1662 2012/2865/1662
f 2001/2846/1662 2014/2866/1662 2013/2864/1662
f 2002/2849/1680 2015/2867/1676 2014/2866/1662
f 2003/2851/1667 2016/2868/1662 2015/2867/1676
f 2004/2853/1662 2017/2869/1677 2016/2868/1662
f 2005/2855/1677 2006/2858/1662 2017/2869/1677
f 2006/2870/1662 2019/2871/1677 2018/2872/1677
f 2007/2873/1662 2020/2874/1677 2019/2871/1677
f 2008/2875/1662 2021/2876/1662 2020/2874/1677
f 2009/2877/1667 2022/2878/1662 2021/2876/1662
f 2010/2879/1680 2023/2880/1662 2022/2878/1662
f 2011/2881/1678 2024/2882/1676 2023/2880/1662
f 2012/2883/1662 2025/2884/1676 2024/2885/1676
f 2013/2886/1662 2026/2887/1678 2025/2884/1676
f 2014/2888/1662 2027/2889/1667 2026/2887/1678
f 2015/2890/1676 2028/2891/1661 2027/2889/1667
f 2016/2892/1662 2029/2893/1667 2028/2891/1661
f 2017/2894/1677 2018/2872/1677 2029/2893/1667
f 2066/2895/1667 2031/2896/1662 2030/2897/1677
f 2067/2898/1677 2032/2899/1677 2031/2896/1662
f 2068/2900/1678 2033/2901/1667 2032/2899/1677
f 2069/2902/1667 2034/2903/1662 2033/2901/1667
f 2070/2904/1662 2035/2905/1681 2034/2903/1662
f 2071/2906/1678 2036/2907/1678 2035/2905/1681
f 2072/2908/1677 2037/2909/1678 2036/2910/1678
f 2073/2911/1662 2038/2912/1662 2037/2909/1678
f 2074/2913/1677 2039/2914/1677 2038/2912/1662
f 2075/2915/1679 2040/2916/1680 2039/2914/1677
f 2076/2917/1677 2041/2918/1676 2040/2916/1680
f 2077/2919/1661 2030/2897/1677 2041/2918/1676
f 2030/2920/1677 2043/2921/1662 2042/2922/1679
f 2031/2923/1662 2044/2924/1676 2043/2921/1662
f 2032/2925/1677 2045/2926/1668 2044/2924/1676
f 2033/2927/1667 2046/2928/1662 2045/2926/1668
f 2034/2929/1662 2047/2930/1677 2046/2928/1662
f 2035/2931/1681 2048/2932/1662 2047/2930/1677
f 2036/2933/1678 2049/2934/1661 2048/2935/1662
f 2037/2936/1678 2050/2937/1662 2049/2934/1661
f 2038/2938/1662 2051/2939/1668 2050/2937/1662
f 2039/2940/1677 2052/2941/1661 2051/2939/1668
f 2040/2942/1680 2053/2943/1667 2052/2941/1661
f 2041/2944/1676 2042/2922/1679 2053/2943/1667
f 2042/2945/1679 2055/2946/1662 2054/2947/1682
f 2043/2948/1662 2056/2949/1677 2055/2946/1662
f 2044/2950/1676 2057/2951/1676 2056/2949/1677
f 2045/2952/1668 2058/2953/1668 2057/2951/1676
f 2046/2954/1662 2059/2955/1662 2058/2953/1668
f 2047/2956/1677 2060/2957/1679 2059/2955/1662
f 2048/2958/1662 2061/2959/1662 2060/2960/1679
f 2049/2961/1661 2062/2962/1662 2061/2959/1662
f 2050/2963/1662 2063/2964/1662 2062/2962/1662
f 2051/2965/1668 2064/2966/1676 2063/2964/1662
f 2052/2967/1661 2065/2968/1662 2064/2966/1676
f 2053/2969/1667 2054/2947/1682 2065/2968/1662
f 2019/2970/1677 2066/2895/1667 2018/2971/1677
f 2020/2972/1677 2067/2898/1677 2019/2970/1677
f 2021/2973/1662 2068/2900/1678 2020/2972/1677
f 2022/2974/1662 2069/2902/1667 2021/2973/1662
f 2023/2975/1662 2070/2904/1662 2022/2974/1662
f 2024/2976/1676 2071/2906/1678 2023/2975/1662
f 2025/2977/1676 2072/2908/1677 2024/2978/1676
f 2026/2979/1678 2073/2911/1662 2025/2977/1676
f 2027/2980/1667 2074/2913/1677 2026/2979/1678
f 2028/2981/1661 2075/2915/1679 2027/2980/1667
f 2029/2982/1667 2076/2917/1677 2028/2981/1661
f 2018/2971/1677 2077/2919/1661 2029/2982/1667
f 2056/2983/1677 2058/2984/1668 2054/2985/1667
f 2058/2984/1668 2060/2986/1679 2062/2987/1661
f 2060/2986/1683 2061/2988/1683 2062/2987/1683
f 2062/2987/1662 2064/2989/1676 2054/2985/1662
f 2064/2989/1683 2065/2990/1683 2054/2985/1683
f 2058/2984/1683 2062/2987/1683 2054/2985/1683
f 2055/2991/1683 2056/2983/1683 2054/2985/1683
f 1971/2992/1676 1970/2807/1676 2078/2993/1667
f 1972/2994/1668 2079/2810/1662 1971/2992/1676
f 1973/2995/1661 2080/2812/1676 1972/2994/1668
f 1974/2996/1667 2081/2814/1667 1973/2995/1661
f 1975/2997/1678 2082/2816/1677 1974/2996/1667
f 1976/2998/1663 2083/2818/1661 1975/2997/1678
f 1977/2999/1676 2084/2820/1662 1976/3000/1663
f 1978/3001/1662 2085/2823/1678 1977/2999/1676
f 1979/3002/1679 2086/2825/1676 1978/3001/1662
f 1980/3003/1661 2087/2827/1679 1979/3002/1679
f 2089/3004/1661 2088/2829/1662 1980/3003/1661
f 2078/2993/1667 1981/2831/1678 2089/3004/1661
f 1980/2798/1661 1979/3005/1679 1978/2799/1662
f 1978/2799/1662 1977/3006/1676 1976/2801/1663
f 1974/2802/1667 1973/3007/1661 1972/2804/1668
f 1970/2807/1676 2079/2810/1662 1983/2808/1676
f 2079/2810/1662 2080/2812/1676 1984/2811/1662
f 2080/2812/1676 2081/2814/1667 1985/2813/1667
f 2081/2814/1667 2082/2816/1677 1986/2815/1677
f 2082/2816/1677 2083/2818/1661 1987/2817/1678
f 2083/2818/1661 2084/3008/1662 1988/2819/1662
f 2084/2820/1662 2085/2823/1678 1989/2821/1677
f 2085/2823/1678 2086/2825/1676 1990/2824/1662
f 2086/2825/1676 2087/2827/1679 1991/2826/1676
f 2087/2827/1679 2088/2829/1662 1992/2828/1677
f 2088/2829/1662 1981/2831/1678 1993/2830/1677
f 1981/2831/1678 1970/2807/1676 1982/2809/1662
f 1982/2832/1662 1983/2835/1676 1995/2833/1678
f 1983/2835/1676 1984/2837/1662 1996/2836/1676
f 1984/2837/1662 1985/2839/1667 1997/2838/1677
f 1985/2839/1667 1986/2841/1677 1998/2840/1680
f 1986/2841/1677 1987/2843/1678 1999/2842/1676
f 1987/2843/1678 1988/3009/1662 2000/2844/1677
f 1988/2845/1662 1989/2848/1677 2001/2846/1662
f 1989/2848/1677 1990/2850/1662 2002/2849/1680
f 1990/2850/1662 1991/2852/1676 2003/2851/1667
f 1991/2852/1676 1992/2854/1677 2004/2853/1662
f 1992/2854/1677 1993/2856/1677 2005/2855/1677
f 1993/2856/1677 1982/2832/1662 1994/2834/1676
f 1994/2834/1676 1995/2833/1678 2007/2857/1662
f 1995/2833/1678 1996/2836/1676 2008/2859/1662
f 1996/2836/1676 1997/2838/1677 2009/2860/1667
f 1997/2838/1677 1998/2840/1680 2010/2861/1680
f 1998/2840/1680 1999/2842/1676 2011/2862/1678
f 1999/2842/1676 2000/2844/1677 2012/2863/1662
f 2000/2847/1677 2001/2846/1662 2013/2864/1662
f 2001/2846/1662 2002/2849/1680 2014/2866/1662
f 2002/2849/1680 2003/2851/1667 2015/2867/1676
f 2003/2851/1667 2004/2853/1662 2016/2868/1662
f 2004/2853/1662 2005/2855/1677 2017/2869/1677
f 2005/2855/1677 1994/2834/1676 2006/2858/1662
f 2006/2870/1662 2007/2873/1662 2019/2871/1677
f 2007/2873/1662 2008/2875/1662 2020/2874/1677
f 2008/2875/1662 2009/2877/1667 2021/2876/1662
f 2009/2877/1667 2010/2879/1680 2022/2878/1662
f 2010/2879/1680 2011/2881/1678 2023/2880/1662
f 2011/2881/1678 2012/3010/1662 2024/2882/1676
f 2012/2883/1662 2013/2886/1662 2025/2884/1676
f 2013/2886/1662 2014/2888/1662 2026/2887/1678
f 2014/2888/1662 2015/2890/1676 2027/2889/1667
f 2015/2890/1676 2016/2892/1662 2028/2891/1661
f 2016/2892/1662 2017/2894/1677 2029/2893/1667
f 2017/2894/1677 2006/2870/1662 2018/2872/1677
f 2066/2895/1667 2067/2898/1677 2031/2896/1662
f 2067/2898/1677 2068/2900/1678 2032/2899/1677
f 2068/2900/1678 2069/2902/1667 2033/2901/1667
f 2069/2902/1667 2070/2904/1662 2034/2903/1662
f 2070/2904/1662 2071/2906/1678 2035/2905/1681
f 2071/2906/1678 2072/3011/1677 2036/2907/1678
f 2072/2908/1677 2073/2911/1662 2037/2909/1678
f 2073/2911/1662 2074/2913/1677 2038/2912/1662
f 2074/2913/1677 2075/2915/1679 2039/2914/1677
f 2075/2915/1679 2076/2917/1677 2040/2916/1680
f 2076/2917/1677 2077/2919/1661 2041/2918/1676
f 2077/2919/1661 2066/2895/1667 2030/2897/1677
f 2030/2920/1677 2031/2923/1662 2043/2921/1662
f 2031/2923/1662 2032/2925/1677 2044/2924/1676
f 2032/2925/1677 2033/2927/1667 2045/2926/1668
f 2033/2927/1667 2034/2929/1662 2046/2928/1662
f 2034/2929/1662 2035/2931/1681 2047/2930/1677
f 2035/2931/1681 2036/3012/1678 2048/2932/1662
f 2036/2933/1678 2037/2936/1678 2049/2934/1661
f 2037/2936/1678 2038/2938/1662 2050/2937/1662
f 2038/2938/1662 2039/2940/1677 2051/2939/1668
f 2039/2940/1677 2040/2942/1680 2052/2941/1661
f 2040/2942/1680 2041/2944/1676 2053/2943/1667
f 2041/2944/1676 2030/2920/1677 2042/2922/1679
f 2042/2945/1679 2043/2948/1662 2055/2946/1662
f 2043/2948/1662 2044/2950/1676 2056/2949/1677
f 2044/2950/1676 2045/2952/1668 2057/2951/1676
f 2045/2952/1668 2046/2954/1662 2058/2953/1668
f 2046/2954/1662 2047/2956/1677 2059/2955/1662
f 2047/2956/1677 2048/3013/1662 2060/2957/1679
f 2048/2958/1662 2049/2961/1661 2061/2959/1662
f 2049/2961/1661 2050/2963/1662 2062/2962/1662
f 2050/2963/1662 2051/2965/1668 2063/2964/1662
f 2051/2965/1668 2052/2967/1661 2064/2966/1676
f 2052/2967/1661 2053/2969/1667 2065/2968/1662
f 2053/2969/1667 2042/2945/1679 2054/2947/1682
f 2019/2970/1677 2067/2898/1677 2066/2895/1667
f 2020/2972/1677 2068/2900/1678 2067/2898/1677
f 2021/2973/1662 2069/2902/1667 2068/2900/1678
f 2022/2974/1662 2070/2904/1662 2069/2902/1667
f 2023/2975/1662 2071/2906/1678 2070/2904/1662
f 2024/2976/1676 2072/3011/1677 2071/2906/1678
f 2025/2977/1676 2073/2911/1662 2072/2908/1677
f 2026/2979/1678 2074/2913/1677 2073/2911/1662
f 2027/2980/1667 2075/2915/1679 2074/2913/1677
f 2028/2981/1661 2076/2917/1677 2075/2915/1679
f 2029/2982/1667 2077/2919/1661 2076/2917/1677
f 2018/2971/1677 2066/2895/1667 2077/2919/1661
f 2056/2983/1677 2057/3014/1676 2058/2984/1668
f 2058/2984/1668 2059/3015/1662 2060/2986/1679
f 2062/2987/1662 2063/3016/1662 2064/2989/1676
f 1971/2992/1676 2079/2810/1662 1970/2807/1676
f 1972/2994/1668 2080/2812/1676 2079/2810/1662
f 1973/2995/1661 2081/2814/1667 2080/2812/1676
f 1974/2996/1667 2082/2816/1677 2081/2814/1667
f 1975/2997/1678 2083/2818/1661 2082/2816/1677
f 1976/2998/1663 2084/3008/1662 2083/2818/1661
f 1977/2999/1676 2085/2823/1678 2084/2820/1662
f 1978/3001/1662 2086/2825/1676 2085/2823/1678
f 1979/3002/1679 2087/2827/1679 2086/2825/1676
f 1980/3003/1661 2088/2829/1662 2087/2827/1679
f 2089/3004/1661 1981/2831/1678 2088/2829/1662
f 2078/2993/1667 1970/2807/1676 1981/2831/1678
o ChandelierArmB004
v -9.595278 8.286621 -16.619507
v -9.826817 8.136621 -16.175835
v -9.939986 8.136621 -15.753482
v -9.826817 8.136621 -15.331127
v -9.517632 8.136621 -15.021943
v -9.095278 8.136621 -14.908773
v -8.672924 8.136621 -15.021943
v -8.363739 8.136621 -15.331127
v -8.250569 8.136621 -15.753482
v -8.363739 8.136621 -16.175835
v -8.672923 8.136621 -16.485020
v -9.095277 8.286621 -16.753481
v -9.595278 8.761565 -16.619507
v -9.961303 8.761565 -16.253481
v -10.095278 8.761565 -15.753482
v -9.961303 8.761565 -15.253482
v -9.595278 8.761565 -14.887456
v -9.095278 8.761565 -14.753482
v -8.595278 8.761565 -14.887457
v -8.229253 8.761565 -15.253482
v -8.095278 8.761565 -15.753482
v -8.229252 8.761565 -16.253481
v -8.595277 8.761565 -16.619507
v -9.095277 8.761565 -16.753481
v -9.706540 8.761565 -16.812218
v -10.154016 8.761565 -16.364744
v -10.317802 8.761565 -15.753482
v -10.154016 8.761565 -15.142220
v -9.706540 8.761565 -14.694744
v -9.095278 8.761565 -14.530957
v -8.484015 8.761565 -14.694744
v -8.036540 8.761565 -15.142220
v -7.872753 8.761565 -15.753482
v -8.036540 8.761565 -16.364742
v -8.484015 8.761565 -16.812218
v -9.095277 8.761565 -16.976006
v -9.706540 9.015311 -16.812218
v -10.154016 9.015311 -16.364744
v -10.317802 9.015311 -15.753482
v -10.154016 9.015311 -15.142220
v -9.706540 9.015311 -14.694744
v -9.095278 9.015311 -14.530957
v -8.484015 9.015311 -14.694744
v -8.036540 9.015311 -15.142220
v -7.872753 9.015311 -15.753482
v -8.036540 9.015311 -16.364742
v -8.484015 9.015311 -16.812218
v -9.095277 9.015311 -16.976006
v -10.376699 9.015310 -17.972969
v -11.314766 9.015311 -17.034903
v -11.658122 9.015311 -15.753482
v -11.314766 9.015311 -14.472059
v -10.376699 9.015311 -13.533994
v -9.095278 9.015311 -13.190638
v -7.813856 9.015310 -13.533994
v -6.875790 9.015310 -14.472059
v -6.532434 9.015310 -15.753481
v -6.875790 9.015310 -17.034903
v -7.813855 9.015310 -17.972969
v -9.095276 9.015310 -18.316324
v -10.451700 9.438699 -18.102873
v -11.444670 9.438700 -17.109903
v -11.808122 9.438699 -15.753482
v -11.444670 9.438700 -14.397058
v -10.451699 9.438699 -13.404090
v -9.095278 9.438700 -13.040638
v -7.738856 9.438699 -13.404090
v -6.745886 9.438699 -14.397058
v -6.382434 9.438699 -15.753481
v -6.745885 9.438699 -17.109901
v -7.738855 9.438699 -18.102871
v -9.095276 9.438699 -18.466326
v -9.478854 9.051662 -16.417856
v -9.759652 9.051662 -16.137058
v -9.862432 9.051662 -15.753482
v -9.759652 9.051662 -15.369906
v -9.478854 9.051662 -15.089108
v -9.095278 9.051662 -14.986328
v -8.711700 9.051662 -15.089108
v -8.430903 9.051662 -15.369905
v -8.328124 9.051662 -15.753482
v -8.430902 9.051662 -16.137058
v -8.711700 9.051662 -16.417856
v -9.095277 9.051662 -16.520636
v -9.478854 17.187202 -16.417858
v -9.759652 17.187202 -16.137060
v -9.862431 17.187202 -15.753482
v -9.759652 17.187202 -15.369906
v -9.478854 17.187202 -15.089108
v -9.095278 17.187202 -14.986328
v -8.711700 17.187202 -15.089108
v -8.430902 17.187202 -15.369906
v -8.328123 17.187202 -15.753482
v -8.430902 17.187202 -16.137060
v -8.711700 17.187202 -16.417858
v -9.095277 17.187202 -16.520638
v -10.451700 9.165311 -18.102873
v -11.444670 9.165311 -17.109903
v -11.808122 9.165311 -15.753482
v -11.444670 9.165311 -14.397058
v -10.451699 9.165311 -13.404090
v -9.095278 9.165311 -13.040638
v -7.738856 9.165311 -13.404090
v -6.745886 9.165311 -14.397058
v -6.382434 9.165311 -15.753481
v -6.745886 9.165310 -17.109901
v -7.738855 9.165311 -18.102871
v -9.095276 9.165311 -18.466326
v -9.517632 8.136621 -16.485020
v -9.961304 8.286621 -16.253481
v -10.095278 8.286622 -15.753482
v -9.961303 8.286622 -15.253482
v -9.595278 8.286622 -14.887456
v -9.095278 8.286621 -14.753482
v -8.595278 8.286621 -14.887456
v -8.229253 8.286621 -15.253482
v -8.095278 8.286621 -15.753482
v -8.229252 8.286621 -16.253481
v -8.595278 8.286621 -16.619507
v -9.095277 8.136621 -16.598190
vn -0.0000 -0.0001 -1.0000
vn -0.0000 -0.0000 -1.0000
vn 0.0001 -0.0000 -1.0000
vn -0.0001 0.0002 -1.0000
vn -0.0001 -0.0000 -1.0000
vn -0.4257 -0.9049 -0.0000
vn -0.3687 -0.9049 -0.2128
vn -0.2128 -0.9049 -0.3687
vn 0.2128 -0.9049 -0.3687
vn 0.3686 -0.9049 -0.2129
vn 0.4257 -0.9049 -0.0000
vn -0.2128 -0.9049 0.3687
vn -0.2129 -0.9049 -0.3687
vn 0.3687 -0.9049 0.2128
vn 0.2128 -0.9049 0.3687
vn 0.0001 0.0001 -1.0000
vn -0.0000 0.0001 -1.0000
vn -0.0001 0.0001 -1.0000
vn 0.0001 -0.0001 -1.0000
vn -0.0000 -0.0002 -1.0000
vn -0.0001 -0.0001 -1.0000
vn -0.0002 -0.0000 -1.0000
vn -0.0000 1.0000 -0.0000
vt 0.572019 0.387884
vt 0.543308 0.379652
vt 0.593504 0.367137
vt 0.536083 0.350671
vt 0.557568 0.329923
vt 0.544046 0.337419
vt 0.586278 0.338156
vt 0.593774 0.351678
vt 0.585541 0.380389
vt 0.214287 0.779184
vt 0.196632 0.762356
vt 0.214287 0.762358
vt 0.196632 0.779183
vt 0.178960 0.762352
vt 0.178957 0.779179
vt 0.161267 0.762326
vt 0.161273 0.779156
vt 0.143519 0.762292
vt 0.143600 0.779105
vt 0.125680 0.762415
vt 0.125877 0.779106
vt 0.107563 0.762464
vt 0.320234 0.779563
vt 0.302392 0.762381
vt 0.320492 0.762446
vt 0.302233 0.779081
vt 0.284660 0.762322
vt 0.284617 0.779127
vt 0.267074 0.762336
vt 0.267069 0.779164
vt 0.249506 0.762353
vt 0.249508 0.779180
vt 0.231913 0.762358
vt 0.231914 0.779184
vt 0.237253 0.697451
vt 0.258699 0.705096
vt 0.237253 0.705095
vt 0.258700 0.697452
vt 0.280151 0.705106
vt 0.280154 0.697459
vt 0.301590 0.705132
vt 0.301594 0.697484
vt 0.323012 0.705215
vt 0.322963 0.697585
vt 0.344454 0.705455
vt 0.343948 0.697817
vt 0.366384 0.704031
vt 0.111302 0.696422
vt 0.130270 0.705450
vt 0.108343 0.704048
vt 0.130772 0.697812
vt 0.151689 0.705213
vt 0.151738 0.697583
vt 0.173060 0.705131
vt 0.173056 0.697483
vt 0.194433 0.705104
vt 0.194430 0.697458
vt 0.215829 0.705097
vt 0.215829 0.697453
vt 0.258698 0.714119
vt 0.237254 0.714118
vt 0.280151 0.714133
vt 0.301601 0.714161
vt 0.323077 0.714226
vt 0.344892 0.714390
vt 0.367172 0.713213
vt 0.129836 0.714385
vt 0.107563 0.713231
vt 0.151624 0.714224
vt 0.173049 0.714160
vt 0.194432 0.714130
vt 0.215830 0.714122
vt 0.322870 0.900787
vt 0.358674 0.946852
vt 0.322869 0.946822
vt 0.358805 0.900830
vt 0.394670 0.947093
vt 0.395060 0.901096
vt 0.430904 0.948012
vt 0.431310 0.901926
vt 0.468282 0.949665
vt 0.466317 0.903127
vt 0.508807 0.948220
vt 0.497485 0.902222
vt 0.550336 0.931863
vt 0.128161 0.894177
vt 0.140714 0.948240
vt 0.099327 0.932116
vt 0.151901 0.902219
vt 0.180600 0.949606
vt 0.182556 0.903076
vt 0.217021 0.947979
vt 0.216641 0.901892
vt 0.252201 0.947083
vt 0.251825 0.901084
vt 0.287373 0.946850
vt 0.287248 0.900828
vt 0.008091 0.608657
vt 0.017723 0.559405
vt 0.017723 0.608657
vt 0.008091 0.559405
vt 0.017724 0.510169
vt 0.008091 0.510170
vt 0.017727 0.460991
vt 0.008094 0.460995
vt 0.017739 0.411884
vt 0.008109 0.411913
vt 0.017717 0.362771
vt 0.008138 0.362934
vt 0.017694 0.313452
vt 0.007949 0.903057
vt 0.017717 0.854053
vt 0.017694 0.903333
vt 0.008138 0.853890
vt 0.017739 0.805045
vt 0.008109 0.805016
vt 0.017727 0.756074
vt 0.008094 0.756071
vt 0.017724 0.707024
vt 0.008091 0.707024
vt 0.017723 0.657877
vt 0.008091 0.657877
vt 0.987603 0.301193
vt 0.919623 0.334575
vt 0.919537 0.301071
vt 0.987661 0.334511
vt 0.920116 0.367602
vt 0.988214 0.367472
vt 0.921145 0.399725
vt 0.989522 0.400914
vt 0.922107 0.429585
vt 0.990860 0.436705
vt 0.920917 0.454339
vt 0.987161 0.477017
vt 0.914726 0.470574
vt 0.966039 0.078738
vt 0.920934 0.143097
vt 0.914650 0.126773
vt 0.987095 0.120132
vt 0.922183 0.168417
vt 0.990949 0.161235
vt 0.921228 0.199433
vt 0.989611 0.198298
vt 0.920193 0.232987
vt 0.988296 0.233208
vt 0.919682 0.267148
vt 0.987737 0.267390
vt 0.396894 0.618931
vt 0.107563 0.630306
vt 0.107563 0.618931
vt 0.396894 0.630306
vt 0.107563 0.641789
vt 0.396894 0.641789
vt 0.107563 0.653575
vt 0.396894 0.653575
vt 0.107563 0.665852
vt 0.396894 0.665853
vt 0.107563 0.678788
vt 0.396894 0.678788
vt 0.107563 0.692500
vt 0.396894 0.544049
vt 0.107563 0.557857
vt 0.107563 0.544049
vt 0.396894 0.557857
vt 0.107563 0.571049
vt 0.396894 0.571049
vt 0.107563 0.583662
vt 0.396894 0.583662
vt 0.107563 0.595768
vt 0.396894 0.595768
vt 0.107563 0.607475
vt 0.396894 0.607475
vt 0.000743 0.559405
vt 0.000743 0.608657
vt 0.000743 0.510170
vt 0.000746 0.460999
vt 0.000764 0.411940
vt 0.000837 0.363124
vt 0.000501 0.315430
vt 0.000838 0.853700
vt 0.000500 0.901355
vt 0.000764 0.804989
vt 0.000746 0.756067
vt 0.000743 0.707023
vt 0.000743 0.657877
vt 0.639612 0.301344
vt 0.658455 0.320856
vt 0.613292 0.307906
vt 0.650978 0.346931
vt 0.624658 0.353493
vt 0.638697 0.353738
vt 0.605815 0.333981
vt 0.606060 0.319942
vt 0.625573 0.301099
vt 0.196631 0.786695
vt 0.214287 0.786696
vt 0.178955 0.786691
vt 0.161273 0.786671
vt 0.143634 0.786607
vt 0.126243 0.786515
vt 0.109926 0.787281
vt 0.301864 0.786501
vt 0.318135 0.787275
vt 0.284580 0.786618
vt 0.267070 0.786676
vt 0.249510 0.786692
vt 0.231915 0.786695
vt 0.556561 0.387615
vt 0.535813 0.366129
vt 0.573026 0.330193
vt 0.107826 0.779575
vt 0.363419 0.696407
vt 0.521321 0.894061
vt 0.007949 0.313728
vt 0.966413 0.518283
vt 0.396894 0.692500
vt 0.651648 0.308576
vt 0.658210 0.334895
vt 0.612623 0.346261
s 1
usemtl Chandelier02
f 2100/3017/1684 2098/3018/1685 2198/3019/1686
f 2098/3018/1685 2096/3020/1687 2094/3021/1688
f 2096/3020/1689 2095/3022/1690 2094/3021/1691
f 2094/3021/1685 2092/3023/1685 2198/3019/1685
f 2092/3023/1692 2091/3024/1693 2198/3019/1694
f 2098/3018/1695 2094/3021/1696 2198/3019/1694
f 2209/3025/1697 2100/3017/1698 2198/3019/1694
f 2090/3026/1686 2103/3027/1688 2102/3028/1685
f 2199/3029/1688 2104/3030/1684 2103/3027/1688
f 2200/3031/1684 2105/3032/1699 2104/3030/1684
f 2201/3033/1686 2106/3034/1685 2105/3032/1699
f 2202/3035/1685 2107/3036/1684 2106/3034/1685
f 2203/3037/1700 2108/3038/1685 2107/3036/1684
f 2204/3039/1700 2109/3040/1700 2108/3041/1685
f 2205/3042/1701 2110/3043/1684 2109/3040/1700
f 2206/3044/1685 2111/3045/1684 2110/3043/1684
f 2207/3046/1699 2112/3047/1686 2111/3045/1684
f 2208/3048/1700 2113/3049/1700 2112/3047/1686
f 2101/3050/1685 2102/3028/1685 2113/3049/1700
f 2102/3051/1685 2115/3052/1684 2114/3053/1700
f 2103/3054/1688 2116/3055/1702 2115/3052/1684
f 2104/3056/1684 2117/3057/1700 2116/3055/1702
f 2105/3058/1699 2118/3059/1684 2117/3057/1700
f 2106/3060/1685 2119/3061/1685 2118/3059/1684
f 2107/3062/1684 2120/3063/1702 2119/3061/1685
f 2108/3064/1685 2121/3065/1688 2120/3066/1702
f 2109/3067/1700 2122/3068/1685 2121/3065/1688
f 2110/3069/1684 2123/3070/1684 2122/3068/1685
f 2111/3071/1684 2124/3072/1700 2123/3070/1684
f 2112/3073/1686 2125/3074/1699 2124/3072/1700
f 2113/3075/1700 2114/3053/1700 2125/3074/1699
f 2114/3053/1700 2127/3076/1688 2126/3077/1685
f 2115/3052/1684 2128/3078/1686 2127/3076/1688
f 2116/3055/1702 2129/3079/1699 2128/3078/1686
f 2117/3057/1700 2130/3080/1685 2129/3079/1699
f 2118/3059/1684 2131/3081/1685 2130/3080/1685
f 2119/3061/1685 2132/3082/1685 2131/3081/1685
f 2120/3066/1702 2133/3083/1701 2132/3084/1685
f 2121/3065/1688 2134/3085/1685 2133/3083/1701
f 2122/3068/1685 2135/3086/1684 2134/3085/1685
f 2123/3070/1684 2136/3087/1686 2135/3086/1684
f 2124/3072/1700 2137/3088/1685 2136/3087/1686
f 2125/3074/1699 2126/3077/1685 2137/3088/1685
f 2126/3089/1685 2139/3090/1685 2138/3091/1684
f 2127/3092/1688 2140/3093/1685 2139/3090/1685
f 2128/3094/1686 2141/3095/1685 2140/3093/1685
f 2129/3096/1699 2142/3097/1700 2141/3095/1685
f 2130/3098/1685 2143/3099/1700 2142/3097/1700
f 2131/3100/1685 2144/3101/1699 2143/3099/1700
f 2132/3102/1685 2145/3103/1688 2144/3104/1699
f 2133/3105/1701 2146/3106/1686 2145/3103/1688
f 2134/3107/1685 2147/3108/1688 2146/3106/1686
f 2135/3109/1684 2148/3110/1702 2147/3108/1688
f 2136/3111/1686 2149/3112/1684 2148/3110/1702
f 2137/3113/1685 2138/3091/1684 2149/3112/1684
f 2186/3114/1699 2151/3115/1688 2150/3116/1684
f 2187/3117/1688 2152/3118/1685 2151/3115/1688
f 2188/3119/1685 2153/3120/1703 2152/3118/1685
f 2189/3121/1699 2154/3122/1699 2153/3120/1703
f 2190/3123/1685 2155/3124/1686 2154/3122/1699
f 2191/3125/1686 2156/3126/1685 2155/3124/1686
f 2192/3127/1684 2157/3128/1684 2156/3129/1685
f 2193/3130/1701 2158/3131/1702 2157/3128/1684
f 2194/3132/1684 2159/3133/1700 2158/3131/1702
f 2195/3134/1686 2160/3135/1684 2159/3133/1700
f 2196/3136/1688 2161/3137/1685 2160/3135/1684
f 2197/3138/1684 2150/3116/1684 2161/3137/1685
f 2150/3139/1684 2163/3140/1704 2162/3141/1699
f 2151/3142/1688 2164/3143/1685 2163/3140/1704
f 2152/3144/1685 2165/3145/1684 2164/3143/1685
f 2153/3146/1703 2166/3147/1685 2165/3145/1684
f 2154/3148/1699 2167/3149/1686 2166/3147/1685
f 2155/3150/1686 2168/3151/1685 2167/3149/1686
f 2156/3152/1685 2169/3153/1704 2168/3154/1685
f 2157/3155/1684 2170/3156/1686 2169/3153/1704
f 2158/3157/1702 2171/3158/1688 2170/3156/1686
f 2159/3159/1700 2172/3160/1699 2171/3158/1688
f 2160/3161/1684 2173/3162/1685 2172/3160/1699
f 2161/3163/1685 2162/3141/1699 2173/3162/1685
f 2162/3164/1699 2175/3165/1685 2174/3166/1685
f 2163/3167/1704 2176/3168/1685 2175/3165/1685
f 2164/3169/1685 2177/3170/1685 2176/3168/1685
f 2165/3171/1684 2178/3172/1700 2177/3170/1685
f 2166/3173/1685 2179/3174/1685 2178/3172/1700
f 2167/3175/1686 2180/3176/1699 2179/3174/1685
f 2168/3177/1685 2181/3178/1705 2180/3179/1699
f 2169/3180/1704 2182/3181/1685 2181/3178/1705
f 2170/3182/1686 2183/3183/1700 2182/3181/1685
f 2171/3184/1688 2184/3185/1704 2183/3183/1700
f 2172/3186/1699 2185/3187/1685 2184/3185/1704
f 2173/3188/1685 2174/3166/1685 2185/3187/1685
f 2139/3189/1685 2186/3114/1699 2138/3190/1684
f 2140/3191/1685 2187/3117/1688 2139/3189/1685
f 2141/3192/1685 2188/3119/1685 2140/3191/1685
f 2142/3193/1700 2189/3121/1699 2141/3192/1685
f 2143/3194/1700 2190/3123/1685 2142/3193/1700
f 2144/3195/1699 2191/3125/1686 2143/3194/1700
f 2145/3196/1688 2192/3127/1684 2144/3197/1699
f 2146/3198/1686 2193/3130/1701 2145/3196/1688
f 2147/3199/1688 2194/3132/1684 2146/3198/1686
f 2148/3200/1702 2195/3134/1686 2147/3199/1688
f 2149/3201/1684 2196/3136/1688 2148/3200/1702
f 2138/3190/1684 2197/3138/1684 2149/3201/1684
f 2176/3202/1685 2178/3203/1700 2174/3204/1685
f 2178/3203/1700 2180/3205/1699 2182/3206/1685
f 2180/3205/1706 2181/3207/1706 2182/3206/1706
f 2182/3206/1685 2184/3208/1704 2174/3204/1688
f 2184/3208/1706 2185/3209/1706 2174/3204/1706
f 2178/3203/1706 2182/3206/1706 2174/3204/1706
f 2175/3210/1706 2176/3202/1706 2174/3204/1706
f 2091/3211/1684 2090/3026/1686 2198/3212/1700
f 2092/3213/1685 2199/3029/1688 2091/3211/1684
f 2093/3214/1700 2200/3031/1684 2092/3213/1685
f 2094/3215/1685 2201/3033/1686 2093/3214/1700
f 2095/3216/1684 2202/3035/1685 2094/3215/1685
f 2096/3217/1687 2203/3037/1700 2095/3216/1684
f 2097/3218/1701 2204/3039/1700 2096/3219/1687
f 2098/3220/1685 2205/3042/1701 2097/3218/1701
f 2099/3221/1704 2206/3044/1685 2098/3220/1685
f 2100/3222/1684 2207/3046/1699 2099/3221/1704
f 2209/3223/1700 2208/3048/1700 2100/3222/1684
f 2198/3212/1700 2101/3050/1685 2209/3223/1700
f 2100/3017/1684 2099/3224/1704 2098/3018/1685
f 2098/3018/1685 2097/3225/1701 2096/3020/1687
f 2094/3021/1685 2093/3226/1700 2092/3023/1685
f 2090/3026/1686 2199/3029/1688 2103/3027/1688
f 2199/3029/1688 2200/3031/1684 2104/3030/1684
f 2200/3031/1684 2201/3033/1686 2105/3032/1699
f 2201/3033/1686 2202/3035/1685 2106/3034/1685
f 2202/3035/1685 2203/3037/1700 2107/3036/1684
f 2203/3037/1700 2204/3227/1700 2108/3038/1685
f 2204/3039/1700 2205/3042/1701 2109/3040/1700
f 2205/3042/1701 2206/3044/1685 2110/3043/1684
f 2206/3044/1685 2207/3046/1699 2111/3045/1684
f 2207/3046/1699 2208/3048/1700 2112/3047/1686
f 2208/3048/1700 2101/3050/1685 2113/3049/1700
f 2101/3050/1685 2090/3026/1686 2102/3028/1685
f 2102/3051/1685 2103/3054/1688 2115/3052/1684
f 2103/3054/1688 2104/3056/1684 2116/3055/1702
f 2104/3056/1684 2105/3058/1699 2117/3057/1700
f 2105/3058/1699 2106/3060/1685 2118/3059/1684
f 2106/3060/1685 2107/3062/1684 2119/3061/1685
f 2107/3062/1684 2108/3228/1685 2120/3063/1702
f 2108/3064/1685 2109/3067/1700 2121/3065/1688
f 2109/3067/1700 2110/3069/1684 2122/3068/1685
f 2110/3069/1684 2111/3071/1684 2123/3070/1684
f 2111/3071/1684 2112/3073/1686 2124/3072/1700
f 2112/3073/1686 2113/3075/1700 2125/3074/1699
f 2113/3075/1700 2102/3051/1685 2114/3053/1700
f 2114/3053/1700 2115/3052/1684 2127/3076/1688
f 2115/3052/1684 2116/3055/1702 2128/3078/1686
f 2116/3055/1702 2117/3057/1700 2129/3079/1699
f 2117/3057/1700 2118/3059/1684 2130/3080/1685
f 2118/3059/1684 2119/3061/1685 2131/3081/1685
f 2119/3061/1685 2120/3063/1702 2132/3082/1685
f 2120/3066/1702 2121/3065/1688 2133/3083/1701
f 2121/3065/1688 2122/3068/1685 2134/3085/1685
f 2122/3068/1685 2123/3070/1684 2135/3086/1684
f 2123/3070/1684 2124/3072/1700 2136/3087/1686
f 2124/3072/1700 2125/3074/1699 2137/3088/1685
f 2125/3074/1699 2114/3053/1700 2126/3077/1685
f 2126/3089/1685 2127/3092/1688 2139/3090/1685
f 2127/3092/1688 2128/3094/1686 2140/3093/1685
f 2128/3094/1686 2129/3096/1699 2141/3095/1685
f 2129/3096/1699 2130/3098/1685 2142/3097/1700
f 2130/3098/1685 2131/3100/1685 2143/3099/1700
f 2131/3100/1685 2132/3229/1685 2144/3101/1699
f 2132/3102/1685 2133/3105/1701 2145/3103/1688
f 2133/3105/1701 2134/3107/1685 2146/3106/1686
f 2134/3107/1685 2135/3109/1684 2147/3108/1688
f 2135/3109/1684 2136/3111/1686 2148/3110/1702
f 2136/3111/1686 2137/3113/1685 2149/3112/1684
f 2137/3113/1685 2126/3089/1685 2138/3091/1684
f 2186/3114/1699 2187/3117/1688 2151/3115/1688
f 2187/3117/1688 2188/3119/1685 2152/3118/1685
f 2188/3119/1685 2189/3121/1699 2153/3120/1703
f 2189/3121/1699 2190/3123/1685 2154/3122/1699
f 2190/3123/1685 2191/3125/1686 2155/3124/1686
f 2191/3125/1686 2192/3230/1684 2156/3126/1685
f 2192/3127/1684 2193/3130/1701 2157/3128/1684
f 2193/3130/1701 2194/3132/1684 2158/3131/1702
f 2194/3132/1684 2195/3134/1686 2159/3133/1700
f 2195/3134/1686 2196/3136/1688 2160/3135/1684
f 2196/3136/1688 2197/3138/1684 2161/3137/1685
f 2197/3138/1684 2186/3114/1699 2150/3116/1684
f 2150/3139/1684 2151/3142/1688 2163/3140/1704
f 2151/3142/1688 2152/3144/1685 2164/3143/1685
f 2152/3144/1685 2153/3146/1703 2165/3145/1684
f 2153/3146/1703 2154/3148/1699 2166/3147/1685
f 2154/3148/1699 2155/3150/1686 2167/3149/1686
f 2155/3150/1686 2156/3231/1685 2168/3151/1685
f 2156/3152/1685 2157/3155/1684 2169/3153/1704
f 2157/3155/1684 2158/3157/1702 2170/3156/1686
f 2158/3157/1702 2159/3159/1700 2171/3158/1688
f 2159/3159/1700 2160/3161/1684 2172/3160/1699
f 2160/3161/1684 2161/3163/1685 2173/3162/1685
f 2161/3163/1685 2150/3139/1684 2162/3141/1699
f 2162/3164/1699 2163/3167/1704 2175/3165/1685
f 2163/3167/1704 2164/3169/1685 2176/3168/1685
f 2164/3169/1685 2165/3171/1684 2177/3170/1685
f 2165/3171/1684 2166/3173/1685 2178/3172/1700
f 2166/3173/1685 2167/3175/1686 2179/3174/1685
f 2167/3175/1686 2168/3232/1685 2180/3176/1699
f 2168/3177/1685 2169/3180/1704 2181/3178/1705
f 2169/3180/1704 2170/3182/1686 2182/3181/1685
f 2170/3182/1686 2171/3184/1688 2183/3183/1700
f 2171/3184/1688 2172/3186/1699 2184/3185/1704
f 2172/3186/1699 2173/3188/1685 2185/3187/1685
f 2173/3188/1685 2162/3164/1699 2174/3166/1685
f 2139/3189/1685 2187/3117/1688 2186/3114/1699
f 2140/3191/1685 2188/3119/1685 2187/3117/1688
f 2141/3192/1685 2189/3121/1699 2188/3119/1685
f 2142/3193/1700 2190/3123/1685 2189/3121/1699
f 2143/3194/1700 2191/3125/1686 2190/3123/1685
f 2144/3195/1699 2192/3230/1684 2191/3125/1686
f 2145/3196/1688 2193/3130/1701 2192/3127/1684
f 2146/3198/1686 2194/3132/1684 2193/3130/1701
f 2147/3199/1688 2195/3134/1686 2194/3132/1684
f 2148/3200/1702 2196/3136/1688 2195/3134/1686
f 2149/3201/1684 2197/3138/1684 2196/3136/1688
f 2138/3190/1684 2186/3114/1699 2197/3138/1684
f 2176/3202/1685 2177/3233/1685 2178/3203/1700
f 2178/3203/1700 2179/3234/1685 2180/3205/1699
f 2182/3206/1685 2183/3235/1700 2184/3208/1704
f 2091/3211/1684 2199/3029/1688 2090/3026/1686
f 2092/3213/1685 2200/3031/1684 2199/3029/1688
f 2093/3214/1700 2201/3033/1686 2200/3031/1684
f 2094/3215/1685 2202/3035/1685 2201/3033/1686
f 2095/3216/1684 2203/3037/1700 2202/3035/1685
f 2096/3217/1687 2204/3227/1700 2203/3037/1700
f 2097/3218/1701 2205/3042/1701 2204/3039/1700
f 2098/3220/1685 2206/3044/1685 2205/3042/1701
f 2099/3221/1704 2207/3046/1699 2206/3044/1685
f 2100/3222/1684 2208/3048/1700 2207/3046/1699
f 2209/3223/1700 2101/3050/1685 2208/3048/1700
f 2198/3212/1700 2090/3026/1686 2101/3050/1685
o ChandelierArmB005
v -19.190554 8.286622 -0.000003
v -18.922092 8.136622 0.422351
v -18.612907 8.136622 0.731536
v -18.190554 8.136622 0.844706
v -17.768200 8.136622 0.731536
v -17.459015 8.136622 0.422351
v -17.345844 8.136622 -0.000003
v -17.459015 8.136622 -0.422357
v -17.768200 8.136622 -0.731542
v -18.190554 8.136622 -0.844712
v -18.612907 8.136622 -0.731542
v -19.056580 8.286622 -0.500004
v -19.190554 8.761566 -0.000003
v -19.056580 8.761566 0.499997
v -18.690554 8.761566 0.866022
v -18.190554 8.761566 0.999997
v -17.690554 8.761566 0.866022
v -17.324528 8.761566 0.499997
v -17.190554 8.761566 -0.000003
v -17.324528 8.761566 -0.500003
v -17.690554 8.761566 -0.866028
v -18.190554 8.761566 -1.000003
v -18.690554 8.761566 -0.866029
v -19.056580 8.761566 -0.500004
v -19.413078 8.761566 -0.000003
v -19.249290 8.761566 0.611259
v -18.801817 8.761566 1.058735
v -18.190554 8.761566 1.222522
v -17.579290 8.761566 1.058735
v -17.131817 8.761566 0.611260
v -16.968029 8.761566 -0.000003
v -17.131815 8.761566 -0.611265
v -17.579290 8.761566 -1.058740
v -18.190554 8.761566 -1.222528
v -18.801815 8.761566 -1.058741
v -19.249290 8.761566 -0.611266
v -19.413078 9.015312 -0.000003
v -19.249290 9.015312 0.611259
v -18.801817 9.015312 1.058735
v -18.190554 9.015312 1.222522
v -17.579290 9.015312 1.058735
v -17.131817 9.015312 0.611260
v -16.968029 9.015312 -0.000003
v -17.131815 9.015312 -0.611265
v -17.579290 9.015312 -1.058740
v -18.190554 9.015312 -1.222528
v -18.801815 9.015312 -1.058741
v -19.249290 9.015312 -0.611266
v -20.753397 9.015311 -0.000003
v -20.410042 9.015312 1.281419
v -19.471975 9.015312 2.219485
v -18.190554 9.015312 2.562841
v -16.909132 9.015312 2.219485
v -15.971066 9.015312 1.281419
v -15.627709 9.015311 -0.000002
v -15.971066 9.015311 -1.281424
v -16.909130 9.015311 -2.219490
v -18.190552 9.015311 -2.562846
v -19.471973 9.015311 -2.219491
v -20.410042 9.015311 -1.281427
v -20.903399 9.438700 -0.000003
v -20.539946 9.438701 1.356419
v -19.546976 9.438700 2.349389
v -18.190554 9.438701 2.712841
v -16.834131 9.438700 2.349389
v -15.841162 9.438701 1.356419
v -15.477710 9.438700 -0.000002
v -15.841162 9.438700 -1.356424
v -16.834131 9.438700 -2.349394
v -18.190552 9.438700 -2.712847
v -19.546974 9.438700 -2.349395
v -20.539944 9.438700 -1.356427
v -18.957706 9.051663 -0.000003
v -18.854929 9.051663 0.383574
v -18.574131 9.051663 0.664371
v -18.190554 9.051663 0.767150
v -17.806976 9.051663 0.664371
v -17.526178 9.051663 0.383574
v -17.423401 9.051663 -0.000003
v -17.526178 9.051663 -0.383580
v -17.806976 9.051663 -0.664378
v -18.190554 9.051663 -0.767157
v -18.574131 9.051663 -0.664378
v -18.854927 9.051663 -0.383580
v -18.957706 17.187204 -0.000004
v -18.854929 17.187204 0.383573
v -18.574131 17.187204 0.664371
v -18.190554 17.187204 0.767150
v -17.806976 17.187204 0.664371
v -17.526178 17.187204 0.383573
v -17.423401 17.187204 -0.000003
v -17.526178 17.187204 -0.383580
v -17.806976 17.187204 -0.664378
v -18.190554 17.187204 -0.767157
v -18.574131 17.187204 -0.664378
v -18.854927 17.187204 -0.383581
v -20.903399 9.165312 -0.000003
v -20.539946 9.165312 1.356419
v -19.546976 9.165312 2.349389
v -18.190554 9.165312 2.712841
v -16.834131 9.165312 2.349389
v -15.841162 9.165312 1.356419
v -15.477710 9.165312 -0.000002
v -15.841162 9.165312 -1.356424
v -16.834131 9.165312 -2.349394
v -18.190552 9.165311 -2.712847
v -19.546974 9.165312 -2.349395
v -20.539944 9.165312 -1.356427
v -19.035263 8.136622 -0.000003
v -19.056580 8.286622 0.499997
v -18.690554 8.286623 0.866022
v -18.190554 8.286623 0.999997
v -17.690554 8.286623 0.866022
v -17.324528 8.286622 0.499997
v -17.190554 8.286622 -0.000003
v -17.324528 8.286622 -0.500003
v -17.690554 8.286622 -0.866028
v -18.190554 8.286622 -1.000003
v -18.690554 8.286622 -0.866029
v -18.922092 8.136622 -0.422358
vn -0.0000 -0.0001 -1.0000
vn 0.0001 -0.0000 -1.0000
vn -0.0000 -0.0000 -1.0000
vn -0.4257 -0.9049 -0.0000
vn -0.3687 -0.9049 -0.2128
vn -0.2128 -0.9049 -0.3687
vn -0.0001 -0.0000 -1.0000
vn 0.0001 0.0002 -1.0000
vn 0.2129 -0.9049 -0.3687
vn 0.3687 -0.9049 -0.2129
vn 0.4257 -0.9049 -0.0000
vn -0.2129 -0.9049 0.3687
vn 0.3687 -0.9049 0.2128
vn 0.2128 -0.9049 0.3687
vn 0.0001 0.0001 -1.0000
vn -0.0000 0.0001 -1.0000
vn -0.0001 0.0001 -1.0000
vn 0.0001 -0.0001 -1.0000
vn -0.0000 -0.0002 -1.0000
vn -0.0001 -0.0001 -1.0000
vn 0.0002 -0.0000 -1.0000
vn -0.0000 1.0000 -0.0000
vt 0.572019 0.387884
vt 0.543308 0.379652
vt 0.593504 0.367137
vt 0.536083 0.350671
vt 0.557568 0.329923
vt 0.544046 0.337419
vt 0.586278 0.338156
vt 0.593774 0.351678
vt 0.585541 0.380389
vt 0.214287 0.779184
vt 0.196632 0.762356
vt 0.214287 0.762358
vt 0.196632 0.779183
vt 0.178960 0.762352
vt 0.178957 0.779179
vt 0.161267 0.762326
vt 0.161273 0.779156
vt 0.143519 0.762292
vt 0.143600 0.779105
vt 0.125680 0.762415
vt 0.125877 0.779106
vt 0.107563 0.762464
vt 0.320234 0.779563
vt 0.302392 0.762381
vt 0.320492 0.762446
vt 0.302233 0.779081
vt 0.284660 0.762322
vt 0.284617 0.779127
vt 0.267074 0.762336
vt 0.267069 0.779164
vt 0.249506 0.762353
vt 0.249508 0.779180
vt 0.231913 0.762358
vt 0.231914 0.779184
vt 0.237253 0.697451
vt 0.258699 0.705096
vt 0.237253 0.705095
vt 0.258700 0.697452
vt 0.280151 0.705106
vt 0.280154 0.697459
vt 0.301590 0.705132
vt 0.301594 0.697484
vt 0.323012 0.705215
vt 0.322963 0.697585
vt 0.344454 0.705455
vt 0.343948 0.697817
vt 0.366384 0.704031
vt 0.111302 0.696422
vt 0.130270 0.705450
vt 0.108343 0.704048
vt 0.130772 0.697812
vt 0.151689 0.705213
vt 0.151738 0.697583
vt 0.173060 0.705131
vt 0.173056 0.697483
vt 0.194433 0.705104
vt 0.194430 0.697458
vt 0.215829 0.705097
vt 0.215829 0.697453
vt 0.258698 0.714119
vt 0.237254 0.714118
vt 0.280151 0.714133
vt 0.301601 0.714161
vt 0.323077 0.714226
vt 0.344892 0.714390
vt 0.367172 0.713213
vt 0.129836 0.714385
vt 0.107563 0.713231
vt 0.151624 0.714224
vt 0.173049 0.714160
vt 0.194432 0.714130
vt 0.215830 0.714122
vt 0.322870 0.900787
vt 0.358674 0.946852
vt 0.322869 0.946822
vt 0.358805 0.900830
vt 0.394670 0.947093
vt 0.395060 0.901096
vt 0.430904 0.948012
vt 0.431310 0.901926
vt 0.468282 0.949665
vt 0.466317 0.903127
vt 0.508807 0.948220
vt 0.497485 0.902222
vt 0.550336 0.931863
vt 0.128161 0.894177
vt 0.140714 0.948240
vt 0.099327 0.932116
vt 0.151901 0.902219
vt 0.180600 0.949606
vt 0.182556 0.903076
vt 0.217021 0.947979
vt 0.216641 0.901892
vt 0.252201 0.947083
vt 0.251825 0.901084
vt 0.287373 0.946850
vt 0.287248 0.900828
vt 0.008091 0.608657
vt 0.017723 0.559405
vt 0.017723 0.608657
vt 0.008091 0.559405
vt 0.017724 0.510169
vt 0.008091 0.510170
vt 0.017727 0.460991
vt 0.008094 0.460995
vt 0.017739 0.411884
vt 0.008109 0.411913
vt 0.017717 0.362771
vt 0.008138 0.362934
vt 0.017694 0.313452
vt 0.007949 0.903057
vt 0.017717 0.854053
vt 0.017694 0.903333
vt 0.008138 0.853890
vt 0.017739 0.805045
vt 0.008109 0.805016
vt 0.017727 0.756074
vt 0.008094 0.756071
vt 0.017724 0.707024
vt 0.008091 0.707024
vt 0.017723 0.657877
vt 0.008091 0.657877
vt 0.987603 0.301193
vt 0.919623 0.334575
vt 0.919537 0.301071
vt 0.987661 0.334511
vt 0.920116 0.367602
vt 0.988214 0.367472
vt 0.921145 0.399725
vt 0.989522 0.400914
vt 0.922107 0.429585
vt 0.990860 0.436705
vt 0.920917 0.454339
vt 0.987161 0.477017
vt 0.914726 0.470574
vt 0.966039 0.078738
vt 0.920934 0.143097
vt 0.914650 0.126773
vt 0.987095 0.120132
vt 0.922183 0.168417
vt 0.990949 0.161235
vt 0.921228 0.199433
vt 0.989611 0.198298
vt 0.920193 0.232987
vt 0.988296 0.233208
vt 0.919682 0.267148
vt 0.987737 0.267390
vt 0.396894 0.618931
vt 0.107563 0.630306
vt 0.107563 0.618931
vt 0.396894 0.630306
vt 0.107563 0.641789
vt 0.396894 0.641789
vt 0.107563 0.653575
vt 0.396894 0.653575
vt 0.107563 0.665852
vt 0.396894 0.665853
vt 0.107563 0.678788
vt 0.396894 0.678788
vt 0.107563 0.692500
vt 0.396894 0.544049
vt 0.107563 0.557857
vt 0.107563 0.544049
vt 0.396894 0.557857
vt 0.107563 0.571049
vt 0.396894 0.571049
vt 0.107563 0.583662
vt 0.396894 0.583662
vt 0.107563 0.595768
vt 0.396894 0.595768
vt 0.107563 0.607475
vt 0.396894 0.607475
vt 0.000743 0.559405
vt 0.000743 0.608657
vt 0.000743 0.510170
vt 0.000746 0.460999
vt 0.000764 0.411940
vt 0.000837 0.363124
vt 0.000501 0.315430
vt 0.000838 0.853700
vt 0.000500 0.901355
vt 0.000764 0.804989
vt 0.000746 0.756067
vt 0.000743 0.707023
vt 0.000743 0.657877
vt 0.639612 0.301344
vt 0.658455 0.320856
vt 0.613292 0.307906
vt 0.650978 0.346931
vt 0.624658 0.353493
vt 0.638697 0.353738
vt 0.605815 0.333981
vt 0.606060 0.319942
vt 0.625573 0.301099
vt 0.196631 0.786695
vt 0.214287 0.786696
vt 0.178955 0.786691
vt 0.161273 0.786671
vt 0.143634 0.786607
vt 0.126243 0.786515
vt 0.109926 0.787281
vt 0.301864 0.786501
vt 0.318135 0.787275
vt 0.284580 0.786618
vt 0.267070 0.786676
vt 0.249510 0.786692
vt 0.231915 0.786695
vt 0.556561 0.387615
vt 0.535813 0.366129
vt 0.573026 0.330193
vt 0.107826 0.779575
vt 0.363419 0.696407
vt 0.521321 0.894061
vt 0.007949 0.313728
vt 0.966413 0.518283
vt 0.396894 0.692500
vt 0.651648 0.308576
vt 0.658210 0.334895
vt 0.612623 0.346261
s 1
usemtl Chandelier02
f 2220/3236/1707 2218/3237/1708 2318/3238/1709
f 2218/3237/1708 2216/3239/1709 2214/3240/1709
f 2216/3239/1710 2215/3241/1711 2214/3240/1712
f 2214/3240/1713 2212/3242/1714 2318/3238/1709
f 2212/3242/1715 2211/3243/1716 2318/3238/1717
f 2218/3237/1718 2214/3240/1712 2318/3238/1717
f 2329/3244/1719 2220/3236/1720 2318/3238/1717
f 2210/3245/1707 2223/3246/1721 2222/3247/1713
f 2319/3248/1708 2224/3249/1709 2223/3246/1721
f 2320/3250/1709 2225/3251/1707 2224/3249/1709
f 2321/3252/1722 2226/3253/1709 2225/3251/1707
f 2322/3254/1709 2227/3255/1722 2226/3253/1709
f 2323/3256/1723 2228/3257/1707 2227/3255/1722
f 2324/3258/1709 2229/3259/1707 2228/3260/1707
f 2325/3261/1721 2230/3262/1708 2229/3259/1707
f 2326/3263/1722 2231/3264/1722 2230/3262/1708
f 2327/3265/1709 2232/3266/1709 2231/3264/1722
f 2328/3267/1722 2233/3268/1713 2232/3266/1709
f 2221/3269/1713 2222/3247/1713 2233/3268/1713
f 2222/3270/1713 2235/3271/1722 2234/3272/1709
f 2223/3273/1721 2236/3274/1707 2235/3271/1722
f 2224/3275/1709 2237/3276/1709 2236/3274/1707
f 2225/3277/1707 2238/3278/1724 2237/3276/1709
f 2226/3279/1709 2239/3280/1713 2238/3278/1724
f 2227/3281/1722 2240/3282/1709 2239/3280/1713
f 2228/3283/1707 2241/3284/1707 2240/3285/1709
f 2229/3286/1707 2242/3287/1722 2241/3284/1707
f 2230/3288/1708 2243/3289/1721 2242/3287/1722
f 2231/3290/1722 2244/3291/1722 2243/3289/1721
f 2232/3292/1709 2245/3293/1707 2244/3291/1722
f 2233/3294/1713 2234/3272/1709 2245/3293/1707
f 2234/3272/1709 2247/3295/1721 2246/3296/1709
f 2235/3271/1722 2248/3297/1709 2247/3295/1721
f 2236/3274/1707 2249/3298/1709 2248/3297/1709
f 2237/3276/1709 2250/3299/1709 2249/3298/1709
f 2238/3278/1724 2251/3300/1723 2250/3299/1709
f 2239/3280/1713 2252/3301/1709 2251/3300/1723
f 2240/3285/1709 2253/3302/1707 2252/3303/1709
f 2241/3284/1707 2254/3304/1708 2253/3302/1707
f 2242/3287/1722 2255/3305/1709 2254/3304/1708
f 2243/3289/1721 2256/3306/1709 2255/3305/1709
f 2244/3291/1722 2257/3307/1713 2256/3306/1709
f 2245/3293/1707 2246/3296/1709 2257/3307/1713
f 2246/3308/1709 2259/3309/1708 2258/3310/1713
f 2247/3311/1721 2260/3312/1722 2259/3309/1708
f 2248/3313/1709 2261/3314/1722 2260/3312/1722
f 2249/3315/1709 2262/3316/1721 2261/3314/1722
f 2250/3317/1709 2263/3318/1713 2262/3316/1721
f 2251/3319/1723 2264/3320/1708 2263/3318/1713
f 2252/3321/1709 2265/3322/1713 2264/3323/1708
f 2253/3324/1707 2266/3325/1724 2265/3322/1713
f 2254/3326/1708 2267/3327/1707 2266/3325/1724
f 2255/3328/1709 2268/3329/1707 2267/3327/1707
f 2256/3330/1709 2269/3331/1709 2268/3329/1707
f 2257/3332/1713 2258/3310/1713 2269/3331/1709
f 2306/3333/1709 2271/3334/1725 2270/3335/1709
f 2307/3336/1721 2272/3337/1721 2271/3334/1725
f 2308/3338/1709 2273/3339/1721 2272/3337/1721
f 2309/3340/1708 2274/3341/1709 2273/3339/1721
f 2310/3342/1707 2275/3343/1707 2274/3341/1709
f 2311/3344/1723 2276/3345/1724 2275/3343/1707
f 2312/3346/1707 2277/3347/1722 2276/3348/1724
f 2313/3349/1708 2278/3350/1707 2277/3347/1722
f 2314/3351/1713 2279/3352/1709 2278/3350/1707
f 2315/3353/1707 2280/3354/1707 2279/3352/1709
f 2316/3355/1721 2281/3356/1713 2280/3354/1707
f 2317/3357/1713 2270/3335/1709 2281/3356/1713
f 2270/3358/1709 2283/3359/1707 2282/3360/1709
f 2271/3361/1725 2284/3362/1709 2283/3359/1707
f 2272/3363/1721 2285/3364/1708 2284/3362/1709
f 2273/3365/1721 2286/3366/1709 2285/3364/1708
f 2274/3367/1709 2287/3368/1726 2286/3366/1709
f 2275/3369/1707 2288/3370/1708 2287/3368/1726
f 2276/3371/1724 2289/3372/1713 2288/3373/1708
f 2277/3374/1722 2290/3375/1721 2289/3372/1713
f 2278/3376/1707 2291/3377/1709 2290/3375/1721
f 2279/3378/1709 2292/3379/1722 2291/3377/1709
f 2280/3380/1707 2293/3381/1726 2292/3379/1722
f 2281/3382/1713 2282/3360/1709 2293/3381/1726
f 2282/3383/1709 2295/3384/1727 2294/3385/1709
f 2283/3386/1707 2296/3387/1722 2295/3384/1727
f 2284/3388/1709 2297/3389/1709 2296/3387/1722
f 2285/3390/1708 2298/3391/1721 2297/3389/1709
f 2286/3392/1709 2299/3393/1709 2298/3391/1721
f 2287/3394/1726 2300/3395/1722 2299/3393/1709
f 2288/3396/1708 2301/3397/1709 2300/3398/1722
f 2289/3399/1713 2302/3400/1713 2301/3397/1709
f 2290/3401/1721 2303/3402/1707 2302/3400/1713
f 2291/3403/1709 2304/3404/1724 2303/3402/1707
f 2292/3405/1722 2305/3406/1709 2304/3404/1724
f 2293/3407/1726 2294/3385/1709 2305/3406/1709
f 2259/3408/1708 2306/3333/1709 2258/3409/1713
f 2260/3410/1722 2307/3336/1721 2259/3408/1708
f 2261/3411/1722 2308/3338/1709 2260/3410/1722
f 2262/3412/1721 2309/3340/1708 2261/3411/1722
f 2263/3413/1713 2310/3342/1707 2262/3412/1721
f 2264/3414/1708 2311/3344/1723 2263/3413/1713
f 2265/3415/1713 2312/3346/1707 2264/3416/1708
f 2266/3417/1724 2313/3349/1708 2265/3415/1713
f 2267/3418/1707 2314/3351/1713 2266/3417/1724
f 2268/3419/1707 2315/3353/1707 2267/3418/1707
f 2269/3420/1709 2316/3355/1721 2268/3419/1707
f 2258/3409/1713 2317/3357/1713 2269/3420/1709
f 2296/3421/1722 2298/3422/1721 2294/3423/1709
f 2298/3422/1721 2300/3424/1722 2302/3425/1709
f 2300/3424/1728 2301/3426/1728 2302/3425/1728
f 2302/3425/1713 2304/3427/1724 2294/3423/1709
f 2304/3427/1728 2305/3428/1728 2294/3423/1728
f 2298/3422/1728 2302/3425/1728 2294/3423/1728
f 2295/3429/1728 2296/3421/1728 2294/3423/1728
f 2211/3430/1721 2210/3245/1707 2318/3431/1709
f 2212/3432/1714 2319/3248/1708 2211/3430/1721
f 2213/3433/1722 2320/3250/1709 2212/3432/1714
f 2214/3434/1713 2321/3252/1722 2213/3433/1722
f 2215/3435/1722 2322/3254/1709 2214/3434/1713
f 2216/3436/1709 2323/3256/1723 2215/3435/1722
f 2217/3437/1726 2324/3258/1709 2216/3438/1709
f 2218/3439/1708 2325/3261/1721 2217/3437/1726
f 2219/3440/1724 2326/3263/1722 2218/3439/1708
f 2220/3441/1707 2327/3265/1709 2219/3440/1724
f 2329/3442/1707 2328/3267/1722 2220/3441/1707
f 2318/3431/1709 2221/3269/1713 2329/3442/1707
f 2220/3236/1707 2219/3443/1724 2218/3237/1708
f 2218/3237/1708 2217/3444/1726 2216/3239/1709
f 2214/3240/1713 2213/3445/1722 2212/3242/1714
f 2210/3245/1707 2319/3248/1708 2223/3246/1721
f 2319/3248/1708 2320/3250/1709 2224/3249/1709
f 2320/3250/1709 2321/3252/1722 2225/3251/1707
f 2321/3252/1722 2322/3254/1709 2226/3253/1709
f 2322/3254/1709 2323/3256/1723 2227/3255/1722
f 2323/3256/1723 2324/3446/1709 2228/3257/1707
f 2324/3258/1709 2325/3261/1721 2229/3259/1707
f 2325/3261/1721 2326/3263/1722 2230/3262/1708
f 2326/3263/1722 2327/3265/1709 2231/3264/1722
f 2327/3265/1709 2328/3267/1722 2232/3266/1709
f 2328/3267/1722 2221/3269/1713 2233/3268/1713
f 2221/3269/1713 2210/3245/1707 2222/3247/1713
f 2222/3270/1713 2223/3273/1721 2235/3271/1722
f 2223/3273/1721 2224/3275/1709 2236/3274/1707
f 2224/3275/1709 2225/3277/1707 2237/3276/1709
f 2225/3277/1707 2226/3279/1709 2238/3278/1724
f 2226/3279/1709 2227/3281/1722 2239/3280/1713
f 2227/3281/1722 2228/3447/1707 2240/3282/1709
f 2228/3283/1707 2229/3286/1707 2241/3284/1707
f 2229/3286/1707 2230/3288/1708 2242/3287/1722
f 2230/3288/1708 2231/3290/1722 2243/3289/1721
f 2231/3290/1722 2232/3292/1709 2244/3291/1722
f 2232/3292/1709 2233/3294/1713 2245/3293/1707
f 2233/3294/1713 2222/3270/1713 2234/3272/1709
f 2234/3272/1709 2235/3271/1722 2247/3295/1721
f 2235/3271/1722 2236/3274/1707 2248/3297/1709
f 2236/3274/1707 2237/3276/1709 2249/3298/1709
f 2237/3276/1709 2238/3278/1724 2250/3299/1709
f 2238/3278/1724 2239/3280/1713 2251/3300/1723
f 2239/3280/1713 2240/3282/1709 2252/3301/1709
f 2240/3285/1709 2241/3284/1707 2253/3302/1707
f 2241/3284/1707 2242/3287/1722 2254/3304/1708
f 2242/3287/1722 2243/3289/1721 2255/3305/1709
f 2243/3289/1721 2244/3291/1722 2256/3306/1709
f 2244/3291/1722 2245/3293/1707 2257/3307/1713
f 2245/3293/1707 2234/3272/1709 2246/3296/1709
f 2246/3308/1709 2247/3311/1721 2259/3309/1708
f 2247/3311/1721 2248/3313/1709 2260/3312/1722
f 2248/3313/1709 2249/3315/1709 2261/3314/1722
f 2249/3315/1709 2250/3317/1709 2262/3316/1721
f 2250/3317/1709 2251/3319/1723 2263/3318/1713
f 2251/3319/1723 2252/3448/1709 2264/3320/1708
f 2252/3321/1709 2253/3324/1707 2265/3322/1713
f 2253/3324/1707 2254/3326/1708 2266/3325/1724
f 2254/3326/1708 2255/3328/1709 2267/3327/1707
f 2255/3328/1709 2256/3330/1709 2268/3329/1707
f 2256/3330/1709 2257/3332/1713 2269/3331/1709
f 2257/3332/1713 2246/3308/1709 2258/3310/1713
f 2306/3333/1709 2307/3336/1721 2271/3334/1725
f 2307/3336/1721 2308/3338/1709 2272/3337/1721
f 2308/3338/1709 2309/3340/1708 2273/3339/1721
f 2309/3340/1708 2310/3342/1707 2274/3341/1709
f 2310/3342/1707 2311/3344/1723 2275/3343/1707
f 2311/3344/1723 2312/3449/1707 2276/3345/1724
f 2312/3346/1707 2313/3349/1708 2277/3347/1722
f 2313/3349/1708 2314/3351/1713 2278/3350/1707
f 2314/3351/1713 2315/3353/1707 2279/3352/1709
f 2315/3353/1707 2316/3355/1721 2280/3354/1707
f 2316/3355/1721 2317/3357/1713 2281/3356/1713
f 2317/3357/1713 2306/3333/1709 2270/3335/1709
f 2270/3358/1709 2271/3361/1725 2283/3359/1707
f 2271/3361/1725 2272/3363/1721 2284/3362/1709
f 2272/3363/1721 2273/3365/1721 2285/3364/1708
f 2273/3365/1721 2274/3367/1709 2286/3366/1709
f 2274/3367/1709 2275/3369/1707 2287/3368/1726
f 2275/3369/1707 2276/3450/1724 2288/3370/1708
f 2276/3371/1724 2277/3374/1722 2289/3372/1713
f 2277/3374/1722 2278/3376/1707 2290/3375/1721
f 2278/3376/1707 2279/3378/1709 2291/3377/1709
f 2279/3378/1709 2280/3380/1707 2292/3379/1722
f 2280/3380/1707 2281/3382/1713 2293/3381/1726
f 2281/3382/1713 2270/3358/1709 2282/3360/1709
f 2282/3383/1709 2283/3386/1707 2295/3384/1727
f 2283/3386/1707 2284/3388/1709 2296/3387/1722
f 2284/3388/1709 2285/3390/1708 2297/3389/1709
f 2285/3390/1708 2286/3392/1709 2298/3391/1721
f 2286/3392/1709 2287/3394/1726 2299/3393/1709
f 2287/3394/1726 2288/3451/1708 2300/3395/1722
f 2288/3396/1708 2289/3399/1713 2301/3397/1709
f 2289/3399/1713 2290/3401/1721 2302/3400/1713
f 2290/3401/1721 2291/3403/1709 2303/3402/1707
f 2291/3403/1709 2292/3405/1722 2304/3404/1724
f 2292/3405/1722 2293/3407/1726 2305/3406/1709
f 2293/3407/1726 2282/3383/1709 2294/3385/1709
f 2259/3408/1708 2307/3336/1721 2306/3333/1709
f 2260/3410/1722 2308/3338/1709 2307/3336/1721
f 2261/3411/1722 2309/3340/1708 2308/3338/1709
f 2262/3412/1721 2310/3342/1707 2309/3340/1708
f 2263/3413/1713 2311/3344/1723 2310/3342/1707
f 2264/3414/1708 2312/3449/1707 2311/3344/1723
f 2265/3415/1713 2313/3349/1708 2312/3346/1707
f 2266/3417/1724 2314/3351/1713 2313/3349/1708
f 2267/3418/1707 2315/3353/1707 2314/3351/1713
f 2268/3419/1707 2316/3355/1721 2315/3353/1707
f 2269/3420/1709 2317/3357/1713 2316/3355/1721
f 2258/3409/1713 2306/3333/1709 2317/3357/1713
f 2296/3421/1722 2297/3452/1709 2298/3422/1721
f 2298/3422/1721 2299/3453/1709 2300/3424/1722
f 2302/3425/1713 2303/3454/1707 2304/3427/1724
f 2211/3430/1721 2319/3248/1708 2210/3245/1707
f 2212/3432/1714 2320/3250/1709 2319/3248/1708
f 2213/3433/1722 2321/3252/1722 2320/3250/1709
f 2214/3434/1713 2322/3254/1709 2321/3252/1722
f 2215/3435/1722 2323/3256/1723 2322/3254/1709
f 2216/3436/1709 2324/3446/1709 2323/3256/1723
f 2217/3437/1726 2325/3261/1721 2324/3258/1709
f 2218/3439/1708 2326/3263/1722 2325/3261/1721
f 2219/3440/1724 2327/3265/1709 2326/3263/1722
f 2220/3441/1707 2328/3267/1722 2327/3265/1709
f 2329/3442/1707 2221/3269/1713 2328/3267/1722
f 2318/3431/1709 2210/3245/1707 2221/3269/1713
o ChandelierArmB006
v -9.595274 8.286623 16.619509
v -9.095274 8.136623 16.598192
v -8.672919 8.136623 16.485023
v -8.363735 8.136623 16.175838
v -8.250566 8.136623 15.753483
v -8.363735 8.136623 15.331128
v -8.672919 8.136623 15.021944
v -9.095274 8.136623 14.908774
v -9.517628 8.136623 15.021944
v -9.826813 8.136623 15.331128
v -9.939982 8.136623 15.753483
v -9.961300 8.286623 16.253483
v -9.595274 8.761567 16.619509
v -9.095274 8.761567 16.753483
v -8.595274 8.761567 16.619509
v -8.229248 8.761567 16.253483
v -8.095274 8.761567 15.753483
v -8.229249 8.761567 15.253483
v -8.595274 8.761567 14.887457
v -9.095274 8.761567 14.753483
v -9.595274 8.761567 14.887457
v -9.961299 8.761567 15.253483
v -10.095274 8.761567 15.753483
v -9.961300 8.761567 16.253483
v -9.706536 8.761567 16.812222
v -9.095274 8.761567 16.976009
v -8.484011 8.761567 16.812222
v -8.036536 8.761567 16.364746
v -7.872749 8.761567 15.753483
v -8.036536 8.761567 15.142220
v -8.484012 8.761567 14.694745
v -9.095274 8.761567 14.530957
v -9.706536 8.761567 14.694745
v -10.154012 8.761567 15.142220
v -10.317799 8.761567 15.753483
v -10.154012 8.761567 16.364746
v -9.706536 9.015313 16.812222
v -9.095274 9.015313 16.976009
v -8.484011 9.015313 16.812222
v -8.036536 9.015313 16.364746
v -7.872749 9.015313 15.753483
v -8.036536 9.015313 15.142220
v -8.484012 9.015313 14.694745
v -9.095274 9.015313 14.530957
v -9.706536 9.015313 14.694745
v -10.154012 9.015313 15.142220
v -10.317799 9.015313 15.753483
v -10.154012 9.015313 16.364746
v -10.376696 9.015312 17.972973
v -9.095273 9.015313 18.316328
v -7.813851 9.015313 17.972971
v -6.875785 9.015313 17.034904
v -6.532430 9.015313 15.753482
v -6.875786 9.015313 14.472060
v -7.813852 9.015312 13.533995
v -9.095274 9.015312 13.190638
v -10.376696 9.015312 13.533995
v -11.314761 9.015312 14.472060
v -11.658117 9.015312 15.753482
v -11.314762 9.015312 17.034904
v -10.451695 9.438701 18.102877
v -9.095274 9.438702 18.466328
v -7.738851 9.438701 18.102875
v -6.745882 9.438702 17.109905
v -6.382430 9.438701 15.753482
v -6.745883 9.438702 14.397060
v -7.738852 9.438701 13.404091
v -9.095274 9.438701 13.040639
v -10.451695 9.438701 13.404091
v -11.444665 9.438701 14.397060
v -11.808118 9.438701 15.753482
v -11.444667 9.438701 17.109905
v -9.478851 9.051664 16.417858
v -9.095274 9.051664 16.520638
v -8.711697 9.051664 16.417858
v -8.430900 9.051664 16.137060
v -8.328120 9.051664 15.753483
v -8.430900 9.051664 15.369905
v -8.711698 9.051664 15.089108
v -9.095274 9.051664 14.986329
v -9.478851 9.051664 15.089108
v -9.759648 9.051664 15.369905
v -9.862428 9.051664 15.753483
v -9.759649 9.051664 16.137060
v -9.478851 17.187206 16.417856
v -9.095274 17.187206 16.520636
v -8.711698 17.187206 16.417856
v -8.430900 17.187206 16.137058
v -8.328121 17.187206 15.753482
v -8.430900 17.187206 15.369905
v -8.711698 17.187206 15.089108
v -9.095274 17.187206 14.986329
v -9.478851 17.187206 15.089108
v -9.759649 17.187206 15.369905
v -9.862428 17.187206 15.753482
v -9.759649 17.187206 16.137058
v -10.451695 9.165313 18.102877
v -9.095273 9.165313 18.466328
v -7.738851 9.165313 18.102875
v -6.745882 9.165313 17.109905
v -6.382430 9.165313 15.753482
v -6.745882 9.165313 14.397060
v -7.738852 9.165313 13.404091
v -9.095274 9.165313 13.040639
v -10.451695 9.165313 13.404091
v -11.444665 9.165312 14.397060
v -11.808118 9.165313 15.753482
v -11.444666 9.165313 17.109905
v -9.517628 8.136623 16.485023
v -9.095274 8.286623 16.753483
v -8.595274 8.286624 16.619509
v -8.229248 8.286624 16.253483
v -8.095274 8.286624 15.753483
v -8.229249 8.286623 15.253483
v -8.595274 8.286623 14.887458
v -9.095274 8.286623 14.753483
v -9.595274 8.286623 14.887457
v -9.961299 8.286623 15.253483
v -10.095274 8.286623 15.753483
v -9.826814 8.136623 16.175838
vn -0.0001 0.0001 -1.0000
vn -0.0000 -0.0000 -1.0000
vn 0.0001 -0.0001 -1.0000
vn -0.4257 -0.9049 -0.0000
vn -0.3687 -0.9049 -0.2128
vn -0.2129 -0.9049 -0.3687
vn -0.0001 -0.0001 -1.0000
vn -0.0001 0.0002 -1.0000
vn -0.0001 -0.0000 -1.0000
vn 0.2128 -0.9049 -0.3687
vn 0.3686 -0.9049 -0.2129
vn 0.4257 -0.9049 -0.0000
vn -0.2129 -0.9049 0.3687
vn -0.2128 -0.9049 -0.3687
vn 0.3687 -0.9049 0.2128
vn 0.2129 -0.9049 0.3687
vn -0.0000 -0.0001 -1.0000
vn -0.0000 0.0001 -1.0000
vn 0.0001 0.0001 -1.0000
vn 0.0001 -0.0000 -1.0000
vn -0.0000 -0.0002 -1.0000
vn -0.0000 0.0002 -1.0000
vn -0.0002 0.0001 -1.0000
vn 0.0002 -0.0000 -1.0000
vn -0.0000 1.0000 -0.0000
vt 0.572019 0.387884
vt 0.543308 0.379652
vt 0.593504 0.367137
vt 0.536083 0.350671
vt 0.557568 0.329923
vt 0.544046 0.337419
vt 0.586278 0.338156
vt 0.593774 0.351678
vt 0.585541 0.380389
vt 0.214287 0.779184
vt 0.196632 0.762356
vt 0.214287 0.762358
vt 0.196632 0.779183
vt 0.178960 0.762352
vt 0.178957 0.779179
vt 0.161267 0.762326
vt 0.161273 0.779156
vt 0.143519 0.762292
vt 0.143600 0.779105
vt 0.125680 0.762415
vt 0.125877 0.779106
vt 0.107563 0.762464
vt 0.320234 0.779563
vt 0.302392 0.762381
vt 0.320492 0.762446
vt 0.302233 0.779081
vt 0.284660 0.762322
vt 0.284617 0.779127
vt 0.267074 0.762336
vt 0.267069 0.779164
vt 0.249506 0.762353
vt 0.249508 0.779180
vt 0.231913 0.762358
vt 0.231914 0.779184
vt 0.237253 0.697451
vt 0.258699 0.705096
vt 0.237253 0.705095
vt 0.258700 0.697452
vt 0.280151 0.705106
vt 0.280154 0.697459
vt 0.301590 0.705132
vt 0.301594 0.697484
vt 0.323012 0.705215
vt 0.322963 0.697585
vt 0.344454 0.705455
vt 0.343948 0.697817
vt 0.366384 0.704031
vt 0.111302 0.696422
vt 0.130270 0.705450
vt 0.108343 0.704048
vt 0.130772 0.697812
vt 0.151689 0.705213
vt 0.151738 0.697583
vt 0.173060 0.705131
vt 0.173056 0.697483
vt 0.194433 0.705104
vt 0.194430 0.697458
vt 0.215829 0.705097
vt 0.215829 0.697453
vt 0.258698 0.714119
vt 0.237254 0.714118
vt 0.280151 0.714133
vt 0.301601 0.714161
vt 0.323077 0.714226
vt 0.344892 0.714390
vt 0.367172 0.713213
vt 0.129836 0.714385
vt 0.107563 0.713231
vt 0.151624 0.714224
vt 0.173049 0.714160
vt 0.194432 0.714130
vt 0.215830 0.714122
vt 0.322870 0.900787
vt 0.358674 0.946852
vt 0.322869 0.946822
vt 0.358805 0.900830
vt 0.394670 0.947093
vt 0.395060 0.901096
vt 0.430904 0.948012
vt 0.431310 0.901926
vt 0.468282 0.949665
vt 0.466317 0.903127
vt 0.508807 0.948220
vt 0.497485 0.902222
vt 0.550336 0.931863
vt 0.128161 0.894177
vt 0.140714 0.948240
vt 0.099327 0.932116
vt 0.151901 0.902219
vt 0.180600 0.949606
vt 0.182556 0.903076
vt 0.217021 0.947979
vt 0.216641 0.901892
vt 0.252201 0.947083
vt 0.251825 0.901084
vt 0.287373 0.946850
vt 0.287248 0.900828
vt 0.008091 0.608657
vt 0.017723 0.559405
vt 0.017723 0.608657
vt 0.008091 0.559405
vt 0.017724 0.510169
vt 0.008091 0.510170
vt 0.017727 0.460991
vt 0.008094 0.460995
vt 0.017739 0.411884
vt 0.008109 0.411913
vt 0.017717 0.362771
vt 0.008138 0.362934
vt 0.017694 0.313452
vt 0.007949 0.903057
vt 0.017717 0.854053
vt 0.017694 0.903333
vt 0.008138 0.853890
vt 0.017739 0.805045
vt 0.008109 0.805016
vt 0.017727 0.756074
vt 0.008094 0.756071
vt 0.017724 0.707024
vt 0.008091 0.707024
vt 0.017723 0.657877
vt 0.008091 0.657877
vt 0.987603 0.301193
vt 0.919623 0.334575
vt 0.919537 0.301071
vt 0.987661 0.334511
vt 0.920116 0.367602
vt 0.988214 0.367472
vt 0.921145 0.399725
vt 0.989522 0.400914
vt 0.922107 0.429585
vt 0.990860 0.436705
vt 0.920917 0.454339
vt 0.987161 0.477017
vt 0.914726 0.470574
vt 0.966039 0.078738
vt 0.920934 0.143097
vt 0.914650 0.126773
vt 0.987095 0.120132
vt 0.922183 0.168417
vt 0.990949 0.161235
vt 0.921228 0.199433
vt 0.989611 0.198298
vt 0.920193 0.232987
vt 0.988296 0.233208
vt 0.919682 0.267148
vt 0.987737 0.267390
vt 0.396894 0.618931
vt 0.107563 0.630306
vt 0.107563 0.618931
vt 0.396894 0.630306
vt 0.107563 0.641789
vt 0.396894 0.641789
vt 0.107563 0.653575
vt 0.396894 0.653575
vt 0.107563 0.665852
vt 0.396894 0.665853
vt 0.107563 0.678788
vt 0.396894 0.678788
vt 0.107563 0.692500
vt 0.396894 0.544049
vt 0.107563 0.557857
vt 0.107563 0.544049
vt 0.396894 0.557857
vt 0.107563 0.571049
vt 0.396894 0.571049
vt 0.107563 0.583662
vt 0.396894 0.583662
vt 0.107563 0.595768
vt 0.396894 0.595768
vt 0.107563 0.607475
vt 0.396894 0.607475
vt 0.000743 0.559405
vt 0.000743 0.608657
vt 0.000743 0.510170
vt 0.000746 0.460999
vt 0.000764 0.411940
vt 0.000837 0.363124
vt 0.000501 0.315430
vt 0.000838 0.853700
vt 0.000500 0.901355
vt 0.000764 0.804989
vt 0.000746 0.756067
vt 0.000743 0.707023
vt 0.000743 0.657877
vt 0.639612 0.301344
vt 0.658455 0.320856
vt 0.613292 0.307906
vt 0.650978 0.346931
vt 0.624658 0.353493
vt 0.638697 0.353738
vt 0.605815 0.333981
vt 0.606060 0.319942
vt 0.625573 0.301099
vt 0.196631 0.786695
vt 0.214287 0.786696
vt 0.178955 0.786691
vt 0.161273 0.786671
vt 0.143634 0.786607
vt 0.126243 0.786515
vt 0.109926 0.787281
vt 0.301864 0.786501
vt 0.318135 0.787275
vt 0.284580 0.786618
vt 0.267070 0.786676
vt 0.249510 0.786692
vt 0.231915 0.786695
vt 0.556561 0.387615
vt 0.535813 0.366129
vt 0.573026 0.330193
vt 0.107826 0.779575
vt 0.363419 0.696407
vt 0.521321 0.894061
vt 0.007949 0.313728
vt 0.966413 0.518283
vt 0.396894 0.692500
vt 0.651648 0.308576
vt 0.658210 0.334895
vt 0.612623 0.346261
s 1
usemtl Chandelier02
f 2340/3455/1729 2338/3456/1730 2438/3457/1730
f 2338/3456/1730 2336/3458/1731 2334/3459/1730
f 2336/3458/1732 2335/3460/1733 2334/3459/1734
f 2334/3459/1735 2332/3461/1736 2438/3457/1737
f 2332/3461/1738 2331/3462/1739 2438/3457/1740
f 2338/3456/1741 2334/3459/1742 2438/3457/1740
f 2449/3463/1743 2340/3455/1744 2438/3457/1740
f 2330/3464/1730 2343/3465/1745 2342/3466/1729
f 2439/3467/1746 2344/3468/1730 2343/3465/1745
f 2440/3469/1730 2345/3470/1746 2344/3468/1730
f 2441/3471/1729 2346/3472/1745 2345/3470/1746
f 2442/3473/1730 2347/3474/1745 2346/3472/1745
f 2443/3475/1747 2348/3476/1748 2347/3474/1745
f 2444/3477/1746 2349/3478/1746 2348/3479/1748
f 2445/3480/1730 2350/3481/1730 2349/3478/1746
f 2446/3482/1746 2351/3483/1737 2350/3481/1730
f 2447/3484/1737 2352/3485/1745 2351/3483/1737
f 2448/3486/1745 2353/3487/1747 2352/3485/1745
f 2341/3488/1748 2342/3466/1729 2353/3487/1747
f 2342/3489/1729 2355/3490/1730 2354/3491/1737
f 2343/3492/1745 2356/3493/1731 2355/3490/1730
f 2344/3494/1730 2357/3495/1737 2356/3493/1731
f 2345/3496/1746 2358/3497/1730 2357/3495/1737
f 2346/3498/1745 2359/3499/1745 2358/3497/1730
f 2347/3500/1745 2360/3501/1746 2359/3499/1745
f 2348/3502/1748 2361/3503/1747 2360/3504/1746
f 2349/3505/1746 2362/3506/1746 2361/3503/1747
f 2350/3507/1730 2363/3508/1745 2362/3506/1746
f 2351/3509/1737 2364/3510/1731 2363/3508/1745
f 2352/3511/1745 2365/3512/1746 2364/3510/1731
f 2353/3513/1747 2354/3491/1737 2365/3512/1746
f 2354/3491/1737 2367/3514/1730 2366/3515/1729
f 2355/3490/1730 2368/3516/1730 2367/3514/1730
f 2356/3493/1731 2369/3517/1729 2368/3516/1730
f 2357/3495/1737 2370/3518/1730 2369/3517/1729
f 2358/3497/1730 2371/3519/1745 2370/3518/1730
f 2359/3499/1745 2372/3520/1748 2371/3519/1745
f 2360/3504/1746 2373/3521/1730 2372/3522/1748
f 2361/3503/1747 2374/3523/1730 2373/3521/1730
f 2362/3506/1746 2375/3524/1737 2374/3523/1730
f 2363/3508/1745 2376/3525/1731 2375/3524/1737
f 2364/3510/1731 2377/3526/1747 2376/3525/1731
f 2365/3512/1746 2366/3515/1729 2377/3526/1747
f 2366/3527/1729 2379/3528/1746 2378/3529/1746
f 2367/3530/1730 2380/3531/1747 2379/3528/1746
f 2368/3532/1730 2381/3533/1737 2380/3531/1747
f 2369/3534/1729 2382/3535/1748 2381/3533/1737
f 2370/3536/1730 2383/3537/1737 2382/3535/1748
f 2371/3538/1745 2384/3539/1731 2383/3537/1737
f 2372/3540/1748 2385/3541/1745 2384/3542/1731
f 2373/3543/1730 2386/3544/1745 2385/3541/1745
f 2374/3545/1730 2387/3546/1730 2386/3544/1745
f 2375/3547/1737 2388/3548/1730 2387/3546/1730
f 2376/3549/1731 2389/3550/1748 2388/3548/1730
f 2377/3551/1747 2378/3529/1746 2389/3550/1748
f 2426/3552/1745 2391/3553/1730 2390/3554/1737
f 2427/3555/1730 2392/3556/1730 2391/3553/1730
f 2428/3557/1745 2393/3558/1745 2392/3556/1730
f 2429/3559/1729 2394/3560/1731 2393/3558/1745
f 2430/3561/1745 2395/3562/1746 2394/3560/1731
f 2431/3563/1748 2396/3564/1745 2395/3562/1746
f 2432/3565/1737 2397/3566/1730 2396/3567/1745
f 2433/3568/1745 2398/3569/1745 2397/3566/1730
f 2434/3570/1747 2399/3571/1737 2398/3569/1745
f 2435/3572/1737 2400/3573/1730 2399/3571/1737
f 2436/3574/1730 2401/3575/1749 2400/3573/1730
f 2437/3576/1747 2390/3554/1737 2401/3575/1749
f 2390/3577/1737 2403/3578/1748 2402/3579/1730
f 2391/3580/1730 2404/3581/1730 2403/3578/1748
f 2392/3582/1730 2405/3583/1735 2404/3581/1730
f 2393/3584/1745 2406/3585/1748 2405/3583/1735
f 2394/3586/1731 2407/3587/1750 2406/3585/1748
f 2395/3588/1746 2408/3589/1747 2407/3587/1750
f 2396/3590/1745 2409/3591/1730 2408/3592/1747
f 2397/3593/1730 2410/3594/1746 2409/3591/1730
f 2398/3595/1745 2411/3596/1751 2410/3594/1746
f 2399/3597/1737 2412/3598/1730 2411/3596/1751
f 2400/3599/1730 2413/3600/1745 2412/3598/1730
f 2401/3601/1749 2402/3579/1730 2413/3600/1745
f 2402/3602/1730 2415/3603/1730 2414/3604/1730
f 2403/3605/1748 2416/3606/1747 2415/3603/1730
f 2404/3607/1730 2417/3608/1730 2416/3606/1747
f 2405/3609/1735 2418/3610/1729 2417/3608/1730
f 2406/3611/1748 2419/3612/1746 2418/3610/1729
f 2407/3613/1750 2420/3614/1735 2419/3612/1746
f 2408/3615/1747 2421/3616/1730 2420/3617/1735
f 2409/3618/1730 2422/3619/1748 2421/3616/1730
f 2410/3620/1746 2423/3621/1746 2422/3619/1748
f 2411/3622/1751 2424/3623/1746 2423/3621/1746
f 2412/3624/1730 2425/3625/1752 2424/3623/1746
f 2413/3626/1745 2414/3604/1730 2425/3625/1752
f 2379/3627/1746 2426/3552/1745 2378/3628/1746
f 2380/3629/1747 2427/3555/1730 2379/3627/1746
f 2381/3630/1737 2428/3557/1745 2380/3629/1747
f 2382/3631/1748 2429/3559/1729 2381/3630/1737
f 2383/3632/1737 2430/3561/1745 2382/3631/1748
f 2384/3633/1731 2431/3563/1748 2383/3632/1737
f 2385/3634/1745 2432/3565/1737 2384/3635/1731
f 2386/3636/1745 2433/3568/1745 2385/3634/1745
f 2387/3637/1730 2434/3570/1747 2386/3636/1745
f 2388/3638/1730 2435/3572/1737 2387/3637/1730
f 2389/3639/1748 2436/3574/1730 2388/3638/1730
f 2378/3628/1746 2437/3576/1747 2389/3639/1748
f 2416/3640/1747 2418/3641/1729 2414/3642/1737
f 2418/3641/1729 2420/3643/1735 2422/3644/1737
f 2420/3643/1753 2421/3645/1753 2422/3644/1753
f 2422/3644/1748 2424/3646/1746 2414/3642/1730
f 2424/3646/1753 2425/3647/1753 2414/3642/1753
f 2418/3641/1753 2422/3644/1753 2414/3642/1753
f 2415/3648/1753 2416/3640/1753 2414/3642/1753
f 2331/3649/1730 2330/3464/1730 2438/3650/1730
f 2332/3651/1736 2439/3467/1746 2331/3649/1730
f 2333/3652/1729 2440/3469/1730 2332/3651/1736
f 2334/3653/1735 2441/3471/1729 2333/3652/1729
f 2335/3654/1748 2442/3473/1730 2334/3653/1735
f 2336/3655/1731 2443/3475/1747 2335/3654/1748
f 2337/3656/1748 2444/3477/1746 2336/3657/1731
f 2338/3658/1730 2445/3480/1730 2337/3656/1748
f 2339/3659/1748 2446/3482/1746 2338/3658/1730
f 2340/3660/1729 2447/3484/1737 2339/3659/1748
f 2449/3661/1747 2448/3486/1745 2340/3660/1729
f 2438/3650/1730 2341/3488/1748 2449/3661/1747
f 2340/3455/1729 2339/3662/1748 2338/3456/1730
f 2338/3456/1730 2337/3663/1748 2336/3458/1731
f 2334/3459/1735 2333/3664/1729 2332/3461/1736
f 2330/3464/1730 2439/3467/1746 2343/3465/1745
f 2439/3467/1746 2440/3469/1730 2344/3468/1730
f 2440/3469/1730 2441/3471/1729 2345/3470/1746
f 2441/3471/1729 2442/3473/1730 2346/3472/1745
f 2442/3473/1730 2443/3475/1747 2347/3474/1745
f 2443/3475/1747 2444/3665/1746 2348/3476/1748
f 2444/3477/1746 2445/3480/1730 2349/3478/1746
f 2445/3480/1730 2446/3482/1746 2350/3481/1730
f 2446/3482/1746 2447/3484/1737 2351/3483/1737
f 2447/3484/1737 2448/3486/1745 2352/3485/1745
f 2448/3486/1745 2341/3488/1748 2353/3487/1747
f 2341/3488/1748 2330/3464/1730 2342/3466/1729
f 2342/3489/1729 2343/3492/1745 2355/3490/1730
f 2343/3492/1745 2344/3494/1730 2356/3493/1731
f 2344/3494/1730 2345/3496/1746 2357/3495/1737
f 2345/3496/1746 2346/3498/1745 2358/3497/1730
f 2346/3498/1745 2347/3500/1745 2359/3499/1745
f 2347/3500/1745 2348/3666/1748 2360/3501/1746
f 2348/3502/1748 2349/3505/1746 2361/3503/1747
f 2349/3505/1746 2350/3507/1730 2362/3506/1746
f 2350/3507/1730 2351/3509/1737 2363/3508/1745
f 2351/3509/1737 2352/3511/1745 2364/3510/1731
f 2352/3511/1745 2353/3513/1747 2365/3512/1746
f 2353/3513/1747 2342/3489/1729 2354/3491/1737
f 2354/3491/1737 2355/3490/1730 2367/3514/1730
f 2355/3490/1730 2356/3493/1731 2368/3516/1730
f 2356/3493/1731 2357/3495/1737 2369/3517/1729
f 2357/3495/1737 2358/3497/1730 2370/3518/1730
f 2358/3497/1730 2359/3499/1745 2371/3519/1745
f 2359/3499/1745 2360/3501/1746 2372/3520/1748
f 2360/3504/1746 2361/3503/1747 2373/3521/1730
f 2361/3503/1747 2362/3506/1746 2374/3523/1730
f 2362/3506/1746 2363/3508/1745 2375/3524/1737
f 2363/3508/1745 2364/3510/1731 2376/3525/1731
f 2364/3510/1731 2365/3512/1746 2377/3526/1747
f 2365/3512/1746 2354/3491/1737 2366/3515/1729
f 2366/3527/1729 2367/3530/1730 2379/3528/1746
f 2367/3530/1730 2368/3532/1730 2380/3531/1747
f 2368/3532/1730 2369/3534/1729 2381/3533/1737
f 2369/3534/1729 2370/3536/1730 2382/3535/1748
f 2370/3536/1730 2371/3538/1745 2383/3537/1737
f 2371/3538/1745 2372/3667/1748 2384/3539/1731
f 2372/3540/1748 2373/3543/1730 2385/3541/1745
f 2373/3543/1730 2374/3545/1730 2386/3544/1745
f 2374/3545/1730 2375/3547/1737 2387/3546/1730
f 2375/3547/1737 2376/3549/1731 2388/3548/1730
f 2376/3549/1731 2377/3551/1747 2389/3550/1748
f 2377/3551/1747 2366/3527/1729 2378/3529/1746
f 2426/3552/1745 2427/3555/1730 2391/3553/1730
f 2427/3555/1730 2428/3557/1745 2392/3556/1730
f 2428/3557/1745 2429/3559/1729 2393/3558/1745
f 2429/3559/1729 2430/3561/1745 2394/3560/1731
f 2430/3561/1745 2431/3563/1748 2395/3562/1746
f 2431/3563/1748 2432/3668/1737 2396/3564/1745
f 2432/3565/1737 2433/3568/1745 2397/3566/1730
f 2433/3568/1745 2434/3570/1747 2398/3569/1745
f 2434/3570/1747 2435/3572/1737 2399/3571/1737
f 2435/3572/1737 2436/3574/1730 2400/3573/1730
f 2436/3574/1730 2437/3576/1747 2401/3575/1749
f 2437/3576/1747 2426/3552/1745 2390/3554/1737
f 2390/3577/1737 2391/3580/1730 2403/3578/1748
f 2391/3580/1730 2392/3582/1730 2404/3581/1730
f 2392/3582/1730 2393/3584/1745 2405/3583/1735
f 2393/3584/1745 2394/3586/1731 2406/3585/1748
f 2394/3586/1731 2395/3588/1746 2407/3587/1750
f 2395/3588/1746 2396/3669/1745 2408/3589/1747
f 2396/3590/1745 2397/3593/1730 2409/3591/1730
f 2397/3593/1730 2398/3595/1745 2410/3594/1746
f 2398/3595/1745 2399/3597/1737 2411/3596/1751
f 2399/3597/1737 2400/3599/1730 2412/3598/1730
f 2400/3599/1730 2401/3601/1749 2413/3600/1745
f 2401/3601/1749 2390/3577/1737 2402/3579/1730
f 2402/3602/1730 2403/3605/1748 2415/3603/1730
f 2403/3605/1748 2404/3607/1730 2416/3606/1747
f 2404/3607/1730 2405/3609/1735 2417/3608/1730
f 2405/3609/1735 2406/3611/1748 2418/3610/1729
f 2406/3611/1748 2407/3613/1750 2419/3612/1746
f 2407/3613/1750 2408/3670/1747 2420/3614/1735
f 2408/3615/1747 2409/3618/1730 2421/3616/1730
f 2409/3618/1730 2410/3620/1746 2422/3619/1748
f 2410/3620/1746 2411/3622/1751 2423/3621/1746
f 2411/3622/1751 2412/3624/1730 2424/3623/1746
f 2412/3624/1730 2413/3626/1745 2425/3625/1752
f 2413/3626/1745 2402/3602/1730 2414/3604/1730
f 2379/3627/1746 2427/3555/1730 2426/3552/1745
f 2380/3629/1747 2428/3557/1745 2427/3555/1730
f 2381/3630/1737 2429/3559/1729 2428/3557/1745
f 2382/3631/1748 2430/3561/1745 2429/3559/1729
f 2383/3632/1737 2431/3563/1748 2430/3561/1745
f 2384/3633/1731 2432/3668/1737 2431/3563/1748
f 2385/3634/1745 2433/3568/1745 2432/3565/1737
f 2386/3636/1745 2434/3570/1747 2433/3568/1745
f 2387/3637/1730 2435/3572/1737 2434/3570/1747
f 2388/3638/1730 2436/3574/1730 2435/3572/1737
f 2389/3639/1748 2437/3576/1747 2436/3574/1730
f 2378/3628/1746 2426/3552/1745 2437/3576/1747
f 2416/3640/1747 2417/3671/1730 2418/3641/1729
f 2418/3641/1729 2419/3672/1746 2420/3643/1735
f 2422/3644/1748 2423/3673/1746 2424/3646/1746
f 2331/3649/1730 2439/3467/1746 2330/3464/1730
f 2332/3651/1736 2440/3469/1730 2439/3467/1746
f 2333/3652/1729 2441/3471/1729 2440/3469/1730
f 2334/3653/1735 2442/3473/1730 2441/3471/1729
f 2335/3654/1748 2443/3475/1747 2442/3473/1730
f 2336/3655/1731 2444/3665/1746 2443/3475/1747
f 2337/3656/1748 2445/3480/1730 2444/3477/1746
f 2338/3658/1730 2446/3482/1746 2445/3480/1730
f 2339/3659/1748 2447/3484/1737 2446/3482/1746
f 2340/3660/1729 2448/3486/1745 2447/3484/1737
f 2449/3661/1747 2341/3488/1748 2448/3486/1745
f 2438/3650/1730 2330/3464/1730 2341/3488/1748
o ChandelierArmB007
v 9.595276 8.286623 16.619509
v 9.826815 8.136623 16.175837
v 9.939984 8.136623 15.753482
v 9.826815 8.136623 15.331127
v 9.517631 8.136623 15.021943
v 9.095276 8.136623 14.908773
v 8.672922 8.136623 15.021943
v 8.363737 8.136623 15.331127
v 8.250567 8.136623 15.753482
v 8.363736 8.136623 16.175837
v 8.672921 8.136623 16.485022
v 9.095275 8.286623 16.753483
v 9.595276 8.761567 16.619509
v 9.961301 8.761567 16.253483
v 10.095276 8.761567 15.753482
v 9.961301 8.761567 15.253482
v 9.595276 8.761567 14.887457
v 9.095276 8.761567 14.753482
v 8.595276 8.761567 14.887456
v 8.229251 8.761567 15.253482
v 8.095276 8.761567 15.753482
v 8.229250 8.761567 16.253483
v 8.595275 8.761567 16.619509
v 9.095275 8.761567 16.753483
v 9.706538 8.761567 16.812222
v 10.154014 8.761567 16.364746
v 10.317801 8.761567 15.753482
v 10.154014 8.761567 15.142219
v 9.706538 8.761567 14.694744
v 9.095276 8.761567 14.530957
v 8.484014 8.761567 14.694744
v 8.036538 8.761567 15.142219
v 7.872751 8.761567 15.753481
v 8.036538 8.761567 16.364744
v 8.484013 8.761567 16.812220
v 9.095275 8.761567 16.976007
v 9.706538 9.015313 16.812222
v 10.154014 9.015313 16.364746
v 10.317801 9.015313 15.753482
v 10.154014 9.015313 15.142219
v 9.706538 9.015313 14.694744
v 9.095276 9.015313 14.530957
v 8.484014 9.015313 14.694744
v 8.036538 9.015313 15.142219
v 7.872751 9.015313 15.753481
v 8.036538 9.015313 16.364744
v 8.484013 9.015313 16.812220
v 9.095275 9.015313 16.976007
v 10.376698 9.015312 17.972971
v 11.314764 9.015313 17.034904
v 11.658120 9.015313 15.753482
v 11.314764 9.015313 14.472060
v 10.376698 9.015313 13.533994
v 9.095276 9.015313 13.190638
v 7.813854 9.015312 13.533994
v 6.875788 9.015312 14.472059
v 6.532432 9.015312 15.753481
v 6.875788 9.015312 17.034903
v 7.813853 9.015312 17.972969
v 9.095274 9.015312 18.316326
v 10.451698 9.438701 18.102875
v 11.444668 9.438702 17.109905
v 11.808120 9.438701 15.753482
v 11.444668 9.438702 14.397059
v 10.451698 9.438701 13.404090
v 9.095276 9.438702 13.040638
v 7.738854 9.438701 13.404090
v 6.745884 9.438701 14.397059
v 6.382432 9.438701 15.753481
v 6.745883 9.438701 17.109903
v 7.738853 9.438701 18.102873
v 9.095274 9.438701 18.466328
v 9.478852 9.051664 16.417858
v 9.759650 9.051664 16.137060
v 9.862430 9.051664 15.753482
v 9.759650 9.051664 15.369905
v 9.478852 9.051664 15.089108
v 9.095276 9.051664 14.986328
v 8.711699 9.051664 15.089108
v 8.430902 9.051664 15.369905
v 8.328122 9.051664 15.753482
v 8.430901 9.051664 16.137060
v 8.711699 9.051664 16.417858
v 9.095275 9.051664 16.520638
v 9.478852 17.187206 16.417856
v 9.759650 17.187206 16.137058
v 9.862429 17.187206 15.753482
v 9.759650 17.187206 15.369905
v 9.478852 17.187206 15.089108
v 9.095276 17.187206 14.986328
v 8.711699 17.187206 15.089108
v 8.430901 17.187206 15.369905
v 8.328121 17.187206 15.753482
v 8.430901 17.187206 16.137058
v 8.711699 17.187206 16.417856
v 9.095275 17.187206 16.520636
v 10.451697 9.165313 18.102875
v 11.444668 9.165313 17.109905
v 11.808121 9.165313 15.753482
v 11.444668 9.165313 14.397059
v 10.451698 9.165313 13.404090
v 9.095276 9.165313 13.040638
v 7.738854 9.165313 13.404090
v 6.745884 9.165313 14.397059
v 6.382432 9.165313 15.753481
v 6.745883 9.165312 17.109903
v 7.738853 9.165313 18.102873
v 9.095274 9.165313 18.466328
v 9.517631 8.136623 16.485022
v 9.961301 8.286623 16.253483
v 10.095276 8.286624 15.753482
v 9.961302 8.286624 15.253482
v 9.595276 8.286624 14.887456
v 9.095276 8.286623 14.753482
v 8.595276 8.286623 14.887456
v 8.229251 8.286623 15.253482
v 8.095276 8.286623 15.753482
v 8.229250 8.286623 16.253483
v 8.595275 8.286623 16.619509
v 9.095275 8.136623 16.598192
vn -0.0000 0.0002 -1.0000
vn -0.0000 -0.0000 -1.0000
vn 0.0001 -0.0000 -1.0000
vn -0.0001 -0.0001 -1.0000
vn -0.4257 -0.9049 -0.0000
vn -0.3687 -0.9049 -0.2128
vn -0.2129 -0.9049 -0.3687
vn -0.0000 -0.0001 -1.0000
vn 0.2129 -0.9049 -0.3687
vn 0.3687 -0.9049 -0.2129
vn 0.4257 -0.9049 -0.0000
vn -0.2128 -0.9049 0.3687
vn 0.3687 -0.9049 0.2128
vn 0.2129 -0.9049 0.3687
vn -0.0000 0.0001 -1.0000
vn 0.0001 0.0001 -1.0000
vn -0.0001 0.0001 -1.0000
vn -0.0001 -0.0000 -1.0000
vn 0.0001 -0.0001 -1.0000
vn -0.0000 -0.0002 -1.0000
vn -0.0002 0.0001 -1.0000
vn -0.0002 -0.0003 -1.0000
vn -0.0000 1.0000 -0.0000
vt 0.572019 0.387884
vt 0.543308 0.379652
vt 0.593504 0.367137
vt 0.536083 0.350671
vt 0.557568 0.329923
vt 0.544046 0.337419
vt 0.586278 0.338156
vt 0.593774 0.351678
vt 0.585541 0.380389
vt 0.214287 0.779184
vt 0.196632 0.762356
vt 0.214287 0.762358
vt 0.196632 0.779183
vt 0.178960 0.762352
vt 0.178957 0.779179
vt 0.161267 0.762326
vt 0.161273 0.779156
vt 0.143519 0.762292
vt 0.143600 0.779105
vt 0.125680 0.762415
vt 0.125877 0.779106
vt 0.107563 0.762464
vt 0.320234 0.779563
vt 0.302392 0.762381
vt 0.320492 0.762446
vt 0.302233 0.779081
vt 0.284660 0.762322
vt 0.284617 0.779127
vt 0.267074 0.762336
vt 0.267069 0.779164
vt 0.249506 0.762353
vt 0.249508 0.779180
vt 0.231913 0.762358
vt 0.231914 0.779184
vt 0.237253 0.697451
vt 0.258699 0.705096
vt 0.237253 0.705095
vt 0.258700 0.697452
vt 0.280151 0.705106
vt 0.280154 0.697459
vt 0.301590 0.705132
vt 0.301594 0.697484
vt 0.323012 0.705215
vt 0.322963 0.697585
vt 0.344454 0.705455
vt 0.343948 0.697817
vt 0.366384 0.704031
vt 0.111302 0.696422
vt 0.130270 0.705450
vt 0.108343 0.704048
vt 0.130772 0.697812
vt 0.151689 0.705213
vt 0.151738 0.697583
vt 0.173060 0.705131
vt 0.173056 0.697483
vt 0.194433 0.705104
vt 0.194430 0.697458
vt 0.215829 0.705097
vt 0.215829 0.697453
vt 0.258698 0.714119
vt 0.237254 0.714118
vt 0.280151 0.714133
vt 0.301601 0.714161
vt 0.323077 0.714226
vt 0.344892 0.714390
vt 0.367172 0.713213
vt 0.129836 0.714385
vt 0.107563 0.713231
vt 0.151624 0.714224
vt 0.173049 0.714160
vt 0.194432 0.714130
vt 0.215830 0.714122
vt 0.322870 0.900787
vt 0.358674 0.946852
vt 0.322869 0.946822
vt 0.358805 0.900830
vt 0.394670 0.947093
vt 0.395060 0.901096
vt 0.430904 0.948012
vt 0.431310 0.901926
vt 0.468282 0.949665
vt 0.466317 0.903127
vt 0.508807 0.948220
vt 0.497485 0.902222
vt 0.550336 0.931863
vt 0.128161 0.894177
vt 0.140714 0.948240
vt 0.099327 0.932116
vt 0.151901 0.902219
vt 0.180600 0.949606
vt 0.182556 0.903076
vt 0.217021 0.947979
vt 0.216641 0.901892
vt 0.252201 0.947083
vt 0.251825 0.901084
vt 0.287373 0.946850
vt 0.287248 0.900828
vt 0.008091 0.608657
vt 0.017723 0.559405
vt 0.017723 0.608657
vt 0.008091 0.559405
vt 0.017724 0.510169
vt 0.008091 0.510170
vt 0.017727 0.460991
vt 0.008094 0.460995
vt 0.017739 0.411884
vt 0.008109 0.411913
vt 0.017717 0.362771
vt 0.008138 0.362934
vt 0.017694 0.313452
vt 0.007949 0.903057
vt 0.017717 0.854053
vt 0.017694 0.903333
vt 0.008138 0.853890
vt 0.017739 0.805045
vt 0.008109 0.805016
vt 0.017727 0.756074
vt 0.008094 0.756071
vt 0.017724 0.707024
vt 0.008091 0.707024
vt 0.017723 0.657877
vt 0.008091 0.657877
vt 0.987603 0.301193
vt 0.919623 0.334575
vt 0.919537 0.301071
vt 0.987661 0.334511
vt 0.920116 0.367602
vt 0.988214 0.367472
vt 0.921145 0.399725
vt 0.989522 0.400914
vt 0.922107 0.429585
vt 0.990860 0.436705
vt 0.920917 0.454339
vt 0.987161 0.477017
vt 0.914726 0.470574
vt 0.966039 0.078738
vt 0.920934 0.143097
vt 0.914650 0.126773
vt 0.987095 0.120132
vt 0.922183 0.168417
vt 0.990949 0.161235
vt 0.921228 0.199433
vt 0.989611 0.198298
vt 0.920193 0.232987
vt 0.988296 0.233208
vt 0.919682 0.267148
vt 0.987737 0.267390
vt 0.396894 0.618931
vt 0.107563 0.630306
vt 0.107563 0.618931
vt 0.396894 0.630306
vt 0.107563 0.641789
vt 0.396894 0.641789
vt 0.107563 0.653575
vt 0.396894 0.653575
vt 0.107563 0.665852
vt 0.396894 0.665853
vt 0.107563 0.678788
vt 0.396894 0.678788
vt 0.107563 0.692500
vt 0.396894 0.544049
vt 0.107563 0.557857
vt 0.107563 0.544049
vt 0.396894 0.557857
vt 0.107563 0.571049
vt 0.396894 0.571049
vt 0.107563 0.583662
vt 0.396894 0.583662
vt 0.107563 0.595768
vt 0.396894 0.595768
vt 0.107563 0.607475
vt 0.396894 0.607475
vt 0.000743 0.559405
vt 0.000743 0.608657
vt 0.000743 0.510170
vt 0.000746 0.460999
vt 0.000764 0.411940
vt 0.000837 0.363124
vt 0.000501 0.315430
vt 0.000838 0.853700
vt 0.000500 0.901355
vt 0.000764 0.804989
vt 0.000746 0.756067
vt 0.000743 0.707023
vt 0.000743 0.657877
vt 0.639612 0.301344
vt 0.658455 0.320856
vt 0.613292 0.307906
vt 0.650978 0.346931
vt 0.624658 0.353493
vt 0.638697 0.353738
vt 0.605815 0.333981
vt 0.606060 0.319942
vt 0.625573 0.301099
vt 0.196631 0.786695
vt 0.214287 0.786696
vt 0.178955 0.786691
vt 0.161273 0.786671
vt 0.143634 0.786607
vt 0.126243 0.786515
vt 0.109926 0.787281
vt 0.301864 0.786501
vt 0.318135 0.787275
vt 0.284580 0.786618
vt 0.267070 0.786676
vt 0.249510 0.786692
vt 0.231915 0.786695
vt 0.556561 0.387615
vt 0.535813 0.366129
vt 0.573026 0.330193
vt 0.107826 0.779575
vt 0.363419 0.696407
vt 0.521321 0.894061
vt 0.007949 0.313728
vt 0.966413 0.518283
vt 0.396894 0.692500
vt 0.651648 0.308576
vt 0.658210 0.334895
vt 0.612623 0.346261
s 1
usemtl Chandelier02
f 2460/3674/1754 2458/3675/1755 2558/3676/1756
f 2458/3675/1755 2456/3677/1757 2454/3678/1756
f 2456/3677/1758 2455/3679/1759 2454/3678/1760
f 2454/3678/1761 2452/3680/1755 2558/3676/1755
f 2452/3680/1762 2451/3681/1763 2558/3676/1764
f 2458/3675/1765 2454/3678/1760 2558/3676/1764
f 2569/3682/1766 2460/3674/1767 2558/3676/1764
f 2450/3683/1768 2463/3684/1768 2462/3685/1769
f 2559/3686/1770 2464/3687/1761 2463/3684/1768
f 2560/3688/1755 2465/3689/1761 2464/3687/1761
f 2561/3690/1769 2466/3691/1756 2465/3689/1761
f 2562/3692/1768 2467/3693/1768 2466/3691/1756
f 2563/3694/1755 2468/3695/1755 2467/3693/1768
f 2564/3696/1768 2469/3697/1771 2468/3698/1755
f 2565/3699/1771 2470/3700/1761 2469/3697/1771
f 2566/3701/1761 2471/3702/1769 2470/3700/1761
f 2567/3703/1756 2472/3704/1755 2471/3702/1769
f 2568/3705/1755 2473/3706/1761 2472/3704/1755
f 2461/3707/1768 2462/3685/1769 2473/3706/1761
f 2462/3708/1769 2475/3709/1771 2474/3710/1756
f 2463/3711/1768 2476/3712/1755 2475/3709/1771
f 2464/3713/1761 2477/3714/1761 2476/3712/1755
f 2465/3715/1761 2478/3716/1768 2477/3714/1761
f 2466/3717/1756 2479/3718/1769 2478/3716/1768
f 2467/3719/1768 2480/3720/1768 2479/3718/1769
f 2468/3721/1755 2481/3722/1761 2480/3723/1768
f 2469/3724/1771 2482/3725/1772 2481/3722/1761
f 2470/3726/1761 2483/3727/1768 2482/3725/1772
f 2471/3728/1769 2484/3729/1761 2483/3727/1768
f 2472/3730/1755 2485/3731/1755 2484/3729/1761
f 2473/3732/1761 2474/3710/1756 2485/3731/1755
f 2474/3710/1756 2487/3733/1770 2486/3734/1769
f 2475/3709/1771 2488/3735/1755 2487/3733/1770
f 2476/3712/1755 2489/3736/1761 2488/3735/1755
f 2477/3714/1761 2490/3737/1756 2489/3736/1761
f 2478/3716/1768 2491/3738/1755 2490/3737/1756
f 2479/3718/1769 2492/3739/1755 2491/3738/1755
f 2480/3723/1768 2493/3740/1771 2492/3741/1755
f 2481/3722/1761 2494/3742/1772 2493/3740/1771
f 2482/3725/1772 2495/3743/1769 2494/3742/1772
f 2483/3727/1768 2496/3744/1755 2495/3743/1769
f 2484/3729/1761 2497/3745/1755 2496/3744/1755
f 2485/3731/1755 2486/3734/1769 2497/3745/1755
f 2486/3746/1769 2499/3747/1771 2498/3748/1768
f 2487/3749/1770 2500/3750/1756 2499/3747/1771
f 2488/3751/1755 2501/3752/1771 2500/3750/1756
f 2489/3753/1761 2502/3754/1772 2501/3752/1771
f 2490/3755/1756 2503/3756/1761 2502/3754/1772
f 2491/3757/1755 2504/3758/1761 2503/3756/1761
f 2492/3759/1755 2505/3760/1755 2504/3761/1761
f 2493/3762/1771 2506/3763/1755 2505/3760/1755
f 2494/3764/1772 2507/3765/1755 2506/3763/1755
f 2495/3766/1769 2508/3767/1768 2507/3765/1755
f 2496/3768/1755 2509/3769/1769 2508/3767/1768
f 2497/3770/1755 2498/3748/1768 2509/3769/1769
f 2546/3771/1756 2511/3772/1761 2510/3773/1755
f 2547/3774/1770 2512/3775/1772 2511/3772/1761
f 2548/3776/1761 2513/3777/1768 2512/3775/1772
f 2549/3778/1756 2514/3779/1761 2513/3777/1768
f 2550/3780/1771 2515/3781/1755 2514/3779/1761
f 2551/3782/1761 2516/3783/1761 2515/3781/1755
f 2552/3784/1769 2517/3785/1771 2516/3786/1761
f 2553/3787/1771 2518/3788/1755 2517/3785/1771
f 2554/3789/1755 2519/3790/1773 2518/3788/1755
f 2555/3791/1769 2520/3792/1769 2519/3790/1773
f 2556/3793/1761 2521/3794/1769 2520/3792/1769
f 2557/3795/1755 2510/3773/1755 2521/3794/1769
f 2510/3796/1755 2523/3797/1757 2522/3798/1755
f 2511/3799/1761 2524/3800/1756 2523/3797/1757
f 2512/3801/1772 2525/3802/1754 2524/3800/1756
f 2513/3803/1768 2526/3804/1769 2525/3802/1754
f 2514/3805/1761 2527/3806/1755 2526/3804/1769
f 2515/3807/1755 2528/3808/1768 2527/3806/1755
f 2516/3809/1761 2529/3810/1774 2528/3811/1768
f 2517/3812/1771 2530/3813/1755 2529/3810/1774
f 2518/3814/1755 2531/3815/1761 2530/3813/1755
f 2519/3816/1773 2532/3817/1755 2531/3815/1761
f 2520/3818/1769 2533/3819/1756 2532/3817/1755
f 2521/3820/1769 2522/3798/1755 2533/3819/1756
f 2522/3821/1755 2535/3822/1775 2534/3823/1773
f 2523/3824/1757 2536/3825/1772 2535/3822/1775
f 2524/3826/1756 2537/3827/1768 2536/3825/1772
f 2525/3828/1754 2538/3829/1755 2537/3827/1768
f 2526/3830/1769 2539/3831/1772 2538/3829/1755
f 2527/3832/1755 2540/3833/1755 2539/3831/1772
f 2528/3834/1768 2541/3835/1755 2540/3836/1755
f 2529/3837/1774 2542/3838/1756 2541/3835/1755
f 2530/3839/1755 2543/3840/1755 2542/3838/1756
f 2531/3841/1761 2544/3842/1770 2543/3840/1755
f 2532/3843/1755 2545/3844/1755 2544/3842/1770
f 2533/3845/1756 2534/3823/1773 2545/3844/1755
f 2499/3846/1771 2546/3771/1756 2498/3847/1768
f 2500/3848/1756 2547/3774/1770 2499/3846/1771
f 2501/3849/1771 2548/3776/1761 2500/3848/1756
f 2502/3850/1772 2549/3778/1756 2501/3849/1771
f 2503/3851/1761 2550/3780/1771 2502/3850/1772
f 2504/3852/1761 2551/3782/1761 2503/3851/1761
f 2505/3853/1755 2552/3784/1769 2504/3854/1761
f 2506/3855/1755 2553/3787/1771 2505/3853/1755
f 2507/3856/1755 2554/3789/1755 2506/3855/1755
f 2508/3857/1768 2555/3791/1769 2507/3856/1755
f 2509/3858/1769 2556/3793/1761 2508/3857/1768
f 2498/3847/1768 2557/3795/1755 2509/3858/1769
f 2536/3859/1772 2538/3860/1755 2534/3861/1755
f 2538/3860/1755 2540/3862/1755 2542/3863/1755
f 2540/3862/1776 2541/3864/1776 2542/3863/1776
f 2542/3863/1756 2544/3865/1770 2534/3861/1756
f 2544/3865/1776 2545/3866/1776 2534/3861/1776
f 2538/3860/1776 2542/3863/1776 2534/3861/1776
f 2535/3867/1776 2536/3859/1776 2534/3861/1776
f 2451/3868/1768 2450/3683/1768 2558/3869/1755
f 2452/3870/1755 2559/3686/1770 2451/3868/1768
f 2453/3871/1757 2560/3688/1755 2452/3870/1755
f 2454/3872/1761 2561/3690/1769 2453/3871/1757
f 2455/3873/1768 2562/3692/1768 2454/3872/1761
f 2456/3874/1757 2563/3694/1755 2455/3873/1768
f 2457/3875/1756 2564/3696/1768 2456/3876/1757
f 2458/3877/1755 2565/3699/1771 2457/3875/1756
f 2459/3878/1768 2566/3701/1761 2458/3877/1755
f 2460/3879/1754 2567/3703/1756 2459/3878/1768
f 2569/3880/1761 2568/3705/1755 2460/3879/1754
f 2558/3869/1755 2461/3707/1768 2569/3880/1761
f 2460/3674/1754 2459/3881/1768 2458/3675/1755
f 2458/3675/1755 2457/3882/1756 2456/3677/1757
f 2454/3678/1761 2453/3883/1757 2452/3680/1755
f 2450/3683/1768 2559/3686/1770 2463/3684/1768
f 2559/3686/1770 2560/3688/1755 2464/3687/1761
f 2560/3688/1755 2561/3690/1769 2465/3689/1761
f 2561/3690/1769 2562/3692/1768 2466/3691/1756
f 2562/3692/1768 2563/3694/1755 2467/3693/1768
f 2563/3694/1755 2564/3884/1768 2468/3695/1755
f 2564/3696/1768 2565/3699/1771 2469/3697/1771
f 2565/3699/1771 2566/3701/1761 2470/3700/1761
f 2566/3701/1761 2567/3703/1756 2471/3702/1769
f 2567/3703/1756 2568/3705/1755 2472/3704/1755
f 2568/3705/1755 2461/3707/1768 2473/3706/1761
f 2461/3707/1768 2450/3683/1768 2462/3685/1769
f 2462/3708/1769 2463/3711/1768 2475/3709/1771
f 2463/3711/1768 2464/3713/1761 2476/3712/1755
f 2464/3713/1761 2465/3715/1761 2477/3714/1761
f 2465/3715/1761 2466/3717/1756 2478/3716/1768
f 2466/3717/1756 2467/3719/1768 2479/3718/1769
f 2467/3719/1768 2468/3885/1755 2480/3720/1768
f 2468/3721/1755 2469/3724/1771 2481/3722/1761
f 2469/3724/1771 2470/3726/1761 2482/3725/1772
f 2470/3726/1761 2471/3728/1769 2483/3727/1768
f 2471/3728/1769 2472/3730/1755 2484/3729/1761
f 2472/3730/1755 2473/3732/1761 2485/3731/1755
f 2473/3732/1761 2462/3708/1769 2474/3710/1756
f 2474/3710/1756 2475/3709/1771 2487/3733/1770
f 2475/3709/1771 2476/3712/1755 2488/3735/1755
f 2476/3712/1755 2477/3714/1761 2489/3736/1761
f 2477/3714/1761 2478/3716/1768 2490/3737/1756
f 2478/3716/1768 2479/3718/1769 2491/3738/1755
f 2479/3718/1769 2480/3720/1768 2492/3739/1755
f 2480/3723/1768 2481/3722/1761 2493/3740/1771
f 2481/3722/1761 2482/3725/1772 2494/3742/1772
f 2482/3725/1772 2483/3727/1768 2495/3743/1769
f 2483/3727/1768 2484/3729/1761 2496/3744/1755
f 2484/3729/1761 2485/3731/1755 2497/3745/1755
f 2485/3731/1755 2474/3710/1756 2486/3734/1769
f 2486/3746/1769 2487/3749/1770 2499/3747/1771
f 2487/3749/1770 2488/3751/1755 2500/3750/1756
f 2488/3751/1755 2489/3753/1761 2501/3752/1771
f 2489/3753/1761 2490/3755/1756 2502/3754/1772
f 2490/3755/1756 2491/3757/1755 2503/3756/1761
f 2491/3757/1755 2492/3886/1755 2504/3758/1761
f 2492/3759/1755 2493/3762/1771 2505/3760/1755
f 2493/3762/1771 2494/3764/1772 2506/3763/1755
f 2494/3764/1772 2495/3766/1769 2507/3765/1755
f 2495/3766/1769 2496/3768/1755 2508/3767/1768
f 2496/3768/1755 2497/3770/1755 2509/3769/1769
f 2497/3770/1755 2486/3746/1769 2498/3748/1768
f 2546/3771/1756 2547/3774/1770 2511/3772/1761
f 2547/3774/1770 2548/3776/1761 2512/3775/1772
f 2548/3776/1761 2549/3778/1756 2513/3777/1768
f 2549/3778/1756 2550/3780/1771 2514/3779/1761
f 2550/3780/1771 2551/3782/1761 2515/3781/1755
f 2551/3782/1761 2552/3887/1769 2516/3783/1761
f 2552/3784/1769 2553/3787/1771 2517/3785/1771
f 2553/3787/1771 2554/3789/1755 2518/3788/1755
f 2554/3789/1755 2555/3791/1769 2519/3790/1773
f 2555/3791/1769 2556/3793/1761 2520/3792/1769
f 2556/3793/1761 2557/3795/1755 2521/3794/1769
f 2557/3795/1755 2546/3771/1756 2510/3773/1755
f 2510/3796/1755 2511/3799/1761 2523/3797/1757
f 2511/3799/1761 2512/3801/1772 2524/3800/1756
f 2512/3801/1772 2513/3803/1768 2525/3802/1754
f 2513/3803/1768 2514/3805/1761 2526/3804/1769
f 2514/3805/1761 2515/3807/1755 2527/3806/1755
f 2515/3807/1755 2516/3888/1761 2528/3808/1768
f 2516/3809/1761 2517/3812/1771 2529/3810/1774
f 2517/3812/1771 2518/3814/1755 2530/3813/1755
f 2518/3814/1755 2519/3816/1773 2531/3815/1761
f 2519/3816/1773 2520/3818/1769 2532/3817/1755
f 2520/3818/1769 2521/3820/1769 2533/3819/1756
f 2521/3820/1769 2510/3796/1755 2522/3798/1755
f 2522/3821/1755 2523/3824/1757 2535/3822/1775
f 2523/3824/1757 2524/3826/1756 2536/3825/1772
f 2524/3826/1756 2525/3828/1754 2537/3827/1768
f 2525/3828/1754 2526/3830/1769 2538/3829/1755
f 2526/3830/1769 2527/3832/1755 2539/3831/1772
f 2527/3832/1755 2528/3889/1768 2540/3833/1755
f 2528/3834/1768 2529/3837/1774 2541/3835/1755
f 2529/3837/1774 2530/3839/1755 2542/3838/1756
f 2530/3839/1755 2531/3841/1761 2543/3840/1755
f 2531/3841/1761 2532/3843/1755 2544/3842/1770
f 2532/3843/1755 2533/3845/1756 2545/3844/1755
f 2533/3845/1756 2522/3821/1755 2534/3823/1773
f 2499/3846/1771 2547/3774/1770 2546/3771/1756
f 2500/3848/1756 2548/3776/1761 2547/3774/1770
f 2501/3849/1771 2549/3778/1756 2548/3776/1761
f 2502/3850/1772 2550/3780/1771 2549/3778/1756
f 2503/3851/1761 2551/3782/1761 2550/3780/1771
f 2504/3852/1761 2552/3887/1769 2551/3782/1761
f 2505/3853/1755 2553/3787/1771 2552/3784/1769
f 2506/3855/1755 2554/3789/1755 2553/3787/1771
f 2507/3856/1755 2555/3791/1769 2554/3789/1755
f 2508/3857/1768 2556/3793/1761 2555/3791/1769
f 2509/3858/1769 2557/3795/1755 2556/3793/1761
f 2498/3847/1768 2546/3771/1756 2557/3795/1755
f 2536/3859/1772 2537/3890/1768 2538/3860/1755
f 2538/3860/1755 2539/3891/1772 2540/3862/1755
f 2542/3863/1756 2543/3892/1755 2544/3865/1770
f 2451/3868/1768 2559/3686/1770 2450/3683/1768
f 2452/3870/1755 2560/3688/1755 2559/3686/1770
f 2453/3871/1757 2561/3690/1769 2560/3688/1755
f 2454/3872/1761 2562/3692/1768 2561/3690/1769
f 2455/3873/1768 2563/3694/1755 2562/3692/1768
f 2456/3874/1757 2564/3884/1768 2563/3694/1755
f 2457/3875/1756 2565/3699/1771 2564/3696/1768
f 2458/3877/1755 2566/3701/1761 2565/3699/1771
f 2459/3878/1768 2567/3703/1756 2566/3701/1761
f 2460/3879/1754 2568/3705/1755 2567/3703/1756
f 2569/3880/1761 2461/3707/1768 2568/3705/1755
f 2558/3869/1755 2450/3683/1768 2461/3707/1768
o ChandelierArmB01
v 19.190554 8.286622 -0.000001
v 18.922092 8.136622 -0.422355
v 18.612907 8.136622 -0.731540
v 18.190554 8.136622 -0.844709
v 17.768200 8.136622 -0.731540
v 17.459015 8.136622 -0.422355
v 17.345844 8.136622 -0.000001
v 17.459015 8.136622 0.422353
v 17.768200 8.136622 0.731538
v 18.190554 8.136622 0.844708
v 18.612907 8.136622 0.731539
v 19.056580 8.286622 0.500000
v 19.190554 8.761566 -0.000001
v 19.056580 8.761566 -0.500001
v 18.690554 8.761566 -0.866026
v 18.190554 8.761566 -1.000001
v 17.690554 8.761566 -0.866026
v 17.324528 8.761566 -0.500001
v 17.190554 8.761566 -0.000001
v 17.324528 8.761566 0.499999
v 17.690554 8.761566 0.866025
v 18.190554 8.761566 0.999999
v 18.690554 8.761566 0.866025
v 19.056580 8.761566 0.500000
v 19.413078 8.761566 -0.000001
v 19.249290 8.761566 -0.611263
v 18.801817 8.761566 -1.058738
v 18.190554 8.761566 -1.222526
v 17.579290 8.761566 -1.058738
v 17.131817 8.761566 -0.611263
v 16.968029 8.761566 -0.000001
v 17.131815 8.761566 0.611262
v 17.579290 8.761566 1.058737
v 18.190554 8.761566 1.222524
v 18.801815 8.761566 1.058737
v 19.249290 8.761566 0.611263
v 19.413078 9.015312 -0.000001
v 19.249290 9.015312 -0.611263
v 18.801817 9.015312 -1.058738
v 18.190554 9.015312 -1.222526
v 17.579290 9.015312 -1.058738
v 17.131817 9.015312 -0.611263
v 16.968029 9.015312 -0.000001
v 17.131815 9.015312 0.611262
v 17.579290 9.015312 1.058737
v 18.190554 9.015312 1.222524
v 18.801815 9.015312 1.058737
v 19.249290 9.015312 0.611263
v 20.753397 9.015311 -0.000001
v 20.410042 9.015312 -1.281423
v 19.471975 9.015312 -2.219489
v 18.190554 9.015312 -2.562845
v 16.909132 9.015312 -2.219489
v 15.971066 9.015312 -1.281423
v 15.627709 9.015311 -0.000001
v 15.971066 9.015311 1.281421
v 16.909130 9.015311 2.219487
v 18.190552 9.015311 2.562843
v 19.471973 9.015311 2.219488
v 20.410042 9.015311 1.281423
v 20.903399 9.438700 -0.000001
v 20.539946 9.438701 -1.356422
v 19.546976 9.438700 -2.349393
v 18.190554 9.438701 -2.712845
v 16.834131 9.438700 -2.349392
v 15.841162 9.438701 -1.356423
v 15.477710 9.438700 -0.000001
v 15.841162 9.438700 1.356421
v 16.834131 9.438700 2.349391
v 18.190552 9.438700 2.712843
v 19.546974 9.438700 2.349392
v 20.539944 9.438700 1.356423
v 18.957706 9.051663 0.000000
v 18.854929 9.051663 -0.383577
v 18.574131 9.051663 -0.664375
v 18.190554 9.051663 -0.767154
v 17.806976 9.051663 -0.664375
v 17.526178 9.051663 -0.383577
v 17.423401 9.051663 -0.000001
v 17.526178 9.051663 0.383576
v 17.806976 9.051663 0.664374
v 18.190554 9.051663 0.767153
v 18.574131 9.051663 0.664374
v 18.854927 9.051663 0.383577
v 18.957706 17.187204 -0.000000
v 18.854929 17.187204 -0.383577
v 18.574131 17.187204 -0.664375
v 18.190554 17.187204 -0.767154
v 17.806976 17.187204 -0.664375
v 17.526178 17.187204 -0.383577
v 17.423401 17.187204 -0.000000
v 17.526178 17.187204 0.383577
v 17.806976 17.187204 0.664374
v 18.190554 17.187204 0.767154
v 18.574131 17.187204 0.664375
v 18.854927 17.187204 0.383577
v 20.903399 9.165312 -0.000001
v 20.539946 9.165312 -1.356423
v 19.546976 9.165312 -2.349393
v 18.190554 9.165312 -2.712845
v 16.834131 9.165312 -2.349392
v 15.841162 9.165312 -1.356423
v 15.477710 9.165312 -0.000001
v 15.841162 9.165312 1.356421
v 16.834131 9.165312 2.349391
v 18.190552 9.165311 2.712843
v 19.546974 9.165312 2.349392
v 20.539944 9.165312 1.356423
v 19.035263 8.136622 -0.000001
v 19.056580 8.286622 -0.500001
v 18.690554 8.286623 -0.866026
v 18.190554 8.286623 -1.000001
v 17.690554 8.286623 -0.866026
v 17.324528 8.286622 -0.500001
v 17.190554 8.286622 -0.000001
v 17.324528 8.286622 0.499999
v 17.690554 8.286622 0.866025
v 18.190554 8.286622 0.999999
v 18.690554 8.286622 0.866025
v 18.922092 8.136622 0.422354
vn -0.0001 0.0002 -1.0000
vn 0.0001 -0.0000 -1.0000
vn -0.0000 -0.0000 -1.0000
vn -0.4257 -0.9049 -0.0000
vn -0.3687 -0.9049 -0.2128
vn -0.2128 -0.9049 -0.3687
vn -0.0001 -0.0000 -1.0000
vn 0.0001 -0.0001 -1.0000
vn 0.2128 -0.9049 -0.3687
vn 0.3687 -0.9049 -0.2129
vn 0.4257 -0.9049 -0.0000
vn -0.2129 -0.9049 0.3687
vn 0.3687 -0.9049 0.2128
vn 0.2128 -0.9049 0.3687
vn -0.0000 -0.0001 -1.0000
vn 0.0001 0.0001 -1.0000
vn -0.0000 0.0001 -1.0000
vn -0.0001 0.0001 -1.0000
vn -0.0000 -0.0002 -1.0000
vn -0.0001 -0.0001 -1.0000
vn 0.0002 -0.0000 -1.0000
vn -0.0002 -0.0000 -1.0000
vn -0.0000 1.0000 -0.0000
vt 0.572019 0.387884
vt 0.543308 0.379652
vt 0.593504 0.367137
vt 0.536083 0.350671
vt 0.557568 0.329923
vt 0.544046 0.337419
vt 0.586278 0.338156
vt 0.593774 0.351678
vt 0.585541 0.380389
vt 0.214287 0.779184
vt 0.196632 0.762356
vt 0.214287 0.762358
vt 0.196632 0.779183
vt 0.178960 0.762352
vt 0.178957 0.779179
vt 0.161267 0.762326
vt 0.161273 0.779156
vt 0.143519 0.762292
vt 0.143600 0.779105
vt 0.125680 0.762415
vt 0.125877 0.779106
vt 0.107563 0.762464
vt 0.320234 0.779563
vt 0.302392 0.762381
vt 0.320492 0.762446
vt 0.302233 0.779081
vt 0.284660 0.762322
vt 0.284617 0.779127
vt 0.267074 0.762336
vt 0.267069 0.779164
vt 0.249506 0.762353
vt 0.249508 0.779180
vt 0.231913 0.762358
vt 0.231914 0.779184
vt 0.237253 0.697451
vt 0.258699 0.705096
vt 0.237253 0.705095
vt 0.258700 0.697452
vt 0.280151 0.705106
vt 0.280154 0.697459
vt 0.301590 0.705132
vt 0.301594 0.697484
vt 0.323012 0.705215
vt 0.322963 0.697585
vt 0.344454 0.705455
vt 0.343948 0.697817
vt 0.366384 0.704031
vt 0.111302 0.696422
vt 0.130270 0.705450
vt 0.108343 0.704048
vt 0.130772 0.697812
vt 0.151689 0.705213
vt 0.151738 0.697583
vt 0.173060 0.705131
vt 0.173056 0.697483
vt 0.194433 0.705104
vt 0.194430 0.697458
vt 0.215829 0.705097
vt 0.215829 0.697453
vt 0.258698 0.714119
vt 0.237254 0.714118
vt 0.280151 0.714133
vt 0.301601 0.714161
vt 0.323077 0.714226
vt 0.344892 0.714390
vt 0.367172 0.713213
vt 0.129836 0.714385
vt 0.107563 0.713231
vt 0.151624 0.714224
vt 0.173049 0.714160
vt 0.194432 0.714130
vt 0.215830 0.714122
vt 0.322870 0.900787
vt 0.358674 0.946852
vt 0.322869 0.946822
vt 0.358805 0.900830
vt 0.394670 0.947093
vt 0.395060 0.901096
vt 0.430904 0.948012
vt 0.431310 0.901926
vt 0.468282 0.949665
vt 0.466317 0.903127
vt 0.508807 0.948220
vt 0.497485 0.902222
vt 0.550336 0.931863
vt 0.128161 0.894177
vt 0.140714 0.948240
vt 0.099327 0.932116
vt 0.151901 0.902219
vt 0.180600 0.949606
vt 0.182556 0.903076
vt 0.217021 0.947979
vt 0.216641 0.901892
vt 0.252201 0.947083
vt 0.251825 0.901084
vt 0.287373 0.946850
vt 0.287248 0.900828
vt 0.008091 0.608657
vt 0.017723 0.559405
vt 0.017723 0.608657
vt 0.008091 0.559405
vt 0.017724 0.510169
vt 0.008091 0.510170
vt 0.017727 0.460991
vt 0.008094 0.460995
vt 0.017739 0.411884
vt 0.008109 0.411913
vt 0.017717 0.362771
vt 0.008138 0.362934
vt 0.017694 0.313452
vt 0.007949 0.903057
vt 0.017717 0.854053
vt 0.017694 0.903333
vt 0.008138 0.853890
vt 0.017739 0.805045
vt 0.008109 0.805016
vt 0.017727 0.756074
vt 0.008094 0.756071
vt 0.017724 0.707024
vt 0.008091 0.707024
vt 0.017723 0.657877
vt 0.008091 0.657877
vt 0.987603 0.301193
vt 0.919623 0.334575
vt 0.919537 0.301071
vt 0.987661 0.334511
vt 0.920116 0.367602
vt 0.988214 0.367472
vt 0.921145 0.399725
vt 0.989522 0.400914
vt 0.922107 0.429585
vt 0.990860 0.436705
vt 0.920917 0.454339
vt 0.987161 0.477017
vt 0.914726 0.470574
vt 0.966039 0.078738
vt 0.920934 0.143097
vt 0.914650 0.126773
vt 0.987095 0.120132
vt 0.922183 0.168417
vt 0.990949 0.161235
vt 0.921228 0.199433
vt 0.989611 0.198298
vt 0.920193 0.232987
vt 0.988296 0.233208
vt 0.919682 0.267148
vt 0.987737 0.267390
vt 0.396894 0.618931
vt 0.107563 0.630306
vt 0.107563 0.618931
vt 0.396894 0.630306
vt 0.107563 0.641789
vt 0.396894 0.641789
vt 0.107563 0.653575
vt 0.396894 0.653575
vt 0.107563 0.665852
vt 0.396894 0.665853
vt 0.107563 0.678788
vt 0.396894 0.678788
vt 0.107563 0.692500
vt 0.396894 0.544049
vt 0.107563 0.557857
vt 0.107563 0.544049
vt 0.396894 0.557857
vt 0.107563 0.571049
vt 0.396894 0.571049
vt 0.107563 0.583662
vt 0.396894 0.583662
vt 0.107563 0.595768
vt 0.396894 0.595768
vt 0.107563 0.607475
vt 0.396894 0.607475
vt 0.000743 0.559405
vt 0.000743 0.608657
vt 0.000743 0.510170
vt 0.000746 0.460999
vt 0.000764 0.411940
vt 0.000837 0.363124
vt 0.000501 0.315430
vt 0.000838 0.853700
vt 0.000500 0.901355
vt 0.000764 0.804989
vt 0.000746 0.756067
vt 0.000743 0.707023
vt 0.000743 0.657877
vt 0.639612 0.301344
vt 0.658455 0.320856
vt 0.613292 0.307906
vt 0.650978 0.346931
vt 0.624658 0.353493
vt 0.638697 0.353738
vt 0.605815 0.333981
vt 0.606060 0.319942
vt 0.625573 0.301099
vt 0.196631 0.786695
vt 0.214287 0.786696
vt 0.178955 0.786691
vt 0.161273 0.786671
vt 0.143634 0.786607
vt 0.126243 0.786515
vt 0.109926 0.787281
vt 0.301864 0.786501
vt 0.318135 0.787275
vt 0.284580 0.786618
vt 0.267070 0.786676
vt 0.249510 0.786692
vt 0.231915 0.786695
vt 0.556561 0.387615
vt 0.535813 0.366129
vt 0.573026 0.330193
vt 0.107826 0.779575
vt 0.363419 0.696407
vt 0.521321 0.894061
vt 0.007949 0.313728
vt 0.966413 0.518283
vt 0.396894 0.692500
vt 0.651648 0.308576
vt 0.658210 0.334895
vt 0.612623 0.346261
s 1
usemtl Chandelier02
f 2580/3893/1777 2578/3894/1778 2678/3895/1779
f 2578/3894/1778 2576/3896/1779 2574/3897/1779
f 2576/3896/1780 2575/3898/1781 2574/3897/1782
f 2574/3897/1783 2572/3899/1784 2678/3895/1779
f 2572/3899/1785 2571/3900/1786 2678/3895/1787
f 2578/3894/1788 2574/3897/1782 2678/3895/1787
f 2689/3901/1789 2580/3893/1790 2678/3895/1787
f 2570/3902/1779 2583/3903/1791 2582/3904/1778
f 2679/3905/1792 2584/3906/1778 2583/3903/1791
f 2680/3907/1793 2585/3908/1793 2584/3906/1778
f 2681/3909/1779 2586/3910/1779 2585/3908/1793
f 2682/3911/1793 2587/3912/1783 2586/3910/1779
f 2683/3913/1779 2588/3914/1791 2587/3912/1783
f 2684/3915/1791 2589/3916/1792 2588/3917/1791
f 2685/3918/1778 2590/3919/1779 2589/3916/1792
f 2686/3920/1779 2591/3921/1791 2590/3919/1779
f 2687/3922/1794 2592/3923/1779 2591/3921/1791
f 2688/3924/1793 2593/3925/1793 2592/3923/1779
f 2581/3926/1794 2582/3904/1778 2593/3925/1793
f 2582/3927/1778 2595/3928/1791 2594/3929/1779
f 2583/3930/1791 2596/3931/1793 2595/3928/1791
f 2584/3932/1778 2597/3933/1792 2596/3931/1793
f 2585/3934/1793 2598/3935/1793 2597/3933/1792
f 2586/3936/1779 2599/3937/1791 2598/3935/1793
f 2587/3938/1783 2600/3939/1784 2599/3937/1791
f 2588/3940/1791 2601/3941/1793 2600/3942/1784
f 2589/3943/1792 2602/3944/1791 2601/3941/1793
f 2590/3945/1779 2603/3946/1779 2602/3944/1791
f 2591/3947/1791 2604/3948/1784 2603/3946/1779
f 2592/3949/1779 2605/3950/1783 2604/3948/1784
f 2593/3951/1793 2594/3929/1779 2605/3950/1783
f 2594/3929/1779 2607/3952/1791 2606/3953/1779
f 2595/3928/1791 2608/3954/1778 2607/3952/1791
f 2596/3931/1793 2609/3955/1779 2608/3954/1778
f 2597/3933/1792 2610/3956/1779 2609/3955/1779
f 2598/3935/1793 2611/3957/1783 2610/3956/1779
f 2599/3937/1791 2612/3958/1784 2611/3957/1783
f 2600/3942/1784 2613/3959/1792 2612/3960/1784
f 2601/3941/1793 2614/3961/1779 2613/3959/1792
f 2602/3944/1791 2615/3962/1779 2614/3961/1779
f 2603/3946/1779 2616/3963/1779 2615/3962/1779
f 2604/3948/1784 2617/3964/1793 2616/3963/1779
f 2605/3950/1783 2606/3953/1779 2617/3964/1793
f 2606/3965/1779 2619/3966/1783 2618/3967/1778
f 2607/3968/1791 2620/3969/1784 2619/3966/1783
f 2608/3970/1778 2621/3971/1791 2620/3969/1784
f 2609/3972/1779 2622/3973/1791 2621/3971/1791
f 2610/3974/1779 2623/3975/1779 2622/3973/1791
f 2611/3976/1783 2624/3977/1779 2623/3975/1779
f 2612/3978/1784 2625/3979/1779 2624/3980/1779
f 2613/3981/1792 2626/3982/1793 2625/3979/1779
f 2614/3983/1779 2627/3984/1793 2626/3982/1793
f 2615/3985/1779 2628/3986/1792 2627/3984/1793
f 2616/3987/1779 2629/3988/1783 2628/3986/1792
f 2617/3989/1793 2618/3967/1778 2629/3988/1783
f 2666/3990/1791 2631/3991/1793 2630/3992/1779
f 2667/3993/1778 2632/3994/1791 2631/3991/1793
f 2668/3995/1783 2633/3996/1779 2632/3994/1791
f 2669/3997/1791 2634/3998/1791 2633/3996/1779
f 2670/3999/1792 2635/4000/1783 2634/3998/1791
f 2671/4001/1783 2636/4002/1779 2635/4000/1783
f 2672/4003/1779 2637/4004/1795 2636/4005/1779
f 2673/4006/1792 2638/4007/1792 2637/4004/1795
f 2674/4008/1791 2639/4009/1778 2638/4007/1792
f 2675/4010/1779 2640/4011/1779 2639/4009/1778
f 2676/4012/1791 2641/4013/1791 2640/4011/1779
f 2677/4014/1794 2630/3992/1779 2641/4013/1791
f 2630/4015/1779 2643/4016/1783 2642/4017/1779
f 2631/4018/1793 2644/4019/1792 2643/4016/1783
f 2632/4020/1791 2645/4021/1779 2644/4019/1792
f 2633/4022/1779 2646/4023/1793 2645/4021/1779
f 2634/4024/1791 2647/4025/1796 2646/4023/1793
f 2635/4026/1783 2648/4027/1779 2647/4025/1796
f 2636/4028/1779 2649/4029/1791 2648/4030/1779
f 2637/4031/1795 2650/4032/1779 2649/4029/1791
f 2638/4033/1792 2651/4034/1778 2650/4032/1779
f 2639/4035/1778 2652/4036/1779 2651/4034/1778
f 2640/4037/1779 2653/4038/1796 2652/4036/1779
f 2641/4039/1791 2642/4017/1779 2653/4038/1796
f 2642/4040/1779 2655/4041/1779 2654/4042/1779
f 2643/4043/1783 2656/4044/1783 2655/4041/1779
f 2644/4045/1792 2657/4046/1791 2656/4044/1783
f 2645/4047/1779 2658/4048/1778 2657/4046/1791
f 2646/4049/1793 2659/4050/1793 2658/4048/1778
f 2647/4051/1796 2660/4052/1793 2659/4050/1793
f 2648/4053/1779 2661/4054/1797 2660/4055/1793
f 2649/4056/1791 2662/4057/1779 2661/4054/1797
f 2650/4058/1779 2663/4059/1779 2662/4057/1779
f 2651/4060/1778 2664/4061/1792 2663/4059/1779
f 2652/4062/1779 2665/4063/1798 2664/4061/1792
f 2653/4064/1796 2654/4042/1779 2665/4063/1798
f 2619/4065/1783 2666/3990/1791 2618/4066/1778
f 2620/4067/1784 2667/3993/1778 2619/4065/1783
f 2621/4068/1791 2668/3995/1783 2620/4067/1784
f 2622/4069/1791 2669/3997/1791 2621/4068/1791
f 2623/4070/1779 2670/3999/1792 2622/4069/1791
f 2624/4071/1779 2671/4001/1783 2623/4070/1779
f 2625/4072/1779 2672/4003/1779 2624/4073/1779
f 2626/4074/1793 2673/4006/1792 2625/4072/1779
f 2627/4075/1793 2674/4008/1791 2626/4074/1793
f 2628/4076/1792 2675/4010/1779 2627/4075/1793
f 2629/4077/1783 2676/4012/1791 2628/4076/1792
f 2618/4066/1778 2677/4014/1794 2629/4077/1783
f 2656/4078/1783 2658/4079/1778 2654/4080/1779
f 2658/4079/1778 2660/4081/1793 2662/4082/1779
f 2660/4081/1799 2661/4083/1799 2662/4082/1799
f 2662/4082/1779 2664/4084/1792 2654/4080/1779
f 2664/4084/1799 2665/4085/1799 2654/4080/1799
f 2658/4079/1799 2662/4082/1799 2654/4080/1799
f 2655/4086/1799 2656/4078/1799 2654/4080/1799
f 2571/4087/1778 2570/3902/1779 2678/4088/1779
f 2572/4089/1784 2679/3905/1792 2571/4087/1778
f 2573/4090/1784 2680/3907/1793 2572/4089/1784
f 2574/4091/1783 2681/3909/1779 2573/4090/1784
f 2575/4092/1791 2682/3911/1793 2574/4091/1783
f 2576/4093/1779 2683/3913/1779 2575/4092/1791
f 2577/4094/1793 2684/3915/1791 2576/4095/1779
f 2578/4096/1778 2685/3918/1778 2577/4094/1793
f 2579/4097/1793 2686/3920/1779 2578/4096/1778
f 2580/4098/1777 2687/3922/1794 2579/4097/1793
f 2689/4099/1793 2688/3924/1793 2580/4098/1777
f 2678/4088/1779 2581/3926/1794 2689/4099/1793
f 2580/3893/1777 2579/4100/1793 2578/3894/1778
f 2578/3894/1778 2577/4101/1793 2576/3896/1779
f 2574/3897/1783 2573/4102/1784 2572/3899/1784
f 2570/3902/1779 2679/3905/1792 2583/3903/1791
f 2679/3905/1792 2680/3907/1793 2584/3906/1778
f 2680/3907/1793 2681/3909/1779 2585/3908/1793
f 2681/3909/1779 2682/3911/1793 2586/3910/1779
f 2682/3911/1793 2683/3913/1779 2587/3912/1783
f 2683/3913/1779 2684/4103/1791 2588/3914/1791
f 2684/3915/1791 2685/3918/1778 2589/3916/1792
f 2685/3918/1778 2686/3920/1779 2590/3919/1779
f 2686/3920/1779 2687/3922/1794 2591/3921/1791
f 2687/3922/1794 2688/3924/1793 2592/3923/1779
f 2688/3924/1793 2581/3926/1794 2593/3925/1793
f 2581/3926/1794 2570/3902/1779 2582/3904/1778
f 2582/3927/1778 2583/3930/1791 2595/3928/1791
f 2583/3930/1791 2584/3932/1778 2596/3931/1793
f 2584/3932/1778 2585/3934/1793 2597/3933/1792
f 2585/3934/1793 2586/3936/1779 2598/3935/1793
f 2586/3936/1779 2587/3938/1783 2599/3937/1791
f 2587/3938/1783 2588/4104/1791 2600/3939/1784
f 2588/3940/1791 2589/3943/1792 2601/3941/1793
f 2589/3943/1792 2590/3945/1779 2602/3944/1791
f 2590/3945/1779 2591/3947/1791 2603/3946/1779
f 2591/3947/1791 2592/3949/1779 2604/3948/1784
f 2592/3949/1779 2593/3951/1793 2605/3950/1783
f 2593/3951/1793 2582/3927/1778 2594/3929/1779
f 2594/3929/1779 2595/3928/1791 2607/3952/1791
f 2595/3928/1791 2596/3931/1793 2608/3954/1778
f 2596/3931/1793 2597/3933/1792 2609/3955/1779
f 2597/3933/1792 2598/3935/1793 2610/3956/1779
f 2598/3935/1793 2599/3937/1791 2611/3957/1783
f 2599/3937/1791 2600/3939/1784 2612/3958/1784
f 2600/3942/1784 2601/3941/1793 2613/3959/1792
f 2601/3941/1793 2602/3944/1791 2614/3961/1779
f 2602/3944/1791 2603/3946/1779 2615/3962/1779
f 2603/3946/1779 2604/3948/1784 2616/3963/1779
f 2604/3948/1784 2605/3950/1783 2617/3964/1793
f 2605/3950/1783 2594/3929/1779 2606/3953/1779
f 2606/3965/1779 2607/3968/1791 2619/3966/1783
f 2607/3968/1791 2608/3970/1778 2620/3969/1784
f 2608/3970/1778 2609/3972/1779 2621/3971/1791
f 2609/3972/1779 2610/3974/1779 2622/3973/1791
f 2610/3974/1779 2611/3976/1783 2623/3975/1779
f 2611/3976/1783 2612/4105/1784 2624/3977/1779
f 2612/3978/1784 2613/3981/1792 2625/3979/1779
f 2613/3981/1792 2614/3983/1779 2626/3982/1793
f 2614/3983/1779 2615/3985/1779 2627/3984/1793
f 2615/3985/1779 2616/3987/1779 2628/3986/1792
f 2616/3987/1779 2617/3989/1793 2629/3988/1783
f 2617/3989/1793 2606/3965/1779 2618/3967/1778
f 2666/3990/1791 2667/3993/1778 2631/3991/1793
f 2667/3993/1778 2668/3995/1783 2632/3994/1791
f 2668/3995/1783 2669/3997/1791 2633/3996/1779
f 2669/3997/1791 2670/3999/1792 2634/3998/1791
f 2670/3999/1792 2671/4001/1783 2635/4000/1783
f 2671/4001/1783 2672/4106/1779 2636/4002/1779
f 2672/4003/1779 2673/4006/1792 2637/4004/1795
f 2673/4006/1792 2674/4008/1791 2638/4007/1792
f 2674/4008/1791 2675/4010/1779 2639/4009/1778
f 2675/4010/1779 2676/4012/1791 2640/4011/1779
f 2676/4012/1791 2677/4014/1794 2641/4013/1791
f 2677/4014/1794 2666/3990/1791 2630/3992/1779
f 2630/4015/1779 2631/4018/1793 2643/4016/1783
f 2631/4018/1793 2632/4020/1791 2644/4019/1792
f 2632/4020/1791 2633/4022/1779 2645/4021/1779
f 2633/4022/1779 2634/4024/1791 2646/4023/1793
f 2634/4024/1791 2635/4026/1783 2647/4025/1796
f 2635/4026/1783 2636/4107/1779 2648/4027/1779
f 2636/4028/1779 2637/4031/1795 2649/4029/1791
f 2637/4031/1795 2638/4033/1792 2650/4032/1779
f 2638/4033/1792 2639/4035/1778 2651/4034/1778
f 2639/4035/1778 2640/4037/1779 2652/4036/1779
f 2640/4037/1779 2641/4039/1791 2653/4038/1796
f 2641/4039/1791 2630/4015/1779 2642/4017/1779
f 2642/4040/1779 2643/4043/1783 2655/4041/1779
f 2643/4043/1783 2644/4045/1792 2656/4044/1783
f 2644/4045/1792 2645/4047/1779 2657/4046/1791
f 2645/4047/1779 2646/4049/1793 2658/4048/1778
f 2646/4049/1793 2647/4051/1796 2659/4050/1793
f 2647/4051/1796 2648/4108/1779 2660/4052/1793
f 2648/4053/1779 2649/4056/1791 2661/4054/1797
f 2649/4056/1791 2650/4058/1779 2662/4057/1779
f 2650/4058/1779 2651/4060/1778 2663/4059/1779
f 2651/4060/1778 2652/4062/1779 2664/4061/1792
f 2652/4062/1779 2653/4064/1796 2665/4063/1798
f 2653/4064/1796 2642/4040/1779 2654/4042/1779
f 2619/4065/1783 2667/3993/1778 2666/3990/1791
f 2620/4067/1784 2668/3995/1783 2667/3993/1778
f 2621/4068/1791 2669/3997/1791 2668/3995/1783
f 2622/4069/1791 2670/3999/1792 2669/3997/1791
f 2623/4070/1779 2671/4001/1783 2670/3999/1792
f 2624/4071/1779 2672/4106/1779 2671/4001/1783
f 2625/4072/1779 2673/4006/1792 2672/4003/1779
f 2626/4074/1793 2674/4008/1791 2673/4006/1792
f 2627/4075/1793 2675/4010/1779 2674/4008/1791
f 2628/4076/1792 2676/4012/1791 2675/4010/1779
f 2629/4077/1783 2677/4014/1794 2676/4012/1791
f 2618/4066/1778 2666/3990/1791 2677/4014/1794
f 2656/4078/1783 2657/4109/1791 2658/4079/1778
f 2658/4079/1778 2659/4110/1793 2660/4081/1793
f 2662/4082/1779 2663/4111/1779 2664/4084/1792
f 2571/4087/1778 2679/3905/1792 2570/3902/1779
f 2572/4089/1784 2680/3907/1793 2679/3905/1792
f 2573/4090/1784 2681/3909/1779 2680/3907/1793
f 2574/4091/1783 2682/3911/1793 2681/3909/1779
f 2575/4092/1791 2683/3913/1779 2682/3911/1793
f 2576/4093/1779 2684/4103/1791 2683/3913/1779
f 2577/4094/1793 2685/3918/1778 2684/3915/1791
f 2578/4096/1778 2686/3920/1779 2685/3918/1778
f 2579/4097/1793 2687/3922/1794 2686/3920/1779
f 2580/4098/1777 2688/3924/1793 2687/3922/1794
f 2689/4099/1793 2581/3926/1794 2688/3924/1793
f 2678/4088/1779 2570/3902/1779 2581/3926/1794
o ChandelierBulp001
v 18.854662 17.129097 -0.000000
v 18.699289 17.129097 -0.426881
v 18.305874 17.129097 -0.654019
v 17.858500 17.129097 -0.575135
v 17.566496 17.129097 -0.227139
v 17.566496 17.129097 0.227138
v 17.858500 17.129097 0.575135
v 18.305876 17.129097 0.654019
v 18.699289 17.129097 0.426880
v 19.424223 18.993519 -0.000000
v 19.135599 18.993521 -0.792987
v 18.404778 18.993521 -1.214927
v 17.573719 18.993521 -1.068389
v 17.031284 18.993519 -0.421940
v 17.031284 18.993521 0.421940
v 17.573719 18.993521 1.068389
v 18.404778 18.993521 1.214927
v 19.135599 18.993521 0.792987
v 18.575586 23.254450 -0.000001
v 18.485506 23.254450 -0.247495
v 18.257414 23.254450 -0.379183
v 17.998037 23.254450 -0.333448
v 17.828743 23.254450 -0.131690
v 17.828743 23.254452 0.131688
v 17.998037 23.254452 0.333446
v 18.257414 23.254452 0.379182
v 18.485506 23.254452 0.247493
v 18.332787 24.264870 -0.000001
v 18.299511 24.264870 -0.091427
v 18.215252 24.264870 -0.140074
v 18.119436 24.264870 -0.123179
v 18.056898 24.264870 -0.048648
v 18.056898 24.264870 0.048646
v 18.119436 24.264870 0.123177
v 18.215252 24.264870 0.140072
v 18.299511 24.264870 0.091425
v 18.828856 23.071587 -0.000001
v 18.679522 23.071587 -0.410294
v 18.301394 23.071587 -0.628606
v 17.871403 23.071587 -0.552787
v 17.590746 23.071587 -0.218313
v 17.590746 23.071587 0.218311
v 17.871403 23.071587 0.552785
v 18.301394 23.071587 0.628604
v 18.679522 23.071587 0.410292
v 19.416529 20.942778 -0.000001
v 19.129705 20.942778 -0.788043
v 18.403442 20.942780 -1.207350
v 17.577566 20.942780 -1.061727
v 17.038513 20.942778 -0.419309
v 17.038513 20.942780 0.419308
v 17.577566 20.942780 1.061725
v 18.403442 20.942780 1.207349
v 19.129705 20.942780 0.788041
v 19.552835 19.968672 -0.000001
v 19.234121 19.968672 -0.875659
v 18.427111 19.968672 -1.341587
v 17.509413 19.968672 -1.179772
v 16.910427 19.968672 -0.465929
v 16.910427 19.968672 0.465927
v 17.509413 19.968672 1.179769
v 18.427111 19.968672 1.341584
v 19.234121 19.968672 0.875657
vn 0.0001 -0.0001 -1.0000
vn -0.0000 -0.0000 -1.0000
vn -0.0000 -0.0001 -1.0000
vn -0.0000 -1.0000 -0.0000
vn 0.0001 -0.0000 -1.0000
vn -0.0001 -0.0001 -1.0000
vn -0.0001 -0.0000 -1.0000
vn -0.0000 0.0001 -1.0000
vn -0.0000 0.0040 -1.0000
vn -0.0001 0.0026 -1.0000
vn 0.0002 -0.0000 -1.0000
vn -0.0000 -0.0026 -1.0000
vn -0.0000 1.0000 -0.0001
vt 0.391326 0.094818
vt 0.427739 0.115841
vt 0.371952 0.148050
vt 0.413359 0.155352
vt 0.391326 0.159237
vt 0.364300 0.127027
vt 0.371952 0.106004
vt 0.568107 0.642899
vt 0.608181 0.739065
vt 0.569729 0.737854
vt 0.602137 0.644267
vt 0.647199 0.741165
vt 0.633860 0.646373
vt 0.686680 0.741699
vt 0.662059 0.647377
vt 0.726672 0.735989
vt 0.416041 0.642787
vt 0.414819 0.741699
vt 0.374814 0.735985
vt 0.439525 0.647424
vt 0.454247 0.741267
vt 0.467710 0.646449
vt 0.493075 0.739207
vt 0.499402 0.644337
vt 0.531539 0.737802
vt 0.533335 0.642941
vt 0.605468 0.828658
vt 0.561500 0.932790
vt 0.568997 0.826704
vt 0.642162 0.833093
vt 0.582925 0.933100
vt 0.679067 0.841080
vt 0.604381 0.934387
vt 0.715896 0.855316
vt 0.625478 0.938422
vt 0.422447 0.841116
vt 0.457876 0.949151
vt 0.385630 0.855369
vt 0.459364 0.833134
vt 0.476110 0.938433
vt 0.496102 0.828698
vt 0.497205 0.934384
vt 0.532599 0.826704
vt 0.518672 0.933101
vt 0.540099 0.932791
vt 0.560873 0.946272
vt 0.570524 0.996952
vt 0.557611 0.997158
vt 0.580729 0.946782
vt 0.581392 0.996781
vt 0.599572 0.948415
vt 0.589384 0.997344
vt 0.616125 0.952289
vt 0.594453 0.999500
vt 0.473349 0.959735
vt 0.512275 0.997309
vt 0.507218 0.999464
vt 0.485482 0.952289
vt 0.520236 0.996756
vt 0.502032 0.948399
vt 0.531049 0.996940
vt 0.520884 0.946768
vt 0.543953 0.997160
vt 0.540738 0.946272
vt 0.628263 0.959725
vt 0.643722 0.949135
vt 0.569990 0.782727
vt 0.608578 0.784150
vt 0.647962 0.787432
vt 0.689001 0.791709
vt 0.732686 0.796030
vt 0.368791 0.796063
vt 0.412445 0.791716
vt 0.453508 0.787539
vt 0.493036 0.784305
vt 0.531620 0.782638
vt 0.484382 0.077176
vt 0.476584 0.072673
vt 0.488532 0.065775
vt 0.479664 0.064211
vt 0.484382 0.063379
vt 0.490171 0.070277
vt 0.488532 0.074780
vt 0.413359 0.098703
vt 0.427739 0.138214
vt 0.685546 0.642764
vt 0.479664 0.076344
vt 0.476584 0.067881
s 1
usemtl Bulp
f 2697/4112/1800 2695/4113/1801 2691/4114/1802
f 2695/4113/1801 2693/4115/1801 2691/4114/1802
f 2693/4115/1803 2692/4116/1803 2691/4114/1803
f 2697/4112/1800 2690/4117/1804 2698/4118/1805
f 2690/4119/1804 2700/4120/1805 2699/4121/1804
f 2691/4122/1802 2701/4123/1800 2700/4120/1805
f 2692/4124/1802 2702/4125/1800 2701/4123/1800
f 2693/4126/1801 2703/4127/1805 2702/4125/1800
f 2694/4128/1802 2704/4129/1804 2703/4130/1805
f 2695/4131/1801 2705/4132/1802 2704/4129/1804
f 2696/4133/1802 2706/4134/1801 2705/4132/1802
f 2697/4135/1800 2707/4136/1804 2706/4134/1801
f 2698/4137/1805 2699/4121/1804 2707/4136/1804
f 2736/4138/1802 2726/4139/1806 2735/4140/1801
f 2737/4141/1804 2727/4142/1806 2736/4138/1802
f 2738/4143/1802 2728/4144/1806 2737/4141/1804
f 2739/4145/1805 2729/4146/1802 2738/4143/1802
f 2740/4147/1804 2730/4148/1806 2739/4149/1805
f 2741/4150/1804 2731/4151/1802 2740/4147/1804
f 2742/4152/1802 2732/4153/1807 2741/4150/1804
f 2743/4154/1804 2733/4155/1801 2742/4152/1802
f 2735/4140/1801 2734/4156/1805 2743/4154/1804
f 2708/4157/1802 2718/4158/1801 2717/4159/1806
f 2709/4160/1801 2719/4161/1802 2718/4158/1801
f 2710/4162/1805 2720/4163/1804 2719/4161/1802
f 2711/4164/1800 2721/4165/1801 2720/4163/1804
f 2712/4166/1801 2722/4167/1800 2721/4168/1801
f 2713/4169/1805 2723/4170/1801 2722/4167/1800
f 2714/4171/1806 2724/4172/1805 2723/4170/1801
f 2715/4173/1801 2725/4174/1805 2724/4172/1805
f 2716/4175/1801 2717/4159/1806 2725/4174/1805
f 2709/4160/1801 2726/4139/1806 2727/4142/1806
f 2710/4162/1805 2727/4142/1806 2728/4144/1806
f 2711/4164/1800 2728/4144/1806 2729/4146/1802
f 2712/4176/1801 2729/4146/1802 2730/4177/1806
f 2713/4169/1805 2730/4148/1806 2731/4151/1802
f 2714/4171/1806 2731/4151/1802 2732/4153/1807
f 2715/4173/1801 2732/4153/1807 2733/4155/1801
f 2716/4175/1801 2733/4155/1801 2734/4156/1805
f 2708/4157/1802 2734/4156/1805 2726/4139/1806
f 2744/4178/1801 2700/4120/1805 2745/4179/1806
f 2745/4179/1806 2701/4123/1800 2746/4180/1804
f 2746/4180/1804 2702/4125/1800 2747/4181/1808
f 2747/4181/1808 2703/4127/1805 2748/4182/1809
f 2748/4183/1809 2704/4129/1804 2749/4184/1810
f 2749/4184/1810 2705/4132/1802 2750/4185/1811
f 2750/4185/1811 2706/4134/1801 2751/4186/1801
f 2751/4186/1801 2707/4136/1804 2752/4187/1802
f 2752/4187/1802 2699/4121/1804 2744/4178/1801
f 2735/4140/1801 2745/4179/1806 2736/4138/1802
f 2736/4138/1802 2746/4180/1804 2737/4141/1804
f 2737/4141/1804 2747/4181/1808 2738/4143/1802
f 2738/4143/1802 2748/4182/1809 2739/4145/1805
f 2739/4149/1805 2749/4184/1810 2740/4147/1804
f 2740/4147/1804 2750/4185/1811 2741/4150/1804
f 2741/4150/1804 2751/4186/1801 2742/4152/1802
f 2742/4152/1802 2752/4187/1802 2743/4154/1804
f 2743/4154/1804 2744/4178/1801 2735/4140/1801
f 2719/4188/1802 2721/4189/1801 2725/4190/1805
f 2721/4189/1801 2723/4191/1801 2725/4190/1805
f 2723/4191/1812 2724/4192/1812 2725/4190/1812
f 2719/4188/1802 2717/4193/1806 2718/4194/1801
f 2697/4112/1800 2696/4195/1802 2695/4113/1801
f 2695/4113/1801 2694/4196/1802 2693/4115/1801
f 2697/4112/1800 2691/4114/1802 2690/4117/1804
f 2690/4119/1804 2691/4122/1802 2700/4120/1805
f 2691/4122/1802 2692/4124/1802 2701/4123/1800
f 2692/4124/1802 2693/4126/1801 2702/4125/1800
f 2693/4126/1801 2694/4197/1802 2703/4127/1805
f 2694/4128/1802 2695/4131/1801 2704/4129/1804
f 2695/4131/1801 2696/4133/1802 2705/4132/1802
f 2696/4133/1802 2697/4135/1800 2706/4134/1801
f 2697/4135/1800 2698/4137/1805 2707/4136/1804
f 2698/4137/1805 2690/4119/1804 2699/4121/1804
f 2736/4138/1802 2727/4142/1806 2726/4139/1806
f 2737/4141/1804 2728/4144/1806 2727/4142/1806
f 2738/4143/1802 2729/4146/1802 2728/4144/1806
f 2739/4145/1805 2730/4177/1806 2729/4146/1802
f 2740/4147/1804 2731/4151/1802 2730/4148/1806
f 2741/4150/1804 2732/4153/1807 2731/4151/1802
f 2742/4152/1802 2733/4155/1801 2732/4153/1807
f 2743/4154/1804 2734/4156/1805 2733/4155/1801
f 2735/4140/1801 2726/4139/1806 2734/4156/1805
f 2708/4157/1802 2709/4160/1801 2718/4158/1801
f 2709/4160/1801 2710/4162/1805 2719/4161/1802
f 2710/4162/1805 2711/4164/1800 2720/4163/1804
f 2711/4164/1800 2712/4176/1801 2721/4165/1801
f 2712/4166/1801 2713/4169/1805 2722/4167/1800
f 2713/4169/1805 2714/4171/1806 2723/4170/1801
f 2714/4171/1806 2715/4173/1801 2724/4172/1805
f 2715/4173/1801 2716/4175/1801 2725/4174/1805
f 2716/4175/1801 2708/4157/1802 2717/4159/1806
f 2709/4160/1801 2708/4157/1802 2726/4139/1806
f 2710/4162/1805 2709/4160/1801 2727/4142/1806
f 2711/4164/1800 2710/4162/1805 2728/4144/1806
f 2712/4176/1801 2711/4164/1800 2729/4146/1802
f 2713/4169/1805 2712/4166/1801 2730/4148/1806
f 2714/4171/1806 2713/4169/1805 2731/4151/1802
f 2715/4173/1801 2714/4171/1806 2732/4153/1807
f 2716/4175/1801 2715/4173/1801 2733/4155/1801
f 2708/4157/1802 2716/4175/1801 2734/4156/1805
f 2744/4178/1801 2699/4121/1804 2700/4120/1805
f 2745/4179/1806 2700/4120/1805 2701/4123/1800
f 2746/4180/1804 2701/4123/1800 2702/4125/1800
f 2747/4181/1808 2702/4125/1800 2703/4127/1805
f 2748/4183/1809 2703/4130/1805 2704/4129/1804
f 2749/4184/1810 2704/4129/1804 2705/4132/1802
f 2750/4185/1811 2705/4132/1802 2706/4134/1801
f 2751/4186/1801 2706/4134/1801 2707/4136/1804
f 2752/4187/1802 2707/4136/1804 2699/4121/1804
f 2735/4140/1801 2744/4178/1801 2745/4179/1806
f 2736/4138/1802 2745/4179/1806 2746/4180/1804
f 2737/4141/1804 2746/4180/1804 2747/4181/1808
f 2738/4143/1802 2747/4181/1808 2748/4182/1809
f 2739/4149/1805 2748/4183/1809 2749/4184/1810
f 2740/4147/1804 2749/4184/1810 2750/4185/1811
f 2741/4150/1804 2750/4185/1811 2751/4186/1801
f 2742/4152/1802 2751/4186/1801 2752/4187/1802
f 2743/4154/1804 2752/4187/1802 2744/4178/1801
f 2719/4188/1802 2720/4198/1804 2721/4189/1801
f 2721/4189/1801 2722/4199/1800 2723/4191/1801
f 2719/4188/1802 2725/4190/1805 2717/4193/1806
o ChandelierBulp002
v 9.427331 17.129095 -16.328619
v 8.979956 17.129095 -16.407503
v 8.586540 17.129095 -16.180365
v 8.431169 17.129095 -15.753484
v 8.586540 17.129095 -15.326603
v 8.979956 17.129095 -15.099464
v 9.427331 17.129095 -15.178349
v 9.719335 17.129095 -15.526345
v 9.719335 17.129095 -15.980622
v 9.712111 18.993517 -16.821873
v 8.881052 18.993519 -16.968412
v 8.150231 18.993519 -16.546473
v 7.861608 18.993519 -15.753485
v 8.150231 18.993517 -14.960497
v 8.881053 18.993519 -14.538557
v 9.712111 18.993519 -14.685096
v 10.254547 18.993519 -15.331545
v 10.254547 18.993519 -16.175425
v 9.287793 23.254448 -16.086931
v 9.028417 23.254448 -16.132668
v 8.800325 23.254448 -16.000978
v 8.710245 23.254448 -15.753485
v 8.800325 23.254448 -15.505991
v 9.028418 23.254450 -15.374302
v 9.287793 23.254450 -15.420037
v 9.457088 23.254450 -15.621796
v 9.457088 23.254450 -15.885173
v 9.166394 24.264868 -15.876662
v 9.070579 24.264868 -15.893558
v 8.986320 24.264868 -15.844911
v 8.953044 24.264868 -15.753485
v 8.986320 24.264868 -15.662059
v 9.070579 24.264868 -15.613412
v 9.166394 24.264868 -15.630306
v 9.228933 24.264868 -15.704838
v 9.228933 24.264868 -15.802132
v 9.414428 23.071585 -16.306271
v 8.984437 23.071585 -16.382090
v 8.606309 23.071585 -16.163776
v 8.456975 23.071585 -15.753485
v 8.606310 23.071585 -15.343192
v 8.984437 23.071585 -15.124880
v 9.414428 23.071585 -15.200699
v 9.695085 23.071585 -15.535172
v 9.695085 23.071585 -15.971797
v 9.708264 20.942776 -16.815210
v 8.882388 20.942776 -16.960835
v 8.156125 20.942778 -16.541527
v 7.869301 20.942778 -15.753485
v 8.156125 20.942776 -14.965443
v 8.882389 20.942778 -14.546134
v 9.708265 20.942778 -14.691759
v 10.247317 20.942778 -15.334176
v 10.247317 20.942778 -16.172792
v 9.776418 19.968670 -16.933254
v 8.858719 19.968670 -17.095070
v 8.051708 19.968670 -16.629143
v 7.732996 19.968670 -15.753485
v 8.051709 19.968670 -14.877827
v 8.858720 19.968670 -14.411900
v 9.776418 19.968670 -14.573714
v 10.375402 19.968670 -15.287557
v 10.375402 19.968670 -16.219412
vn -0.0001 -0.0001 -1.0000
vn -0.0000 -0.0001 -1.0000
vn -0.0000 -0.0000 -1.0000
vn -0.0000 -1.0000 -0.0000
vn 0.0001 -0.0000 -1.0000
vn -0.0001 -0.0000 -1.0000
vn 0.0001 -0.0001 -1.0000
vn 0.0002 0.0002 -1.0000
vn -0.0000 -0.0002 -1.0000
vn -0.0000 0.0001 -1.0000
vn 0.0001 0.0001 -1.0000
vn 0.0002 -0.0002 -1.0000
vn 0.0001 0.0035 -1.0000
vn -0.0000 0.0014 -1.0000
vn -0.0000 -0.0014 -1.0000
vn -0.0002 -0.0000 -1.0000
vn 0.0001 0.0003 -1.0000
vn -0.0000 1.0000 -0.0000
vt 0.436240 0.045414
vt 0.472653 0.066436
vt 0.416865 0.098646
vt 0.458272 0.105947
vt 0.436240 0.109832
vt 0.409213 0.077623
vt 0.416865 0.056600
vt 0.828606 0.364435
vt 0.868679 0.460601
vt 0.830228 0.459390
vt 0.862636 0.365803
vt 0.907697 0.462700
vt 0.894358 0.367909
vt 0.947178 0.463235
vt 0.922558 0.368913
vt 0.987171 0.457525
vt 0.676540 0.364323
vt 0.675318 0.463235
vt 0.635312 0.457521
vt 0.700023 0.368960
vt 0.714745 0.462803
vt 0.728209 0.367985
vt 0.753574 0.460743
vt 0.759901 0.365873
vt 0.792037 0.459338
vt 0.793834 0.364477
vt 0.865967 0.550194
vt 0.821998 0.654326
vt 0.829496 0.548239
vt 0.902660 0.554629
vt 0.843424 0.654636
vt 0.939566 0.562616
vt 0.864880 0.655923
vt 0.976394 0.576853
vt 0.885976 0.659957
vt 0.682946 0.562652
vt 0.718374 0.670686
vt 0.646128 0.576904
vt 0.719863 0.554670
vt 0.736609 0.659969
vt 0.756601 0.550234
vt 0.757704 0.655920
vt 0.793098 0.548240
vt 0.779171 0.654637
vt 0.800598 0.654327
vt 0.821371 0.667808
vt 0.831023 0.718488
vt 0.818110 0.718694
vt 0.841228 0.668318
vt 0.841891 0.718317
vt 0.860071 0.669950
vt 0.849883 0.718880
vt 0.876624 0.673825
vt 0.854952 0.721036
vt 0.733848 0.681271
vt 0.772774 0.718845
vt 0.767717 0.721000
vt 0.745981 0.673825
vt 0.780735 0.718292
vt 0.762531 0.669935
vt 0.791548 0.718476
vt 0.781383 0.668304
vt 0.804452 0.718696
vt 0.801237 0.667808
vt 0.888761 0.681261
vt 0.904220 0.670671
vt 0.830489 0.504263
vt 0.869077 0.505686
vt 0.908461 0.508968
vt 0.949500 0.513245
vt 0.993185 0.517566
vt 0.629290 0.517599
vt 0.672944 0.513252
vt 0.714006 0.509075
vt 0.753534 0.505841
vt 0.792118 0.504174
vt 0.538279 0.108615
vt 0.530480 0.104113
vt 0.542428 0.097214
vt 0.533560 0.095651
vt 0.538279 0.094818
vt 0.544067 0.101717
vt 0.542428 0.106219
vt 0.458272 0.049298
vt 0.472653 0.088809
vt 0.946044 0.364300
vt 0.533560 0.107783
vt 0.530480 0.099321
s 1
usemtl Bulp
f 2760/4200/1813 2758/4201/1814 2754/4202/1815
f 2758/4201/1814 2756/4203/1814 2754/4202/1815
f 2756/4203/1816 2755/4204/1816 2754/4202/1816
f 2760/4200/1813 2753/4205/1815 2761/4206/1817
f 2753/4207/1815 2763/4208/1813 2762/4209/1818
f 2754/4210/1815 2764/4211/1819 2763/4208/1813
f 2755/4212/1817 2765/4213/1815 2764/4211/1819
f 2756/4214/1814 2766/4215/1818 2765/4213/1815
f 2757/4216/1814 2767/4217/1815 2766/4218/1818
f 2758/4219/1814 2768/4220/1814 2767/4217/1815
f 2759/4221/1814 2769/4222/1818 2768/4220/1814
f 2760/4223/1813 2770/4224/1820 2769/4222/1818
f 2761/4225/1817 2762/4209/1818 2770/4224/1820
f 2799/4226/1815 2789/4227/1813 2798/4228/1815
f 2800/4229/1819 2790/4230/1813 2799/4226/1815
f 2801/4231/1821 2791/4232/1814 2800/4229/1819
f 2802/4233/1818 2792/4234/1817 2801/4231/1821
f 2803/4235/1814 2793/4236/1821 2802/4237/1818
f 2804/4238/1813 2794/4239/1815 2803/4235/1814
f 2805/4240/1822 2795/4241/1822 2804/4238/1813
f 2806/4242/1819 2796/4243/1814 2805/4240/1822
f 2798/4228/1815 2797/4244/1822 2806/4242/1819
f 2771/4245/1813 2781/4246/1819 2780/4247/1813
f 2772/4248/1814 2782/4249/1818 2781/4246/1819
f 2773/4250/1815 2783/4251/1823 2782/4249/1818
f 2774/4252/1814 2784/4253/1814 2783/4251/1823
f 2775/4254/1815 2785/4255/1815 2784/4256/1814
f 2776/4257/1815 2786/4258/1815 2785/4255/1815
f 2777/4259/1817 2787/4260/1813 2786/4258/1815
f 2778/4261/1817 2788/4262/1824 2787/4260/1813
f 2779/4263/1815 2780/4247/1813 2788/4262/1824
f 2772/4248/1814 2789/4227/1813 2790/4230/1813
f 2773/4250/1815 2790/4230/1813 2791/4232/1814
f 2774/4252/1814 2791/4232/1814 2792/4234/1817
f 2775/4264/1815 2792/4234/1817 2793/4265/1821
f 2776/4257/1815 2793/4236/1821 2794/4239/1815
f 2777/4259/1817 2794/4239/1815 2795/4241/1822
f 2778/4261/1817 2795/4241/1822 2796/4243/1814
f 2779/4263/1815 2796/4243/1814 2797/4244/1822
f 2771/4245/1813 2797/4244/1822 2789/4227/1813
f 2807/4266/1815 2763/4208/1813 2808/4267/1818
f 2808/4267/1818 2764/4211/1819 2809/4268/1825
f 2809/4268/1825 2765/4213/1815 2810/4269/1826
f 2810/4269/1826 2766/4215/1818 2811/4270/1827
f 2811/4271/1827 2767/4217/1815 2812/4272/1815
f 2812/4272/1815 2768/4220/1814 2813/4273/1815
f 2813/4273/1815 2769/4222/1818 2814/4274/1828
f 2814/4274/1828 2770/4224/1820 2815/4275/1829
f 2815/4275/1829 2762/4209/1818 2807/4266/1815
f 2798/4228/1815 2808/4267/1818 2799/4226/1815
f 2799/4226/1815 2809/4268/1825 2800/4229/1819
f 2800/4229/1819 2810/4269/1826 2801/4231/1821
f 2801/4231/1821 2811/4270/1827 2802/4233/1818
f 2802/4237/1818 2812/4272/1815 2803/4235/1814
f 2803/4235/1814 2813/4273/1815 2804/4238/1813
f 2804/4238/1813 2814/4274/1828 2805/4240/1822
f 2805/4240/1822 2815/4275/1829 2806/4242/1819
f 2806/4242/1819 2807/4266/1815 2798/4228/1815
f 2782/4276/1818 2784/4277/1814 2788/4278/1824
f 2784/4277/1814 2786/4279/1815 2788/4278/1824
f 2786/4279/1830 2787/4280/1830 2788/4278/1830
f 2782/4276/1818 2780/4281/1813 2781/4282/1819
f 2760/4200/1813 2759/4283/1814 2758/4201/1814
f 2758/4201/1814 2757/4284/1814 2756/4203/1814
f 2760/4200/1813 2754/4202/1815 2753/4205/1815
f 2753/4207/1815 2754/4210/1815 2763/4208/1813
f 2754/4210/1815 2755/4212/1817 2764/4211/1819
f 2755/4212/1817 2756/4214/1814 2765/4213/1815
f 2756/4214/1814 2757/4285/1814 2766/4215/1818
f 2757/4216/1814 2758/4219/1814 2767/4217/1815
f 2758/4219/1814 2759/4221/1814 2768/4220/1814
f 2759/4221/1814 2760/4223/1813 2769/4222/1818
f 2760/4223/1813 2761/4225/1817 2770/4224/1820
f 2761/4225/1817 2753/4207/1815 2762/4209/1818
f 2799/4226/1815 2790/4230/1813 2789/4227/1813
f 2800/4229/1819 2791/4232/1814 2790/4230/1813
f 2801/4231/1821 2792/4234/1817 2791/4232/1814
f 2802/4233/1818 2793/4265/1821 2792/4234/1817
f 2803/4235/1814 2794/4239/1815 2793/4236/1821
f 2804/4238/1813 2795/4241/1822 2794/4239/1815
f 2805/4240/1822 2796/4243/1814 2795/4241/1822
f 2806/4242/1819 2797/4244/1822 2796/4243/1814
f 2798/4228/1815 2789/4227/1813 2797/4244/1822
f 2771/4245/1813 2772/4248/1814 2781/4246/1819
f 2772/4248/1814 2773/4250/1815 2782/4249/1818
f 2773/4250/1815 2774/4252/1814 2783/4251/1823
f 2774/4252/1814 2775/4264/1815 2784/4253/1814
f 2775/4254/1815 2776/4257/1815 2785/4255/1815
f 2776/4257/1815 2777/4259/1817 2786/4258/1815
f 2777/4259/1817 2778/4261/1817 2787/4260/1813
f 2778/4261/1817 2779/4263/1815 2788/4262/1824
f 2779/4263/1815 2771/4245/1813 2780/4247/1813
f 2772/4248/1814 2771/4245/1813 2789/4227/1813
f 2773/4250/1815 2772/4248/1814 2790/4230/1813
f 2774/4252/1814 2773/4250/1815 2791/4232/1814
f 2775/4264/1815 2774/4252/1814 2792/4234/1817
f 2776/4257/1815 2775/4254/1815 2793/4236/1821
f 2777/4259/1817 2776/4257/1815 2794/4239/1815
f 2778/4261/1817 2777/4259/1817 2795/4241/1822
f 2779/4263/1815 2778/4261/1817 2796/4243/1814
f 2771/4245/1813 2779/4263/1815 2797/4244/1822
f 2807/4266/1815 2762/4209/1818 2763/4208/1813
f 2808/4267/1818 2763/4208/1813 2764/4211/1819
f 2809/4268/1825 2764/4211/1819 2765/4213/1815
f 2810/4269/1826 2765/4213/1815 2766/4215/1818
f 2811/4271/1827 2766/4218/1818 2767/4217/1815
f 2812/4272/1815 2767/4217/1815 2768/4220/1814
f 2813/4273/1815 2768/4220/1814 2769/4222/1818
f 2814/4274/1828 2769/4222/1818 2770/4224/1820
f 2815/4275/1829 2770/4224/1820 2762/4209/1818
f 2798/4228/1815 2807/4266/1815 2808/4267/1818
f 2799/4226/1815 2808/4267/1818 2809/4268/1825
f 2800/4229/1819 2809/4268/1825 2810/4269/1826
f 2801/4231/1821 2810/4269/1826 2811/4270/1827
f 2802/4237/1818 2811/4271/1827 2812/4272/1815
f 2803/4235/1814 2812/4272/1815 2813/4273/1815
f 2804/4238/1813 2813/4273/1815 2814/4274/1828
f 2805/4240/1822 2814/4274/1828 2815/4275/1829
f 2806/4242/1819 2815/4275/1829 2807/4266/1815
f 2782/4276/1818 2783/4286/1823 2784/4277/1814
f 2784/4277/1814 2785/4287/1815 2786/4279/1815
f 2782/4276/1818 2788/4278/1824 2780/4281/1813
o ChandelierBulp003
v -9.427331 17.129095 -16.328617
v -9.719335 17.129095 -15.980620
v -9.719335 17.129095 -15.526343
v -9.427331 17.129095 -15.178348
v -8.979956 17.129095 -15.099463
v -8.586540 17.129095 -15.326601
v -8.431169 17.129095 -15.753482
v -8.586540 17.129095 -16.180363
v -8.979956 17.129095 -16.407501
v -9.712111 18.993517 -16.821871
v -10.254547 18.993519 -16.175423
v -10.254546 18.993519 -15.331543
v -9.712111 18.993519 -14.685094
v -8.881052 18.993517 -14.538556
v -8.150231 18.993519 -14.960496
v -7.861608 18.993519 -15.753483
v -8.150231 18.993519 -16.546471
v -8.881052 18.993519 -16.968410
v -9.287792 23.254448 -16.086931
v -9.457088 23.254448 -15.885172
v -9.457088 23.254448 -15.621795
v -9.287792 23.254448 -15.420035
v -9.028417 23.254448 -15.374301
v -8.800324 23.254450 -15.505989
v -8.710245 23.254450 -15.753483
v -8.800325 23.254450 -16.000977
v -9.028417 23.254450 -16.132666
v -9.166393 24.264868 -15.876661
v -9.228932 24.264868 -15.802130
v -9.228932 24.264868 -15.704836
v -9.166393 24.264868 -15.630305
v -9.070578 24.264868 -15.613410
v -8.986320 24.264868 -15.662057
v -8.953043 24.264868 -15.753483
v -8.986320 24.264868 -15.844909
v -9.070578 24.264868 -15.893556
v -9.414428 23.071585 -16.306269
v -9.695085 23.071585 -15.971795
v -9.695085 23.071585 -15.535171
v -9.414428 23.071585 -15.200697
v -8.984436 23.071585 -15.124878
v -8.606309 23.071585 -15.343190
v -8.456975 23.071585 -15.753483
v -8.606309 23.071585 -16.163776
v -8.984436 23.071585 -16.382088
v -9.708264 20.942776 -16.815208
v -10.247317 20.942776 -16.172791
v -10.247316 20.942778 -15.334174
v -9.708264 20.942778 -14.691757
v -8.882388 20.942776 -14.546133
v -8.156124 20.942778 -14.965442
v -7.869301 20.942778 -15.753483
v -8.156125 20.942778 -16.541525
v -8.882388 20.942778 -16.960833
v -9.776418 19.968670 -16.933252
v -10.375402 19.968670 -16.219410
v -10.375402 19.968670 -15.287555
v -9.776418 19.968670 -14.573712
v -8.858719 19.968670 -14.411898
v -8.051708 19.968670 -14.877826
v -7.732996 19.968670 -15.753483
v -8.051708 19.968670 -16.629141
v -8.858719 19.968670 -17.095068
vn 0.0001 -0.0000 -1.0000
vn -0.0001 -0.0000 -1.0000
vn 0.0002 -0.0004 -1.0000
vn -0.0001 -0.0001 -1.0000
vn -0.0000 -1.0000 -0.0000
vn 0.0001 -0.0001 -1.0000
vn 0.0001 0.0001 -1.0000
vn -0.0000 -0.0001 -1.0000
vn -0.0000 -0.0000 -1.0000
vn -0.0000 0.0001 -1.0000
vn -0.0000 -0.0002 -1.0000
vn -0.0001 0.0026 -1.0000
vn 0.0002 -0.0000 -1.0000
vn -0.0000 -0.0026 -1.0000
vn -0.0000 1.0000 -0.0000
vt 0.377852 0.175663
vt 0.414265 0.196686
vt 0.358477 0.228895
vt 0.399884 0.236196
vt 0.377852 0.240081
vt 0.350826 0.207872
vt 0.358477 0.186849
vt 0.451332 0.283591
vt 0.491405 0.379757
vt 0.452954 0.378545
vt 0.485362 0.284959
vt 0.530424 0.381856
vt 0.517084 0.287064
vt 0.569904 0.382390
vt 0.545284 0.288068
vt 0.609897 0.376680
vt 0.299266 0.283478
vt 0.298044 0.382390
vt 0.258038 0.376676
vt 0.322749 0.288116
vt 0.337471 0.381958
vt 0.350935 0.287140
vt 0.376300 0.379899
vt 0.382627 0.285028
vt 0.414763 0.378493
vt 0.416560 0.283632
vt 0.488693 0.469350
vt 0.444724 0.573482
vt 0.452222 0.467395
vt 0.525386 0.473784
vt 0.466150 0.573791
vt 0.562292 0.481771
vt 0.487606 0.575078
vt 0.599120 0.496008
vt 0.508702 0.579113
vt 0.305672 0.481807
vt 0.341101 0.589842
vt 0.268854 0.496060
vt 0.342589 0.473826
vt 0.359335 0.579125
vt 0.379327 0.469390
vt 0.380430 0.575076
vt 0.415824 0.467396
vt 0.401897 0.573792
vt 0.423324 0.573483
vt 0.444097 0.586964
vt 0.453749 0.637643
vt 0.440836 0.637850
vt 0.463954 0.587474
vt 0.464617 0.637473
vt 0.482797 0.589106
vt 0.472609 0.638035
vt 0.499350 0.592981
vt 0.477678 0.640192
vt 0.356574 0.600426
vt 0.395500 0.638000
vt 0.390443 0.640156
vt 0.368707 0.592981
vt 0.403461 0.637448
vt 0.385257 0.589091
vt 0.414274 0.637632
vt 0.404109 0.587460
vt 0.427178 0.637852
vt 0.423963 0.586963
vt 0.511487 0.600417
vt 0.526946 0.589827
vt 0.453215 0.423419
vt 0.491803 0.424841
vt 0.531187 0.428123
vt 0.572226 0.432400
vt 0.615911 0.436722
vt 0.252016 0.436755
vt 0.295670 0.432407
vt 0.336732 0.428230
vt 0.376260 0.424996
vt 0.414844 0.423330
vt 0.529296 0.126581
vt 0.521497 0.122078
vt 0.533445 0.115180
vt 0.524577 0.113616
vt 0.529296 0.112784
vt 0.535084 0.119682
vt 0.533445 0.124185
vt 0.399884 0.179548
vt 0.414265 0.219058
vt 0.568770 0.283455
vt 0.524577 0.125748
vt 0.521497 0.117286
s 1
usemtl Bulp
f 2823/4288/1831 2821/4289/1832 2817/4290/1833
f 2821/4289/1832 2819/4291/1834 2817/4290/1833
f 2819/4291/1835 2818/4292/1835 2817/4290/1835
f 2823/4288/1831 2816/4293/1836 2824/4294/1832
f 2816/4295/1836 2826/4296/1834 2825/4297/1831
f 2817/4298/1833 2827/4299/1831 2826/4296/1834
f 2818/4300/1837 2828/4301/1838 2827/4299/1831
f 2819/4302/1834 2829/4303/1839 2828/4301/1838
f 2820/4304/1836 2830/4305/1831 2829/4306/1839
f 2821/4307/1832 2831/4308/1838 2830/4305/1831
f 2822/4309/1837 2832/4310/1834 2831/4308/1838
f 2823/4311/1831 2833/4312/1836 2832/4310/1834
f 2824/4313/1832 2825/4297/1831 2833/4312/1836
f 2862/4314/1834 2852/4315/1836 2861/4316/1839
f 2863/4317/1831 2853/4318/1832 2862/4314/1834
f 2864/4319/1831 2854/4320/1838 2863/4317/1831
f 2865/4321/1838 2855/4322/1840 2864/4319/1831
f 2866/4323/1831 2856/4324/1839 2865/4325/1838
f 2867/4326/1839 2857/4327/1834 2866/4323/1831
f 2868/4328/1838 2858/4329/1841 2867/4326/1839
f 2869/4330/1831 2859/4331/1832 2868/4328/1838
f 2861/4316/1839 2860/4332/1832 2869/4330/1831
f 2834/4333/1836 2844/4334/1839 2843/4335/1836
f 2835/4336/1839 2845/4337/1839 2844/4334/1839
f 2836/4338/1834 2846/4339/1832 2845/4337/1839
f 2837/4340/1832 2847/4341/1840 2846/4339/1832
f 2838/4342/1839 2848/4343/1838 2847/4344/1840
f 2839/4345/1839 2849/4346/1836 2848/4343/1838
f 2840/4347/1838 2850/4348/1839 2849/4346/1836
f 2841/4349/1839 2851/4350/1841 2850/4348/1839
f 2842/4351/1838 2843/4335/1836 2851/4350/1841
f 2835/4336/1839 2852/4315/1836 2853/4318/1832
f 2836/4338/1834 2853/4318/1832 2854/4320/1838
f 2837/4340/1832 2854/4320/1838 2855/4322/1840
f 2838/4352/1839 2855/4322/1840 2856/4353/1839
f 2839/4345/1839 2856/4324/1839 2857/4327/1834
f 2840/4347/1838 2857/4327/1834 2858/4329/1841
f 2841/4349/1839 2858/4329/1841 2859/4331/1832
f 2842/4351/1838 2859/4331/1832 2860/4332/1832
f 2834/4333/1836 2860/4332/1832 2852/4315/1836
f 2870/4354/1839 2826/4296/1834 2871/4355/1842
f 2871/4355/1842 2827/4299/1831 2872/4356/1843
f 2872/4356/1843 2828/4301/1838 2873/4357/1844
f 2873/4357/1844 2829/4303/1839 2874/4358/1839
f 2874/4359/1839 2830/4305/1831 2875/4360/1838
f 2875/4360/1838 2831/4308/1838 2876/4361/1838
f 2876/4361/1838 2832/4310/1834 2877/4362/1832
f 2877/4362/1832 2833/4312/1836 2878/4363/1831
f 2878/4363/1831 2825/4297/1831 2870/4354/1839
f 2861/4316/1839 2871/4355/1842 2862/4314/1834
f 2862/4314/1834 2872/4356/1843 2863/4317/1831
f 2863/4317/1831 2873/4357/1844 2864/4319/1831
f 2864/4319/1831 2874/4358/1839 2865/4321/1838
f 2865/4325/1838 2875/4360/1838 2866/4323/1831
f 2866/4323/1831 2876/4361/1838 2867/4326/1839
f 2867/4326/1839 2877/4362/1832 2868/4328/1838
f 2868/4328/1838 2878/4363/1831 2869/4330/1831
f 2869/4330/1831 2870/4354/1839 2861/4316/1839
f 2845/4364/1839 2847/4365/1840 2851/4366/1841
f 2847/4365/1840 2849/4367/1836 2851/4366/1841
f 2849/4367/1845 2850/4368/1845 2851/4366/1845
f 2845/4364/1839 2843/4369/1836 2844/4370/1839
f 2823/4288/1831 2822/4371/1837 2821/4289/1832
f 2821/4289/1832 2820/4372/1836 2819/4291/1834
f 2823/4288/1831 2817/4290/1833 2816/4293/1836
f 2816/4295/1836 2817/4298/1833 2826/4296/1834
f 2817/4298/1833 2818/4300/1837 2827/4299/1831
f 2818/4300/1837 2819/4302/1834 2828/4301/1838
f 2819/4302/1834 2820/4373/1836 2829/4303/1839
f 2820/4304/1836 2821/4307/1832 2830/4305/1831
f 2821/4307/1832 2822/4309/1837 2831/4308/1838
f 2822/4309/1837 2823/4311/1831 2832/4310/1834
f 2823/4311/1831 2824/4313/1832 2833/4312/1836
f 2824/4313/1832 2816/4295/1836 2825/4297/1831
f 2862/4314/1834 2853/4318/1832 2852/4315/1836
f 2863/4317/1831 2854/4320/1838 2853/4318/1832
f 2864/4319/1831 2855/4322/1840 2854/4320/1838
f 2865/4321/1838 2856/4353/1839 2855/4322/1840
f 2866/4323/1831 2857/4327/1834 2856/4324/1839
f 2867/4326/1839 2858/4329/1841 2857/4327/1834
f 2868/4328/1838 2859/4331/1832 2858/4329/1841
f 2869/4330/1831 2860/4332/1832 2859/4331/1832
f 2861/4316/1839 2852/4315/1836 2860/4332/1832
f 2834/4333/1836 2835/4336/1839 2844/4334/1839
f 2835/4336/1839 2836/4338/1834 2845/4337/1839
f 2836/4338/1834 2837/4340/1832 2846/4339/1832
f 2837/4340/1832 2838/4352/1839 2847/4341/1840
f 2838/4342/1839 2839/4345/1839 2848/4343/1838
f 2839/4345/1839 2840/4347/1838 2849/4346/1836
f 2840/4347/1838 2841/4349/1839 2850/4348/1839
f 2841/4349/1839 2842/4351/1838 2851/4350/1841
f 2842/4351/1838 2834/4333/1836 2843/4335/1836
f 2835/4336/1839 2834/4333/1836 2852/4315/1836
f 2836/4338/1834 2835/4336/1839 2853/4318/1832
f 2837/4340/1832 2836/4338/1834 2854/4320/1838
f 2838/4352/1839 2837/4340/1832 2855/4322/1840
f 2839/4345/1839 2838/4342/1839 2856/4324/1839
f 2840/4347/1838 2839/4345/1839 2857/4327/1834
f 2841/4349/1839 2840/4347/1838 2858/4329/1841
f 2842/4351/1838 2841/4349/1839 2859/4331/1832
f 2834/4333/1836 2842/4351/1838 2860/4332/1832
f 2870/4354/1839 2825/4297/1831 2826/4296/1834
f 2871/4355/1842 2826/4296/1834 2827/4299/1831
f 2872/4356/1843 2827/4299/1831 2828/4301/1838
f 2873/4357/1844 2828/4301/1838 2829/4303/1839
f 2874/4359/1839 2829/4306/1839 2830/4305/1831
f 2875/4360/1838 2830/4305/1831 2831/4308/1838
f 2876/4361/1838 2831/4308/1838 2832/4310/1834
f 2877/4362/1832 2832/4310/1834 2833/4312/1836
f 2878/4363/1831 2833/4312/1836 2825/4297/1831
f 2861/4316/1839 2870/4354/1839 2871/4355/1842
f 2862/4314/1834 2871/4355/1842 2872/4356/1843
f 2863/4317/1831 2872/4356/1843 2873/4357/1844
f 2864/4319/1831 2873/4357/1844 2874/4358/1839
f 2865/4325/1838 2874/4359/1839 2875/4360/1838
f 2866/4323/1831 2875/4360/1838 2876/4361/1838
f 2867/4326/1839 2876/4361/1838 2877/4362/1832
f 2868/4328/1838 2877/4362/1832 2878/4363/1831
f 2869/4330/1831 2878/4363/1831 2870/4354/1839
f 2845/4364/1839 2846/4374/1832 2847/4365/1840
f 2847/4365/1840 2848/4375/1838 2849/4367/1836
f 2845/4364/1839 2851/4366/1841 2843/4369/1836
o ChandelierBulp004
v -18.854662 17.129097 -0.000003
v -18.699291 17.129097 0.426877
v -18.305876 17.129097 0.654016
v -17.858500 17.129097 0.575131
v -17.566496 17.129097 0.227135
v -17.566496 17.129097 -0.227142
v -17.858500 17.129097 -0.575138
v -18.305874 17.129097 -0.654022
v -18.699289 17.129097 -0.426884
v -19.424223 18.993519 -0.000004
v -19.135599 18.993521 0.792984
v -18.404778 18.993521 1.214924
v -17.573719 18.993521 1.068385
v -17.031284 18.993519 0.421936
v -17.031284 18.993521 -0.421943
v -17.573719 18.993521 -1.068392
v -18.404778 18.993521 -1.214930
v -19.135599 18.993521 -0.792991
v -18.575586 23.254450 -0.000005
v -18.485506 23.254450 0.247489
v -18.257414 23.254450 0.379178
v -17.998037 23.254450 0.333443
v -17.828743 23.254450 0.131684
v -17.828743 23.254452 -0.131693
v -17.998037 23.254452 -0.333452
v -18.257414 23.254452 -0.379187
v -18.485506 23.254452 -0.247499
v -18.332787 24.264870 -0.000005
v -18.299511 24.264870 0.091421
v -18.215252 24.264870 0.140068
v -18.119436 24.264870 0.123173
v -18.056898 24.264870 0.048642
v -18.056898 24.264870 -0.048651
v -18.119436 24.264870 -0.123183
v -18.215252 24.264870 -0.140077
v -18.299511 24.264870 -0.091431
v -18.828856 23.071587 -0.000005
v -18.679522 23.071587 0.410288
v -18.301394 23.071587 0.628600
v -17.871403 23.071587 0.552781
v -17.590746 23.071587 0.218307
v -17.590746 23.071587 -0.218317
v -17.871403 23.071587 -0.552790
v -18.301394 23.071587 -0.628609
v -18.679522 23.071587 -0.410297
v -19.416529 20.942778 -0.000005
v -19.129705 20.942778 0.788037
v -18.403442 20.942780 1.207346
v -17.577566 20.942780 1.061721
v -17.038513 20.942778 0.419304
v -17.038513 20.942780 -0.419313
v -17.577566 20.942780 -1.061730
v -18.403442 20.942780 -1.207355
v -19.129705 20.942780 -0.788047
v -19.552835 19.968672 -0.000005
v -19.234121 19.968672 0.875654
v -18.427111 19.968672 1.341581
v -17.509413 19.968672 1.179766
v -16.910427 19.968672 0.465923
v -16.910427 19.968672 -0.465932
v -17.509413 19.968672 -1.179775
v -18.427111 19.968672 -1.341590
v -19.234121 19.968672 -0.875661
vn -0.0000 -0.0000 -1.0000
vn 0.0001 -0.0000 -1.0000
vn -0.0000 -0.0002 -1.0000
vn -0.0000 -1.0000 -0.0000
vn -0.0001 -0.0001 -1.0000
vn -0.0001 -0.0000 -1.0000
vn -0.0000 -0.0001 -1.0000
vn -0.0000 -0.0006 -1.0000
vn 0.0001 -0.0001 -1.0000
vn -0.0000 0.0001 -1.0000
vn -0.0000 -0.0014 -1.0000
vn -0.0002 -0.0000 -1.0000
vn 0.0001 0.0001 -1.0000
vn 0.0001 0.0035 -1.0000
vn -0.0000 1.0000 0.0001
vt 0.373361 0.027448
vt 0.409774 0.048471
vt 0.353986 0.080680
vt 0.395393 0.087981
vt 0.373361 0.091866
vt 0.346334 0.059657
vt 0.353986 0.038634
vt 0.199816 0.000635
vt 0.239889 0.096802
vt 0.201438 0.095590
vt 0.233846 0.002003
vt 0.278908 0.098901
vt 0.265569 0.004109
vt 0.318388 0.099435
vt 0.293768 0.005113
vt 0.358381 0.093725
vt 0.047750 0.000523
vt 0.046528 0.099435
vt 0.006522 0.093721
vt 0.071233 0.005160
vt 0.085956 0.099003
vt 0.099419 0.004185
vt 0.124784 0.096943
vt 0.131111 0.002073
vt 0.163247 0.095538
vt 0.165044 0.000677
vt 0.237177 0.186394
vt 0.193208 0.290526
vt 0.200706 0.184440
vt 0.273870 0.190829
vt 0.214634 0.290836
vt 0.310776 0.198816
vt 0.236090 0.292123
vt 0.347604 0.213053
vt 0.257187 0.296158
vt 0.054156 0.198852
vt 0.089585 0.306887
vt 0.017339 0.213105
vt 0.091073 0.190870
vt 0.107819 0.296169
vt 0.127811 0.186435
vt 0.128914 0.292120
vt 0.164308 0.184441
vt 0.150381 0.290837
vt 0.171808 0.290527
vt 0.192581 0.304009
vt 0.202233 0.354688
vt 0.189320 0.354894
vt 0.212438 0.304518
vt 0.213101 0.354517
vt 0.231281 0.306151
vt 0.221093 0.355080
vt 0.247834 0.310025
vt 0.226162 0.357236
vt 0.105058 0.317471
vt 0.143984 0.355045
vt 0.138927 0.357201
vt 0.117191 0.310026
vt 0.151945 0.354492
vt 0.133741 0.306135
vt 0.162758 0.354677
vt 0.152593 0.304504
vt 0.175662 0.354896
vt 0.172447 0.304008
vt 0.259971 0.317461
vt 0.275430 0.306871
vt 0.201699 0.140463
vt 0.240287 0.141886
vt 0.279671 0.145168
vt 0.320710 0.149445
vt 0.364395 0.153766
vt 0.000500 0.153799
vt 0.044154 0.149452
vt 0.085216 0.145275
vt 0.124744 0.142041
vt 0.163328 0.140374
vt 0.475400 0.059210
vt 0.467601 0.054708
vt 0.479549 0.047809
vt 0.470681 0.046246
vt 0.475400 0.045414
vt 0.481188 0.052312
vt 0.479549 0.056814
vt 0.395393 0.031333
vt 0.409774 0.070843
vt 0.317255 0.000500
vt 0.470681 0.058378
vt 0.467601 0.049916
s 1
usemtl Bulp
f 2886/4376/1846 2884/4377/1847 2880/4378/1846
f 2884/4377/1847 2882/4379/1848 2880/4378/1846
f 2882/4379/1849 2881/4380/1849 2880/4378/1849
f 2886/4376/1846 2879/4381/1846 2887/4382/1850
f 2879/4383/1846 2889/4384/1851 2888/4385/1851
f 2880/4386/1846 2890/4387/1846 2889/4384/1851
f 2881/4388/1846 2891/4389/1846 2890/4387/1846
f 2882/4390/1848 2892/4391/1851 2891/4389/1846
f 2883/4392/1852 2893/4393/1853 2892/4394/1851
f 2884/4395/1847 2894/4396/1850 2893/4393/1853
f 2885/4397/1846 2895/4398/1850 2894/4396/1850
f 2886/4399/1846 2896/4400/1854 2895/4398/1850
f 2887/4401/1850 2888/4385/1851 2896/4400/1854
f 2925/4402/1851 2915/4403/1847 2924/4404/1852
f 2926/4405/1852 2916/4406/1848 2925/4402/1851
f 2927/4407/1850 2917/4408/1846 2926/4405/1852
f 2928/4409/1855 2918/4410/1855 2927/4407/1850
f 2929/4411/1854 2919/4412/1852 2928/4413/1855
f 2930/4414/1852 2920/4415/1855 2929/4411/1854
f 2931/4416/1846 2921/4417/1850 2930/4414/1852
f 2932/4418/1854 2922/4419/1850 2931/4416/1846
f 2924/4404/1852 2923/4420/1852 2932/4418/1854
f 2897/4421/1852 2907/4422/1852 2906/4423/1847
f 2898/4424/1846 2908/4425/1846 2907/4422/1852
f 2899/4426/1846 2909/4427/1846 2908/4425/1846
f 2900/4428/1847 2910/4429/1851 2909/4427/1846
f 2901/4430/1847 2911/4431/1851 2910/4432/1851
f 2902/4433/1846 2912/4434/1852 2911/4431/1851
f 2903/4435/1850 2913/4436/1851 2912/4434/1852
f 2904/4437/1852 2914/4438/1851 2913/4436/1851
f 2905/4439/1846 2906/4423/1847 2914/4438/1851
f 2898/4424/1846 2915/4403/1847 2916/4406/1848
f 2899/4426/1846 2916/4406/1848 2917/4408/1846
f 2900/4428/1847 2917/4408/1846 2918/4410/1855
f 2901/4440/1847 2918/4410/1855 2919/4441/1852
f 2902/4433/1846 2919/4412/1852 2920/4415/1855
f 2903/4435/1850 2920/4415/1855 2921/4417/1850
f 2904/4437/1852 2921/4417/1850 2922/4419/1850
f 2905/4439/1846 2922/4419/1850 2923/4420/1852
f 2897/4421/1852 2923/4420/1852 2915/4403/1847
f 2933/4442/1855 2889/4384/1851 2934/4443/1856
f 2934/4443/1856 2890/4387/1846 2935/4444/1846
f 2935/4444/1846 2891/4389/1846 2936/4445/1846
f 2936/4445/1846 2892/4391/1851 2937/4446/1857
f 2937/4447/1857 2893/4393/1853 2938/4448/1858
f 2938/4448/1858 2894/4396/1850 2939/4449/1846
f 2939/4449/1846 2895/4398/1850 2940/4450/1851
f 2940/4450/1851 2896/4400/1854 2941/4451/1859
f 2941/4451/1859 2888/4385/1851 2933/4442/1855
f 2924/4404/1852 2934/4443/1856 2925/4402/1851
f 2925/4402/1851 2935/4444/1846 2926/4405/1852
f 2926/4405/1852 2936/4445/1846 2927/4407/1850
f 2927/4407/1850 2937/4446/1857 2928/4409/1855
f 2928/4413/1855 2938/4448/1858 2929/4411/1854
f 2929/4411/1854 2939/4449/1846 2930/4414/1852
f 2930/4414/1852 2940/4450/1851 2931/4416/1846
f 2931/4416/1846 2941/4451/1859 2932/4418/1854
f 2932/4418/1854 2933/4442/1855 2924/4404/1852
f 2908/4452/1846 2910/4453/1851 2914/4454/1851
f 2910/4453/1851 2912/4455/1852 2914/4454/1851
f 2912/4455/1860 2913/4456/1860 2914/4454/1860
f 2908/4452/1846 2906/4457/1847 2907/4458/1852
f 2886/4376/1846 2885/4459/1846 2884/4377/1847
f 2884/4377/1847 2883/4460/1852 2882/4379/1848
f 2886/4376/1846 2880/4378/1846 2879/4381/1846
f 2879/4383/1846 2880/4386/1846 2889/4384/1851
f 2880/4386/1846 2881/4388/1846 2890/4387/1846
f 2881/4388/1846 2882/4390/1848 2891/4389/1846
f 2882/4390/1848 2883/4461/1852 2892/4391/1851
f 2883/4392/1852 2884/4395/1847 2893/4393/1853
f 2884/4395/1847 2885/4397/1846 2894/4396/1850
f 2885/4397/1846 2886/4399/1846 2895/4398/1850
f 2886/4399/1846 2887/4401/1850 2896/4400/1854
f 2887/4401/1850 2879/4383/1846 2888/4385/1851
f 2925/4402/1851 2916/4406/1848 2915/4403/1847
f 2926/4405/1852 2917/4408/1846 2916/4406/1848
f 2927/4407/1850 2918/4410/1855 2917/4408/1846
f 2928/4409/1855 2919/4441/1852 2918/4410/1855
f 2929/4411/1854 2920/4415/1855 2919/4412/1852
f 2930/4414/1852 2921/4417/1850 2920/4415/1855
f 2931/4416/1846 2922/4419/1850 2921/4417/1850
f 2932/4418/1854 2923/4420/1852 2922/4419/1850
f 2924/4404/1852 2915/4403/1847 2923/4420/1852
f 2897/4421/1852 2898/4424/1846 2907/4422/1852
f 2898/4424/1846 2899/4426/1846 2908/4425/1846
f 2899/4426/1846 2900/4428/1847 2909/4427/1846
f 2900/4428/1847 2901/4440/1847 2910/4429/1851
f 2901/4430/1847 2902/4433/1846 2911/4431/1851
f 2902/4433/1846 2903/4435/1850 2912/4434/1852
f 2903/4435/1850 2904/4437/1852 2913/4436/1851
f 2904/4437/1852 2905/4439/1846 2914/4438/1851
f 2905/4439/1846 2897/4421/1852 2906/4423/1847
f 2898/4424/1846 2897/4421/1852 2915/4403/1847
f 2899/4426/1846 2898/4424/1846 2916/4406/1848
f 2900/4428/1847 2899/4426/1846 2917/4408/1846
f 2901/4440/1847 2900/4428/1847 2918/4410/1855
f 2902/4433/1846 2901/4430/1847 2919/4412/1852
f 2903/4435/1850 2902/4433/1846 2920/4415/1855
f 2904/4437/1852 2903/4435/1850 2921/4417/1850
f 2905/4439/1846 2904/4437/1852 2922/4419/1850
f 2897/4421/1852 2905/4439/1846 2923/4420/1852
f 2933/4442/1855 2888/4385/1851 2889/4384/1851
f 2934/4443/1856 2889/4384/1851 2890/4387/1846
f 2935/4444/1846 2890/4387/1846 2891/4389/1846
f 2936/4445/1846 2891/4389/1846 2892/4391/1851
f 2937/4447/1857 2892/4394/1851 2893/4393/1853
f 2938/4448/1858 2893/4393/1853 2894/4396/1850
f 2939/4449/1846 2894/4396/1850 2895/4398/1850
f 2940/4450/1851 2895/4398/1850 2896/4400/1854
f 2941/4451/1859 2896/4400/1854 2888/4385/1851
f 2924/4404/1852 2933/4442/1855 2934/4443/1856
f 2925/4402/1851 2934/4443/1856 2935/4444/1846
f 2926/4405/1852 2935/4444/1846 2936/4445/1846
f 2927/4407/1850 2936/4445/1846 2937/4446/1857
f 2928/4413/1855 2937/4447/1857 2938/4448/1858
f 2929/4411/1854 2938/4448/1858 2939/4449/1846
f 2930/4414/1852 2939/4449/1846 2940/4450/1851
f 2931/4416/1846 2940/4450/1851 2941/4451/1859
f 2932/4418/1854 2941/4451/1859 2933/4442/1855
f 2908/4452/1846 2909/4462/1846 2910/4453/1851
f 2910/4453/1851 2911/4463/1851 2912/4455/1852
f 2908/4452/1846 2914/4454/1851 2906/4457/1847
o ChandelierBulp005
v -9.427329 17.129099 16.328617
v -8.979954 17.129099 16.407501
v -8.586538 17.129099 16.180363
v -8.431167 17.129099 15.753483
v -8.586538 17.129099 15.326602
v -8.979954 17.129099 15.099463
v -9.427329 17.129099 15.178348
v -9.719333 17.129099 15.526344
v -9.719333 17.129099 15.980621
v -9.712110 18.993521 16.821871
v -8.881050 18.993523 16.968409
v -8.150229 18.993523 16.546469
v -7.861606 18.993523 15.753482
v -8.150229 18.993521 14.960494
v -8.881051 18.993523 14.538554
v -9.712110 18.993523 14.685093
v -10.254545 18.993523 15.331542
v -10.254545 18.993523 16.175421
v -9.287791 23.254452 16.086929
v -9.028415 23.254452 16.132664
v -8.800323 23.254452 16.000975
v -8.710243 23.254452 15.753482
v -8.800323 23.254452 15.505988
v -9.028416 23.254454 15.374299
v -9.287791 23.254454 15.420034
v -9.457087 23.254454 15.621793
v -9.457087 23.254454 15.885170
v -9.166392 24.264872 15.876659
v -9.070577 24.264872 15.893555
v -8.986318 24.264872 15.844908
v -8.953042 24.264872 15.753482
v -8.986318 24.264872 15.662056
v -9.070577 24.264872 15.613409
v -9.166392 24.264872 15.630303
v -9.228931 24.264872 15.704835
v -9.228931 24.264872 15.802129
v -9.414426 23.071589 16.306267
v -8.984435 23.071589 16.382086
v -8.606307 23.071589 16.163774
v -8.456973 23.071589 15.753482
v -8.606308 23.071589 15.343189
v -8.984435 23.071589 15.124877
v -9.414427 23.071589 15.200696
v -9.695083 23.071589 15.535171
v -9.695083 23.071589 15.971794
v -9.708262 20.942780 16.815208
v -8.882386 20.942780 16.960833
v -8.156123 20.942781 16.541523
v -7.869299 20.942781 15.753482
v -8.156124 20.942780 14.965440
v -8.882387 20.942781 14.546131
v -9.708263 20.942781 14.691756
v -10.247315 20.942781 15.334173
v -10.247315 20.942781 16.172791
v -9.776416 19.968674 16.933252
v -8.858717 19.968674 17.095068
v -8.051706 19.968674 16.629139
v -7.732993 19.968674 15.753482
v -8.051707 19.968674 14.877824
v -8.858718 19.968674 14.411897
v -9.776416 19.968674 14.573711
v -10.375401 19.968674 15.287555
v -10.375401 19.968674 16.219410
vn -0.0001 -0.0001 -1.0000
vn 0.0001 -0.0000 -1.0000
vn -0.0000 -0.0002 -1.0000
vn -0.0000 -1.0000 -0.0000
vn -0.0000 -0.0001 -1.0000
vn -0.0000 -0.0000 -1.0000
vn 0.0001 -0.0001 -1.0000
vn -0.0001 -0.0000 -1.0000
vn -0.0000 0.0001 -1.0000
vn -0.0001 -0.0002 -1.0000
vn -0.0000 0.0040 -1.0000
vn -0.0001 0.0026 -1.0000
vn 0.0002 -0.0000 -1.0000
vn -0.0000 1.0000 -0.0000
vt 0.436240 0.144223
vt 0.472653 0.165246
vt 0.416865 0.197455
vt 0.458272 0.204757
vt 0.436240 0.208641
vt 0.409213 0.176432
vt 0.416865 0.155409
vt 0.199816 0.642899
vt 0.239889 0.739065
vt 0.201438 0.737854
vt 0.233846 0.644267
vt 0.278908 0.741165
vt 0.265569 0.646373
vt 0.318388 0.741699
vt 0.293768 0.647377
vt 0.358381 0.735989
vt 0.047750 0.642787
vt 0.046528 0.741699
vt 0.006522 0.735985
vt 0.071233 0.647424
vt 0.085956 0.741267
vt 0.099419 0.646449
vt 0.124784 0.739207
vt 0.131111 0.644337
vt 0.163247 0.737802
vt 0.165044 0.642941
vt 0.237177 0.828658
vt 0.193208 0.932790
vt 0.200706 0.826704
vt 0.273870 0.833093
vt 0.214634 0.933100
vt 0.310776 0.841080
vt 0.236090 0.934387
vt 0.347604 0.855316
vt 0.257187 0.938422
vt 0.054156 0.841116
vt 0.089585 0.949151
vt 0.017339 0.855369
vt 0.091073 0.833134
vt 0.107819 0.938433
vt 0.127811 0.828698
vt 0.128914 0.934384
vt 0.164308 0.826704
vt 0.150381 0.933101
vt 0.171808 0.932791
vt 0.192581 0.946272
vt 0.202233 0.996952
vt 0.189320 0.997158
vt 0.212438 0.946782
vt 0.213101 0.996781
vt 0.231281 0.948415
vt 0.221093 0.997344
vt 0.247834 0.952289
vt 0.226162 0.999500
vt 0.105058 0.959735
vt 0.143984 0.997309
vt 0.138927 0.999464
vt 0.117191 0.952289
vt 0.151945 0.996756
vt 0.133741 0.948399
vt 0.162758 0.996940
vt 0.152593 0.946768
vt 0.175662 0.997160
vt 0.172447 0.946272
vt 0.259971 0.959725
vt 0.275430 0.949135
vt 0.201699 0.782727
vt 0.240287 0.784150
vt 0.279671 0.787432
vt 0.320710 0.791709
vt 0.364395 0.796030
vt 0.000500 0.796063
vt 0.044154 0.791716
vt 0.085216 0.787539
vt 0.124744 0.784305
vt 0.163328 0.782638
vt 0.520313 0.108615
vt 0.512515 0.104113
vt 0.524463 0.097214
vt 0.515595 0.095651
vt 0.520313 0.094818
vt 0.526101 0.101717
vt 0.524463 0.106219
vt 0.458272 0.148108
vt 0.472653 0.187618
vt 0.317255 0.642764
vt 0.515595 0.107783
vt 0.512515 0.099321
s 1
usemtl Bulp
f 2949/4464/1861 2947/4465/1862 2943/4466/1863
f 2947/4465/1862 2945/4467/1862 2943/4466/1863
f 2945/4467/1864 2944/4468/1864 2943/4466/1864
f 2949/4464/1861 2942/4469/1865 2950/4470/1866
f 2942/4471/1865 2952/4472/1866 2951/4473/1865
f 2943/4474/1863 2953/4475/1862 2952/4472/1866
f 2944/4476/1866 2954/4477/1865 2953/4475/1862
f 2945/4478/1862 2955/4479/1861 2954/4477/1865
f 2946/4480/1865 2956/4481/1867 2955/4482/1861
f 2947/4483/1862 2957/4484/1862 2956/4481/1867
f 2948/4485/1866 2958/4486/1861 2957/4484/1862
f 2949/4487/1861 2959/4488/1862 2958/4486/1861
f 2950/4489/1866 2951/4473/1865 2959/4488/1862
f 2988/4490/1865 2978/4491/1868 2987/4492/1865
f 2989/4493/1862 2979/4494/1866 2988/4490/1865
f 2990/4495/1866 2980/4496/1861 2989/4493/1862
f 2991/4497/1865 2981/4498/1863 2990/4495/1866
f 2992/4499/1862 2982/4500/1868 2991/4501/1865
f 2993/4502/1865 2983/4503/1868 2992/4499/1862
f 2994/4504/1861 2984/4505/1865 2993/4502/1865
f 2995/4506/1862 2985/4507/1868 2994/4504/1861
f 2987/4492/1865 2986/4508/1865 2995/4506/1862
f 2960/4509/1868 2970/4510/1866 2969/4511/1861
f 2961/4512/1869 2971/4513/1870 2970/4510/1866
f 2962/4514/1866 2972/4515/1866 2971/4513/1870
f 2963/4516/1865 2973/4517/1866 2972/4515/1866
f 2964/4518/1866 2974/4519/1865 2973/4520/1866
f 2965/4521/1865 2975/4522/1865 2974/4519/1865
f 2966/4523/1867 2976/4524/1868 2975/4522/1865
f 2967/4525/1866 2977/4526/1866 2976/4524/1868
f 2968/4527/1861 2969/4511/1861 2977/4526/1866
f 2961/4512/1869 2978/4491/1868 2979/4494/1866
f 2962/4514/1866 2979/4494/1866 2980/4496/1861
f 2963/4516/1865 2980/4496/1861 2981/4498/1863
f 2964/4528/1866 2981/4498/1863 2982/4529/1868
f 2965/4521/1865 2982/4500/1868 2983/4503/1868
f 2966/4523/1867 2983/4503/1868 2984/4505/1865
f 2967/4525/1866 2984/4505/1865 2985/4507/1868
f 2968/4527/1861 2985/4507/1868 2986/4508/1865
f 2960/4509/1868 2986/4508/1865 2978/4491/1868
f 2996/4530/1866 2952/4472/1866 2997/4531/1866
f 2997/4531/1866 2953/4475/1862 2998/4532/1865
f 2998/4532/1865 2954/4477/1865 2999/4533/1866
f 2999/4533/1866 2955/4479/1861 3000/4534/1868
f 3000/4535/1868 2956/4481/1867 3001/4536/1862
f 3001/4536/1862 2957/4484/1862 3002/4537/1871
f 3002/4537/1871 2958/4486/1861 3003/4538/1872
f 3003/4538/1872 2959/4488/1862 3004/4539/1873
f 3004/4539/1873 2951/4473/1865 2996/4530/1866
f 2987/4492/1865 2997/4531/1866 2988/4490/1865
f 2988/4490/1865 2998/4532/1865 2989/4493/1862
f 2989/4493/1862 2999/4533/1866 2990/4495/1866
f 2990/4495/1866 3000/4534/1868 2991/4497/1865
f 2991/4501/1865 3001/4536/1862 2992/4499/1862
f 2992/4499/1862 3002/4537/1871 2993/4502/1865
f 2993/4502/1865 3003/4538/1872 2994/4504/1861
f 2994/4504/1861 3004/4539/1873 2995/4506/1862
f 2995/4506/1862 2996/4530/1866 2987/4492/1865
f 2971/4540/1870 2973/4541/1866 2977/4542/1866
f 2973/4541/1866 2975/4543/1865 2977/4542/1866
f 2975/4543/1874 2976/4544/1874 2977/4542/1874
f 2971/4540/1870 2969/4545/1861 2970/4546/1866
f 2949/4464/1861 2948/4547/1866 2947/4465/1862
f 2947/4465/1862 2946/4548/1865 2945/4467/1862
f 2949/4464/1861 2943/4466/1863 2942/4469/1865
f 2942/4471/1865 2943/4474/1863 2952/4472/1866
f 2943/4474/1863 2944/4476/1866 2953/4475/1862
f 2944/4476/1866 2945/4478/1862 2954/4477/1865
f 2945/4478/1862 2946/4549/1865 2955/4479/1861
f 2946/4480/1865 2947/4483/1862 2956/4481/1867
f 2947/4483/1862 2948/4485/1866 2957/4484/1862
f 2948/4485/1866 2949/4487/1861 2958/4486/1861
f 2949/4487/1861 2950/4489/1866 2959/4488/1862
f 2950/4489/1866 2942/4471/1865 2951/4473/1865
f 2988/4490/1865 2979/4494/1866 2978/4491/1868
f 2989/4493/1862 2980/4496/1861 2979/4494/1866
f 2990/4495/1866 2981/4498/1863 2980/4496/1861
f 2991/4497/1865 2982/4529/1868 2981/4498/1863
f 2992/4499/1862 2983/4503/1868 2982/4500/1868
f 2993/4502/1865 2984/4505/1865 2983/4503/1868
f 2994/4504/1861 2985/4507/1868 2984/4505/1865
f 2995/4506/1862 2986/4508/1865 2985/4507/1868
f 2987/4492/1865 2978/4491/1868 2986/4508/1865
f 2960/4509/1868 2961/4512/1869 2970/4510/1866
f 2961/4512/1869 2962/4514/1866 2971/4513/1870
f 2962/4514/1866 2963/4516/1865 2972/4515/1866
f 2963/4516/1865 2964/4528/1866 2973/4517/1866
f 2964/4518/1866 2965/4521/1865 2974/4519/1865
f 2965/4521/1865 2966/4523/1867 2975/4522/1865
f 2966/4523/1867 2967/4525/1866 2976/4524/1868
f 2967/4525/1866 2968/4527/1861 2977/4526/1866
f 2968/4527/1861 2960/4509/1868 2969/4511/1861
f 2961/4512/1869 2960/4509/1868 2978/4491/1868
f 2962/4514/1866 2961/4512/1869 2979/4494/1866
f 2963/4516/1865 2962/4514/1866 2980/4496/1861
f 2964/4528/1866 2963/4516/1865 2981/4498/1863
f 2965/4521/1865 2964/4518/1866 2982/4500/1868
f 2966/4523/1867 2965/4521/1865 2983/4503/1868
f 2967/4525/1866 2966/4523/1867 2984/4505/1865
f 2968/4527/1861 2967/4525/1866 2985/4507/1868
f 2960/4509/1868 2968/4527/1861 2986/4508/1865
f 2996/4530/1866 2951/4473/1865 2952/4472/1866
f 2997/4531/1866 2952/4472/1866 2953/4475/1862
f 2998/4532/1865 2953/4475/1862 2954/4477/1865
f 2999/4533/1866 2954/4477/1865 2955/4479/1861
f 3000/4535/1868 2955/4482/1861 2956/4481/1867
f 3001/4536/1862 2956/4481/1867 2957/4484/1862
f 3002/4537/1871 2957/4484/1862 2958/4486/1861
f 3003/4538/1872 2958/4486/1861 2959/4488/1862
f 3004/4539/1873 2959/4488/1862 2951/4473/1865
f 2987/4492/1865 2996/4530/1866 2997/4531/1866
f 2988/4490/1865 2997/4531/1866 2998/4532/1865
f 2989/4493/1862 2998/4532/1865 2999/4533/1866
f 2990/4495/1866 2999/4533/1866 3000/4534/1868
f 2991/4501/1865 3000/4535/1868 3001/4536/1862
f 2992/4499/1862 3001/4536/1862 3002/4537/1871
f 2993/4502/1865 3002/4537/1871 3003/4538/1872
f 2994/4504/1861 3003/4538/1872 3004/4539/1873
f 2995/4506/1862 3004/4539/1873 2996/4530/1866
f 2971/4540/1870 2972/4550/1866 2973/4541/1866
f 2973/4541/1866 2974/4551/1865 2975/4543/1865
f 2971/4540/1870 2977/4542/1866 2969/4545/1861
o ChandelierBulp006
v 9.427329 17.129099 16.328615
v 9.719333 17.129099 15.980620
v 9.719333 17.129099 15.526343
v 9.427329 17.129099 15.178348
v 8.979954 17.129099 15.099463
v 8.586538 17.129099 15.326601
v 8.431167 17.129099 15.753482
v 8.586538 17.129099 16.180361
v 8.979954 17.129099 16.407499
v 9.712110 18.993521 16.821869
v 10.254544 18.993523 16.175421
v 10.254545 18.993523 15.331541
v 9.712110 18.993523 14.685092
v 8.881050 18.993521 14.538554
v 8.150229 18.993523 14.960494
v 7.861606 18.993523 15.753481
v 8.150229 18.993523 16.546469
v 8.881050 18.993523 16.968409
v 9.287790 23.254452 16.086929
v 9.457087 23.254452 15.885170
v 9.457087 23.254452 15.621793
v 9.287790 23.254452 15.420033
v 9.028415 23.254452 15.374299
v 8.800323 23.254454 15.505987
v 8.710243 23.254454 15.753481
v 8.800323 23.254454 16.000975
v 9.028415 23.254454 16.132664
v 9.166391 24.264872 15.876659
v 9.228930 24.264872 15.802128
v 9.228930 24.264872 15.704834
v 9.166391 24.264872 15.630303
v 9.070576 24.264872 15.613408
v 8.986318 24.264872 15.662055
v 8.953041 24.264872 15.753481
v 8.986318 24.264872 15.844907
v 9.070576 24.264872 15.893554
v 9.414426 23.071589 16.306267
v 9.695083 23.071589 15.971793
v 9.695083 23.071589 15.535169
v 9.414426 23.071589 15.200695
v 8.984435 23.071589 15.124876
v 8.606307 23.071589 15.343188
v 8.456973 23.071589 15.753481
v 8.606307 23.071589 16.163774
v 8.984434 23.071589 16.382086
v 9.708262 20.942780 16.815207
v 10.247315 20.942780 16.172789
v 10.247314 20.942781 15.334172
v 9.708262 20.942781 14.691755
v 8.882386 20.942780 14.546131
v 8.156123 20.942781 14.965439
v 7.869299 20.942781 15.753481
v 8.156123 20.942781 16.541523
v 8.882386 20.942781 16.960831
v 9.776416 19.968674 16.933250
v 10.375401 19.968674 16.219408
v 10.375401 19.968674 15.287553
v 9.776416 19.968674 14.573710
v 8.858717 19.968674 14.411896
v 8.051706 19.968674 14.877824
v 7.732993 19.968674 15.753481
v 8.051706 19.968674 16.629139
v 8.858717 19.968674 17.095066
vn -0.0000 -0.0000 -1.0000
vn -0.0001 -0.0001 -1.0000
vn -0.0000 -1.0000 -0.0000
vn 0.0001 -0.0001 -1.0000
vn -0.0000 -0.0001 -1.0000
vn -0.0001 -0.0000 -1.0000
vn 0.0001 0.0001 -1.0000
vn -0.0000 0.0001 -1.0000
vn 0.0001 -0.0000 -1.0000
vn -0.0000 -0.0002 -1.0000
vn -0.0003 0.0003 -1.0000
vn -0.0002 -0.0000 -1.0000
vn 0.0001 0.0035 -1.0000
vn -0.0000 0.0014 -1.0000
vn -0.0000 -0.0014 -1.0000
vn -0.0000 1.0000 -0.0000
vt 0.481153 0.094818
vt 0.517566 0.115841
vt 0.461779 0.148050
vt 0.503186 0.155352
vt 0.481153 0.159237
vt 0.454127 0.127027
vt 0.461779 0.106004
vt 0.828606 0.005127
vt 0.868679 0.101293
vt 0.830228 0.100081
vt 0.862636 0.006495
vt 0.907697 0.103392
vt 0.894358 0.008600
vt 0.947178 0.103926
vt 0.922558 0.009604
vt 0.987171 0.098216
vt 0.676540 0.005014
vt 0.675318 0.103926
vt 0.635312 0.098212
vt 0.700023 0.009651
vt 0.714745 0.103494
vt 0.728209 0.008676
vt 0.753574 0.101435
vt 0.759901 0.006564
vt 0.792037 0.100029
vt 0.793834 0.005168
vt 0.865967 0.190885
vt 0.821998 0.295018
vt 0.829496 0.188931
vt 0.902660 0.195320
vt 0.843424 0.295327
vt 0.939566 0.203307
vt 0.864880 0.296614
vt 0.976394 0.217544
vt 0.885976 0.300649
vt 0.682946 0.203343
vt 0.718374 0.311378
vt 0.646128 0.217596
vt 0.719863 0.195362
vt 0.736609 0.300661
vt 0.756601 0.190926
vt 0.757704 0.296611
vt 0.793098 0.188932
vt 0.779171 0.295328
vt 0.800598 0.295019
vt 0.821371 0.308500
vt 0.831023 0.359179
vt 0.818110 0.359386
vt 0.841228 0.309009
vt 0.841891 0.359009
vt 0.860071 0.310642
vt 0.849883 0.359571
vt 0.876624 0.314517
vt 0.854952 0.361728
vt 0.733848 0.321962
vt 0.772774 0.359536
vt 0.767717 0.361692
vt 0.745981 0.314517
vt 0.780735 0.358984
vt 0.762531 0.310627
vt 0.791548 0.359168
vt 0.781383 0.308995
vt 0.804452 0.359388
vt 0.801237 0.308499
vt 0.888761 0.321952
vt 0.904220 0.311362
vt 0.830489 0.144955
vt 0.869077 0.146377
vt 0.908461 0.149659
vt 0.949500 0.153936
vt 0.993185 0.158258
vt 0.629290 0.158291
vt 0.672944 0.153943
vt 0.714006 0.149766
vt 0.753534 0.146532
vt 0.792118 0.144866
vt 0.493365 0.059210
vt 0.485566 0.054708
vt 0.497515 0.047809
vt 0.488646 0.046246
vt 0.493365 0.045414
vt 0.499153 0.052312
vt 0.497515 0.056814
vt 0.503186 0.098703
vt 0.517566 0.138214
vt 0.946044 0.004991
vt 0.488646 0.058378
vt 0.485566 0.049916
s 1
usemtl Bulp
f 3012/4552/1875 3010/4553/1876 3006/4554/1875
f 3010/4553/1876 3008/4555/1875 3006/4554/1875
f 3008/4555/1877 3007/4556/1877 3006/4554/1877
f 3012/4552/1875 3005/4557/1878 3013/4558/1879
f 3005/4559/1878 3015/4560/1880 3014/4561/1879
f 3006/4562/1875 3016/4563/1881 3015/4560/1880
f 3007/4564/1879 3017/4565/1876 3016/4563/1881
f 3008/4566/1875 3018/4567/1876 3017/4565/1876
f 3009/4568/1875 3019/4569/1878 3018/4570/1876
f 3010/4571/1876 3020/4572/1875 3019/4569/1878
f 3011/4573/1879 3021/4574/1880 3020/4572/1875
f 3012/4575/1875 3022/4576/1875 3021/4574/1880
f 3013/4577/1879 3014/4561/1879 3022/4576/1875
f 3051/4578/1882 3041/4579/1883 3050/4580/1876
f 3052/4581/1878 3042/4582/1879 3051/4578/1882
f 3053/4583/1879 3043/4584/1882 3052/4581/1878
f 3054/4585/1875 3044/4586/1876 3053/4583/1879
f 3055/4587/1878 3045/4588/1876 3054/4589/1875
f 3056/4590/1884 3046/4591/1879 3055/4587/1878
f 3057/4592/1880 3047/4593/1883 3056/4590/1884
f 3058/4594/1879 3048/4595/1884 3057/4592/1880
f 3050/4580/1876 3049/4596/1875 3058/4594/1879
f 3023/4597/1883 3033/4598/1880 3032/4599/1878
f 3024/4600/1883 3034/4601/1885 3033/4598/1880
f 3025/4602/1875 3035/4603/1879 3034/4601/1885
f 3026/4604/1876 3036/4605/1878 3035/4603/1879
f 3027/4606/1876 3037/4607/1880 3036/4608/1878
f 3028/4609/1875 3038/4610/1875 3037/4607/1880
f 3029/4611/1879 3039/4612/1876 3038/4610/1875
f 3030/4613/1875 3040/4614/1880 3039/4612/1876
f 3031/4615/1875 3032/4599/1878 3040/4614/1880
f 3024/4600/1883 3041/4579/1883 3042/4582/1879
f 3025/4602/1875 3042/4582/1879 3043/4584/1882
f 3026/4604/1876 3043/4584/1882 3044/4586/1876
f 3027/4616/1876 3044/4586/1876 3045/4617/1876
f 3028/4609/1875 3045/4588/1876 3046/4591/1879
f 3029/4611/1879 3046/4591/1879 3047/4593/1883
f 3030/4613/1875 3047/4593/1883 3048/4595/1884
f 3031/4615/1875 3048/4595/1884 3049/4596/1875
f 3023/4597/1883 3049/4596/1875 3041/4579/1883
f 3059/4618/1879 3015/4560/1880 3060/4619/1886
f 3060/4619/1886 3016/4563/1881 3061/4620/1881
f 3061/4620/1881 3017/4565/1876 3062/4621/1875
f 3062/4621/1875 3018/4567/1876 3063/4622/1880
f 3063/4623/1880 3019/4569/1878 3064/4624/1887
f 3064/4624/1887 3020/4572/1875 3065/4625/1888
f 3065/4625/1888 3021/4574/1880 3066/4626/1889
f 3066/4626/1889 3022/4576/1875 3067/4627/1875
f 3067/4627/1875 3014/4561/1879 3059/4618/1879
f 3050/4580/1876 3060/4619/1886 3051/4578/1882
f 3051/4578/1882 3061/4620/1881 3052/4581/1878
f 3052/4581/1878 3062/4621/1875 3053/4583/1879
f 3053/4583/1879 3063/4622/1880 3054/4585/1875
f 3054/4589/1875 3064/4624/1887 3055/4587/1878
f 3055/4587/1878 3065/4625/1888 3056/4590/1884
f 3056/4590/1884 3066/4626/1889 3057/4592/1880
f 3057/4592/1880 3067/4627/1875 3058/4594/1879
f 3058/4594/1879 3059/4618/1879 3050/4580/1876
f 3034/4628/1885 3036/4629/1878 3040/4630/1880
f 3036/4629/1878 3038/4631/1875 3040/4630/1880
f 3038/4631/1890 3039/4632/1890 3040/4630/1890
f 3034/4628/1885 3032/4633/1878 3033/4634/1880
f 3012/4552/1875 3011/4635/1879 3010/4553/1876
f 3010/4553/1876 3009/4636/1875 3008/4555/1875
f 3012/4552/1875 3006/4554/1875 3005/4557/1878
f 3005/4559/1878 3006/4562/1875 3015/4560/1880
f 3006/4562/1875 3007/4564/1879 3016/4563/1881
f 3007/4564/1879 3008/4566/1875 3017/4565/1876
f 3008/4566/1875 3009/4637/1875 3018/4567/1876
f 3009/4568/1875 3010/4571/1876 3019/4569/1878
f 3010/4571/1876 3011/4573/1879 3020/4572/1875
f 3011/4573/1879 3012/4575/1875 3021/4574/1880
f 3012/4575/1875 3013/4577/1879 3022/4576/1875
f 3013/4577/1879 3005/4559/1878 3014/4561/1879
f 3051/4578/1882 3042/4582/1879 3041/4579/1883
f 3052/4581/1878 3043/4584/1882 3042/4582/1879
f 3053/4583/1879 3044/4586/1876 3043/4584/1882
f 3054/4585/1875 3045/4617/1876 3044/4586/1876
f 3055/4587/1878 3046/4591/1879 3045/4588/1876
f 3056/4590/1884 3047/4593/1883 3046/4591/1879
f 3057/4592/1880 3048/4595/1884 3047/4593/1883
f 3058/4594/1879 3049/4596/1875 3048/4595/1884
f 3050/4580/1876 3041/4579/1883 3049/4596/1875
f 3023/4597/1883 3024/4600/1883 3033/4598/1880
f 3024/4600/1883 3025/4602/1875 3034/4601/1885
f 3025/4602/1875 3026/4604/1876 3035/4603/1879
f 3026/4604/1876 3027/4616/1876 3036/4605/1878
f 3027/4606/1876 3028/4609/1875 3037/4607/1880
f 3028/4609/1875 3029/4611/1879 3038/4610/1875
f 3029/4611/1879 3030/4613/1875 3039/4612/1876
f 3030/4613/1875 3031/4615/1875 3040/4614/1880
f 3031/4615/1875 3023/4597/1883 3032/4599/1878
f 3024/4600/1883 3023/4597/1883 3041/4579/1883
f 3025/4602/1875 3024/4600/1883 3042/4582/1879
f 3026/4604/1876 3025/4602/1875 3043/4584/1882
f 3027/4616/1876 3026/4604/1876 3044/4586/1876
f 3028/4609/1875 3027/4606/1876 3045/4588/1876
f 3029/4611/1879 3028/4609/1875 3046/4591/1879
f 3030/4613/1875 3029/4611/1879 3047/4593/1883
f 3031/4615/1875 3030/4613/1875 3048/4595/1884
f 3023/4597/1883 3031/4615/1875 3049/4596/1875
f 3059/4618/1879 3014/4561/1879 3015/4560/1880
f 3060/4619/1886 3015/4560/1880 3016/4563/1881
f 3061/4620/1881 3016/4563/1881 3017/4565/1876
f 3062/4621/1875 3017/4565/1876 3018/4567/1876
f 3063/4623/1880 3018/4570/1876 3019/4569/1878
f 3064/4624/1887 3019/4569/1878 3020/4572/1875
f 3065/4625/1888 3020/4572/1875 3021/4574/1880
f 3066/4626/1889 3021/4574/1880 3022/4576/1875
f 3067/4627/1875 3022/4576/1875 3014/4561/1879
f 3050/4580/1876 3059/4618/1879 3060/4619/1886
f 3051/4578/1882 3060/4619/1886 3061/4620/1881
f 3052/4581/1878 3061/4620/1881 3062/4621/1875
f 3053/4583/1879 3062/4621/1875 3063/4622/1880
f 3054/4589/1875 3063/4623/1880 3064/4624/1887
f 3055/4587/1878 3064/4624/1887 3065/4625/1888
f 3056/4590/1884 3065/4625/1888 3066/4626/1889
f 3057/4592/1880 3066/4626/1889 3067/4627/1875
f 3058/4594/1879 3067/4627/1875 3059/4618/1879
f 3034/4628/1885 3035/4638/1879 3036/4629/1878
f 3036/4629/1878 3037/4639/1880 3038/4631/1875
f 3034/4628/1885 3040/4630/1880 3032/4633/1878
o Rope001
v 10.786261 -1.886325 7.754709
v 10.861581 -1.757715 7.774250
v 10.991485 -1.757715 7.849250
v 11.046068 -1.886325 7.904709
v 10.970748 -2.014935 7.885168
v 10.840844 -2.014935 7.810168
v 10.167437 -1.590023 8.826544
v 10.252776 -1.466210 8.828731
v 10.382680 -1.466210 8.903730
v 10.427244 -1.590023 8.976543
v 10.341905 -1.713836 8.974356
v 10.212001 -1.713836 8.899356
v 9.585368 -1.096045 9.834715
v 9.680933 -0.980910 9.819193
v 9.810837 -0.980910 9.894193
v 9.845177 -1.096045 9.984715
v 9.749612 -1.211181 10.000237
v 9.619708 -1.211181 9.925237
v 9.043755 -0.392269 10.772820
v 9.148821 -0.289482 10.740837
v 9.278725 -0.289482 10.815837
v 9.303562 -0.392269 10.922819
v 9.198494 -0.495056 10.954801
v 9.068590 -0.495056 10.879801
v 8.546294 0.533430 11.634445
v 8.659348 0.621356 11.588631
v 8.789251 0.621356 11.663630
v 8.806102 0.533430 11.784445
v 8.693048 0.445503 11.830258
v 8.563145 0.445503 11.755259
v 8.096687 1.693175 12.413187
v 8.215845 1.765354 12.356798
v 8.345749 1.765354 12.431798
v 8.356495 1.693175 12.563187
v 8.237337 1.620995 12.619575
v 8.107433 1.620995 12.544575
v 7.666297 3.099090 13.158644
v 7.787768 3.163099 13.098249
v 7.917672 3.163099 13.173249
v 7.926105 3.099090 13.308643
v 7.804633 3.035081 13.369039
v 7.674729 3.035081 13.294039
v 11.512535 -1.862264 6.646765
v 11.642439 -1.862264 6.721765
v 11.707391 -1.993944 6.759264
v 12.108906 -1.886326 5.463820
v 12.163489 -1.757716 5.519279
v 12.293393 -1.757715 5.594279
v 12.368713 -1.886325 5.613820
v 12.314130 -2.014935 5.558361
v 12.184226 -2.014935 5.483361
v 12.727730 -1.590024 4.391986
v 12.772294 -1.466211 4.464798
v 12.902198 -1.466211 4.539798
v 12.987537 -1.590024 4.541986
v 12.942973 -1.713837 4.469173
v 12.813069 -1.713837 4.394174
v 13.309797 -1.096046 3.383814
v 13.344137 -0.980911 3.474336
v 13.474041 -0.980911 3.549336
v 13.569605 -1.096046 3.533814
v 13.535266 -1.211182 3.443292
v 13.405362 -1.211182 3.368292
v 13.851412 -0.392270 2.445711
v 13.876249 -0.289483 2.552692
v 14.006153 -0.289483 2.627692
v 14.111219 -0.392270 2.595710
v 14.086384 -0.495057 2.488729
v 13.956480 -0.495057 2.413729
v 14.348872 0.533429 1.584085
v 14.365723 0.621355 1.704899
v 14.495626 0.621355 1.779899
v 14.608680 0.533429 1.734085
v 14.591829 0.445502 1.613271
v 14.461926 0.445502 1.538271
v 14.798479 1.693174 0.805343
v 14.809225 1.765353 0.936731
v 14.939129 1.765353 1.011731
v 15.058287 1.693174 0.955343
v 15.047541 1.620994 0.823955
v 14.917637 1.620994 0.748955
v 15.228869 3.099089 0.059886
v 15.237302 3.163098 0.195280
v 15.367206 3.163098 0.270280
v 15.488677 3.099089 0.209885
v 15.480245 3.035080 0.074491
v 15.350341 3.035080 -0.000509
v 11.447583 -1.993944 6.609264
v 11.642439 -2.125623 6.721765
v 11.512535 -2.125623 6.646765
vn 0.0785 0.4917 -0.8672
vn 0.1560 0.4736 -0.8668
vn 0.0783 0.4917 -0.8673
vn 0.1569 0.9876 -0.0001
vn 0.3128 0.9498 -0.0000
vn 0.1568 0.9876 -0.0000
vn 0.0782 0.4917 0.8672
vn 0.1559 0.4736 0.8668
vn 0.0783 0.4916 0.8673
vn -0.0786 -0.4917 0.8672
vn -0.1560 -0.4737 0.8668
vn -0.1580 -0.9874 0.0001
vn -0.3128 -0.9498 0.0001
vn -0.1579 -0.9875 0.0001
vn -0.0786 -0.4917 -0.8672
vn -0.1560 -0.4736 -0.8668
vn -0.0785 -0.4916 -0.8672
vn 0.1561 0.4737 -0.8668
vn 0.2341 0.4402 -0.8668
vn 0.4695 0.8829 -0.0001
vn 0.1559 0.4737 0.8668
vn 0.2340 0.4402 0.8668
vn -0.1561 -0.4737 0.8667
vn -0.2341 -0.4402 0.8668
vn -0.4695 -0.8829 0.0001
vn -0.1559 -0.4737 -0.8668
vn -0.2340 -0.4402 -0.8669
vn 0.3068 0.3931 -0.8668
vn 0.4695 0.8829 -0.0000
vn 0.6154 0.7882 -0.0000
vn 0.2341 0.4402 0.8668
vn 0.3068 0.3931 0.8668
vn -0.3068 -0.3931 0.8668
vn -0.4695 -0.8829 -0.0000
vn -0.6153 -0.7883 -0.0001
vn -0.3068 -0.3931 -0.8668
vn 0.3068 0.3930 -0.8668
vn 0.3682 0.3365 -0.8667
vn 0.6153 0.7883 0.0001
vn 0.7381 0.6746 0.0001
vn 0.3068 0.3930 0.8669
vn 0.3682 0.3365 0.8667
vn -0.3068 -0.3930 0.8668
vn -0.3682 -0.3365 0.8667
vn -0.7381 -0.6746 -0.0001
vn -0.3068 -0.3930 -0.8668
vn -0.3682 -0.3365 -0.8667
vn 0.4107 0.2839 -0.8664
vn 0.7382 0.6746 0.0001
vn 0.8228 0.5684 0.0001
vn 0.3682 0.3364 0.8668
vn 0.4110 0.2835 0.8664
vn -0.3682 -0.3364 0.8668
vn -0.4110 -0.2834 0.8665
vn -0.8229 -0.5682 -0.0001
vn -0.4107 -0.2839 -0.8664
vn 0.4110 0.2835 -0.8665
vn 0.4262 0.2610 -0.8662
vn 0.8228 0.5683 -0.0000
vn 0.8528 0.5223 0.0001
vn 0.4107 0.2840 0.8664
vn 0.4262 0.2609 0.8662
vn -0.4107 -0.2839 0.8664
vn -0.4263 -0.2609 0.8662
vn -0.8228 -0.5683 -0.0001
vn -0.8530 -0.5220 -0.0001
vn -0.4110 -0.2835 -0.8664
vn -0.4263 -0.2610 -0.8661
vn -0.4927 0.8702 -0.0000
vn -0.4928 0.8702 -0.0000
vn -0.0000 0.4968 -0.8678
vn -0.0000 1.0000 -0.0000
vn -0.0000 0.4968 0.8678
vn -0.0001 -0.4968 0.8678
vn -0.0000 -1.0000 -0.0000
vn 0.0001 -0.4968 -0.8679
vn -0.0000 -0.4968 -0.8679
vn -0.0784 0.4917 -0.8673
vn -0.1559 0.4737 -0.8668
vn -0.1559 0.4736 -0.8668
vn -0.1569 0.9876 0.0001
vn -0.3128 0.9498 -0.0000
vn -0.0783 0.4917 0.8673
vn -0.1561 0.4737 0.8668
vn -0.1560 0.4736 0.8668
vn 0.0785 -0.4917 0.8672
vn 0.1559 -0.4737 0.8668
vn 0.1560 -0.4736 0.8668
vn 0.1579 -0.9875 -0.0000
vn 0.3128 -0.9498 -0.0001
vn 0.3127 -0.9498 -0.0000
vn 0.0786 -0.4917 -0.8672
vn 0.1561 -0.4737 -0.8667
vn 0.1560 -0.4737 -0.8668
vn -0.2341 0.4402 -0.8668
vn -0.2340 0.4402 -0.8668
vn -0.4695 0.8830 -0.0000
vn -0.4695 0.8829 0.0001
vn -0.2341 0.4402 0.8668
vn 0.2341 -0.4402 0.8669
vn 0.2340 -0.4402 0.8669
vn 0.4695 -0.8829 -0.0000
vn 0.4695 -0.8829 -0.0001
vn 0.2341 -0.4402 -0.8668
vn -0.3068 0.3930 -0.8669
vn -0.3067 0.3930 -0.8669
vn -0.6153 0.7883 -0.0001
vn -0.3068 0.3931 0.8668
vn 0.3068 -0.3930 0.8668
vn 0.6153 -0.7883 0.0001
vn 0.6152 -0.7884 0.0001
vn 0.3068 -0.3930 -0.8668
vn 0.3068 -0.3931 -0.8668
vn -0.3682 0.3364 -0.8668
vn -0.3682 0.3365 -0.8667
vn -0.7381 0.6746 -0.0001
vn -0.7382 0.6746 -0.0000
vn -0.3682 0.3365 0.8667
vn 0.3682 -0.3364 0.8668
vn 0.3682 -0.3365 0.8667
vn 0.7379 -0.6749 0.0002
vn 0.7382 -0.6745 0.0001
vn 0.3682 -0.3364 -0.8668
vn 0.3681 -0.3365 -0.8668
vn -0.4107 0.2840 -0.8664
vn -0.4110 0.2834 -0.8665
vn -0.8228 0.5684 -0.0001
vn -0.8227 0.5685 -0.0001
vn -0.4110 0.2835 0.8665
vn -0.4107 0.2839 0.8664
vn 0.4110 -0.2835 0.8664
vn 0.4107 -0.2839 0.8664
vn 0.8228 -0.5683 0.0001
vn 0.8229 -0.5681 -0.0000
vn 0.4107 -0.2839 -0.8664
vn 0.4110 -0.2835 -0.8664
vn -0.4262 0.2610 -0.8661
vn -0.4262 0.2610 -0.8662
vn -0.8528 0.5222 -0.0001
vn -0.8528 0.5223 -0.0001
vn -0.4262 0.2611 0.8661
vn -0.4262 0.2610 0.8662
vn 0.4262 -0.2609 0.8662
vn 0.4263 -0.2609 0.8662
vn 0.8530 -0.5219 -0.0000
vn 0.8530 -0.5220 0.0001
vn 0.4263 -0.2611 -0.8661
vn 0.4262 -0.2608 -0.8662
vn 0.4927 0.8702 -0.0000
vn 0.4928 0.8702 -0.0000
vn -0.0782 0.4918 -0.8672
vn 0.4262 0.2611 -0.8662
vn 0.8528 0.5222 0.0001
vn 0.4262 0.2611 0.8661
vn -0.4263 -0.2610 0.8661
vn -0.8530 -0.5219 -0.0000
vn -0.4263 -0.2609 -0.8661
vn -0.0784 0.4917 0.8672
vn 0.0786 -0.4917 0.8672
vt 0.386953 0.986489
vt 0.431242 0.991699
vt 0.386952 0.991713
vt 0.386926 0.960378
vt 0.431178 0.965614
vt 0.386925 0.965601
vt 0.431176 0.970832
vt 0.386933 0.970821
vt 0.431180 0.976047
vt 0.386942 0.976043
vt 0.431198 0.981261
vt 0.386949 0.981267
vt 0.431227 0.986477
vt 0.475202 0.991693
vt 0.431178 0.960390
vt 0.475061 0.965627
vt 0.475095 0.970845
vt 0.475135 0.976054
vt 0.475170 0.981261
vt 0.475193 0.986473
vt 0.520088 0.991692
vt 0.475047 0.960403
vt 0.519829 0.965641
vt 0.519932 0.970857
vt 0.520038 0.976062
vt 0.520094 0.981263
vt 0.520096 0.986472
vt 0.567311 0.991681
vt 0.519786 0.960417
vt 0.566896 0.965655
vt 0.567113 0.970871
vt 0.567325 0.976071
vt 0.567404 0.981263
vt 0.567355 0.986463
vt 0.618250 0.991671
vt 0.566806 0.960430
vt 0.617683 0.965620
vt 0.618120 0.970838
vt 0.618539 0.976044
vt 0.618637 0.981240
vt 0.618429 0.986449
vt 0.675558 0.991657
vt 0.617526 0.960397
vt 0.674922 0.965170
vt 0.675507 0.970421
vt 0.676069 0.975737
vt 0.676175 0.981089
vt 0.675844 0.986404
vt 0.737585 0.210102
vt 0.742106 0.202272
vt 0.746626 0.210102
vt 0.340747 0.986512
vt 0.340747 0.991773
vt 0.340747 0.965586
vt 0.340747 0.960372
vt 0.340747 0.970825
vt 0.340747 0.976060
vt 0.340747 0.981261
vt 0.294505 0.986489
vt 0.250119 0.991699
vt 0.250134 0.986477
vt 0.294532 0.960378
vt 0.250183 0.965613
vt 0.250183 0.960390
vt 0.294533 0.965601
vt 0.250185 0.970832
vt 0.294526 0.970821
vt 0.250182 0.976047
vt 0.294517 0.976043
vt 0.250163 0.981261
vt 0.294509 0.981267
vt 0.206019 0.991693
vt 0.206028 0.986472
vt 0.206160 0.965627
vt 0.206174 0.960403
vt 0.206126 0.970844
vt 0.206086 0.976053
vt 0.206051 0.981260
vt 0.160977 0.991691
vt 0.160969 0.986471
vt 0.161236 0.965640
vt 0.161278 0.960416
vt 0.161133 0.970856
vt 0.161027 0.976061
vt 0.160971 0.981262
vt 0.113614 0.991681
vt 0.113570 0.986463
vt 0.114028 0.965654
vt 0.114117 0.960429
vt 0.113811 0.970870
vt 0.113600 0.976070
vt 0.113521 0.981262
vt 0.062577 0.991671
vt 0.062399 0.986449
vt 0.063144 0.965619
vt 0.063300 0.960396
vt 0.062707 0.970837
vt 0.062288 0.976043
vt 0.062190 0.981240
vt 0.005235 0.991662
vt 0.004949 0.986409
vt 0.005870 0.965180
vt 0.006063 0.959956
vt 0.005285 0.970431
vt 0.004724 0.975745
vt 0.004618 0.981095
vt 0.700525 0.271869
vt 0.705046 0.264039
vt 0.709566 0.271869
vt 0.294507 0.991713
vt 0.674727 0.959946
vt 0.742106 0.212712
vt 0.737585 0.204882
vt 0.746626 0.204882
vt 0.705046 0.274479
vt 0.700525 0.266649
vt 0.709566 0.266649
s 1
usemtl Chandelier02
f 3068/4640/1891 3075/4641/1892 3069/4642/1893
f 3069/4643/1894 3076/4644/1895 3070/4645/1896
f 3070/4645/1897 3077/4646/1898 3071/4647/1899
f 3071/4647/1900 3078/4648/1901 3072/4649/1900
f 3072/4649/1902 3079/4650/1903 3073/4651/1904
f 3073/4651/1905 3074/4652/1906 3068/4640/1907
f 3074/4652/1908 3081/4653/1909 3075/4641/1892
f 3075/4654/1895 3082/4655/1910 3076/4644/1895
f 3076/4644/1911 3083/4656/1912 3077/4646/1898
f 3077/4646/1913 3084/4657/1914 3078/4648/1901
f 3078/4648/1903 3085/4658/1915 3079/4650/1903
f 3079/4650/1916 3080/4659/1917 3074/4652/1906
f 3080/4659/1909 3087/4660/1918 3081/4653/1909
f 3081/4661/1919 3088/4662/1920 3082/4655/1910
f 3082/4655/1921 3089/4663/1922 3083/4656/1912
f 3083/4656/1914 3090/4664/1923 3084/4657/1914
f 3084/4657/1924 3091/4665/1925 3085/4658/1915
f 3085/4658/1917 3086/4666/1926 3080/4659/1917
f 3086/4666/1927 3093/4667/1928 3087/4660/1918
f 3087/4668/1929 3094/4669/1930 3088/4662/1920
f 3088/4662/1931 3095/4670/1932 3089/4663/1922
f 3089/4663/1933 3096/4671/1934 3090/4664/1923
f 3090/4664/1925 3097/4672/1935 3091/4665/1925
f 3091/4665/1936 3092/4673/1937 3086/4666/1926
f 3092/4673/1928 3099/4674/1938 3093/4667/1928
f 3093/4675/1939 3100/4676/1940 3094/4669/1930
f 3094/4669/1941 3101/4677/1942 3095/4670/1932
f 3095/4670/1943 3102/4678/1944 3096/4671/1934
f 3096/4671/1935 3103/4679/1945 3097/4672/1935
f 3097/4672/1937 3098/4680/1946 3092/4673/1937
f 3098/4680/1947 3105/4681/1948 3099/4674/1938
f 3099/4682/1949 3106/4683/1950 3100/4676/1940
f 3100/4676/1951 3107/4684/1952 3101/4677/1942
f 3101/4677/1953 3108/4685/1954 3102/4678/1944
f 3102/4678/1955 3109/4686/1956 3103/4679/1945
f 3103/4679/1957 3104/4687/1958 3098/4680/1946
f 3109/4688/1959 3107/4689/1960 3105/4690/1959
f 3155/4691/1961 3069/4642/1893 3110/4692/1961
f 3069/4643/1894 3111/4693/1962 3110/4694/1962
f 3070/4645/1897 3112/4695/1963 3111/4693/1963
f 3071/4647/1900 3156/4696/1964 3112/4695/1964
f 3072/4649/1902 3157/4697/1965 3156/4696/1965
f 3073/4651/1905 3155/4691/1966 3157/4697/1967
f 3113/4698/1968 3120/4699/1969 3119/4700/1970
f 3114/4701/1971 3121/4702/1972 3120/4703/1972
f 3115/4704/1973 3122/4705/1974 3121/4702/1975
f 3116/4706/1976 3123/4707/1977 3122/4705/1978
f 3117/4708/1979 3124/4709/1980 3123/4707/1981
f 3118/4710/1982 3119/4700/1983 3124/4709/1984
f 3119/4700/1970 3126/4711/1985 3125/4712/1986
f 3120/4703/1972 3127/4713/1987 3126/4714/1988
f 3121/4702/1975 3128/4715/1989 3127/4713/1989
f 3122/4705/1978 3129/4716/1990 3128/4715/1991
f 3123/4707/1981 3130/4717/1992 3129/4716/1993
f 3124/4709/1984 3125/4712/1994 3130/4717/1994
f 3125/4712/1986 3132/4718/1995 3131/4719/1996
f 3126/4714/1988 3133/4720/1997 3132/4721/1997
f 3127/4713/1989 3134/4722/1998 3133/4720/1998
f 3128/4715/1991 3135/4723/1999 3134/4722/1999
f 3129/4716/1993 3136/4724/2000 3135/4723/2001
f 3130/4717/1994 3131/4719/2002 3136/4724/2003
f 3131/4719/1996 3138/4725/2004 3137/4726/2005
f 3132/4721/1997 3139/4727/2006 3138/4728/2007
f 3133/4720/1998 3140/4729/2008 3139/4727/2008
f 3134/4722/1999 3141/4730/2009 3140/4729/2010
f 3135/4723/2001 3142/4731/2011 3141/4730/2012
f 3136/4724/2003 3137/4726/2013 3142/4731/2014
f 3137/4726/2005 3144/4732/2015 3143/4733/2016
f 3138/4728/2007 3145/4734/2017 3144/4735/2018
f 3139/4727/2008 3146/4736/2019 3145/4734/2020
f 3140/4729/2010 3147/4737/2021 3146/4736/2022
f 3141/4730/2012 3148/4738/2023 3147/4737/2024
f 3142/4731/2014 3143/4733/2025 3148/4738/2026
f 3143/4733/2016 3150/4739/2027 3149/4740/2028
f 3144/4735/2018 3151/4741/2029 3150/4742/2030
f 3145/4734/2020 3152/4743/2031 3151/4741/2032
f 3146/4736/2022 3153/4744/2033 3152/4743/2034
f 3147/4737/2024 3154/4745/2035 3153/4744/2036
f 3148/4738/2026 3149/4740/2037 3154/4745/2038
f 3150/4746/2039 3152/4747/2040 3154/4748/2039
f 3155/4691/1961 3114/4749/2041 3113/4698/1968
f 3111/4693/1962 3114/4701/1971 3110/4694/1962
f 3112/4695/1963 3115/4704/1973 3111/4693/1963
f 3156/4696/1964 3116/4706/1976 3112/4695/1964
f 3157/4697/1965 3117/4708/1979 3156/4696/1965
f 3155/4691/1966 3118/4710/1982 3157/4697/1967
f 3068/4640/1891 3074/4652/1908 3075/4641/1892
f 3069/4643/1894 3075/4654/1895 3076/4644/1895
f 3070/4645/1897 3076/4644/1911 3077/4646/1898
f 3071/4647/1900 3077/4646/1913 3078/4648/1901
f 3072/4649/1902 3078/4648/1903 3079/4650/1903
f 3073/4651/1905 3079/4650/1916 3074/4652/1906
f 3074/4652/1908 3080/4659/1909 3081/4653/1909
f 3075/4654/1895 3081/4661/1919 3082/4655/1910
f 3076/4644/1911 3082/4655/1921 3083/4656/1912
f 3077/4646/1913 3083/4656/1914 3084/4657/1914
f 3078/4648/1903 3084/4657/1924 3085/4658/1915
f 3079/4650/1916 3085/4658/1917 3080/4659/1917
f 3080/4659/1909 3086/4666/1927 3087/4660/1918
f 3081/4661/1919 3087/4668/1929 3088/4662/1920
f 3082/4655/1921 3088/4662/1931 3089/4663/1922
f 3083/4656/1914 3089/4663/1933 3090/4664/1923
f 3084/4657/1924 3090/4664/1925 3091/4665/1925
f 3085/4658/1917 3091/4665/1936 3086/4666/1926
f 3086/4666/1927 3092/4673/1928 3093/4667/1928
f 3087/4668/1929 3093/4675/1939 3094/4669/1930
f 3088/4662/1931 3094/4669/1941 3095/4670/1932
f 3089/4663/1933 3095/4670/1943 3096/4671/1934
f 3090/4664/1925 3096/4671/1935 3097/4672/1935
f 3091/4665/1936 3097/4672/1937 3092/4673/1937
f 3092/4673/1928 3098/4680/1947 3099/4674/1938
f 3093/4675/1939 3099/4682/1949 3100/4676/1940
f 3094/4669/1941 3100/4676/1951 3101/4677/1942
f 3095/4670/1943 3101/4677/1953 3102/4678/1944
f 3096/4671/1935 3102/4678/1955 3103/4679/1945
f 3097/4672/1937 3103/4679/1957 3098/4680/1946
f 3098/4680/1947 3104/4687/2042 3105/4681/1948
f 3099/4682/1949 3105/4750/2043 3106/4683/1950
f 3100/4676/1951 3106/4683/2044 3107/4684/1952
f 3101/4677/1953 3107/4684/2045 3108/4685/1954
f 3102/4678/1955 3108/4685/2046 3109/4686/1956
f 3103/4679/1957 3109/4686/2047 3104/4687/1958
f 3105/4690/1959 3104/4751/1960 3109/4688/1959
f 3109/4688/1959 3108/4752/1959 3107/4689/1960
f 3107/4689/1960 3106/4753/1959 3105/4690/1959
f 3155/4691/1961 3068/4640/1891 3069/4642/1893
f 3069/4643/1894 3070/4645/1896 3111/4693/1962
f 3070/4645/1897 3071/4647/1899 3112/4695/1963
f 3071/4647/1900 3072/4649/1900 3156/4696/1964
f 3072/4649/1902 3073/4651/1904 3157/4697/1965
f 3073/4651/1905 3068/4640/1907 3155/4691/1966
f 3113/4698/1968 3114/4749/2041 3120/4699/1969
f 3114/4701/1971 3115/4704/1971 3121/4702/1972
f 3115/4704/1973 3116/4706/2048 3122/4705/1974
f 3116/4706/1976 3117/4708/2049 3123/4707/1977
f 3117/4708/1979 3118/4710/1979 3124/4709/1980
f 3118/4710/1982 3113/4698/1982 3119/4700/1983
f 3119/4700/1970 3120/4699/1969 3126/4711/1985
f 3120/4703/1972 3121/4702/1972 3127/4713/1987
f 3121/4702/1975 3122/4705/1974 3128/4715/1989
f 3122/4705/1978 3123/4707/1977 3129/4716/1990
f 3123/4707/1981 3124/4709/1980 3130/4717/1992
f 3124/4709/1984 3119/4700/1983 3125/4712/1994
f 3125/4712/1986 3126/4711/1985 3132/4718/1995
f 3126/4714/1988 3127/4713/1987 3133/4720/1997
f 3127/4713/1989 3128/4715/1989 3134/4722/1998
f 3128/4715/1991 3129/4716/1990 3135/4723/1999
f 3129/4716/1993 3130/4717/1992 3136/4724/2000
f 3130/4717/1994 3125/4712/1994 3131/4719/2002
f 3131/4719/1996 3132/4718/1995 3138/4725/2004
f 3132/4721/1997 3133/4720/1997 3139/4727/2006
f 3133/4720/1998 3134/4722/1998 3140/4729/2008
f 3134/4722/1999 3135/4723/1999 3141/4730/2009
f 3135/4723/2001 3136/4724/2000 3142/4731/2011
f 3136/4724/2003 3131/4719/2002 3137/4726/2013
f 3137/4726/2005 3138/4725/2004 3144/4732/2015
f 3138/4728/2007 3139/4727/2006 3145/4734/2017
f 3139/4727/2008 3140/4729/2008 3146/4736/2019
f 3140/4729/2010 3141/4730/2009 3147/4737/2021
f 3141/4730/2012 3142/4731/2011 3148/4738/2023
f 3142/4731/2014 3137/4726/2013 3143/4733/2025
f 3143/4733/2016 3144/4732/2015 3150/4739/2027
f 3144/4735/2018 3145/4734/2017 3151/4741/2029
f 3145/4734/2020 3146/4736/2019 3152/4743/2031
f 3146/4736/2022 3147/4737/2021 3153/4744/2033
f 3147/4737/2024 3148/4738/2023 3154/4745/2035
f 3148/4738/2026 3143/4733/2025 3149/4740/2037
f 3154/4748/2039 3149/4754/2040 3150/4746/2039
f 3150/4746/2039 3151/4755/2039 3152/4747/2040
f 3152/4747/2040 3153/4756/2040 3154/4748/2039
f 3155/4691/1961 3110/4692/1961 3114/4749/2041
f 3111/4693/1962 3115/4704/1971 3114/4701/1971
f 3112/4695/1963 3116/4706/2048 3115/4704/1973
f 3156/4696/1964 3117/4708/2049 3116/4706/1976
f 3157/4697/1965 3118/4710/1979 3117/4708/1979
f 3155/4691/1966 3113/4698/1982 3118/4710/1982
o Rope003
v 12.108905 -1.886326 -5.463822
v 12.163488 -1.757716 -5.519281
v 12.293392 -1.757716 -5.594281
v 12.368712 -1.886326 -5.613822
v 12.314129 -2.014936 -5.558363
v 12.184225 -2.014936 -5.483363
v 12.727729 -1.590024 -4.391988
v 12.772293 -1.466211 -4.464800
v 12.902197 -1.466211 -4.539800
v 12.987536 -1.590024 -4.541988
v 12.942972 -1.713837 -4.469175
v 12.813068 -1.713837 -4.394176
v 13.309796 -1.096046 -3.383816
v 13.344136 -0.980911 -3.474338
v 13.474040 -0.980911 -3.549338
v 13.569605 -1.096046 -3.533816
v 13.535265 -1.211182 -3.443294
v 13.405361 -1.211182 -3.368294
v 13.851412 -0.392270 -2.445713
v 13.876247 -0.289483 -2.552694
v 14.006151 -0.289483 -2.627694
v 14.111219 -0.392270 -2.595712
v 14.086382 -0.495057 -2.488730
v 13.956478 -0.495057 -2.413731
v 14.348871 0.533429 -1.584087
v 14.365722 0.621355 -1.704901
v 14.495625 0.621355 -1.779901
v 14.608679 0.533429 -1.734087
v 14.591828 0.445502 -1.613273
v 14.461925 0.445502 -1.538273
v 14.798478 1.693174 -0.805345
v 14.809223 1.765353 -0.936733
v 14.939127 1.765353 -1.011733
v 15.058286 1.693174 -0.955345
v 15.047541 1.620994 -0.823956
v 14.917637 1.620994 -0.748957
v 15.228868 3.099089 -0.059887
v 15.237301 3.163098 -0.195282
v 15.367205 3.163098 -0.270282
v 15.488676 3.099089 -0.209887
v 15.480244 3.035080 -0.074492
v 15.350340 3.035080 0.000507
v 11.512534 -1.862265 -6.646767
v 11.642438 -1.862265 -6.721766
v 11.707390 -1.993945 -6.759266
v 10.786260 -1.886327 -7.754711
v 10.861580 -1.757717 -7.774252
v 10.991484 -1.757717 -7.849252
v 11.046067 -1.886327 -7.904711
v 10.970747 -2.014936 -7.885170
v 10.840843 -2.014936 -7.810170
v 10.167436 -1.590025 -8.826546
v 10.252775 -1.466212 -8.828732
v 10.382679 -1.466212 -8.903732
v 10.427243 -1.590025 -8.976545
v 10.341904 -1.713838 -8.974358
v 10.212000 -1.713838 -8.899358
v 9.585367 -1.096047 -9.834717
v 9.680932 -0.980912 -9.819195
v 9.810836 -0.980912 -9.894195
v 9.845175 -1.096047 -9.984716
v 9.749611 -1.211183 -10.000238
v 9.619707 -1.211183 -9.925239
v 9.043753 -0.392271 -10.772821
v 9.148821 -0.289484 -10.740839
v 9.278725 -0.289484 -10.815839
v 9.303560 -0.392271 -10.922821
v 9.198494 -0.495058 -10.954803
v 9.068590 -0.495058 -10.879803
v 8.546293 0.533428 -11.634447
v 8.659347 0.621354 -11.588633
v 8.789250 0.621354 -11.663632
v 8.806101 0.533428 -11.784447
v 8.693048 0.445501 -11.830260
v 8.563144 0.445501 -11.755260
v 8.096686 1.693173 -12.413189
v 8.215845 1.765352 -12.356800
v 8.345749 1.765352 -12.431800
v 8.356494 1.693173 -12.563189
v 8.237335 1.620993 -12.619576
v 8.107431 1.620993 -12.544577
v 7.666296 3.099088 -13.158646
v 7.787767 3.163097 -13.098251
v 7.917671 3.163097 -13.173251
v 7.926104 3.099088 -13.308645
v 7.804632 3.035079 -13.369040
v 7.674728 3.035079 -13.294041
v 11.447582 -1.993945 -6.609266
v 11.642438 -2.125623 -6.721766
v 11.512534 -2.125623 -6.646767
vn 0.0783 0.4917 -0.8672
vn 0.1560 0.4737 -0.8668
vn 0.0783 0.4919 -0.8671
vn 0.1568 0.9876 -0.0001
vn 0.3129 0.9498 -0.0002
vn 0.0784 0.4918 0.8672
vn 0.1560 0.4736 0.8668
vn -0.0785 -0.4918 0.8672
vn -0.1559 -0.4738 0.8667
vn -0.0785 -0.4919 0.8671
vn -0.1579 -0.9875 -0.0000
vn -0.3128 -0.9498 -0.0000
vn -0.0787 -0.4918 -0.8672
vn -0.1561 -0.4737 -0.8667
vn -0.0786 -0.4917 -0.8672
vn 0.1560 0.4736 -0.8668
vn 0.2341 0.4402 -0.8669
vn 0.3128 0.9498 -0.0000
vn 0.4696 0.8829 0.0001
vn 0.2340 0.4402 0.8669
vn -0.1559 -0.4737 0.8668
vn -0.2341 -0.4401 0.8669
vn -0.4696 -0.8829 -0.0001
vn -0.2341 -0.4402 -0.8669
vn 0.2341 0.4401 -0.8669
vn 0.3069 0.3930 -0.8668
vn 0.4696 0.8829 -0.0000
vn 0.6150 0.7885 0.0004
vn 0.3068 0.3930 0.8668
vn -0.2341 -0.4402 0.8668
vn -0.3067 -0.3931 0.8668
vn -0.4697 -0.8828 0.0002
vn -0.6153 -0.7883 0.0001
vn -0.2340 -0.4402 -0.8669
vn -0.3068 -0.3931 -0.8668
vn 0.3068 0.3931 -0.8668
vn 0.3682 0.3365 -0.8667
vn 0.6153 0.7883 -0.0000
vn 0.7382 0.6746 -0.0000
vn 0.3067 0.3930 0.8669
vn 0.3681 0.3365 0.8668
vn -0.3068 -0.3931 0.8668
vn -0.3682 -0.3365 0.8667
vn -0.6152 -0.7884 -0.0001
vn -0.7382 -0.6746 -0.0000
vn -0.3681 -0.3365 -0.8667
vn 0.4108 0.2840 -0.8664
vn 0.8228 0.5683 -0.0000
vn 0.4109 0.2836 0.8665
vn -0.4110 -0.2836 0.8664
vn -0.8229 -0.5682 0.0001
vn -0.3682 -0.3365 -0.8667
vn -0.4106 -0.2839 -0.8665
vn 0.4111 0.2836 -0.8664
vn 0.4262 0.2611 -0.8661
vn 0.8228 0.5683 -0.0001
vn 0.8527 0.5223 -0.0000
vn 0.4106 0.2839 0.8665
vn 0.4262 0.2609 0.8662
vn -0.4108 -0.2840 0.8664
vn -0.4265 -0.2609 0.8661
vn -0.8231 -0.5679 0.0004
vn -0.8529 -0.5220 0.0001
vn -0.4110 -0.2835 -0.8665
vn -0.4262 -0.2608 -0.8662
vn -0.4928 0.8702 -0.0001
vn -0.4928 0.8701 -0.0001
vn -0.4928 0.8701 -0.0000
vn -0.0001 0.4970 -0.8677
vn -0.0000 0.4970 -0.8677
vn -0.0000 1.0000 -0.0000
vn 0.0001 0.4970 0.8677
vn -0.0000 0.4970 0.8677
vn -0.0001 -0.4969 0.8678
vn -0.0000 -1.0000 -0.0000
vn -0.0000 -0.4970 -0.8678
vn -0.0785 0.4918 -0.8672
vn -0.1560 0.4736 -0.8668
vn -0.1569 0.9876 0.0001
vn -0.3128 0.9498 -0.0000
vn -0.0783 0.4919 0.8671
vn -0.1560 0.4736 0.8668
vn -0.1560 0.4737 0.8668
vn 0.0786 -0.4918 0.8672
vn 0.1561 -0.4737 0.8667
vn 0.1579 -0.9875 -0.0000
vn 0.3128 -0.9498 -0.0000
vn 0.0786 -0.4918 -0.8671
vn 0.1559 -0.4737 -0.8668
vn 0.1559 -0.4738 -0.8667
vn -0.2340 0.4402 -0.8669
vn -0.4696 0.8829 -0.0001
vn -0.4697 0.8828 0.0001
vn -0.2341 0.4401 0.8669
vn -0.2341 0.4402 0.8669
vn 0.2340 -0.4402 0.8669
vn 0.2341 -0.4402 0.8669
vn 0.4695 -0.8830 0.0002
vn 0.4696 -0.8829 -0.0000
vn 0.2341 -0.4402 -0.8668
vn 0.2341 -0.4401 -0.8669
vn -0.3067 0.3930 -0.8669
vn -0.3068 0.3930 -0.8668
vn -0.6153 0.7883 0.0001
vn -0.6151 0.7884 -0.0002
vn -0.3068 0.3931 0.8668
vn -0.3069 0.3930 0.8668
vn 0.3068 -0.3931 0.8668
vn 0.3068 -0.3930 0.8668
vn 0.6152 -0.7884 0.0001
vn 0.6153 -0.7883 -0.0001
vn 0.3068 -0.3931 -0.8668
vn 0.3067 -0.3931 -0.8668
vn -0.3681 0.3365 -0.8668
vn -0.3681 0.3365 -0.8667
vn -0.7382 0.6746 0.0001
vn -0.7381 0.6747 -0.0001
vn -0.3682 0.3365 0.8667
vn 0.3682 -0.3365 0.8667
vn 0.3681 -0.3365 0.8667
vn 0.7380 -0.6748 0.0003
vn 0.7382 -0.6746 -0.0001
vn 0.3682 -0.3365 -0.8667
vn -0.4106 0.2839 -0.8665
vn -0.4110 0.2835 -0.8665
vn -0.8228 0.5683 -0.0000
vn -0.4111 0.2836 0.8664
vn -0.4107 0.2840 0.8664
vn 0.4110 -0.2835 0.8664
vn 0.4106 -0.2839 0.8665
vn 0.8229 -0.5682 -0.0000
vn 0.8230 -0.5681 -0.0002
vn 0.4108 -0.2840 -0.8664
vn 0.4111 -0.2835 -0.8664
vn -0.4261 0.2610 -0.8662
vn -0.4262 0.2609 -0.8662
vn -0.8527 0.5224 -0.0000
vn -0.8527 0.5223 -0.0000
vn -0.4263 0.2610 0.8661
vn -0.4263 0.2611 0.8661
vn 0.4261 -0.2609 0.8663
vn 0.4262 -0.2608 0.8662
vn 0.8529 -0.5221 -0.0000
vn 0.8529 -0.5220 -0.0001
vn 0.4264 -0.2608 -0.8661
vn 0.4928 0.8701 -0.0000
vn 0.4928 0.8701 0.0001
vn 0.4928 0.8702 0.0001
vn -0.0783 0.4917 -0.8672
vn 0.4262 0.2610 -0.8662
vn 0.8527 0.5224 -0.0000
vn 0.4261 0.2611 0.8662
vn -0.4263 -0.2609 0.8662
vn -0.8529 -0.5221 -0.0000
vn -0.4261 -0.2609 -0.8662
vn -0.1568 0.9876 0.0001
vn -0.0783 0.4918 0.8672
vn 0.0788 -0.4918 0.8671
vn 0.0785 -0.4918 -0.8672
vt 0.386953 0.986489
vt 0.431242 0.991699
vt 0.386952 0.991713
vt 0.386926 0.960378
vt 0.431178 0.965614
vt 0.386925 0.965601
vt 0.431176 0.970832
vt 0.386933 0.970821
vt 0.431180 0.976047
vt 0.386942 0.976043
vt 0.431198 0.981261
vt 0.386949 0.981267
vt 0.431227 0.986477
vt 0.475202 0.991693
vt 0.431178 0.960390
vt 0.475061 0.965627
vt 0.475095 0.970845
vt 0.475135 0.976054
vt 0.475170 0.981261
vt 0.475193 0.986473
vt 0.520088 0.991692
vt 0.475047 0.960403
vt 0.519829 0.965641
vt 0.519932 0.970857
vt 0.520038 0.976062
vt 0.520094 0.981263
vt 0.520096 0.986472
vt 0.567311 0.991681
vt 0.519786 0.960417
vt 0.566896 0.965655
vt 0.567113 0.970871
vt 0.567325 0.976071
vt 0.567404 0.981263
vt 0.567355 0.986463
vt 0.618250 0.991671
vt 0.566806 0.960430
vt 0.617683 0.965620
vt 0.618120 0.970838
vt 0.618539 0.976044
vt 0.618637 0.981240
vt 0.618429 0.986449
vt 0.675558 0.991657
vt 0.617526 0.960397
vt 0.674922 0.965170
vt 0.675507 0.970421
vt 0.676069 0.975737
vt 0.676175 0.981089
vt 0.675844 0.986404
vt 0.737585 0.210102
vt 0.742106 0.202272
vt 0.746626 0.210102
vt 0.340747 0.986512
vt 0.340747 0.991773
vt 0.340747 0.965586
vt 0.340747 0.960372
vt 0.340747 0.970825
vt 0.340747 0.976060
vt 0.340747 0.981261
vt 0.294505 0.986489
vt 0.250119 0.991699
vt 0.250134 0.986477
vt 0.294532 0.960378
vt 0.250183 0.965613
vt 0.250183 0.960390
vt 0.294533 0.965601
vt 0.250185 0.970832
vt 0.294526 0.970821
vt 0.250182 0.976047
vt 0.294517 0.976043
vt 0.250163 0.981261
vt 0.294509 0.981267
vt 0.206019 0.991693
vt 0.206028 0.986472
vt 0.206160 0.965627
vt 0.206174 0.960403
vt 0.206126 0.970844
vt 0.206086 0.976053
vt 0.206051 0.981260
vt 0.160977 0.991691
vt 0.160969 0.986471
vt 0.161236 0.965640
vt 0.161278 0.960416
vt 0.161133 0.970856
vt 0.161027 0.976061
vt 0.160971 0.981262
vt 0.113614 0.991681
vt 0.113570 0.986463
vt 0.114028 0.965654
vt 0.114117 0.960429
vt 0.113811 0.970870
vt 0.113600 0.976070
vt 0.113521 0.981262
vt 0.062577 0.991671
vt 0.062399 0.986449
vt 0.063144 0.965619
vt 0.063300 0.960396
vt 0.062707 0.970837
vt 0.062288 0.976043
vt 0.062190 0.981240
vt 0.005235 0.991662
vt 0.004949 0.986409
vt 0.005870 0.965180
vt 0.006063 0.959956
vt 0.005285 0.970431
vt 0.004724 0.975745
vt 0.004618 0.981095
vt 0.700525 0.271869
vt 0.705046 0.264039
vt 0.709566 0.271869
vt 0.294507 0.991713
vt 0.674727 0.959946
vt 0.742106 0.212712
vt 0.737585 0.204882
vt 0.746626 0.204882
vt 0.705046 0.274479
vt 0.700525 0.266649
vt 0.709566 0.266649
s 1
usemtl Chandelier02
f 3158/4757/2050 3165/4758/2051 3159/4759/2052
f 3159/4760/2053 3166/4761/2054 3160/4762/2053
f 3160/4762/2055 3167/4763/2056 3161/4764/2055
f 3161/4764/2057 3168/4765/2058 3162/4766/2059
f 3162/4766/2060 3169/4767/2061 3163/4768/2060
f 3163/4768/2062 3164/4769/2063 3158/4757/2064
f 3164/4769/2065 3171/4770/2066 3165/4758/2051
f 3165/4771/2067 3172/4772/2068 3166/4761/2054
f 3166/4761/2056 3173/4773/2069 3167/4763/2056
f 3167/4763/2070 3174/4774/2071 3168/4765/2058
f 3168/4765/2061 3175/4775/2072 3169/4767/2061
f 3169/4767/2063 3170/4776/2073 3164/4769/2063
f 3170/4776/2074 3177/4777/2075 3171/4770/2066
f 3171/4778/2076 3178/4779/2077 3172/4772/2068
f 3172/4772/2069 3179/4780/2078 3173/4773/2069
f 3173/4773/2079 3180/4781/2080 3174/4774/2071
f 3174/4774/2081 3181/4782/2082 3175/4775/2072
f 3175/4775/2083 3176/4783/2084 3170/4776/2073
f 3176/4783/2085 3183/4784/2086 3177/4777/2075
f 3177/4785/2087 3184/4786/2088 3178/4779/2077
f 3178/4779/2089 3185/4787/2090 3179/4780/2078
f 3179/4780/2091 3186/4788/2092 3180/4781/2080
f 3180/4781/2093 3187/4789/2094 3181/4782/2082
f 3181/4782/2084 3182/4790/2095 3176/4783/2084
f 3182/4790/2086 3189/4791/2096 3183/4784/2086
f 3183/4792/2088 3190/4793/2097 3184/4786/2088
f 3184/4786/2090 3191/4794/2098 3185/4787/2090
f 3185/4787/2092 3192/4795/2099 3186/4788/2092
f 3186/4788/2094 3193/4796/2100 3187/4789/2094
f 3187/4789/2101 3188/4797/2102 3182/4790/2095
f 3188/4797/2103 3195/4798/2104 3189/4791/2096
f 3189/4799/2105 3196/4800/2106 3190/4793/2097
f 3190/4793/2107 3197/4801/2108 3191/4794/2098
f 3191/4794/2109 3198/4802/2110 3192/4795/2099
f 3192/4795/2111 3199/4803/2112 3193/4796/2100
f 3193/4796/2113 3194/4804/2114 3188/4797/2102
f 3199/4805/2115 3197/4806/2116 3195/4807/2117
f 3245/4808/2118 3159/4759/2052 3200/4809/2119
f 3159/4760/2053 3201/4810/2120 3200/4811/2120
f 3160/4762/2055 3202/4812/2121 3201/4810/2122
f 3161/4764/2057 3246/4813/2123 3202/4812/2123
f 3162/4766/2060 3247/4814/2124 3246/4813/2124
f 3163/4768/2062 3245/4808/2125 3247/4814/2125
f 3203/4815/2126 3210/4816/2127 3209/4817/2127
f 3204/4818/2128 3211/4819/2129 3210/4820/2129
f 3205/4821/2130 3212/4822/2131 3211/4819/2132
f 3206/4823/2133 3213/4824/2134 3212/4822/2134
f 3207/4825/2135 3214/4826/2136 3213/4824/2136
f 3208/4827/2137 3209/4817/2138 3214/4826/2139
f 3209/4817/2127 3216/4828/2140 3215/4829/2140
f 3210/4820/2129 3217/4830/2141 3216/4831/2142
f 3211/4819/2132 3218/4832/2143 3217/4830/2144
f 3212/4822/2134 3219/4833/2145 3218/4832/2146
f 3213/4824/2136 3220/4834/2147 3219/4833/2148
f 3214/4826/2139 3215/4829/2149 3220/4834/2150
f 3215/4829/2140 3222/4835/2151 3221/4836/2152
f 3216/4831/2142 3223/4837/2153 3222/4838/2154
f 3217/4830/2144 3224/4839/2155 3223/4837/2156
f 3218/4832/2146 3225/4840/2157 3224/4839/2158
f 3219/4833/2148 3226/4841/2159 3225/4840/2160
f 3220/4834/2150 3221/4836/2161 3226/4841/2162
f 3221/4836/2152 3228/4842/2163 3227/4843/2164
f 3222/4838/2154 3229/4844/2165 3228/4845/2166
f 3223/4837/2156 3230/4846/2167 3229/4844/2167
f 3224/4839/2158 3231/4847/2168 3230/4846/2169
f 3225/4840/2160 3232/4848/2170 3231/4847/2171
f 3226/4841/2162 3227/4843/2172 3232/4848/2172
f 3227/4843/2164 3234/4849/2173 3233/4850/2174
f 3228/4845/2166 3235/4851/2175 3234/4852/2175
f 3229/4844/2167 3236/4853/2176 3235/4851/2177
f 3230/4846/2169 3237/4854/2178 3236/4853/2179
f 3231/4847/2171 3238/4855/2180 3237/4854/2181
f 3232/4848/2172 3233/4850/2182 3238/4855/2183
f 3233/4850/2174 3240/4856/2184 3239/4857/2185
f 3234/4852/2175 3241/4858/2186 3240/4859/2187
f 3235/4851/2177 3242/4860/2188 3241/4858/2189
f 3236/4853/2179 3243/4861/2190 3242/4860/2191
f 3237/4854/2181 3244/4862/2192 3243/4861/2193
f 3238/4855/2183 3239/4857/2194 3244/4862/2194
f 3240/4863/2195 3242/4864/2196 3244/4865/2197
f 3245/4808/2118 3204/4866/2198 3203/4815/2126
f 3201/4810/2120 3204/4818/2128 3200/4811/2120
f 3202/4812/2121 3205/4821/2130 3201/4810/2122
f 3246/4813/2123 3206/4823/2133 3202/4812/2123
f 3247/4814/2124 3207/4825/2135 3246/4813/2124
f 3245/4808/2125 3208/4827/2137 3247/4814/2125
f 3158/4757/2050 3164/4769/2065 3165/4758/2051
f 3159/4760/2053 3165/4771/2067 3166/4761/2054
f 3160/4762/2055 3166/4761/2056 3167/4763/2056
f 3161/4764/2057 3167/4763/2070 3168/4765/2058
f 3162/4766/2060 3168/4765/2061 3169/4767/2061
f 3163/4768/2062 3169/4767/2063 3164/4769/2063
f 3164/4769/2065 3170/4776/2074 3171/4770/2066
f 3165/4771/2067 3171/4778/2076 3172/4772/2068
f 3166/4761/2056 3172/4772/2069 3173/4773/2069
f 3167/4763/2070 3173/4773/2079 3174/4774/2071
f 3168/4765/2061 3174/4774/2081 3175/4775/2072
f 3169/4767/2063 3175/4775/2083 3170/4776/2073
f 3170/4776/2074 3176/4783/2085 3177/4777/2075
f 3171/4778/2076 3177/4785/2087 3178/4779/2077
f 3172/4772/2069 3178/4779/2089 3179/4780/2078
f 3173/4773/2079 3179/4780/2091 3180/4781/2080
f 3174/4774/2081 3180/4781/2093 3181/4782/2082
f 3175/4775/2083 3181/4782/2084 3176/4783/2084
f 3176/4783/2085 3182/4790/2086 3183/4784/2086
f 3177/4785/2087 3183/4792/2088 3184/4786/2088
f 3178/4779/2089 3184/4786/2090 3185/4787/2090
f 3179/4780/2091 3185/4787/2092 3186/4788/2092
f 3180/4781/2093 3186/4788/2094 3187/4789/2094
f 3181/4782/2084 3187/4789/2101 3182/4790/2095
f 3182/4790/2086 3188/4797/2103 3189/4791/2096
f 3183/4792/2088 3189/4799/2105 3190/4793/2097
f 3184/4786/2090 3190/4793/2107 3191/4794/2098
f 3185/4787/2092 3191/4794/2109 3192/4795/2099
f 3186/4788/2094 3192/4795/2111 3193/4796/2100
f 3187/4789/2101 3193/4796/2113 3188/4797/2102
f 3188/4797/2103 3194/4804/2199 3195/4798/2104
f 3189/4799/2105 3195/4867/2200 3196/4800/2106
f 3190/4793/2107 3196/4800/2201 3197/4801/2108
f 3191/4794/2109 3197/4801/2202 3198/4802/2110
f 3192/4795/2111 3198/4802/2203 3199/4803/2112
f 3193/4796/2113 3199/4803/2204 3194/4804/2114
f 3195/4807/2117 3194/4868/2116 3199/4805/2115
f 3199/4805/2115 3198/4869/2115 3197/4806/2116
f 3197/4806/2116 3196/4870/2117 3195/4807/2117
f 3245/4808/2118 3158/4757/2050 3159/4759/2052
f 3159/4760/2053 3160/4762/2053 3201/4810/2120
f 3160/4762/2055 3161/4764/2055 3202/4812/2121
f 3161/4764/2057 3162/4766/2059 3246/4813/2123
f 3162/4766/2060 3163/4768/2060 3247/4814/2124
f 3163/4768/2062 3158/4757/2064 3245/4808/2125
f 3203/4815/2126 3204/4866/2198 3210/4816/2127
f 3204/4818/2128 3205/4821/2205 3211/4819/2129
f 3205/4821/2130 3206/4823/2206 3212/4822/2131
f 3206/4823/2133 3207/4825/2207 3213/4824/2134
f 3207/4825/2135 3208/4827/2135 3214/4826/2136
f 3208/4827/2137 3203/4815/2208 3209/4817/2138
f 3209/4817/2127 3210/4816/2127 3216/4828/2140
f 3210/4820/2129 3211/4819/2129 3217/4830/2141
f 3211/4819/2132 3212/4822/2131 3218/4832/2143
f 3212/4822/2134 3213/4824/2134 3219/4833/2145
f 3213/4824/2136 3214/4826/2136 3220/4834/2147
f 3214/4826/2139 3209/4817/2138 3215/4829/2149
f 3215/4829/2140 3216/4828/2140 3222/4835/2151
f 3216/4831/2142 3217/4830/2141 3223/4837/2153
f 3217/4830/2144 3218/4832/2143 3224/4839/2155
f 3218/4832/2146 3219/4833/2145 3225/4840/2157
f 3219/4833/2148 3220/4834/2147 3226/4841/2159
f 3220/4834/2150 3215/4829/2149 3221/4836/2161
f 3221/4836/2152 3222/4835/2151 3228/4842/2163
f 3222/4838/2154 3223/4837/2153 3229/4844/2165
f 3223/4837/2156 3224/4839/2155 3230/4846/2167
f 3224/4839/2158 3225/4840/2157 3231/4847/2168
f 3225/4840/2160 3226/4841/2159 3232/4848/2170
f 3226/4841/2162 3221/4836/2161 3227/4843/2172
f 3227/4843/2164 3228/4842/2163 3234/4849/2173
f 3228/4845/2166 3229/4844/2165 3235/4851/2175
f 3229/4844/2167 3230/4846/2167 3236/4853/2176
f 3230/4846/2169 3231/4847/2168 3237/4854/2178
f 3231/4847/2171 3232/4848/2170 3238/4855/2180
f 3232/4848/2172 3227/4843/2172 3233/4850/2182
f 3233/4850/2174 3234/4849/2173 3240/4856/2184
f 3234/4852/2175 3235/4851/2175 3241/4858/2186
f 3235/4851/2177 3236/4853/2176 3242/4860/2188
f 3236/4853/2179 3237/4854/2178 3243/4861/2190
f 3237/4854/2181 3238/4855/2180 3244/4862/2192
f 3238/4855/2183 3233/4850/2182 3239/4857/2194
f 3244/4865/2197 3239/4871/2196 3240/4863/2195
f 3240/4863/2195 3241/4872/2195 3242/4864/2196
f 3242/4864/2196 3243/4873/2196 3244/4865/2197
f 3245/4808/2118 3200/4809/2119 3204/4866/2198
f 3201/4810/2120 3205/4821/2205 3204/4818/2128
f 3202/4812/2121 3206/4823/2206 3205/4821/2130
f 3246/4813/2123 3207/4825/2207 3206/4823/2133
f 3247/4814/2124 3208/4827/2135 3207/4825/2135
f 3245/4808/2125 3203/4815/2208 3208/4827/2137
o Rope004
v 1.322644 -1.886327 -13.218531
v 1.301907 -1.757717 -13.293530
v 1.301907 -1.757717 -13.443530
v 1.322644 -1.886327 -13.518530
v 1.343382 -2.014937 -13.443530
v 1.343382 -2.014937 -13.293530
v 2.560292 -1.590025 -13.218531
v 2.519517 -1.466212 -13.293530
v 2.519517 -1.466212 -13.443530
v 2.560292 -1.590025 -13.518530
v 2.601067 -1.713838 -13.443530
v 2.601067 -1.713838 -13.293530
v 3.724428 -1.096047 -13.218531
v 3.663203 -0.980912 -13.293530
v 3.663203 -0.980912 -13.443530
v 3.724428 -1.096047 -13.518531
v 3.785653 -1.211183 -13.443530
v 3.785653 -1.211183 -13.293530
v 4.807657 -0.392271 -13.218531
v 4.727427 -0.289484 -13.293530
v 4.727427 -0.289484 -13.443530
v 4.807657 -0.392271 -13.518531
v 4.887888 -0.495058 -13.443530
v 4.887888 -0.495058 -13.293530
v 5.802577 0.533428 -13.218531
v 5.706374 0.621354 -13.293530
v 5.706374 0.621354 -13.443531
v 5.802577 0.533428 -13.518531
v 5.898780 0.445501 -13.443530
v 5.898780 0.445501 -13.293530
v 6.701791 1.693173 -13.218531
v 6.593378 1.765352 -13.293530
v 6.593378 1.765352 -13.443531
v 6.701791 1.693173 -13.518531
v 6.810204 1.620993 -13.443531
v 6.810204 1.620993 -13.293530
v 7.562571 3.099088 -13.218531
v 7.449532 3.163097 -13.293530
v 7.449532 3.163097 -13.443531
v 7.562571 3.099088 -13.518531
v 7.675610 3.035079 -13.443531
v 7.675610 3.035079 -13.293530
v -0.000001 -1.862265 -13.293530
v -0.000001 -1.862265 -13.443530
v -0.000001 -1.993945 -13.518530
v -1.322646 -1.886327 -13.218530
v -1.301909 -1.757717 -13.293530
v -1.301909 -1.757717 -13.443530
v -1.322646 -1.886327 -13.518530
v -1.343384 -2.014937 -13.443530
v -1.343384 -2.014937 -13.293530
v -2.560294 -1.590025 -13.218530
v -2.519519 -1.466212 -13.293530
v -2.519519 -1.466212 -13.443530
v -2.560294 -1.590025 -13.518530
v -2.601069 -1.713838 -13.443530
v -2.601069 -1.713838 -13.293530
v -3.724430 -1.096047 -13.218530
v -3.663205 -0.980912 -13.293530
v -3.663205 -0.980912 -13.443530
v -3.724430 -1.096047 -13.518530
v -3.785655 -1.211183 -13.443530
v -3.785655 -1.211183 -13.293530
v -4.807659 -0.392271 -13.218530
v -4.727428 -0.289484 -13.293530
v -4.727428 -0.289484 -13.443530
v -4.807659 -0.392271 -13.518530
v -4.887890 -0.495058 -13.443530
v -4.887890 -0.495058 -13.293530
v -5.802579 0.533428 -13.218530
v -5.706376 0.621354 -13.293530
v -5.706376 0.621354 -13.443530
v -5.802579 0.533428 -13.518530
v -5.898782 0.445501 -13.443530
v -5.898782 0.445501 -13.293530
v -6.701793 1.693173 -13.218530
v -6.593380 1.765352 -13.293530
v -6.593380 1.765352 -13.443530
v -6.701793 1.693173 -13.518530
v -6.810205 1.620993 -13.443530
v -6.810205 1.620993 -13.293530
v -7.562573 3.099088 -13.218530
v -7.449534 3.163097 -13.293530
v -7.449534 3.163097 -13.443530
v -7.562573 3.099088 -13.518530
v -7.675612 3.035079 -13.443530
v -7.675612 3.035079 -13.293530
v -0.000001 -1.993945 -13.218530
v -0.000001 -2.125624 -13.443530
v -0.000001 -2.125624 -13.293530
vn 0.0784 0.4918 -0.8672
vn 0.1560 0.4737 -0.8668
vn 0.0782 0.4917 -0.8672
vn 0.1569 0.9876 -0.0000
vn 0.3128 0.9498 -0.0000
vn 0.1568 0.9876 -0.0000
vn 0.0783 0.4918 0.8672
vn 0.1560 0.4737 0.8668
vn 0.0783 0.4917 0.8672
vn -0.0786 -0.4918 0.8672
vn -0.1561 -0.4736 0.8668
vn -0.0785 -0.4917 0.8672
vn -0.1578 -0.9875 0.0001
vn -0.3128 -0.9498 -0.0000
vn -0.1578 -0.9875 -0.0000
vn -0.0786 -0.4917 -0.8672
vn -0.1561 -0.4736 -0.8668
vn -0.0785 -0.4918 -0.8672
vn 0.1561 0.4737 -0.8668
vn 0.2341 0.4402 -0.8668
vn 0.4695 0.8829 -0.0000
vn 0.1561 0.4737 0.8668
vn 0.2341 0.4402 0.8668
vn -0.1560 -0.4736 0.8668
vn -0.2341 -0.4402 0.8669
vn -0.4695 -0.8829 -0.0000
vn -0.1560 -0.4736 -0.8668
vn -0.2341 -0.4402 -0.8669
vn 0.3068 0.3932 -0.8668
vn 0.6153 0.7883 -0.0000
vn 0.3068 0.3932 0.8668
vn -0.2340 -0.4402 0.8669
vn -0.3067 -0.3932 0.8668
vn -0.6153 -0.7883 -0.0000
vn -0.2340 -0.4402 -0.8669
vn -0.3067 -0.3932 -0.8668
vn 0.3067 0.3932 -0.8668
vn 0.3681 0.3366 -0.8667
vn 0.7381 0.6747 -0.0000
vn 0.3067 0.3932 0.8668
vn 0.3681 0.3366 0.8667
vn -0.3681 -0.3366 0.8667
vn -0.7380 -0.6748 -0.0000
vn -0.3681 -0.3366 -0.8667
vn 0.3682 0.3366 -0.8667
vn 0.4106 0.2840 -0.8664
vn 0.8229 0.5682 -0.0000
vn 0.3682 0.3366 0.8667
vn 0.4110 0.2836 0.8664
vn -0.3682 -0.3366 0.8667
vn -0.4110 -0.2835 0.8664
vn -0.7380 -0.6748 -0.0003
vn -0.8229 -0.5682 -0.0000
vn -0.3682 -0.3366 -0.8667
vn -0.4107 -0.2840 -0.8664
vn 0.4110 0.2836 -0.8664
vn 0.4262 0.2610 -0.8662
vn 0.8229 0.5683 -0.0000
vn 0.8528 0.5223 -0.0000
vn 0.4107 0.2840 0.8664
vn 0.4262 0.2610 0.8662
vn -0.4107 -0.2840 0.8664
vn -0.4262 -0.2609 0.8662
vn -0.8229 -0.5681 -0.0006
vn -0.8530 -0.5220 -0.0000
vn -0.4110 -0.2836 -0.8664
vn -0.4263 -0.2609 -0.8662
vn -0.4927 0.8702 -0.0000
vn -0.4927 0.8702 0.0001
vn -0.0001 0.4968 -0.8678
vn 0.0001 0.4968 -0.8679
vn -0.0000 1.0000 -0.0000
vn 0.0001 0.4968 0.8678
vn -0.0001 0.4968 0.8679
vn -0.0001 -0.4968 0.8679
vn 0.0001 -0.4968 0.8678
vn -0.0000 -1.0000 -0.0000
vn -0.0001 -0.4969 -0.8678
vn 0.0001 -0.4968 -0.8679
vn -0.0783 0.4917 -0.8672
vn -0.1561 0.4737 -0.8668
vn -0.1560 0.4737 -0.8668
vn -0.1569 0.9876 0.0002
vn -0.3128 0.9498 -0.0000
vn -0.3128 0.9498 0.0002
vn -0.0782 0.4918 0.8672
vn -0.1561 0.4737 0.8668
vn -0.1560 0.4737 0.8668
vn 0.0785 -0.4918 0.8672
vn 0.1560 -0.4736 0.8668
vn 0.1561 -0.4736 0.8668
vn 0.1578 -0.9875 -0.0000
vn 0.3128 -0.9498 0.0002
vn 0.3128 -0.9498 -0.0000
vn 0.0786 -0.4917 -0.8672
vn 0.1560 -0.4736 -0.8668
vn 0.1561 -0.4736 -0.8668
vn -0.2341 0.4402 -0.8668
vn -0.4695 0.8829 -0.0000
vn -0.4695 0.8829 0.0001
vn -0.2341 0.4402 0.8668
vn 0.2340 -0.4402 0.8669
vn 0.2341 -0.4402 0.8669
vn 0.4695 -0.8829 0.0006
vn 0.4695 -0.8829 -0.0000
vn 0.2340 -0.4402 -0.8669
vn 0.2341 -0.4402 -0.8669
vn -0.3067 0.3932 -0.8668
vn -0.3068 0.3932 -0.8668
vn -0.6153 0.7883 -0.0000
vn -0.6153 0.7883 -0.0003
vn -0.3067 0.3932 0.8668
vn -0.3068 0.3931 0.8668
vn 0.3067 -0.3932 0.8668
vn 0.6153 -0.7883 -0.0000
vn 0.3067 -0.3932 -0.8668
vn -0.3682 0.3365 -0.8667
vn -0.3681 0.3366 -0.8667
vn -0.7381 0.6747 -0.0000
vn -0.7381 0.6747 0.0004
vn -0.3682 0.3366 0.8667
vn -0.3681 0.3366 0.8667
vn 0.3682 -0.3366 0.8667
vn 0.3681 -0.3366 0.8667
vn 0.7380 -0.6748 -0.0000
vn 0.3682 -0.3366 -0.8667
vn 0.3681 -0.3366 -0.8667
vn -0.4107 0.2840 -0.8664
vn -0.4109 0.2836 -0.8664
vn -0.8229 0.5682 -0.0000
vn -0.4110 0.2836 0.8664
vn -0.4106 0.2840 0.8664
vn 0.4110 -0.2835 0.8664
vn 0.4107 -0.2840 0.8664
vn 0.8229 -0.5682 -0.0001
vn 0.8229 -0.5681 -0.0000
vn 0.4107 -0.2839 -0.8664
vn 0.4110 -0.2836 -0.8664
vn -0.4261 0.2610 -0.8662
vn -0.4262 0.2610 -0.8662
vn -0.8528 0.5223 -0.0000
vn -0.4262 0.2610 0.8662
vn 0.4262 -0.2609 0.8662
vn 0.4263 -0.2608 0.8662
vn 0.8530 -0.5220 -0.0000
vn 0.4262 -0.2609 -0.8662
vn 0.4927 0.8702 -0.0000
vn 0.4261 0.2610 0.8662
vn -0.4262 -0.2608 0.8662
vn -0.4262 -0.2609 -0.8662
vn -0.4928 0.8702 -0.0000
vn -0.1568 0.9876 -0.0000
vn -0.0784 0.4917 0.8672
vn 0.0787 -0.4917 0.8672
vn 0.1578 -0.9875 -0.0001
vn 0.0786 -0.4918 -0.8672
vn 0.4928 0.8702 -0.0000
vn 0.4928 0.8702 -0.0001
vt 0.386953 0.986489
vt 0.431242 0.991699
vt 0.386952 0.991713
vt 0.386926 0.960378
vt 0.431178 0.965614
vt 0.386925 0.965601
vt 0.431176 0.970832
vt 0.386933 0.970821
vt 0.431180 0.976047
vt 0.386942 0.976043
vt 0.431198 0.981261
vt 0.386949 0.981267
vt 0.431227 0.986477
vt 0.475202 0.991693
vt 0.431178 0.960390
vt 0.475061 0.965627
vt 0.475095 0.970845
vt 0.475135 0.976054
vt 0.475170 0.981261
vt 0.475193 0.986473
vt 0.520088 0.991692
vt 0.475047 0.960403
vt 0.519829 0.965641
vt 0.519932 0.970857
vt 0.520038 0.976062
vt 0.520094 0.981263
vt 0.520096 0.986472
vt 0.567311 0.991681
vt 0.519786 0.960417
vt 0.566896 0.965655
vt 0.567113 0.970871
vt 0.567325 0.976071
vt 0.567404 0.981263
vt 0.567355 0.986463
vt 0.618250 0.991671
vt 0.566806 0.960430
vt 0.617683 0.965620
vt 0.618120 0.970838
vt 0.618539 0.976044
vt 0.618637 0.981240
vt 0.618429 0.986449
vt 0.675558 0.991657
vt 0.617526 0.960397
vt 0.674922 0.965170
vt 0.675507 0.970421
vt 0.676069 0.975737
vt 0.676175 0.981089
vt 0.675844 0.986404
vt 0.737585 0.210102
vt 0.742106 0.202272
vt 0.746626 0.210102
vt 0.340747 0.986512
vt 0.340747 0.991773
vt 0.340747 0.965586
vt 0.340747 0.960372
vt 0.340747 0.970825
vt 0.340747 0.976060
vt 0.340747 0.981261
vt 0.294505 0.986489
vt 0.250119 0.991699
vt 0.250134 0.986477
vt 0.294532 0.960378
vt 0.250183 0.965613
vt 0.250183 0.960390
vt 0.294533 0.965601
vt 0.250185 0.970832
vt 0.294526 0.970821
vt 0.250182 0.976047
vt 0.294517 0.976043
vt 0.250163 0.981261
vt 0.294509 0.981267
vt 0.206019 0.991693
vt 0.206028 0.986472
vt 0.206160 0.965627
vt 0.206174 0.960403
vt 0.206126 0.970844
vt 0.206086 0.976053
vt 0.206051 0.981260
vt 0.160977 0.991691
vt 0.160969 0.986471
vt 0.161236 0.965640
vt 0.161278 0.960416
vt 0.161133 0.970856
vt 0.161027 0.976061
vt 0.160971 0.981262
vt 0.113614 0.991681
vt 0.113570 0.986463
vt 0.114028 0.965654
vt 0.114117 0.960429
vt 0.113811 0.970870
vt 0.113600 0.976070
vt 0.113521 0.981262
vt 0.062577 0.991671
vt 0.062399 0.986449
vt 0.063144 0.965619
vt 0.063300 0.960396
vt 0.062707 0.970837
vt 0.062288 0.976043
vt 0.062190 0.981240
vt 0.005235 0.991662
vt 0.004949 0.986409
vt 0.005870 0.965180
vt 0.006063 0.959956
vt 0.005285 0.970431
vt 0.004724 0.975745
vt 0.004618 0.981095
vt 0.700525 0.271869
vt 0.705046 0.264039
vt 0.709566 0.271869
vt 0.294507 0.991713
vt 0.674727 0.959946
vt 0.742106 0.212712
vt 0.737585 0.204882
vt 0.746626 0.204882
vt 0.705046 0.274479
vt 0.700525 0.266649
vt 0.709566 0.266649
s 1
usemtl Chandelier02
f 3248/4874/2209 3255/4875/2210 3249/4876/2211
f 3249/4877/2212 3256/4878/2213 3250/4879/2214
f 3250/4879/2215 3257/4880/2216 3251/4881/2217
f 3251/4881/2218 3258/4882/2219 3252/4883/2220
f 3252/4883/2221 3259/4884/2222 3253/4885/2223
f 3253/4885/2224 3254/4886/2225 3248/4874/2226
f 3254/4886/2227 3261/4887/2228 3255/4875/2210
f 3255/4888/2213 3262/4889/2229 3256/4878/2213
f 3256/4878/2230 3263/4890/2231 3257/4880/2216
f 3257/4880/2232 3264/4891/2233 3258/4882/2219
f 3258/4882/2222 3265/4892/2234 3259/4884/2222
f 3259/4884/2235 3260/4893/2236 3254/4886/2225
f 3260/4893/2228 3267/4894/2237 3261/4887/2228
f 3261/4895/2229 3268/4896/2238 3262/4889/2229
f 3262/4889/2231 3269/4897/2239 3263/4890/2231
f 3263/4890/2240 3270/4898/2241 3264/4891/2233
f 3264/4891/2234 3271/4899/2242 3265/4892/2234
f 3265/4892/2243 3266/4900/2244 3260/4893/2236
f 3266/4900/2245 3273/4901/2246 3267/4894/2237
f 3267/4902/2238 3274/4903/2247 3268/4896/2238
f 3268/4896/2248 3275/4904/2249 3269/4897/2239
f 3269/4897/2241 3276/4905/2250 3270/4898/2241
f 3270/4898/2242 3277/4906/2251 3271/4899/2242
f 3271/4899/2244 3272/4907/2252 3266/4900/2244
f 3272/4907/2253 3279/4908/2254 3273/4901/2246
f 3273/4909/2247 3280/4910/2255 3274/4903/2247
f 3274/4903/2256 3281/4911/2257 3275/4904/2249
f 3275/4904/2258 3282/4912/2259 3276/4905/2250
f 3276/4905/2260 3283/4913/2261 3277/4906/2251
f 3277/4906/2262 3278/4914/2263 3272/4907/2252
f 3278/4914/2264 3285/4915/2265 3279/4908/2254
f 3279/4916/2266 3286/4917/2267 3280/4910/2255
f 3280/4910/2268 3287/4918/2269 3281/4911/2257
f 3281/4911/2270 3288/4919/2271 3282/4912/2259
f 3282/4912/2272 3289/4920/2273 3283/4913/2261
f 3283/4913/2274 3284/4921/2275 3278/4914/2263
f 3289/4922/2276 3287/4923/2276 3285/4924/2277
f 3335/4925/2278 3249/4876/2211 3290/4926/2279
f 3249/4877/2212 3291/4927/2280 3290/4928/2280
f 3250/4879/2215 3292/4929/2281 3291/4927/2282
f 3251/4881/2218 3336/4930/2283 3292/4929/2284
f 3252/4883/2221 3337/4931/2285 3336/4930/2285
f 3253/4885/2224 3335/4925/2286 3337/4931/2287
f 3293/4932/2288 3300/4933/2289 3299/4934/2290
f 3294/4935/2291 3301/4936/2292 3300/4937/2293
f 3295/4938/2294 3302/4939/2295 3301/4936/2296
f 3296/4940/2297 3303/4941/2298 3302/4939/2299
f 3297/4942/2300 3304/4943/2301 3303/4941/2302
f 3298/4944/2303 3299/4934/2304 3304/4943/2305
f 3299/4934/2290 3306/4945/2306 3305/4946/2306
f 3300/4937/2293 3307/4947/2307 3306/4948/2308
f 3301/4936/2296 3308/4949/2309 3307/4947/2309
f 3302/4939/2299 3309/4950/2310 3308/4949/2311
f 3303/4941/2302 3310/4951/2312 3309/4950/2313
f 3304/4943/2305 3305/4946/2314 3310/4951/2315
f 3305/4946/2306 3312/4952/2316 3311/4953/2317
f 3306/4948/2308 3313/4954/2318 3312/4955/2319
f 3307/4947/2309 3314/4956/2320 3313/4954/2321
f 3308/4949/2311 3315/4957/2322 3314/4956/2322
f 3309/4950/2313 3316/4958/2323 3315/4957/2323
f 3310/4951/2315 3311/4953/2324 3316/4958/2324
f 3311/4953/2317 3318/4959/2325 3317/4960/2326
f 3312/4955/2319 3319/4961/2327 3318/4962/2328
f 3313/4954/2321 3320/4963/2329 3319/4961/2330
f 3314/4956/2322 3321/4964/2331 3320/4963/2332
f 3315/4957/2323 3322/4965/2333 3321/4964/2333
f 3316/4958/2324 3317/4960/2334 3322/4965/2335
f 3317/4960/2326 3324/4966/2336 3323/4967/2337
f 3318/4962/2328 3325/4968/2338 3324/4969/2338
f 3319/4961/2330 3326/4970/2339 3325/4968/2340
f 3320/4963/2332 3327/4971/2341 3326/4970/2342
f 3321/4964/2333 3328/4972/2343 3327/4971/2344
f 3322/4965/2335 3323/4967/2345 3328/4972/2346
f 3323/4967/2337 3330/4973/2347 3329/4974/2348
f 3324/4969/2338 3331/4975/2349 3330/4976/2349
f 3325/4968/2340 3332/4977/2350 3331/4975/2350
f 3326/4970/2342 3333/4978/2351 3332/4977/2352
f 3327/4971/2344 3334/4979/2353 3333/4978/2353
f 3328/4972/2346 3329/4974/2354 3334/4979/2354
f 3330/4980/2355 3332/4981/2355 3334/4982/2355
f 3335/4925/2278 3294/4983/2288 3293/4932/2288
f 3291/4927/2280 3294/4935/2291 3290/4928/2280
f 3292/4929/2281 3295/4938/2294 3291/4927/2282
f 3336/4930/2283 3296/4940/2297 3292/4929/2284
f 3337/4931/2285 3297/4942/2300 3336/4930/2285
f 3335/4925/2286 3298/4944/2303 3337/4931/2287
f 3248/4874/2209 3254/4886/2227 3255/4875/2210
f 3249/4877/2212 3255/4888/2213 3256/4878/2213
f 3250/4879/2215 3256/4878/2230 3257/4880/2216
f 3251/4881/2218 3257/4880/2232 3258/4882/2219
f 3252/4883/2221 3258/4882/2222 3259/4884/2222
f 3253/4885/2224 3259/4884/2235 3254/4886/2225
f 3254/4886/2227 3260/4893/2228 3261/4887/2228
f 3255/4888/2213 3261/4895/2229 3262/4889/2229
f 3256/4878/2230 3262/4889/2231 3263/4890/2231
f 3257/4880/2232 3263/4890/2240 3264/4891/2233
f 3258/4882/2222 3264/4891/2234 3265/4892/2234
f 3259/4884/2235 3265/4892/2243 3260/4893/2236
f 3260/4893/2228 3266/4900/2245 3267/4894/2237
f 3261/4895/2229 3267/4902/2238 3268/4896/2238
f 3262/4889/2231 3268/4896/2248 3269/4897/2239
f 3263/4890/2240 3269/4897/2241 3270/4898/2241
f 3264/4891/2234 3270/4898/2242 3271/4899/2242
f 3265/4892/2243 3271/4899/2244 3266/4900/2244
f 3266/4900/2245 3272/4907/2253 3273/4901/2246
f 3267/4902/2238 3273/4909/2247 3274/4903/2247
f 3268/4896/2248 3274/4903/2256 3275/4904/2249
f 3269/4897/2241 3275/4904/2258 3276/4905/2250
f 3270/4898/2242 3276/4905/2260 3277/4906/2251
f 3271/4899/2244 3277/4906/2262 3272/4907/2252
f 3272/4907/2253 3278/4914/2264 3279/4908/2254
f 3273/4909/2247 3279/4916/2266 3280/4910/2255
f 3274/4903/2256 3280/4910/2268 3281/4911/2257
f 3275/4904/2258 3281/4911/2270 3282/4912/2259
f 3276/4905/2260 3282/4912/2272 3283/4913/2261
f 3277/4906/2262 3283/4913/2274 3278/4914/2263
f 3278/4914/2264 3284/4921/2265 3285/4915/2265
f 3279/4916/2266 3285/4984/2267 3286/4917/2267
f 3280/4910/2268 3286/4917/2356 3287/4918/2269
f 3281/4911/2270 3287/4918/2357 3288/4919/2271
f 3282/4912/2272 3288/4919/2273 3289/4920/2273
f 3283/4913/2274 3289/4920/2358 3284/4921/2275
f 3285/4924/2277 3284/4985/2359 3289/4922/2276
f 3289/4922/2276 3288/4986/2276 3287/4923/2276
f 3287/4923/2276 3286/4987/2276 3285/4924/2277
f 3335/4925/2278 3248/4874/2209 3249/4876/2211
f 3249/4877/2212 3250/4879/2214 3291/4927/2280
f 3250/4879/2215 3251/4881/2217 3292/4929/2281
f 3251/4881/2218 3252/4883/2220 3336/4930/2283
f 3252/4883/2221 3253/4885/2223 3337/4931/2285
f 3253/4885/2224 3248/4874/2226 3335/4925/2286
f 3293/4932/2288 3294/4983/2288 3300/4933/2289
f 3294/4935/2291 3295/4938/2360 3301/4936/2292
f 3295/4938/2294 3296/4940/2361 3302/4939/2295
f 3296/4940/2297 3297/4942/2362 3303/4941/2298
f 3297/4942/2300 3298/4944/2363 3304/4943/2301
f 3298/4944/2303 3293/4932/2364 3299/4934/2304
f 3299/4934/2290 3300/4933/2289 3306/4945/2306
f 3300/4937/2293 3301/4936/2292 3307/4947/2307
f 3301/4936/2296 3302/4939/2295 3308/4949/2309
f 3302/4939/2299 3303/4941/2298 3309/4950/2310
f 3303/4941/2302 3304/4943/2301 3310/4951/2312
f 3304/4943/2305 3299/4934/2304 3305/4946/2314
f 3305/4946/2306 3306/4945/2306 3312/4952/2316
f 3306/4948/2308 3307/4947/2307 3313/4954/2318
f 3307/4947/2309 3308/4949/2309 3314/4956/2320
f 3308/4949/2311 3309/4950/2310 3315/4957/2322
f 3309/4950/2313 3310/4951/2312 3316/4958/2323
f 3310/4951/2315 3305/4946/2314 3311/4953/2324
f 3311/4953/2317 3312/4952/2316 3318/4959/2325
f 3312/4955/2319 3313/4954/2318 3319/4961/2327
f 3313/4954/2321 3314/4956/2320 3320/4963/2329
f 3314/4956/2322 3315/4957/2322 3321/4964/2331
f 3315/4957/2323 3316/4958/2323 3322/4965/2333
f 3316/4958/2324 3311/4953/2324 3317/4960/2334
f 3317/4960/2326 3318/4959/2325 3324/4966/2336
f 3318/4962/2328 3319/4961/2327 3325/4968/2338
f 3319/4961/2330 3320/4963/2329 3326/4970/2339
f 3320/4963/2332 3321/4964/2331 3327/4971/2341
f 3321/4964/2333 3322/4965/2333 3328/4972/2343
f 3322/4965/2335 3317/4960/2334 3323/4967/2345
f 3323/4967/2337 3324/4966/2336 3330/4973/2347
f 3324/4969/2338 3325/4968/2338 3331/4975/2349
f 3325/4968/2340 3326/4970/2339 3332/4977/2350
f 3326/4970/2342 3327/4971/2341 3333/4978/2351
f 3327/4971/2344 3328/4972/2343 3334/4979/2353
f 3328/4972/2346 3323/4967/2345 3329/4974/2354
f 3334/4982/2355 3329/4988/2365 3330/4980/2355
f 3330/4980/2355 3331/4989/2366 3332/4981/2355
f 3332/4981/2355 3333/4990/2365 3334/4982/2355
f 3335/4925/2278 3290/4926/2279 3294/4983/2288
f 3291/4927/2280 3295/4938/2360 3294/4935/2291
f 3292/4929/2281 3296/4940/2361 3295/4938/2294
f 3336/4930/2283 3297/4942/2362 3296/4940/2297
f 3337/4931/2285 3298/4944/2363 3297/4942/2300
f 3335/4925/2286 3293/4932/2364 3298/4944/2303
o Rope005
v -10.786260 -1.886327 -7.754710
v -10.861580 -1.757717 -7.774251
v -10.991484 -1.757717 -7.849251
v -11.046067 -1.886327 -7.904710
v -10.970747 -2.014936 -7.885169
v -10.840843 -2.014936 -7.810169
v -10.167436 -1.590025 -8.826544
v -10.252775 -1.466212 -8.828732
v -10.382679 -1.466212 -8.903731
v -10.427243 -1.590025 -8.976544
v -10.341904 -1.713838 -8.974357
v -10.212000 -1.713838 -8.899357
v -9.585367 -1.096047 -9.834716
v -9.680931 -0.980912 -9.819193
v -9.810836 -0.980912 -9.894194
v -9.845175 -1.096047 -9.984715
v -9.749611 -1.211183 -10.000237
v -9.619707 -1.211183 -9.925238
v -9.043753 -0.392271 -10.772820
v -9.148820 -0.289484 -10.740837
v -9.278724 -0.289484 -10.815838
v -9.303560 -0.392271 -10.922819
v -9.198493 -0.495058 -10.954802
v -9.068589 -0.495058 -10.879801
v -8.546293 0.533428 -11.634445
v -8.659347 0.621354 -11.588631
v -8.789250 0.621354 -11.663631
v -8.806101 0.533428 -11.784445
v -8.693048 0.445501 -11.830259
v -8.563144 0.445501 -11.755260
v -8.096685 1.693173 -12.413187
v -8.215844 1.765352 -12.356799
v -8.345748 1.765352 -12.431799
v -8.356493 1.693173 -12.563187
v -8.237335 1.620993 -12.619576
v -8.107431 1.620993 -12.544575
v -7.666296 3.099088 -13.158645
v -7.787767 3.163097 -13.098249
v -7.917671 3.163097 -13.173250
v -7.926104 3.099088 -13.308644
v -7.804632 3.035079 -13.369040
v -7.674728 3.035079 -13.294039
v -11.512534 -1.862265 -6.646766
v -11.642438 -1.862265 -6.721766
v -11.707390 -1.993945 -6.759265
v -12.108905 -1.886326 -5.463821
v -12.163488 -1.757716 -5.519280
v -12.293392 -1.757716 -5.594280
v -12.368712 -1.886326 -5.613821
v -12.314129 -2.014936 -5.558362
v -12.184225 -2.014936 -5.483362
v -12.727729 -1.590024 -4.391987
v -12.772293 -1.466211 -4.464799
v -12.902197 -1.466211 -4.539800
v -12.987536 -1.590024 -4.541987
v -12.942972 -1.713837 -4.469174
v -12.813068 -1.713837 -4.394175
v -13.309797 -1.096046 -3.383816
v -13.344136 -0.980911 -3.474338
v -13.474040 -0.980911 -3.549338
v -13.569605 -1.096046 -3.533816
v -13.535265 -1.211182 -3.443293
v -13.405361 -1.211182 -3.368293
v -13.851412 -0.392270 -2.445712
v -13.876248 -0.289483 -2.552694
v -14.006152 -0.289483 -2.627694
v -14.111219 -0.392270 -2.595712
v -14.086383 -0.495057 -2.488730
v -13.956479 -0.495057 -2.413730
v -14.348871 0.533429 -1.584086
v -14.365722 0.621355 -1.704900
v -14.495625 0.621355 -1.779900
v -14.608679 0.533429 -1.734086
v -14.591828 0.445502 -1.613272
v -14.461925 0.445502 -1.538272
v -14.798479 1.693174 -0.805345
v -14.809224 1.765353 -0.936732
v -14.939128 1.765353 -1.011732
v -15.058287 1.693174 -0.955344
v -15.047541 1.620994 -0.823956
v -14.917637 1.620994 -0.748956
v -15.228868 3.099089 -0.059887
v -15.237301 3.163098 -0.195282
v -15.367205 3.163098 -0.270281
v -15.488676 3.099089 -0.209887
v -15.480244 3.035080 -0.074492
v -15.350340 3.035080 0.000508
v -11.447582 -1.993945 -6.609265
v -11.642438 -2.125623 -6.721766
v -11.512534 -2.125623 -6.646766
vn 0.0784 0.4918 -0.8672
vn 0.1560 0.4736 -0.8668
vn 0.0783 0.4918 -0.8672
vn 0.1568 0.9876 0.0001
vn 0.3128 0.9498 -0.0000
vn 0.0782 0.4918 0.8672
vn 0.1560 0.4736 0.8668
vn 0.0783 0.4918 0.8672
vn -0.0786 -0.4918 0.8671
vn -0.1561 -0.4738 0.8667
vn -0.0787 -0.4918 0.8671
vn -0.1578 -0.9875 -0.0000
vn -0.3128 -0.9498 -0.0000
vn -0.1579 -0.9875 -0.0000
vn -0.0786 -0.4918 -0.8672
vn -0.1559 -0.4738 -0.8667
vn 0.2341 0.4402 -0.8669
vn 0.4694 0.8830 -0.0002
vn 0.2341 0.4402 0.8669
vn -0.1561 -0.4737 0.8667
vn -0.2340 -0.4401 0.8669
vn -0.4696 -0.8829 -0.0000
vn -0.2341 -0.4402 -0.8669
vn 0.2340 0.4402 -0.8669
vn 0.3067 0.3930 -0.8669
vn 0.4696 0.8829 0.0001
vn 0.6153 0.7883 0.0001
vn 0.3068 0.3930 0.8668
vn -0.2341 -0.4402 0.8668
vn -0.3068 -0.3931 0.8668
vn -0.4696 -0.8829 0.0001
vn -0.6153 -0.7883 -0.0001
vn -0.2342 -0.4402 -0.8669
vn -0.3068 -0.3930 -0.8668
vn 0.3068 0.3931 -0.8668
vn 0.3681 0.3365 -0.8668
vn 0.7381 0.6747 -0.0002
vn 0.3069 0.3930 0.8668
vn 0.3682 0.3365 0.8667
vn -0.3681 -0.3365 0.8667
vn -0.6154 -0.7882 -0.0003
vn -0.7381 -0.6747 0.0001
vn -0.3068 -0.3931 -0.8668
vn -0.3682 -0.3365 -0.8667
vn 0.3681 0.3365 -0.8667
vn 0.4106 0.2839 -0.8665
vn 0.7382 0.6746 -0.0000
vn 0.8230 0.5681 0.0003
vn 0.4111 0.2835 0.8664
vn -0.3682 -0.3365 0.8667
vn -0.4110 -0.2835 0.8664
vn -0.7382 -0.6746 -0.0000
vn -0.8229 -0.5682 -0.0000
vn -0.4107 -0.2839 -0.8664
vn 0.4110 0.2835 -0.8664
vn 0.4262 0.2609 -0.8662
vn 0.8228 0.5683 -0.0000
vn 0.8528 0.5223 0.0001
vn 0.4107 0.2840 0.8664
vn 0.4263 0.2610 0.8661
vn -0.4106 -0.2839 0.8665
vn -0.4261 -0.2608 0.8663
vn -0.8231 -0.5679 -0.0004
vn -0.8530 -0.5220 -0.0001
vn -0.4111 -0.2835 -0.8664
vn -0.4264 -0.2609 -0.8661
vn -0.4928 0.8701 -0.0000
vn -0.4928 0.8702 0.0001
vn -0.0000 0.4970 -0.8677
vn 0.0001 0.4970 -0.8678
vn -0.0000 1.0000 -0.0000
vn -0.0000 0.4970 0.8677
vn -0.0001 0.4970 0.8678
vn -0.0000 -0.4969 0.8678
vn 0.0001 -0.4969 0.8678
vn -0.0000 -1.0000 -0.0000
vn -0.0000 -0.4969 -0.8678
vn -0.0000 -0.4970 -0.8678
vn -0.0784 0.4918 -0.8672
vn -0.1560 0.4736 -0.8668
vn -0.1568 0.9876 -0.0001
vn -0.3128 0.9498 -0.0000
vn -0.0784 0.4918 0.8672
vn -0.1560 0.4736 0.8668
vn 0.0786 -0.4918 0.8671
vn 0.1559 -0.4738 0.8667
vn 0.1579 -0.9875 -0.0000
vn 0.3128 -0.9498 -0.0000
vn 0.0786 -0.4918 -0.8671
vn 0.1561 -0.4737 -0.8667
vn 0.1561 -0.4738 -0.8667
vn -0.2341 0.4402 -0.8669
vn -0.4696 0.8829 0.0001
vn -0.4697 0.8828 -0.0001
vn -0.2340 0.4402 0.8669
vn -0.2341 0.4402 0.8669
vn 0.2342 -0.4402 0.8669
vn 0.2341 -0.4402 0.8669
vn 0.4696 -0.8829 -0.0001
vn 0.4696 -0.8829 -0.0000
vn 0.2341 -0.4402 -0.8668
vn 0.2340 -0.4401 -0.8669
vn -0.3069 0.3930 -0.8668
vn -0.3068 0.3930 -0.8668
vn -0.6153 0.7883 -0.0001
vn -0.6151 0.7884 0.0002
vn -0.3068 0.3930 0.8668
vn -0.3067 0.3930 0.8669
vn 0.3068 -0.3931 0.8668
vn 0.3068 -0.3930 0.8668
vn 0.6154 -0.7882 0.0003
vn 0.6153 -0.7883 0.0002
vn 0.3068 -0.3931 -0.8668
vn -0.3682 0.3365 -0.8667
vn -0.7382 0.6746 -0.0000
vn -0.3681 0.3365 0.8668
vn 0.3682 -0.3365 0.8667
vn 0.7382 -0.6746 -0.0000
vn 0.3682 -0.3365 -0.8667
vn 0.3681 -0.3365 -0.8667
vn -0.4108 0.2839 -0.8664
vn -0.4110 0.2835 -0.8664
vn -0.8228 0.5683 -0.0000
vn -0.8230 0.5680 -0.0004
vn -0.4109 0.2835 0.8665
vn -0.4106 0.2840 0.8665
vn 0.4110 -0.2835 0.8664
vn 0.4108 -0.2839 0.8664
vn 0.8229 -0.5681 0.0002
vn 0.8230 -0.5681 0.0002
vn 0.4107 -0.2839 -0.8665
vn 0.4110 -0.2835 -0.8665
vn -0.4262 0.2611 -0.8661
vn -0.8527 0.5223 -0.0000
vn -0.8528 0.5223 -0.0000
vn -0.4261 0.2610 0.8662
vn -0.4262 0.2609 0.8662
vn 0.4264 -0.2608 0.8661
vn 0.4263 -0.2610 0.8661
vn 0.8529 -0.5220 0.0001
vn 0.8530 -0.5220 0.0001
vn 0.4261 -0.2609 -0.8662
vn 0.4262 -0.2608 -0.8662
vn 0.4928 0.8701 -0.0001
vn 0.4928 0.8702 -0.0001
vn -0.0782 0.4918 -0.8672
vn 0.8527 0.5223 -0.0000
vn -0.4261 -0.2610 0.8662
vn -0.8529 -0.5220 -0.0001
vn -0.4264 -0.2608 -0.8661
vn -0.4928 0.8701 0.0001
vn -0.1568 0.9876 -0.0000
vn 0.0785 -0.4919 0.8671
vn 0.0786 -0.4918 -0.8672
vn 0.4928 0.8701 -0.0000
vt 0.386953 0.986489
vt 0.431242 0.991699
vt 0.386952 0.991713
vt 0.386926 0.960378
vt 0.431178 0.965614
vt 0.386925 0.965601
vt 0.431176 0.970832
vt 0.386933 0.970821
vt 0.431180 0.976047
vt 0.386942 0.976043
vt 0.431198 0.981261
vt 0.386949 0.981267
vt 0.431227 0.986477
vt 0.475202 0.991693
vt 0.431178 0.960390
vt 0.475061 0.965627
vt 0.475095 0.970845
vt 0.475135 0.976054
vt 0.475170 0.981261
vt 0.475193 0.986473
vt 0.520088 0.991692
vt 0.475047 0.960403
vt 0.519829 0.965641
vt 0.519932 0.970857
vt 0.520038 0.976062
vt 0.520094 0.981263
vt 0.520096 0.986472
vt 0.567311 0.991681
vt 0.519786 0.960417
vt 0.566896 0.965655
vt 0.567113 0.970871
vt 0.567325 0.976071
vt 0.567404 0.981263
vt 0.567355 0.986463
vt 0.618250 0.991671
vt 0.566806 0.960430
vt 0.617683 0.965620
vt 0.618120 0.970838
vt 0.618539 0.976044
vt 0.618637 0.981240
vt 0.618429 0.986449
vt 0.675558 0.991657
vt 0.617526 0.960397
vt 0.674922 0.965170
vt 0.675507 0.970421
vt 0.676069 0.975737
vt 0.676175 0.981089
vt 0.675844 0.986404
vt 0.737585 0.210102
vt 0.742106 0.202272
vt 0.746626 0.210102
vt 0.340747 0.986512
vt 0.340747 0.991773
vt 0.340747 0.965586
vt 0.340747 0.960372
vt 0.340747 0.970825
vt 0.340747 0.976060
vt 0.340747 0.981261
vt 0.294505 0.986489
vt 0.250119 0.991699
vt 0.250134 0.986477
vt 0.294532 0.960378
vt 0.250183 0.965613
vt 0.250183 0.960390
vt 0.294533 0.965601
vt 0.250185 0.970832
vt 0.294526 0.970821
vt 0.250182 0.976047
vt 0.294517 0.976043
vt 0.250163 0.981261
vt 0.294509 0.981267
vt 0.206019 0.991693
vt 0.206028 0.986472
vt 0.206160 0.965627
vt 0.206174 0.960403
vt 0.206126 0.970844
vt 0.206086 0.976053
vt 0.206051 0.981260
vt 0.160977 0.991691
vt 0.160969 0.986471
vt 0.161236 0.965640
vt 0.161278 0.960416
vt 0.161133 0.970856
vt 0.161027 0.976061
vt 0.160971 0.981262
vt 0.113614 0.991681
vt 0.113570 0.986463
vt 0.114028 0.965654
vt 0.114117 0.960429
vt 0.113811 0.970870
vt 0.113600 0.976070
vt 0.113521 0.981262
vt 0.062577 0.991671
vt 0.062399 0.986449
vt 0.063144 0.965619
vt 0.063300 0.960396
vt 0.062707 0.970837
vt 0.062288 0.976043
vt 0.062190 0.981240
vt 0.005235 0.991662
vt 0.004949 0.986409
vt 0.005870 0.965180
vt 0.006063 0.959956
vt 0.005285 0.970431
vt 0.004724 0.975745
vt 0.004618 0.981095
vt 0.700525 0.271869
vt 0.705046 0.264039
vt 0.709566 0.271869
vt 0.294507 0.991713
vt 0.674727 0.959946
vt 0.742106 0.212712
vt 0.737585 0.204882
vt 0.746626 0.204882
vt 0.705046 0.274479
vt 0.700525 0.266649
vt 0.709566 0.266649
s 1
usemtl Chandelier02
f 3338/4991/2367 3345/4992/2368 3339/4993/2369
f 3339/4994/2370 3346/4995/2371 3340/4996/2370
f 3340/4996/2372 3347/4997/2373 3341/4998/2374
f 3341/4998/2375 3348/4999/2376 3342/5000/2377
f 3342/5000/2378 3349/5001/2379 3343/5002/2380
f 3343/5002/2381 3344/5003/2382 3338/4991/2381
f 3344/5003/2368 3351/5004/2383 3345/4992/2368
f 3345/5005/2371 3352/5006/2384 3346/4995/2371
f 3346/4995/2373 3353/5007/2385 3347/4997/2373
f 3347/4997/2386 3354/5008/2387 3348/4999/2376
f 3348/4999/2379 3355/5009/2388 3349/5001/2379
f 3349/5001/2382 3350/5010/2389 3344/5003/2382
f 3350/5010/2390 3357/5011/2391 3351/5004/2383
f 3351/5012/2392 3358/5013/2393 3352/5006/2384
f 3352/5006/2385 3359/5014/2394 3353/5007/2385
f 3353/5007/2395 3360/5015/2396 3354/5008/2387
f 3354/5008/2397 3361/5016/2398 3355/5009/2388
f 3355/5009/2399 3356/5017/2400 3350/5010/2389
f 3356/5017/2401 3363/5018/2402 3357/5011/2391
f 3357/5019/2393 3364/5020/2403 3358/5013/2393
f 3358/5013/2404 3365/5021/2405 3359/5014/2394
f 3359/5014/2396 3366/5022/2406 3360/5015/2396
f 3360/5015/2407 3367/5023/2408 3361/5016/2398
f 3361/5016/2409 3362/5024/2410 3356/5017/2400
f 3362/5024/2411 3369/5025/2412 3363/5018/2402
f 3363/5026/2413 3370/5027/2414 3364/5020/2403
f 3364/5020/2405 3371/5028/2415 3365/5021/2405
f 3365/5021/2416 3372/5029/2417 3366/5022/2406
f 3366/5022/2418 3373/5030/2419 3367/5023/2408
f 3367/5023/2410 3368/5031/2420 3362/5024/2410
f 3368/5031/2421 3375/5032/2422 3369/5025/2412
f 3369/5033/2423 3376/5034/2424 3370/5027/2414
f 3370/5027/2425 3377/5035/2426 3371/5028/2415
f 3371/5028/2427 3378/5036/2428 3372/5029/2417
f 3372/5029/2429 3379/5037/2430 3373/5030/2419
f 3373/5030/2431 3374/5038/2432 3368/5031/2420
f 3379/5039/2433 3377/5040/2434 3375/5041/2433
f 3425/5042/2435 3339/4993/2369 3380/5043/2436
f 3339/4994/2370 3381/5044/2437 3380/5045/2437
f 3340/4996/2372 3382/5046/2438 3381/5044/2439
f 3341/4998/2375 3426/5047/2440 3382/5046/2441
f 3342/5000/2378 3427/5048/2442 3426/5047/2442
f 3343/5002/2381 3425/5042/2443 3427/5048/2444
f 3383/5049/2445 3390/5050/2446 3389/5051/2446
f 3384/5052/2447 3391/5053/2448 3390/5054/2448
f 3385/5055/2449 3392/5056/2450 3391/5053/2450
f 3386/5057/2451 3393/5058/2452 3392/5056/2452
f 3387/5059/2453 3394/5060/2454 3393/5058/2454
f 3388/5061/2455 3389/5051/2456 3394/5060/2457
f 3389/5051/2446 3396/5062/2458 3395/5063/2458
f 3390/5054/2448 3397/5064/2459 3396/5065/2460
f 3391/5053/2450 3398/5066/2461 3397/5064/2462
f 3392/5056/2452 3399/5067/2463 3398/5066/2464
f 3393/5058/2454 3400/5068/2465 3399/5067/2466
f 3394/5060/2457 3395/5063/2467 3400/5068/2468
f 3395/5063/2458 3402/5069/2469 3401/5070/2470
f 3396/5065/2460 3403/5071/2471 3402/5072/2472
f 3397/5064/2462 3404/5073/2473 3403/5071/2474
f 3398/5066/2464 3405/5074/2475 3404/5073/2476
f 3399/5067/2466 3406/5075/2477 3405/5074/2478
f 3400/5068/2468 3401/5070/2479 3406/5075/2479
f 3401/5070/2470 3408/5076/2480 3407/5077/2480
f 3402/5072/2472 3409/5078/2481 3408/5079/2481
f 3403/5071/2474 3410/5080/2482 3409/5078/2482
f 3404/5073/2476 3411/5081/2483 3410/5080/2483
f 3405/5074/2478 3412/5082/2484 3411/5081/2484
f 3406/5075/2479 3407/5077/2485 3412/5082/2486
f 3407/5077/2480 3414/5083/2487 3413/5084/2488
f 3408/5079/2481 3415/5085/2489 3414/5086/2490
f 3409/5078/2482 3416/5087/2491 3415/5085/2492
f 3410/5080/2483 3417/5088/2493 3416/5087/2494
f 3411/5081/2484 3418/5089/2495 3417/5088/2496
f 3412/5082/2486 3413/5084/2497 3418/5089/2498
f 3413/5084/2488 3420/5090/2499 3419/5091/2499
f 3414/5086/2490 3421/5092/2500 3420/5093/2501
f 3415/5085/2492 3422/5094/2502 3421/5092/2503
f 3416/5087/2494 3423/5095/2504 3422/5094/2505
f 3417/5088/2496 3424/5096/2506 3423/5095/2507
f 3418/5089/2498 3419/5091/2508 3424/5096/2509
f 3420/5097/2510 3422/5098/2511 3424/5099/2511
f 3425/5042/2435 3384/5100/2512 3383/5049/2445
f 3381/5044/2437 3384/5052/2447 3380/5045/2437
f 3382/5046/2438 3385/5055/2449 3381/5044/2439
f 3426/5047/2440 3386/5057/2451 3382/5046/2441
f 3427/5048/2442 3387/5059/2453 3426/5047/2442
f 3425/5042/2443 3388/5061/2455 3427/5048/2444
f 3338/4991/2367 3344/5003/2368 3345/4992/2368
f 3339/4994/2370 3345/5005/2371 3346/4995/2371
f 3340/4996/2372 3346/4995/2373 3347/4997/2373
f 3341/4998/2375 3347/4997/2386 3348/4999/2376
f 3342/5000/2378 3348/4999/2379 3349/5001/2379
f 3343/5002/2381 3349/5001/2382 3344/5003/2382
f 3344/5003/2368 3350/5010/2390 3351/5004/2383
f 3345/5005/2371 3351/5012/2392 3352/5006/2384
f 3346/4995/2373 3352/5006/2385 3353/5007/2385
f 3347/4997/2386 3353/5007/2395 3354/5008/2387
f 3348/4999/2379 3354/5008/2397 3355/5009/2388
f 3349/5001/2382 3355/5009/2399 3350/5010/2389
f 3350/5010/2390 3356/5017/2401 3357/5011/2391
f 3351/5012/2392 3357/5019/2393 3358/5013/2393
f 3352/5006/2385 3358/5013/2404 3359/5014/2394
f 3353/5007/2395 3359/5014/2396 3360/5015/2396
f 3354/5008/2397 3360/5015/2407 3361/5016/2398
f 3355/5009/2399 3361/5016/2409 3356/5017/2400
f 3356/5017/2401 3362/5024/2411 3363/5018/2402
f 3357/5019/2393 3363/5026/2413 3364/5020/2403
f 3358/5013/2404 3364/5020/2405 3365/5021/2405
f 3359/5014/2396 3365/5021/2416 3366/5022/2406
f 3360/5015/2407 3366/5022/2418 3367/5023/2408
f 3361/5016/2409 3367/5023/2410 3362/5024/2410
f 3362/5024/2411 3368/5031/2421 3369/5025/2412
f 3363/5026/2413 3369/5033/2423 3370/5027/2414
f 3364/5020/2405 3370/5027/2425 3371/5028/2415
f 3365/5021/2416 3371/5028/2427 3372/5029/2417
f 3366/5022/2418 3372/5029/2429 3373/5030/2419
f 3367/5023/2410 3373/5030/2431 3368/5031/2420
f 3368/5031/2421 3374/5038/2422 3375/5032/2422
f 3369/5033/2423 3375/5101/2513 3376/5034/2424
f 3370/5027/2425 3376/5034/2426 3377/5035/2426
f 3371/5028/2427 3377/5035/2514 3378/5036/2428
f 3372/5029/2429 3378/5036/2515 3379/5037/2430
f 3373/5030/2431 3379/5037/2516 3374/5038/2432
f 3375/5041/2433 3374/5102/2434 3379/5039/2433
f 3379/5039/2433 3378/5103/2434 3377/5040/2434
f 3377/5040/2434 3376/5104/2517 3375/5041/2433
f 3425/5042/2435 3338/4991/2367 3339/4993/2369
f 3339/4994/2370 3340/4996/2370 3381/5044/2437
f 3340/4996/2372 3341/4998/2374 3382/5046/2438
f 3341/4998/2375 3342/5000/2377 3426/5047/2440
f 3342/5000/2378 3343/5002/2380 3427/5048/2442
f 3343/5002/2381 3338/4991/2381 3425/5042/2443
f 3383/5049/2445 3384/5100/2512 3390/5050/2446
f 3384/5052/2447 3385/5055/2518 3391/5053/2448
f 3385/5055/2449 3386/5057/2449 3392/5056/2450
f 3386/5057/2451 3387/5059/2519 3393/5058/2452
f 3387/5059/2453 3388/5061/2453 3394/5060/2454
f 3388/5061/2455 3383/5049/2520 3389/5051/2456
f 3389/5051/2446 3390/5050/2446 3396/5062/2458
f 3390/5054/2448 3391/5053/2448 3397/5064/2459
f 3391/5053/2450 3392/5056/2450 3398/5066/2461
f 3392/5056/2452 3393/5058/2452 3399/5067/2463
f 3393/5058/2454 3394/5060/2454 3400/5068/2465
f 3394/5060/2457 3389/5051/2456 3395/5063/2467
f 3395/5063/2458 3396/5062/2458 3402/5069/2469
f 3396/5065/2460 3397/5064/2459 3403/5071/2471
f 3397/5064/2462 3398/5066/2461 3404/5073/2473
f 3398/5066/2464 3399/5067/2463 3405/5074/2475
f 3399/5067/2466 3400/5068/2465 3406/5075/2477
f 3400/5068/2468 3395/5063/2467 3401/5070/2479
f 3401/5070/2470 3402/5069/2469 3408/5076/2480
f 3402/5072/2472 3403/5071/2471 3409/5078/2481
f 3403/5071/2474 3404/5073/2473 3410/5080/2482
f 3404/5073/2476 3405/5074/2475 3411/5081/2483
f 3405/5074/2478 3406/5075/2477 3412/5082/2484
f 3406/5075/2479 3401/5070/2479 3407/5077/2485
f 3407/5077/2480 3408/5076/2480 3414/5083/2487
f 3408/5079/2481 3409/5078/2481 3415/5085/2489
f 3409/5078/2482 3410/5080/2482 3416/5087/2491
f 3410/5080/2483 3411/5081/2483 3417/5088/2493
f 3411/5081/2484 3412/5082/2484 3418/5089/2495
f 3412/5082/2486 3407/5077/2485 3413/5084/2497
f 3413/5084/2488 3414/5083/2487 3420/5090/2499
f 3414/5086/2490 3415/5085/2489 3421/5092/2500
f 3415/5085/2492 3416/5087/2491 3422/5094/2502
f 3416/5087/2494 3417/5088/2493 3423/5095/2504
f 3417/5088/2496 3418/5089/2495 3424/5096/2506
f 3418/5089/2498 3413/5084/2497 3419/5091/2508
f 3424/5099/2511 3419/5105/2511 3420/5097/2510
f 3420/5097/2510 3421/5106/2521 3422/5098/2511
f 3422/5098/2511 3423/5107/2521 3424/5099/2511
f 3425/5042/2435 3380/5043/2436 3384/5100/2512
f 3381/5044/2437 3385/5055/2518 3384/5052/2447
f 3382/5046/2438 3386/5057/2449 3385/5055/2449
f 3426/5047/2440 3387/5059/2519 3386/5057/2451
f 3427/5048/2442 3388/5061/2453 3387/5059/2453
f 3425/5042/2443 3383/5049/2520 3388/5061/2455
o Rope006
v -12.108904 -1.886326 5.463822
v -12.163487 -1.757716 5.519282
v -12.293391 -1.757715 5.594282
v -12.368711 -1.886325 5.613822
v -12.314129 -2.014935 5.558364
v -12.184225 -2.014935 5.483364
v -12.727728 -1.590024 4.391989
v -12.772292 -1.466211 4.464801
v -12.902196 -1.466211 4.539801
v -12.987535 -1.590024 4.541988
v -12.942971 -1.713837 4.469176
v -12.813067 -1.713837 4.394176
v -13.309796 -1.096046 3.383817
v -13.344135 -0.980911 3.474339
v -13.474040 -0.980911 3.549339
v -13.569604 -1.096046 3.533817
v -13.535264 -1.211182 3.443295
v -13.405360 -1.211182 3.368295
v -13.851411 -0.392270 2.445713
v -13.876247 -0.289483 2.552695
v -14.006151 -0.289483 2.627695
v -14.111218 -0.392270 2.595713
v -14.086382 -0.495057 2.488731
v -13.956478 -0.495057 2.413732
v -14.348871 0.533429 1.584087
v -14.365722 0.621355 1.704902
v -14.495625 0.621355 1.779902
v -14.608679 0.533429 1.734087
v -14.591828 0.445502 1.613273
v -14.461925 0.445502 1.538273
v -14.798478 1.693174 0.805346
v -14.809223 1.765353 0.936734
v -14.939127 1.765353 1.011734
v -15.058286 1.693174 0.955346
v -15.047540 1.620994 0.823957
v -14.917636 1.620994 0.748958
v -15.228868 3.099089 0.059888
v -15.237301 3.163098 0.195283
v -15.367205 3.163098 0.270283
v -15.488676 3.099089 0.209888
v -15.480244 3.035080 0.074493
v -15.350340 3.035080 -0.000506
v -11.512533 -1.862264 6.646767
v -11.642437 -1.862264 6.721767
v -11.707389 -1.993944 6.759267
v -10.786259 -1.886325 7.754711
v -10.861579 -1.757715 7.774252
v -10.991483 -1.757715 7.849252
v -11.046066 -1.886325 7.904711
v -10.970745 -2.014935 7.885170
v -10.840841 -2.014935 7.810170
v -10.167435 -1.590023 8.826546
v -10.252774 -1.466210 8.828733
v -10.382678 -1.466210 8.903733
v -10.427242 -1.590023 8.976545
v -10.341903 -1.713836 8.974358
v -10.211999 -1.713836 8.899358
v -9.585366 -1.096045 9.834717
v -9.680930 -0.980910 9.819195
v -9.810834 -0.980910 9.894195
v -9.845174 -1.096045 9.984717
v -9.749609 -1.211181 10.000239
v -9.619706 -1.211181 9.925240
v -9.043752 -0.392269 10.772820
v -9.148819 -0.289482 10.740839
v -9.278723 -0.289482 10.815839
v -9.303559 -0.392269 10.922821
v -9.198492 -0.495056 10.954803
v -9.068588 -0.495056 10.879803
v -8.546291 0.533430 11.634446
v -8.659345 0.621356 11.588633
v -8.789248 0.621356 11.663632
v -8.806099 0.533430 11.784447
v -8.693046 0.445503 11.830261
v -8.563142 0.445503 11.755260
v -8.096684 1.693175 12.413189
v -8.215843 1.765354 12.356800
v -8.345747 1.765354 12.431801
v -8.356492 1.693175 12.563189
v -8.237334 1.620995 12.619576
v -8.107430 1.620995 12.544577
v -7.666294 3.099090 13.158646
v -7.787766 3.163099 13.098251
v -7.917669 3.163099 13.173251
v -7.926102 3.099090 13.308645
v -7.804630 3.035081 13.369040
v -7.674726 3.035081 13.294041
v -11.447581 -1.993944 6.609267
v -11.642437 -2.125623 6.721767
v -11.512533 -2.125623 6.646767
vn 0.0783 0.4917 -0.8672
vn 0.1559 0.4736 -0.8668
vn 0.0783 0.4917 -0.8673
vn 0.1569 0.9876 0.0001
vn 0.3127 0.9498 -0.0000
vn 0.0783 0.4918 0.8672
vn 0.1561 0.4736 0.8668
vn 0.0784 0.4917 0.8673
vn -0.0785 -0.4917 0.8672
vn -0.1560 -0.4736 0.8668
vn -0.0786 -0.4916 0.8673
vn -0.1579 -0.9875 -0.0000
vn -0.3128 -0.9498 -0.0001
vn -0.1579 -0.9875 -0.0001
vn -0.0787 -0.4917 -0.8672
vn -0.1560 -0.4737 -0.8668
vn -0.0786 -0.4917 -0.8672
vn 0.1559 0.4737 -0.8668
vn 0.2341 0.4402 -0.8668
vn 0.3128 0.9498 -0.0000
vn 0.4695 0.8829 -0.0000
vn 0.1561 0.4737 0.8668
vn 0.2341 0.4402 0.8668
vn -0.1559 -0.4737 0.8668
vn -0.2340 -0.4402 0.8669
vn -0.4695 -0.8829 -0.0001
vn -0.1560 -0.4737 -0.8667
vn -0.2341 -0.4402 -0.8668
vn 0.2341 0.4402 -0.8669
vn 0.3067 0.3930 -0.8668
vn 0.6153 0.7883 -0.0001
vn 0.3068 0.3931 0.8668
vn -0.3068 -0.3930 0.8668
vn -0.4695 -0.8829 -0.0000
vn -0.6152 -0.7884 0.0001
vn -0.3068 -0.3931 -0.8668
vn 0.3067 0.3930 -0.8669
vn 0.3682 0.3365 -0.8667
vn 0.6152 0.7884 -0.0001
vn 0.7381 0.6747 -0.0001
vn 0.3682 0.3365 0.8667
vn -0.3682 -0.3365 0.8667
vn -0.6153 -0.7883 0.0001
vn -0.7381 -0.6747 0.0001
vn -0.3068 -0.3930 -0.8668
vn -0.3682 -0.3365 -0.8667
vn 0.3682 0.3364 -0.8668
vn 0.4107 0.2839 -0.8664
vn 0.7381 0.6746 -0.0001
vn 0.8228 0.5684 -0.0001
vn 0.4110 0.2835 0.8664
vn -0.3682 -0.3364 0.8668
vn -0.4110 -0.2834 0.8665
vn -0.7381 -0.6746 0.0001
vn -0.8228 -0.5684 0.0001
vn -0.3681 -0.3364 -0.8668
vn -0.4107 -0.2839 -0.8664
vn 0.4110 0.2835 -0.8664
vn 0.4262 0.2610 -0.8661
vn 0.8227 0.5685 -0.0001
vn 0.8527 0.5223 -0.0001
vn 0.4107 0.2839 0.8665
vn 0.4262 0.2609 0.8662
vn -0.4107 -0.2839 0.8664
vn -0.4263 -0.2609 0.8662
vn -0.8228 -0.5683 0.0001
vn -0.8529 -0.5220 0.0001
vn -0.4110 -0.2834 -0.8665
vn -0.4262 -0.2609 -0.8662
vn -0.4927 0.8702 -0.0000
vn -0.0000 0.4969 -0.8678
vn -0.0000 1.0000 -0.0000
vn -0.0000 0.4969 0.8678
vn 0.0001 -0.4968 0.8679
vn -0.0000 -0.4968 0.8679
vn -0.0000 -1.0000 -0.0000
vn -0.0001 -0.4968 -0.8679
vn -0.0001 -0.4968 -0.8678
vn -0.0784 0.4916 -0.8673
vn -0.1561 0.4737 -0.8668
vn -0.1561 0.4736 -0.8668
vn -0.1568 0.9876 -0.0000
vn -0.3128 0.9498 -0.0000
vn -0.3127 0.9498 -0.0000
vn -0.0782 0.4917 0.8673
vn -0.1559 0.4737 0.8668
vn -0.1560 0.4736 0.8668
vn 0.0786 -0.4917 0.8672
vn 0.1561 -0.4737 0.8667
vn 0.1560 -0.4737 0.8668
vn 0.1579 -0.9875 -0.0000
vn 0.3128 -0.9498 0.0001
vn 0.0786 -0.4917 -0.8672
vn 0.1559 -0.4737 -0.8668
vn 0.1560 -0.4736 -0.8668
vn -0.2341 0.4402 -0.8668
vn -0.4694 0.8830 -0.0000
vn -0.4695 0.8829 -0.0000
vn -0.2341 0.4402 0.8669
vn -0.2341 0.4403 0.8668
vn 0.2341 -0.4402 0.8668
vn 0.4695 -0.8829 -0.0000
vn 0.4694 -0.8830 -0.0000
vn 0.2340 -0.4402 -0.8669
vn -0.3068 0.3931 -0.8668
vn -0.6152 0.7883 0.0001
vn -0.6153 0.7883 -0.0000
vn -0.3068 0.3930 0.8669
vn -0.3067 0.3930 0.8668
vn 0.3068 -0.3930 0.8668
vn 0.3068 -0.3931 0.8668
vn 0.6152 -0.7884 -0.0001
vn 0.6153 -0.7883 -0.0001
vn 0.3068 -0.3930 -0.8668
vn -0.3682 0.3365 -0.8667
vn -0.7381 0.6746 0.0001
vn -0.7382 0.6746 -0.0000
vn -0.3682 0.3364 0.8668
vn -0.3682 0.3365 0.8667
vn 0.3682 -0.3364 0.8668
vn 0.3682 -0.3365 0.8667
vn 0.7381 -0.6746 -0.0001
vn 0.7381 -0.6747 -0.0001
vn 0.3682 -0.3364 -0.8667
vn 0.3682 -0.3365 -0.8667
vn -0.4107 0.2839 -0.8664
vn -0.4110 0.2835 -0.8664
vn -0.8228 0.5684 0.0001
vn -0.4110 0.2835 0.8664
vn -0.4107 0.2840 0.8664
vn 0.4110 -0.2834 0.8665
vn 0.4107 -0.2839 0.8664
vn 0.8230 -0.5681 -0.0000
vn 0.8229 -0.5681 -0.0000
vn 0.4107 -0.2839 -0.8664
vn 0.4110 -0.2834 -0.8665
vn -0.4262 0.2610 -0.8662
vn -0.4262 0.2609 -0.8662
vn -0.8527 0.5223 0.0001
vn -0.8527 0.5224 0.0001
vn -0.4262 0.2610 0.8662
vn -0.4262 0.2610 0.8661
vn 0.4263 -0.2610 0.8661
vn 0.4263 -0.2609 0.8662
vn 0.8530 -0.5220 -0.0001
vn 0.8529 -0.5220 -0.0001
vn 0.4263 -0.2610 -0.8661
vn 0.4263 -0.2609 -0.8662
vn 0.4928 0.8702 -0.0000
vn 0.4927 0.8702 -0.0000
vn -0.0783 0.4918 -0.8672
vn 0.8528 0.5223 -0.0001
vn 0.4262 0.2610 0.8662
vn -0.4262 -0.2610 0.8661
vn -0.8530 -0.5220 0.0001
vn -0.4262 -0.2610 -0.8661
vn -0.4928 0.8702 -0.0000
vn -0.1569 0.9876 -0.0001
vn -0.0783 0.4917 0.8673
vn 0.0787 -0.4917 0.8672
vn 0.1579 -0.9875 0.0001
vn 0.0785 -0.4917 -0.8672
vt 0.386953 0.986489
vt 0.431242 0.991699
vt 0.386952 0.991713
vt 0.386926 0.960378
vt 0.431178 0.965614
vt 0.386925 0.965601
vt 0.431176 0.970832
vt 0.386933 0.970821
vt 0.431180 0.976047
vt 0.386942 0.976043
vt 0.431198 0.981261
vt 0.386949 0.981267
vt 0.431227 0.986477
vt 0.475202 0.991693
vt 0.431178 0.960390
vt 0.475061 0.965627
vt 0.475095 0.970845
vt 0.475135 0.976054
vt 0.475170 0.981261
vt 0.475193 0.986473
vt 0.520088 0.991692
vt 0.475047 0.960403
vt 0.519829 0.965641
vt 0.519932 0.970857
vt 0.520038 0.976062
vt 0.520094 0.981263
vt 0.520096 0.986472
vt 0.567311 0.991681
vt 0.519786 0.960417
vt 0.566896 0.965655
vt 0.567113 0.970871
vt 0.567325 0.976071
vt 0.567404 0.981263
vt 0.567355 0.986463
vt 0.618250 0.991671
vt 0.566806 0.960430
vt 0.617683 0.965620
vt 0.618120 0.970838
vt 0.618539 0.976044
vt 0.618637 0.981240
vt 0.618429 0.986449
vt 0.675558 0.991657
vt 0.617526 0.960397
vt 0.674922 0.965170
vt 0.675507 0.970421
vt 0.676069 0.975737
vt 0.676175 0.981089
vt 0.675844 0.986404
vt 0.737585 0.210102
vt 0.742106 0.202272
vt 0.746626 0.210102
vt 0.340747 0.986512
vt 0.340747 0.991773
vt 0.340747 0.965586
vt 0.340747 0.960372
vt 0.340747 0.970825
vt 0.340747 0.976060
vt 0.340747 0.981261
vt 0.294505 0.986489
vt 0.250119 0.991699
vt 0.250134 0.986477
vt 0.294532 0.960378
vt 0.250183 0.965613
vt 0.250183 0.960390
vt 0.294533 0.965601
vt 0.250185 0.970832
vt 0.294526 0.970821
vt 0.250182 0.976047
vt 0.294517 0.976043
vt 0.250163 0.981261
vt 0.294509 0.981267
vt 0.206019 0.991693
vt 0.206028 0.986472
vt 0.206160 0.965627
vt 0.206174 0.960403
vt 0.206126 0.970844
vt 0.206086 0.976053
vt 0.206051 0.981260
vt 0.160977 0.991691
vt 0.160969 0.986471
vt 0.161236 0.965640
vt 0.161278 0.960416
vt 0.161133 0.970856
vt 0.161027 0.976061
vt 0.160971 0.981262
vt 0.113614 0.991681
vt 0.113570 0.986463
vt 0.114028 0.965654
vt 0.114117 0.960429
vt 0.113811 0.970870
vt 0.113600 0.976070
vt 0.113521 0.981262
vt 0.062577 0.991671
vt 0.062399 0.986449
vt 0.063144 0.965619
vt 0.063300 0.960396
vt 0.062707 0.970837
vt 0.062288 0.976043
vt 0.062190 0.981240
vt 0.005235 0.991662
vt 0.004949 0.986409
vt 0.005870 0.965180
vt 0.006063 0.959956
vt 0.005285 0.970431
vt 0.004724 0.975745
vt 0.004618 0.981095
vt 0.700525 0.271869
vt 0.705046 0.264039
vt 0.709566 0.271869
vt 0.294507 0.991713
vt 0.674727 0.959946
vt 0.742106 0.212712
vt 0.737585 0.204882
vt 0.746626 0.204882
vt 0.705046 0.274479
vt 0.700525 0.266649
vt 0.709566 0.266649
s 1
usemtl Chandelier02
f 3428/5108/2522 3435/5109/2523 3429/5110/2524
f 3429/5111/2525 3436/5112/2526 3430/5113/2525
f 3430/5113/2527 3437/5114/2528 3431/5115/2529
f 3431/5115/2530 3438/5116/2531 3432/5117/2532
f 3432/5117/2533 3439/5118/2534 3433/5119/2535
f 3433/5119/2536 3434/5120/2537 3428/5108/2538
f 3434/5120/2539 3441/5121/2540 3435/5109/2523
f 3435/5122/2541 3442/5123/2542 3436/5112/2526
f 3436/5112/2543 3443/5124/2544 3437/5114/2528
f 3437/5114/2545 3444/5125/2546 3438/5116/2531
f 3438/5116/2534 3445/5126/2547 3439/5118/2534
f 3439/5118/2548 3440/5127/2549 3434/5120/2537
f 3440/5127/2550 3447/5128/2551 3441/5121/2540
f 3441/5129/2542 3448/5130/2552 3442/5123/2542
f 3442/5123/2544 3449/5131/2553 3443/5124/2544
f 3443/5124/2546 3450/5132/2554 3444/5125/2546
f 3444/5125/2555 3451/5133/2556 3445/5126/2547
f 3445/5126/2549 3446/5134/2557 3440/5127/2549
f 3446/5134/2558 3453/5135/2559 3447/5128/2551
f 3447/5136/2560 3454/5137/2561 3448/5130/2552
f 3448/5130/2553 3455/5138/2562 3449/5131/2553
f 3449/5131/2554 3456/5139/2563 3450/5132/2554
f 3450/5132/2564 3457/5140/2565 3451/5133/2556
f 3451/5133/2566 3452/5141/2567 3446/5134/2557
f 3452/5141/2568 3459/5142/2569 3453/5135/2559
f 3453/5143/2570 3460/5144/2571 3454/5137/2561
f 3454/5137/2562 3461/5145/2572 3455/5138/2562
f 3455/5138/2573 3462/5146/2574 3456/5139/2563
f 3456/5139/2575 3463/5147/2576 3457/5140/2565
f 3457/5140/2577 3458/5148/2578 3452/5141/2567
f 3458/5148/2579 3465/5149/2580 3459/5142/2569
f 3459/5150/2581 3466/5151/2582 3460/5144/2571
f 3460/5144/2583 3467/5152/2584 3461/5145/2572
f 3461/5145/2585 3468/5153/2586 3462/5146/2574
f 3462/5146/2587 3469/5154/2588 3463/5147/2576
f 3463/5147/2589 3464/5155/2590 3458/5148/2578
f 3469/5156/2591 3467/5157/2591 3465/5158/2591
f 3515/5159/2592 3429/5110/2524 3470/5160/2592
f 3429/5111/2525 3471/5161/2593 3470/5162/2593
f 3430/5113/2527 3472/5163/2594 3471/5161/2594
f 3431/5115/2530 3516/5164/2595 3472/5163/2596
f 3432/5117/2533 3517/5165/2597 3516/5164/2597
f 3433/5119/2536 3515/5159/2598 3517/5165/2599
f 3473/5166/2600 3480/5167/2601 3479/5168/2602
f 3474/5169/2603 3481/5170/2604 3480/5171/2605
f 3475/5172/2606 3482/5173/2607 3481/5170/2608
f 3476/5174/2609 3483/5175/2610 3482/5173/2611
f 3477/5176/2612 3484/5177/2613 3483/5175/2613
f 3478/5178/2614 3479/5168/2615 3484/5177/2616
f 3479/5168/2602 3486/5179/2617 3485/5180/2617
f 3480/5171/2605 3487/5181/2618 3486/5182/2619
f 3481/5170/2608 3488/5183/2620 3487/5181/2621
f 3482/5173/2611 3489/5184/2622 3488/5183/2622
f 3483/5175/2613 3490/5185/2623 3489/5184/2624
f 3484/5177/2616 3485/5180/2625 3490/5185/2625
f 3485/5180/2617 3492/5186/2626 3491/5187/2626
f 3486/5182/2619 3493/5188/2627 3492/5189/2628
f 3487/5181/2621 3494/5190/2629 3493/5188/2630
f 3488/5183/2622 3495/5191/2631 3494/5190/2632
f 3489/5184/2624 3496/5192/2633 3495/5191/2634
f 3490/5185/2625 3491/5187/2635 3496/5192/2635
f 3491/5187/2626 3498/5193/2636 3497/5194/2636
f 3492/5189/2628 3499/5195/2637 3498/5196/2638
f 3493/5188/2630 3500/5197/2639 3499/5195/2640
f 3494/5190/2632 3501/5198/2641 3500/5197/2642
f 3495/5191/2634 3502/5199/2643 3501/5198/2644
f 3496/5192/2635 3497/5194/2645 3502/5199/2646
f 3497/5194/2636 3504/5200/2647 3503/5201/2648
f 3498/5196/2638 3505/5202/2649 3504/5203/2649
f 3499/5195/2640 3506/5204/2650 3505/5202/2651
f 3500/5197/2642 3507/5205/2652 3506/5204/2653
f 3501/5198/2644 3508/5206/2654 3507/5205/2655
f 3502/5199/2646 3503/5201/2656 3508/5206/2657
f 3503/5201/2648 3510/5207/2658 3509/5208/2659
f 3504/5203/2649 3511/5209/2660 3510/5210/2661
f 3505/5202/2651 3512/5211/2662 3511/5209/2663
f 3506/5204/2653 3513/5212/2664 3512/5211/2665
f 3507/5205/2655 3514/5213/2666 3513/5212/2667
f 3508/5206/2657 3509/5208/2668 3514/5213/2669
f 3510/5214/2670 3512/5215/2671 3514/5216/2671
f 3515/5159/2592 3474/5217/2672 3473/5166/2600
f 3471/5161/2593 3474/5169/2603 3470/5162/2593
f 3472/5163/2594 3475/5172/2606 3471/5161/2594
f 3516/5164/2595 3476/5174/2609 3472/5163/2596
f 3517/5165/2597 3477/5176/2612 3516/5164/2597
f 3515/5159/2598 3478/5178/2614 3517/5165/2599
f 3428/5108/2522 3434/5120/2539 3435/5109/2523
f 3429/5111/2525 3435/5122/2541 3436/5112/2526
f 3430/5113/2527 3436/5112/2543 3437/5114/2528
f 3431/5115/2530 3437/5114/2545 3438/5116/2531
f 3432/5117/2533 3438/5116/2534 3439/5118/2534
f 3433/5119/2536 3439/5118/2548 3434/5120/2537
f 3434/5120/2539 3440/5127/2550 3441/5121/2540
f 3435/5122/2541 3441/5129/2542 3442/5123/2542
f 3436/5112/2543 3442/5123/2544 3443/5124/2544
f 3437/5114/2545 3443/5124/2546 3444/5125/2546
f 3438/5116/2534 3444/5125/2555 3445/5126/2547
f 3439/5118/2548 3445/5126/2549 3440/5127/2549
f 3440/5127/2550 3446/5134/2558 3447/5128/2551
f 3441/5129/2542 3447/5136/2560 3448/5130/2552
f 3442/5123/2544 3448/5130/2553 3449/5131/2553
f 3443/5124/2546 3449/5131/2554 3450/5132/2554
f 3444/5125/2555 3450/5132/2564 3451/5133/2556
f 3445/5126/2549 3451/5133/2566 3446/5134/2557
f 3446/5134/2558 3452/5141/2568 3453/5135/2559
f 3447/5136/2560 3453/5143/2570 3454/5137/2561
f 3448/5130/2553 3454/5137/2562 3455/5138/2562
f 3449/5131/2554 3455/5138/2573 3456/5139/2563
f 3450/5132/2564 3456/5139/2575 3457/5140/2565
f 3451/5133/2566 3457/5140/2577 3452/5141/2567
f 3452/5141/2568 3458/5148/2579 3459/5142/2569
f 3453/5143/2570 3459/5150/2581 3460/5144/2571
f 3454/5137/2562 3460/5144/2583 3461/5145/2572
f 3455/5138/2573 3461/5145/2585 3462/5146/2574
f 3456/5139/2575 3462/5146/2587 3463/5147/2576
f 3457/5140/2577 3463/5147/2589 3458/5148/2578
f 3458/5148/2579 3464/5155/2580 3465/5149/2580
f 3459/5150/2581 3465/5218/2673 3466/5151/2582
f 3460/5144/2583 3466/5151/2674 3467/5152/2584
f 3461/5145/2585 3467/5152/2675 3468/5153/2586
f 3462/5146/2587 3468/5153/2676 3469/5154/2588
f 3463/5147/2589 3469/5154/2677 3464/5155/2590
f 3465/5158/2591 3464/5219/2591 3469/5156/2591
f 3469/5156/2591 3468/5220/2591 3467/5157/2591
f 3467/5157/2591 3466/5221/2678 3465/5158/2591
f 3515/5159/2592 3428/5108/2522 3429/5110/2524
f 3429/5111/2525 3430/5113/2525 3471/5161/2593
f 3430/5113/2527 3431/5115/2529 3472/5163/2594
f 3431/5115/2530 3432/5117/2532 3516/5164/2595
f 3432/5117/2533 3433/5119/2535 3517/5165/2597
f 3433/5119/2536 3428/5108/2538 3515/5159/2598
f 3473/5166/2600 3474/5217/2672 3480/5167/2601
f 3474/5169/2603 3475/5172/2679 3481/5170/2604
f 3475/5172/2606 3476/5174/2680 3482/5173/2607
f 3476/5174/2609 3477/5176/2681 3483/5175/2610
f 3477/5176/2612 3478/5178/2682 3484/5177/2613
f 3478/5178/2614 3473/5166/2683 3479/5168/2615
f 3479/5168/2602 3480/5167/2601 3486/5179/2617
f 3480/5171/2605 3481/5170/2604 3487/5181/2618
f 3481/5170/2608 3482/5173/2607 3488/5183/2620
f 3482/5173/2611 3483/5175/2610 3489/5184/2622
f 3483/5175/2613 3484/5177/2613 3490/5185/2623
f 3484/5177/2616 3479/5168/2615 3485/5180/2625
f 3485/5180/2617 3486/5179/2617 3492/5186/2626
f 3486/5182/2619 3487/5181/2618 3493/5188/2627
f 3487/5181/2621 3488/5183/2620 3494/5190/2629
f 3488/5183/2622 3489/5184/2622 3495/5191/2631
f 3489/5184/2624 3490/5185/2623 3496/5192/2633
f 3490/5185/2625 3485/5180/2625 3491/5187/2635
f 3491/5187/2626 3492/5186/2626 3498/5193/2636
f 3492/5189/2628 3493/5188/2627 3499/5195/2637
f 3493/5188/2630 3494/5190/2629 3500/5197/2639
f 3494/5190/2632 3495/5191/2631 3501/5198/2641
f 3495/5191/2634 3496/5192/2633 3502/5199/2643
f 3496/5192/2635 3491/5187/2635 3497/5194/2645
f 3497/5194/2636 3498/5193/2636 3504/5200/2647
f 3498/5196/2638 3499/5195/2637 3505/5202/2649
f 3499/5195/2640 3500/5197/2639 3506/5204/2650
f 3500/5197/2642 3501/5198/2641 3507/5205/2652
f 3501/5198/2644 3502/5199/2643 3508/5206/2654
f 3502/5199/2646 3497/5194/2645 3503/5201/2656
f 3503/5201/2648 3504/5200/2647 3510/5207/2658
f 3504/5203/2649 3505/5202/2649 3511/5209/2660
f 3505/5202/2651 3506/5204/2650 3512/5211/2662
f 3506/5204/2653 3507/5205/2652 3513/5212/2664
f 3507/5205/2655 3508/5206/2654 3514/5213/2666
f 3508/5206/2657 3503/5201/2656 3509/5208/2668
f 3514/5216/2671 3509/5222/2671 3510/5214/2670
f 3510/5214/2670 3511/5223/2671 3512/5215/2671
f 3512/5215/2671 3513/5224/2671 3514/5216/2671
f 3515/5159/2592 3470/5160/2592 3474/5217/2672
f 3471/5161/2593 3475/5172/2679 3474/5169/2603
f 3472/5163/2594 3476/5174/2680 3475/5172/2606
f 3516/5164/2595 3477/5176/2681 3476/5174/2609
f 3517/5165/2597 3478/5178/2682 3477/5176/2612
f 3515/5159/2598 3473/5166/2683 3478/5178/2614
o Rope007
v -1.322646 -1.886325 13.218530
v -1.301908 -1.757715 13.293530
v -1.301908 -1.757715 13.443530
v -1.322646 -1.886325 13.518530
v -1.343383 -2.014935 13.443530
v -1.343383 -2.014935 13.293530
v -2.560293 -1.590023 13.218530
v -2.519518 -1.466210 13.293530
v -2.519518 -1.466210 13.443530
v -2.560293 -1.590023 13.518530
v -2.601069 -1.713836 13.443530
v -2.601069 -1.713836 13.293530
v -3.724430 -1.096045 13.218530
v -3.663205 -0.980910 13.293530
v -3.663205 -0.980910 13.443530
v -3.724430 -1.096045 13.518530
v -3.785654 -1.211181 13.443530
v -3.785654 -1.211181 13.293530
v -4.807659 -0.392269 13.218530
v -4.727428 -0.289482 13.293530
v -4.727428 -0.289482 13.443530
v -4.807659 -0.392269 13.518530
v -4.887889 -0.495056 13.443530
v -4.887889 -0.495056 13.293530
v -5.802578 0.533430 13.218530
v -5.706376 0.621356 13.293530
v -5.706376 0.621356 13.443530
v -5.802578 0.533430 13.518530
v -5.898781 0.445503 13.443530
v -5.898781 0.445503 13.293530
v -6.701792 1.693175 13.218530
v -6.593379 1.765354 13.293530
v -6.593379 1.765354 13.443530
v -6.701792 1.693175 13.518530
v -6.810205 1.620995 13.443530
v -6.810205 1.620995 13.293530
v -7.562572 3.099090 13.218530
v -7.449533 3.163099 13.293530
v -7.449533 3.163099 13.443530
v -7.562572 3.099090 13.518530
v -7.675611 3.035081 13.443530
v -7.675611 3.035081 13.293530
v 0.000000 -1.862263 13.293530
v 0.000000 -1.862263 13.443530
v 0.000000 -1.993943 13.518530
v 1.322645 -1.886325 13.218531
v 1.301908 -1.757715 13.293530
v 1.301908 -1.757715 13.443530
v 1.322645 -1.886325 13.518530
v 1.343382 -2.014935 13.443530
v 1.343382 -2.014935 13.293530
v 2.560292 -1.590023 13.218531
v 2.519517 -1.466210 13.293530
v 2.519517 -1.466210 13.443530
v 2.560292 -1.590023 13.518530
v 2.601068 -1.713836 13.443530
v 2.601068 -1.713836 13.293530
v 3.724429 -1.096045 13.218531
v 3.663204 -0.980910 13.293530
v 3.663204 -0.980910 13.443530
v 3.724429 -1.096045 13.518531
v 3.785653 -1.211181 13.443530
v 3.785653 -1.211181 13.293530
v 4.807658 -0.392269 13.218531
v 4.727427 -0.289482 13.293530
v 4.727427 -0.289482 13.443530
v 4.807658 -0.392269 13.518531
v 4.887888 -0.495056 13.443530
v 4.887888 -0.495056 13.293530
v 5.802577 0.533430 13.218531
v 5.706375 0.621356 13.293530
v 5.706375 0.621356 13.443531
v 5.802577 0.533430 13.518531
v 5.898780 0.445503 13.443530
v 5.898780 0.445503 13.293530
v 6.701791 1.693175 13.218531
v 6.593379 1.765354 13.293530
v 6.593379 1.765354 13.443531
v 6.701791 1.693175 13.518531
v 6.810204 1.620995 13.443531
v 6.810204 1.620995 13.293530
v 7.562572 3.099090 13.218531
v 7.449533 3.163099 13.293530
v 7.449533 3.163099 13.443531
v 7.562572 3.099090 13.518531
v 7.675611 3.035081 13.443531
v 7.675611 3.035081 13.293530
v 0.000000 -1.993943 13.218530
v 0.000000 -2.125622 13.443530
v 0.000000 -2.125622 13.293530
vn 0.0784 0.4918 -0.8672
vn 0.1560 0.4737 -0.8668
vn 0.0783 0.4919 -0.8671
vn 0.1569 0.9876 -0.0000
vn 0.3128 0.9498 -0.0000
vn 0.0783 0.4918 0.8672
vn 0.1560 0.4737 0.8668
vn 0.0784 0.4918 0.8672
vn -0.0786 -0.4917 0.8672
vn -0.1560 -0.4737 0.8668
vn -0.0786 -0.4918 0.8671
vn -0.1579 -0.9874 -0.0000
vn -0.3128 -0.9498 -0.0000
vn -0.0786 -0.4917 -0.8672
vn -0.1560 -0.4737 -0.8668
vn -0.0786 -0.4918 -0.8671
vn 0.2341 0.4402 -0.8668
vn 0.4695 0.8829 -0.0000
vn 0.2341 0.4402 0.8669
vn -0.2341 -0.4402 0.8669
vn -0.4695 -0.8829 -0.0000
vn -0.2341 -0.4402 -0.8669
vn 0.3068 0.3930 -0.8668
vn 0.6153 0.7883 -0.0000
vn 0.3068 0.3930 0.8668
vn -0.3068 -0.3930 0.8668
vn -0.6153 -0.7883 -0.0000
vn -0.3068 -0.3930 -0.8668
vn 0.3682 0.3365 -0.8667
vn 0.7381 0.6746 -0.0000
vn 0.3682 0.3365 0.8667
vn -0.3682 -0.3365 0.8667
vn -0.7381 -0.6746 -0.0000
vn -0.3682 -0.3365 -0.8667
vn 0.4105 0.2839 -0.8666
vn 0.8228 0.5684 -0.0000
vn 0.4108 0.2834 0.8666
vn -0.4108 -0.2834 0.8666
vn -0.8229 -0.5682 -0.0000
vn -0.4105 -0.2839 -0.8666
vn 0.4108 0.2835 -0.8665
vn 0.4262 0.2610 -0.8662
vn 0.8527 0.5223 -0.0000
vn 0.4105 0.2839 0.8665
vn 0.4262 0.2610 0.8662
vn -0.4105 -0.2838 0.8665
vn -0.4263 -0.2610 0.8661
vn -0.8529 -0.5220 -0.0000
vn -0.4111 -0.2836 -0.8664
vn -0.4266 -0.2611 -0.8659
vn -0.4927 0.8702 -0.0000
vn -0.0000 0.4968 -0.8678
vn -0.0000 0.4969 -0.8678
vn -0.0000 1.0000 -0.0000
vn -0.0000 0.4969 0.8678
vn -0.0000 0.4968 0.8678
vn -0.0000 -0.4968 0.8679
vn -0.0000 -0.4969 0.8678
vn -0.0000 -1.0000 -0.0000
vn -0.0000 -0.4968 -0.8678
vn -0.0000 -0.4969 -0.8678
vn -0.0784 0.4918 -0.8672
vn -0.1560 0.4737 -0.8668
vn -0.1569 0.9876 -0.0000
vn -0.3128 0.9498 -0.0000
vn -0.0783 0.4918 0.8672
vn -0.1560 0.4737 0.8668
vn 0.0785 -0.4916 0.8672
vn 0.1560 -0.4737 0.8668
vn 0.1579 -0.9874 -0.0000
vn 0.3128 -0.9498 -0.0000
vn 0.0786 -0.4917 -0.8672
vn 0.1560 -0.4737 -0.8668
vn -0.2341 0.4402 -0.8669
vn -0.4695 0.8829 -0.0000
vn -0.2341 0.4402 0.8668
vn 0.2341 -0.4402 0.8669
vn 0.2341 -0.4402 0.8668
vn 0.4695 -0.8829 -0.0000
vn 0.2341 -0.4402 -0.8669
vn -0.3068 0.3930 -0.8668
vn -0.6153 0.7883 -0.0000
vn -0.3068 0.3930 0.8668
vn 0.3068 -0.3930 0.8668
vn 0.6153 -0.7883 -0.0000
vn 0.3068 -0.3930 -0.8668
vn -0.3682 0.3365 -0.8667
vn -0.7381 0.6746 -0.0000
vn -0.3682 0.3365 0.8667
vn 0.3682 -0.3365 0.8667
vn 0.7381 -0.6746 -0.0000
vn 0.3682 -0.3365 -0.8667
vn -0.4105 0.2839 -0.8666
vn -0.4108 0.2835 -0.8665
vn -0.8228 0.5684 -0.0000
vn -0.4108 0.2834 0.8666
vn -0.4105 0.2839 0.8665
vn 0.4108 -0.2834 0.8666
vn 0.4105 -0.2838 0.8665
vn 0.8229 -0.5682 -0.0000
vn 0.4105 -0.2839 -0.8666
vn 0.4108 -0.2834 -0.8665
vn -0.4263 0.2610 -0.8661
vn -0.4262 0.2610 -0.8661
vn -0.8527 0.5223 -0.0000
vn -0.4262 0.2610 0.8662
vn 0.4266 -0.2612 0.8659
vn 0.4264 -0.2610 0.8661
vn 0.8530 -0.5220 -0.0000
vn 0.4263 -0.2610 -0.8661
vn 0.4267 -0.2611 -0.8659
vn 0.4927 0.8702 -0.0000
vn -0.0783 0.4918 -0.8672
vn 0.4262 0.2610 -0.8661
vn 0.4262 0.2610 0.8661
vn -0.4262 -0.2608 0.8662
vn -0.4264 -0.2610 -0.8661
vn -0.0784 0.4918 0.8672
vn 0.0786 -0.4918 0.8671
vt 0.386953 0.986489
vt 0.431242 0.991699
vt 0.386952 0.991713
vt 0.386926 0.960378
vt 0.431178 0.965614
vt 0.386925 0.965601
vt 0.431176 0.970832
vt 0.386933 0.970821
vt 0.431180 0.976047
vt 0.386942 0.976043
vt 0.431198 0.981261
vt 0.386949 0.981267
vt 0.431227 0.986477
vt 0.475202 0.991693
vt 0.431178 0.960390
vt 0.475061 0.965627
vt 0.475095 0.970845
vt 0.475135 0.976054
vt 0.475170 0.981261
vt 0.475193 0.986473
vt 0.520088 0.991692
vt 0.475047 0.960403
vt 0.519829 0.965641
vt 0.519932 0.970857
vt 0.520038 0.976062
vt 0.520094 0.981263
vt 0.520096 0.986472
vt 0.567311 0.991681
vt 0.519786 0.960417
vt 0.566896 0.965655
vt 0.567113 0.970871
vt 0.567325 0.976071
vt 0.567404 0.981263
vt 0.567355 0.986463
vt 0.618250 0.991671
vt 0.566806 0.960430
vt 0.617683 0.965620
vt 0.618120 0.970838
vt 0.618539 0.976044
vt 0.618637 0.981240
vt 0.618429 0.986449
vt 0.675558 0.991657
vt 0.617526 0.960397
vt 0.674922 0.965170
vt 0.675507 0.970421
vt 0.676069 0.975737
vt 0.676175 0.981089
vt 0.675844 0.986404
vt 0.737585 0.210102
vt 0.742106 0.202272
vt 0.746626 0.210102
vt 0.340747 0.986512
vt 0.340747 0.991773
vt 0.340747 0.965586
vt 0.340747 0.960372
vt 0.340747 0.970825
vt 0.340747 0.976060
vt 0.340747 0.981261
vt 0.294505 0.986489
vt 0.250119 0.991699
vt 0.250134 0.986477
vt 0.294532 0.960378
vt 0.250183 0.965613
vt 0.250183 0.960390
vt 0.294533 0.965601
vt 0.250185 0.970832
vt 0.294526 0.970821
vt 0.250182 0.976047
vt 0.294517 0.976043
vt 0.250163 0.981261
vt 0.294509 0.981267
vt 0.206019 0.991693
vt 0.206028 0.986472
vt 0.206160 0.965627
vt 0.206174 0.960403
vt 0.206126 0.970844
vt 0.206086 0.976053
vt 0.206051 0.981260
vt 0.160977 0.991691
vt 0.160969 0.986471
vt 0.161236 0.965640
vt 0.161278 0.960416
vt 0.161133 0.970856
vt 0.161027 0.976061
vt 0.160971 0.981262
vt 0.113614 0.991681
vt 0.113570 0.986463
vt 0.114028 0.965654
vt 0.114117 0.960429
vt 0.113811 0.970870
vt 0.113600 0.976070
vt 0.113521 0.981262
vt 0.062577 0.991671
vt 0.062399 0.986449
vt 0.063144 0.965619
vt 0.063300 0.960396
vt 0.062707 0.970837
vt 0.062288 0.976043
vt 0.062190 0.981240
vt 0.005235 0.991662
vt 0.004949 0.986409
vt 0.005870 0.965180
vt 0.006063 0.959956
vt 0.005285 0.970431
vt 0.004724 0.975745
vt 0.004618 0.981095
vt 0.700525 0.271869
vt 0.705046 0.264039
vt 0.709566 0.271869
vt 0.294507 0.991713
vt 0.674727 0.959946
vt 0.742106 0.212712
vt 0.737585 0.204882
vt 0.746626 0.204882
vt 0.705046 0.274479
vt 0.700525 0.266649
vt 0.709566 0.266649
s 1
usemtl Chandelier02
f 3518/5225/2684 3525/5226/2685 3519/5227/2686
f 3519/5228/2687 3526/5229/2688 3520/5230/2687
f 3520/5230/2689 3527/5231/2690 3521/5232/2691
f 3521/5232/2692 3528/5233/2693 3522/5234/2694
f 3522/5234/2695 3529/5235/2696 3523/5236/2695
f 3523/5236/2697 3524/5237/2698 3518/5225/2699
f 3524/5237/2685 3531/5238/2700 3525/5226/2685
f 3525/5239/2688 3532/5240/2701 3526/5229/2688
f 3526/5229/2690 3533/5241/2702 3527/5231/2690
f 3527/5231/2693 3534/5242/2703 3528/5233/2693
f 3528/5233/2696 3535/5243/2704 3529/5235/2696
f 3529/5235/2698 3530/5244/2705 3524/5237/2698
f 3530/5244/2700 3537/5245/2706 3531/5238/2700
f 3531/5246/2701 3538/5247/2707 3532/5240/2701
f 3532/5240/2702 3539/5248/2708 3533/5241/2702
f 3533/5241/2703 3540/5249/2709 3534/5242/2703
f 3534/5242/2704 3541/5250/2710 3535/5243/2704
f 3535/5243/2705 3536/5251/2711 3530/5244/2705
f 3536/5251/2706 3543/5252/2712 3537/5245/2706
f 3537/5253/2707 3544/5254/2713 3538/5247/2707
f 3538/5247/2708 3545/5255/2714 3539/5248/2708
f 3539/5248/2709 3546/5256/2715 3540/5249/2709
f 3540/5249/2710 3547/5257/2716 3541/5250/2710
f 3541/5250/2711 3542/5258/2717 3536/5251/2711
f 3542/5258/2712 3549/5259/2718 3543/5252/2712
f 3543/5260/2713 3550/5261/2719 3544/5254/2713
f 3544/5254/2714 3551/5262/2720 3545/5255/2714
f 3545/5255/2715 3552/5263/2721 3546/5256/2715
f 3546/5256/2716 3553/5264/2722 3547/5257/2716
f 3547/5257/2717 3548/5265/2723 3542/5258/2717
f 3548/5265/2724 3555/5266/2725 3549/5259/2718
f 3549/5267/2719 3556/5268/2726 3550/5261/2719
f 3550/5261/2727 3557/5269/2728 3551/5262/2720
f 3551/5262/2729 3558/5270/2730 3552/5263/2721
f 3552/5263/2722 3559/5271/2731 3553/5264/2722
f 3553/5264/2732 3554/5272/2733 3548/5265/2723
f 3559/5273/2734 3557/5274/2734 3555/5275/2734
f 3605/5276/2735 3519/5227/2686 3560/5277/2736
f 3519/5228/2687 3561/5278/2737 3560/5279/2737
f 3520/5230/2689 3562/5280/2738 3561/5278/2739
f 3521/5232/2692 3606/5281/2740 3562/5280/2741
f 3522/5234/2695 3607/5282/2742 3606/5281/2742
f 3523/5236/2697 3605/5276/2743 3607/5282/2744
f 3563/5283/2745 3570/5284/2746 3569/5285/2746
f 3564/5286/2747 3571/5287/2748 3570/5288/2748
f 3565/5289/2749 3572/5290/2750 3571/5287/2750
f 3566/5291/2751 3573/5292/2752 3572/5290/2752
f 3567/5293/2753 3574/5294/2754 3573/5292/2754
f 3568/5295/2755 3569/5285/2756 3574/5294/2756
f 3569/5285/2746 3576/5296/2757 3575/5297/2757
f 3570/5288/2748 3577/5298/2758 3576/5299/2758
f 3571/5287/2750 3578/5300/2759 3577/5298/2759
f 3572/5290/2752 3579/5301/2760 3578/5300/2761
f 3573/5292/2754 3580/5302/2762 3579/5301/2762
f 3574/5294/2756 3575/5297/2763 3580/5302/2763
f 3575/5297/2757 3582/5303/2764 3581/5304/2764
f 3576/5299/2758 3583/5305/2765 3582/5306/2765
f 3577/5298/2759 3584/5307/2766 3583/5305/2766
f 3578/5300/2761 3585/5308/2767 3584/5307/2767
f 3579/5301/2762 3586/5309/2768 3585/5308/2768
f 3580/5302/2763 3581/5304/2769 3586/5309/2769
f 3581/5304/2764 3588/5310/2770 3587/5311/2770
f 3582/5306/2765 3589/5312/2771 3588/5313/2771
f 3583/5305/2766 3590/5314/2772 3589/5312/2772
f 3584/5307/2767 3591/5315/2773 3590/5314/2773
f 3585/5308/2768 3592/5316/2774 3591/5315/2774
f 3586/5309/2769 3587/5311/2775 3592/5316/2775
f 3587/5311/2770 3594/5317/2776 3593/5318/2777
f 3588/5313/2771 3595/5319/2778 3594/5320/2778
f 3589/5312/2772 3596/5321/2779 3595/5319/2780
f 3590/5314/2773 3597/5322/2781 3596/5321/2782
f 3591/5315/2774 3598/5323/2783 3597/5322/2783
f 3592/5316/2775 3593/5318/2784 3598/5323/2785
f 3593/5318/2777 3600/5324/2786 3599/5325/2787
f 3594/5320/2778 3601/5326/2788 3600/5327/2788
f 3595/5319/2780 3602/5328/2789 3601/5326/2789
f 3596/5321/2782 3603/5329/2790 3602/5328/2791
f 3597/5322/2783 3604/5330/2792 3603/5329/2792
f 3598/5323/2785 3599/5325/2793 3604/5330/2794
f 3600/5331/2795 3602/5332/2795 3604/5333/2795
f 3605/5276/2735 3564/5334/2796 3563/5283/2745
f 3561/5278/2737 3564/5286/2747 3560/5279/2737
f 3562/5280/2738 3565/5289/2749 3561/5278/2739
f 3606/5281/2740 3566/5291/2751 3562/5280/2741
f 3607/5282/2742 3567/5293/2753 3606/5281/2742
f 3605/5276/2743 3568/5295/2755 3607/5282/2744
f 3518/5225/2684 3524/5237/2685 3525/5226/2685
f 3519/5228/2687 3525/5239/2688 3526/5229/2688
f 3520/5230/2689 3526/5229/2690 3527/5231/2690
f 3521/5232/2692 3527/5231/2693 3528/5233/2693
f 3522/5234/2695 3528/5233/2696 3529/5235/2696
f 3523/5236/2697 3529/5235/2698 3524/5237/2698
f 3524/5237/2685 3530/5244/2700 3531/5238/2700
f 3525/5239/2688 3531/5246/2701 3532/5240/2701
f 3526/5229/2690 3532/5240/2702 3533/5241/2702
f 3527/5231/2693 3533/5241/2703 3534/5242/2703
f 3528/5233/2696 3534/5242/2704 3535/5243/2704
f 3529/5235/2698 3535/5243/2705 3530/5244/2705
f 3530/5244/2700 3536/5251/2706 3537/5245/2706
f 3531/5246/2701 3537/5253/2707 3538/5247/2707
f 3532/5240/2702 3538/5247/2708 3539/5248/2708
f 3533/5241/2703 3539/5248/2709 3540/5249/2709
f 3534/5242/2704 3540/5249/2710 3541/5250/2710
f 3535/5243/2705 3541/5250/2711 3536/5251/2711
f 3536/5251/2706 3542/5258/2712 3543/5252/2712
f 3537/5253/2707 3543/5260/2713 3544/5254/2713
f 3538/5247/2708 3544/5254/2714 3545/5255/2714
f 3539/5248/2709 3545/5255/2715 3546/5256/2715
f 3540/5249/2710 3546/5256/2716 3547/5257/2716
f 3541/5250/2711 3547/5257/2717 3542/5258/2717
f 3542/5258/2712 3548/5265/2724 3549/5259/2718
f 3543/5260/2713 3549/5267/2719 3550/5261/2719
f 3544/5254/2714 3550/5261/2727 3551/5262/2720
f 3545/5255/2715 3551/5262/2729 3552/5263/2721
f 3546/5256/2716 3552/5263/2722 3553/5264/2722
f 3547/5257/2717 3553/5264/2732 3548/5265/2723
f 3548/5265/2724 3554/5272/2797 3555/5266/2725
f 3549/5267/2719 3555/5335/2726 3556/5268/2726
f 3550/5261/2727 3556/5268/2798 3557/5269/2728
f 3551/5262/2729 3557/5269/2799 3558/5270/2730
f 3552/5263/2722 3558/5270/2731 3559/5271/2731
f 3553/5264/2732 3559/5271/2800 3554/5272/2733
f 3555/5275/2734 3554/5336/2734 3559/5273/2734
f 3559/5273/2734 3558/5337/2734 3557/5274/2734
f 3557/5274/2734 3556/5338/2734 3555/5275/2734
f 3605/5276/2735 3518/5225/2684 3519/5227/2686
f 3519/5228/2687 3520/5230/2687 3561/5278/2737
f 3520/5230/2689 3521/5232/2691 3562/5280/2738
f 3521/5232/2692 3522/5234/2694 3606/5281/2740
f 3522/5234/2695 3523/5236/2695 3607/5282/2742
f 3523/5236/2697 3518/5225/2699 3605/5276/2743
f 3563/5283/2745 3564/5334/2796 3570/5284/2746
f 3564/5286/2747 3565/5289/2747 3571/5287/2748
f 3565/5289/2749 3566/5291/2801 3572/5290/2750
f 3566/5291/2751 3567/5293/2802 3573/5292/2752
f 3567/5293/2753 3568/5295/2753 3574/5294/2754
f 3568/5295/2755 3563/5283/2755 3569/5285/2756
f 3569/5285/2746 3570/5284/2746 3576/5296/2757
f 3570/5288/2748 3571/5287/2748 3577/5298/2758
f 3571/5287/2750 3572/5290/2750 3578/5300/2759
f 3572/5290/2752 3573/5292/2752 3579/5301/2760
f 3573/5292/2754 3574/5294/2754 3580/5302/2762
f 3574/5294/2756 3569/5285/2756 3575/5297/2763
f 3575/5297/2757 3576/5296/2757 3582/5303/2764
f 3576/5299/2758 3577/5298/2758 3583/5305/2765
f 3577/5298/2759 3578/5300/2759 3584/5307/2766
f 3578/5300/2761 3579/5301/2760 3585/5308/2767
f 3579/5301/2762 3580/5302/2762 3586/5309/2768
f 3580/5302/2763 3575/5297/2763 3581/5304/2769
f 3581/5304/2764 3582/5303/2764 3588/5310/2770
f 3582/5306/2765 3583/5305/2765 3589/5312/2771
f 3583/5305/2766 3584/5307/2766 3590/5314/2772
f 3584/5307/2767 3585/5308/2767 3591/5315/2773
f 3585/5308/2768 3586/5309/2768 3592/5316/2774
f 3586/5309/2769 3581/5304/2769 3587/5311/2775
f 3587/5311/2770 3588/5310/2770 3594/5317/2776
f 3588/5313/2771 3589/5312/2771 3595/5319/2778
f 3589/5312/2772 3590/5314/2772 3596/5321/2779
f 3590/5314/2773 3591/5315/2773 3597/5322/2781
f 3591/5315/2774 3592/5316/2774 3598/5323/2783
f 3592/5316/2775 3587/5311/2775 3593/5318/2784
f 3593/5318/2777 3594/5317/2776 3600/5324/2786
f 3594/5320/2778 3595/5319/2778 3601/5326/2788
f 3595/5319/2780 3596/5321/2779 3602/5328/2789
f 3596/5321/2782 3597/5322/2781 3603/5329/2790
f 3597/5322/2783 3598/5323/2783 3604/5330/2792
f 3598/5323/2785 3593/5318/2784 3599/5325/2793
f 3604/5333/2795 3599/5339/2795 3600/5331/2795
f 3600/5331/2795 3601/5340/2795 3602/5332/2795
f 3602/5332/2795 3603/5341/2795 3604/5333/2795
f 3605/5276/2735 3560/5277/2736 3564/5334/2796
f 3561/5278/2737 3565/5289/2747 3564/5286/2747
f 3562/5280/2738 3566/5291/2801 3565/5289/2749
f 3606/5281/2740 3567/5293/2802 3566/5291/2751
f 3607/5282/2742 3568/5295/2753 3567/5293/2753
f 3605/5276/2743 3563/5283/2755 3568/5295/2755
