# Blender 5.2.0 LTS
# www.blender.org
mtllib keypad.mtl
o KeypadDoorLock
v -1.791400 -2.578800 -0.770700
v -1.791400 2.578800 -0.770700
v 1.791400 2.578800 -0.770700
v 1.791400 -2.578800 -0.770700
v -1.756500 -2.543900 0.400400
v 1.756500 -2.543900 0.400400
v 1.756500 2.543900 0.400400
v -1.756500 2.543900 0.400400
v -1.745600 -2.606500 -0.770700
v 1.745600 -2.606500 -0.770700
v 1.732100 -2.559100 0.400400
v -1.732100 -2.559100 0.400400
v 1.819100 -2.533000 -0.770700
v 1.819100 2.533000 -0.770700
v 1.771700 2.519500 0.400400
v 1.771700 -2.519500 0.400400
v 1.745600 2.606500 -0.770700
v -1.745600 2.606500 -0.770700
v -1.732100 2.559100 0.400400
v 1.732100 2.559100 0.400400
v -1.819100 2.533000 -0.770700
v -1.819100 -2.533000 -0.770700
v -1.771700 -2.519500 0.400400
v -1.771700 2.519500 0.400400
v 1.732100 -2.559100 -0.701700
v -1.732100 -2.559100 -0.701700
v 1.771700 2.519500 -0.701700
v 1.771700 -2.519500 -0.701700
v -1.732100 2.559100 -0.701700
v 1.732100 2.559100 -0.701700
v -1.771700 -2.519500 -0.701700
v -1.771700 2.519500 -0.701700
v 1.756500 -2.543900 -0.701700
v -1.756500 -2.543900 -0.701700
v 1.756500 2.543900 -0.701700
v -1.756500 2.543900 -0.701700
v 1.745600 -2.606500 -0.701700
v -1.745600 -2.606500 -0.701700
v 1.819100 2.533000 -0.701700
v 1.819100 -2.533000 -0.701700
v -1.745600 2.606500 -0.701700
v 1.745600 2.606500 -0.701700
v -1.819100 -2.533000 -0.701700
v -1.819100 2.533000 -0.701700
v 1.791400 -2.578800 -0.701700
v -1.791400 -2.578800 -0.701700
v 1.791400 2.578800 -0.701700
v -1.791400 2.578800 -0.701700
v -1.723700 -2.529400 0.442000
v 1.723700 -2.529400 0.442000
v 1.735000 -2.522400 0.442000
v 1.742000 -2.511100 0.442000
v 1.742000 2.511100 0.442000
v 1.735000 2.522400 0.442000
v 1.723700 2.529400 0.442000
v -1.723700 2.529400 0.442000
v -1.735000 2.522400 0.442000
v -1.742000 2.511100 0.442000
v -1.742000 -2.511100 0.442000
v -1.735000 -2.522400 0.442000
v -1.195900 1.770300 0.562800
v -1.171600 1.759700 0.570300
v -1.141300 1.750300 0.576900
v -1.105700 1.743700 0.581600
v -1.066800 1.741300 0.583300
v -1.027900 1.743700 0.581600
v -0.992200 1.750300 0.576900
v -0.962000 1.759700 0.570300
v -0.937700 1.770300 0.562800
v -1.206500 1.759700 0.545600
v -1.181900 1.746000 0.552900
v -1.149900 1.733300 0.559600
v -1.110700 1.724000 0.564500
v -1.066800 1.720500 0.566400
v -1.022900 1.724000 0.564500
v -0.983700 1.733300 0.559600
v -0.951700 1.746000 0.552900
v -0.927100 1.759700 0.545600
v -1.215900 1.750300 0.524300
v -1.191400 1.733300 0.530300
v -1.158100 1.716800 0.536100
v -1.115600 1.704200 0.540500
v -1.066800 1.699400 0.542300
v -1.018000 1.704200 0.540500
v -0.975500 1.716800 0.536100
v -0.942200 1.733300 0.530300
v -0.917700 1.750300 0.524300
v -1.222500 1.743700 0.499100
v -1.198400 1.724000 0.502600
v -1.164400 1.704200 0.506100
v -1.119500 1.688500 0.508900
v -1.066800 1.682400 0.509900
v -1.014100 1.688500 0.508900
v -0.969200 1.704200 0.506100
v -0.935200 1.724000 0.502600
v -0.911100 1.743700 0.499100
v -1.224900 1.741300 0.471600
v -1.201000 1.720500 0.471600
v -1.166800 1.699400 0.471600
v -1.121000 1.682400 0.471600
v -1.066800 1.675800 0.471600
v -1.012500 1.682400 0.471600
v -0.966800 1.699400 0.471600
v -0.932600 1.720500 0.471600
v -0.908600 1.741300 0.471600
v -1.195900 2.028500 0.562800
v -1.171600 2.039100 0.570300
v -1.141300 2.048500 0.576900
v -1.105700 2.055100 0.581600
v -1.066800 2.057600 0.583300
v -1.027900 2.055100 0.581600
v -0.992200 2.048500 0.576900
v -0.962000 2.039100 0.570300
v -0.937700 2.028500 0.562800
v -1.206500 2.039100 0.545600
v -1.181900 2.052800 0.552900
v -1.149900 2.065500 0.559600
v -1.110700 2.074900 0.564500
v -1.066800 2.078300 0.566400
v -1.022900 2.074900 0.564500
v -0.983700 2.065500 0.559600
v -0.951700 2.052800 0.552900
v -0.927100 2.039100 0.545600
v -1.215900 2.048500 0.524300
v -1.191400 2.065500 0.530300
v -1.158100 2.082000 0.536100
v -1.115600 2.094600 0.540500
v -1.066800 2.099500 0.542300
v -1.018000 2.094600 0.540500
v -0.975500 2.082000 0.536100
v -0.942200 2.065500 0.530300
v -0.917700 2.048500 0.524300
v -1.222500 2.055100 0.499100
v -1.198400 2.074900 0.502600
v -1.164400 2.094600 0.506100
v -1.119500 2.110300 0.508900
v -1.066800 2.116400 0.509900
v -1.014100 2.110300 0.508900
v -0.969200 2.094600 0.506100
v -0.935200 2.074900 0.502600
v -0.911100 2.055100 0.499100
v -1.224900 2.057600 0.471600
v -1.201000 2.078300 0.471600
v -1.166800 2.099500 0.471600
v -1.121000 2.116400 0.471600
v -1.066800 2.123100 0.471600
v -1.012500 2.116400 0.471600
v -0.966800 2.099500 0.471600
v -0.932600 2.078300 0.471600
v -0.908600 2.057600 0.471600
v -1.206500 1.794600 0.570300
v -1.181900 1.784300 0.579900
v -1.149900 1.774800 0.588900
v -1.110700 1.767800 0.595500
v -1.066800 1.765200 0.597900
v -1.022900 1.767800 0.595500
v -0.983700 1.774800 0.588900
v -0.951700 1.784300 0.579900
v -0.927100 1.794600 0.570300
v -0.913400 1.784300 0.552900
v -0.900700 1.774800 0.530300
v -0.891300 1.767800 0.502600
v -0.887900 1.765200 0.471600
v -1.245700 1.765200 0.471600
v -1.242200 1.767800 0.502600
v -1.232900 1.774800 0.530300
v -1.220200 1.784300 0.552900
v -1.215900 1.824900 0.576900
v -1.191400 1.816300 0.588900
v -1.158100 1.808100 0.600600
v -1.115600 1.801800 0.609500
v -1.066800 1.799400 0.612900
v -1.018000 1.801800 0.609500
v -0.975500 1.808100 0.600600
v -0.942200 1.816300 0.588900
v -0.917700 1.824900 0.576900
v -0.900700 1.816300 0.559600
v -0.884200 1.808100 0.536100
v -0.871600 1.801800 0.506100
v -0.866700 1.799400 0.471600
v -1.266800 1.799400 0.471600
v -1.262000 1.801800 0.506100
v -1.249400 1.808100 0.536100
v -1.232900 1.816300 0.559600
v -1.222500 1.860500 0.581600
v -1.198400 1.855500 0.595500
v -1.164400 1.850600 0.609500
v -1.119500 1.846700 0.620500
v -1.066800 1.845200 0.624800
v -1.014100 1.846700 0.620500
v -0.969200 1.850600 0.609500
v -0.935200 1.855500 0.595500
v -0.911100 1.860500 0.581600
v -0.891300 1.855500 0.564500
v -0.871600 1.850600 0.540500
v -0.855900 1.846700 0.508900
v -0.849800 1.845200 0.471600
v -1.283800 1.845200 0.471600
v -1.277700 1.846700 0.508900
v -1.262000 1.850600 0.540500
v -1.242200 1.855500 0.564500
v -1.224900 1.899400 0.583300
v -1.201000 1.899400 0.597900
v -1.166800 1.899400 0.612900
v -1.121000 1.899400 0.624800
v -1.066800 1.899400 0.629500
v -1.012500 1.899400 0.624800
v -0.966800 1.899400 0.612900
v -0.932600 1.899400 0.597900
v -0.908600 1.899400 0.583300
v -0.887900 1.899400 0.566400
v -0.866700 1.899400 0.542300
v -0.849800 1.899400 0.509900
v -0.843100 1.899400 0.471600
v -1.290400 1.899400 0.471600
v -1.283800 1.899400 0.509900
v -1.266800 1.899400 0.542300
v -1.245700 1.899400 0.566400
v -1.222500 1.938300 0.581600
v -1.198400 1.943300 0.595500
v -1.164400 1.948200 0.609500
v -1.119500 1.952100 0.620500
v -1.066800 1.953700 0.624800
v -1.014100 1.952100 0.620500
v -0.969200 1.948200 0.609500
v -0.935200 1.943300 0.595500
v -0.911100 1.938300 0.581600
v -0.891300 1.943300 0.564500
v -0.871600 1.948200 0.540500
v -0.855900 1.952100 0.508900
v -0.849800 1.953700 0.471600
v -1.283800 1.953700 0.471600
v -1.277700 1.952100 0.508900
v -1.262000 1.948200 0.540500
v -1.242200 1.943300 0.564500
v -1.215900 1.974000 0.576900
v -1.191400 1.982500 0.588900
v -1.158100 1.990700 0.600600
v -1.115600 1.997000 0.609500
v -1.066800 1.999400 0.612900
v -1.018000 1.997000 0.609500
v -0.975500 1.990700 0.600600
v -0.942200 1.982500 0.588900
v -0.917700 1.974000 0.576900
v -0.900700 1.982500 0.559600
v -0.884200 1.990700 0.536100
v -0.871600 1.997000 0.506100
v -0.866700 1.999400 0.471600
v -1.266800 1.999400 0.471600
v -1.262000 1.997000 0.506100
v -1.249400 1.990700 0.536100
v -1.232900 1.982500 0.559600
v -1.206500 2.004200 0.570300
v -1.181900 2.014500 0.579900
v -1.149900 2.024000 0.588900
v -1.110700 2.031000 0.595500
v -1.066800 2.033600 0.597900
v -1.022900 2.031000 0.595500
v -0.983700 2.024000 0.588900
v -0.951700 2.014500 0.579900
v -0.927100 2.004200 0.570300
v -0.913400 2.014500 0.552900
v -0.900700 2.024000 0.530300
v -0.891300 2.031000 0.502600
v -0.887900 2.033600 0.471600
v -1.245700 2.033600 0.471600
v -1.242200 2.031000 0.502600
v -1.232900 2.024000 0.530300
v -1.220200 2.014500 0.552900
v -1.247900 1.718300 0.471600
v -1.220500 1.694500 0.471600
v -1.181300 1.670300 0.471600
v -1.128900 1.650900 0.471600
v -1.066800 1.643300 0.471600
v -1.004700 1.650900 0.471600
v -0.952200 1.670300 0.471600
v -0.913100 1.694500 0.471600
v -0.885700 1.718300 0.471600
v -1.247900 2.080500 0.471600
v -1.220500 2.104300 0.471600
v -1.181300 2.128500 0.471600
v -1.128900 2.147900 0.471600
v -1.066800 2.155500 0.471600
v -1.004700 2.147900 0.471600
v -0.952200 2.128500 0.471600
v -0.913100 2.104300 0.471600
v -0.885700 2.080500 0.471600
v -0.861900 1.745700 0.471600
v -1.271700 1.745700 0.471600
v -0.837700 1.784900 0.471600
v -1.295900 1.784900 0.471600
v -0.818300 1.837300 0.471600
v -1.315300 1.837300 0.471600
v -0.810700 1.899400 0.471600
v -1.322900 1.899400 0.471600
v -0.818300 1.961500 0.471600
v -1.315300 1.961500 0.471600
v -0.837700 2.013900 0.471600
v -1.295900 2.013900 0.471600
v -0.861900 2.053100 0.471600
v -1.271700 2.053100 0.471600
v -1.247900 1.718300 0.440500
v -1.220500 1.694500 0.440500
v -1.181300 1.670300 0.440500
v -1.128900 1.650900 0.440500
v -1.066800 1.643300 0.440500
v -1.004700 1.650900 0.440500
v -0.952200 1.670300 0.440500
v -0.913100 1.694500 0.440500
v -0.885700 1.718300 0.440500
v -1.247900 2.080500 0.440500
v -1.220500 2.104300 0.440500
v -1.181300 2.128500 0.440500
v -1.128900 2.147900 0.440500
v -1.066800 2.155500 0.440500
v -1.004700 2.147900 0.440500
v -0.952200 2.128500 0.440500
v -0.913100 2.104300 0.440500
v -0.885700 2.080500 0.440500
v -0.861900 1.745700 0.440500
v -1.271700 1.745700 0.440500
v -0.837700 1.784900 0.440500
v -1.295900 1.784900 0.440500
v -0.818300 1.837300 0.440500
v -1.315300 1.837300 0.440500
v -0.810700 1.899400 0.440500
v -1.322900 1.899400 0.440500
v -0.818300 1.961500 0.440500
v -1.315300 1.961500 0.440500
v -0.837700 2.013900 0.440500
v -1.295900 2.013900 0.440500
v -0.861900 2.053100 0.440500
v -1.271700 2.053100 0.440500
v -0.325300 1.770300 0.562800
v -0.301000 1.759700 0.570300
v -0.270700 1.750300 0.576900
v -0.235100 1.743700 0.581600
v -0.196200 1.741300 0.583300
v -0.157300 1.743700 0.581600
v -0.121600 1.750300 0.576900
v -0.091400 1.759700 0.570300
v -0.067100 1.770300 0.562800
v -0.335900 1.759700 0.545600
v -0.311300 1.746000 0.552900
v -0.279300 1.733300 0.559600
v -0.240100 1.724000 0.564500
v -0.196200 1.720500 0.566400
v -0.152300 1.724000 0.564500
v -0.113100 1.733300 0.559600
v -0.081100 1.746000 0.552900
v -0.056500 1.759700 0.545600
v -0.345300 1.750300 0.524300
v -0.320800 1.733300 0.530300
v -0.287500 1.716800 0.536100
v -0.245000 1.704200 0.540500
v -0.196200 1.699400 0.542300
v -0.147400 1.704200 0.540500
v -0.104900 1.716800 0.536100
v -0.071600 1.733300 0.530300
v -0.047100 1.750300 0.524300
v -0.351900 1.743700 0.499100
v -0.327800 1.724000 0.502600
v -0.293800 1.704200 0.506100
v -0.248900 1.688500 0.508900
v -0.196200 1.682400 0.509900
v -0.143500 1.688500 0.508900
v -0.098600 1.704200 0.506100
v -0.064600 1.724000 0.502600
v -0.040500 1.743700 0.499100
v -0.354300 1.741300 0.471600
v -0.330400 1.720500 0.471600
v -0.296200 1.699400 0.471600
v -0.250400 1.682400 0.471600
v -0.196200 1.675800 0.471600
v -0.142000 1.682400 0.471600
v -0.096200 1.699400 0.471600
v -0.062000 1.720500 0.471600
v -0.038000 1.741300 0.471600
v -0.325300 2.028500 0.562800
v -0.301000 2.039100 0.570300
v -0.270700 2.048500 0.576900
v -0.235100 2.055100 0.581600
v -0.196200 2.057600 0.583300
v -0.157300 2.055100 0.581600
v -0.121600 2.048500 0.576900
v -0.091400 2.039100 0.570300
v -0.067100 2.028500 0.562800
v -0.335900 2.039100 0.545600
v -0.311300 2.052800 0.552900
v -0.279300 2.065500 0.559600
v -0.240100 2.074900 0.564500
v -0.196200 2.078300 0.566400
v -0.152300 2.074900 0.564500
v -0.113100 2.065500 0.559600
v -0.081100 2.052800 0.552900
v -0.056500 2.039100 0.545600
v -0.345300 2.048500 0.524300
v -0.320800 2.065500 0.530300
v -0.287500 2.082000 0.536100
v -0.245000 2.094600 0.540500
v -0.196200 2.099500 0.542300
v -0.147400 2.094600 0.540500
v -0.104900 2.082000 0.536100
v -0.071600 2.065500 0.530300
v -0.047100 2.048500 0.524300
v -0.351900 2.055100 0.499100
v -0.327800 2.074900 0.502600
v -0.293800 2.094600 0.506100
v -0.248900 2.110300 0.508900
v -0.196200 2.116400 0.509900
v -0.143500 2.110300 0.508900
v -0.098600 2.094600 0.506100
v -0.064600 2.074900 0.502600
v -0.040500 2.055100 0.499100
v -0.354300 2.057600 0.471600
v -0.330400 2.078300 0.471600
v -0.296200 2.099500 0.471600
v -0.250400 2.116400 0.471600
v -0.196200 2.123100 0.471600
v -0.142000 2.116400 0.471600
v -0.096200 2.099500 0.471600
v -0.062000 2.078300 0.471600
v -0.038000 2.057600 0.471600
v -0.335900 1.794600 0.570300
v -0.311300 1.784300 0.579900
v -0.279300 1.774800 0.588900
v -0.240100 1.767800 0.595500
v -0.196200 1.765200 0.597900
v -0.152300 1.767800 0.595500
v -0.113100 1.774800 0.588900
v -0.081100 1.784300 0.579900
v -0.056500 1.794600 0.570300
v -0.042800 1.784300 0.552900
v -0.030100 1.774800 0.530300
v -0.020700 1.767800 0.502600
v -0.017300 1.765200 0.471600
v -0.375100 1.765200 0.471600
v -0.371600 1.767800 0.502600
v -0.362300 1.774800 0.530300
v -0.349600 1.784300 0.552900
v -0.345300 1.824900 0.576900
v -0.320800 1.816300 0.588900
v -0.287500 1.808100 0.600600
v -0.245000 1.801800 0.609500
v -0.196200 1.799400 0.612900
v -0.147400 1.801800 0.609500
v -0.104900 1.808100 0.600600
v -0.071600 1.816300 0.588900
v -0.047100 1.824900 0.576900
v -0.030100 1.816300 0.559600
v -0.013600 1.808100 0.536100
v -0.001000 1.801800 0.506100
v 0.003800 1.799400 0.471600
v -0.396200 1.799400 0.471600
v -0.391400 1.801800 0.506100
v -0.378800 1.808100 0.536100
v -0.362300 1.816300 0.559600
v -0.351900 1.860500 0.581600
v -0.327800 1.855500 0.595500
v -0.293800 1.850600 0.609500
v -0.248900 1.846700 0.620500
v -0.196200 1.845200 0.624800
v -0.143500 1.846700 0.620500
v -0.098600 1.850600 0.609500
v -0.064600 1.855500 0.595500
v -0.040500 1.860500 0.581600
v -0.020700 1.855500 0.564500
v -0.001000 1.850600 0.540500
v 0.014700 1.846700 0.508900
v 0.020800 1.845200 0.471600
v -0.413200 1.845200 0.471600
v -0.407100 1.846700 0.508900
v -0.391400 1.850600 0.540500
v -0.371600 1.855500 0.564500
v -0.354300 1.899400 0.583300
v -0.330400 1.899400 0.597900
v -0.296200 1.899400 0.612900
v -0.250400 1.899400 0.624800
v -0.196200 1.899400 0.629500
v -0.142000 1.899400 0.624800
v -0.096200 1.899400 0.612900
v -0.062000 1.899400 0.597900
v -0.038000 1.899400 0.583300
v -0.017300 1.899400 0.566400
v 0.003800 1.899400 0.542300
v 0.020800 1.899400 0.509900
v 0.027500 1.899400 0.471600
v -0.419900 1.899400 0.471600
v -0.413200 1.899400 0.509900
v -0.396200 1.899400 0.542300
v -0.375100 1.899400 0.566400
v -0.351900 1.938300 0.581600
v -0.327800 1.943300 0.595500
v -0.293800 1.948200 0.609500
v -0.248900 1.952100 0.620500
v -0.196200 1.953700 0.624800
v -0.143500 1.952100 0.620500
v -0.098600 1.948200 0.609500
v -0.064600 1.943300 0.595500
v -0.040500 1.938300 0.581600
v -0.020700 1.943300 0.564500
v -0.001000 1.948200 0.540500
v 0.014700 1.952100 0.508900
v 0.020800 1.953700 0.471600
v -0.413200 1.953700 0.471600
v -0.407100 1.952100 0.508900
v -0.391400 1.948200 0.540500
v -0.371600 1.943300 0.564500
v -0.345300 1.974000 0.576900
v -0.320800 1.982500 0.588900
v -0.287500 1.990700 0.600600
v -0.245000 1.997000 0.609500
v -0.196200 1.999400 0.612900
v -0.147400 1.997000 0.609500
v -0.104900 1.990700 0.600600
v -0.071600 1.982500 0.588900
v -0.047100 1.974000 0.576900
v -0.030100 1.982500 0.559600
v -0.013600 1.990700 0.536100
v -0.001000 1.997000 0.506100
v 0.003800 1.999400 0.471600
v -0.396200 1.999400 0.471600
v -0.391400 1.997000 0.506100
v -0.378800 1.990700 0.536100
v -0.362300 1.982500 0.559600
v -0.335900 2.004200 0.570300
v -0.311300 2.014500 0.579900
v -0.279300 2.024000 0.588900
v -0.240100 2.031000 0.595500
v -0.196200 2.033600 0.597900
v -0.152300 2.031000 0.595500
v -0.113100 2.024000 0.588900
v -0.081100 2.014500 0.579900
v -0.056500 2.004200 0.570300
v -0.042800 2.014500 0.552900
v -0.030100 2.024000 0.530300
v -0.020700 2.031000 0.502600
v -0.017300 2.033600 0.471600
v -0.375100 2.033600 0.471600
v -0.371600 2.031000 0.502600
v -0.362300 2.024000 0.530300
v -0.349600 2.014500 0.552900
v -0.377300 1.718300 0.471600
v -0.349900 1.694500 0.471600
v -0.310700 1.670300 0.471600
v -0.258300 1.650900 0.471600
v -0.196200 1.643300 0.471600
v -0.134100 1.650900 0.471600
v -0.081700 1.670300 0.471600
v -0.042500 1.694500 0.471600
v -0.015100 1.718300 0.471600
v -0.377300 2.080500 0.471600
v -0.349900 2.104300 0.471600
v -0.310700 2.128500 0.471600
v -0.258300 2.147900 0.471600
v -0.196200 2.155500 0.471600
v -0.134100 2.147900 0.471600
v -0.081700 2.128500 0.471600
v -0.042500 2.104300 0.471600
v -0.015100 2.080500 0.471600
v 0.008700 1.745700 0.471600
v -0.401100 1.745700 0.471600
v 0.032900 1.784900 0.471600
v -0.425300 1.784900 0.471600
v 0.052300 1.837300 0.471600
v -0.444700 1.837300 0.471600
v 0.059900 1.899400 0.471600
v -0.452300 1.899400 0.471600
v 0.052300 1.961500 0.471600
v -0.444700 1.961500 0.471600
v 0.032900 2.013900 0.471600
v -0.425300 2.013900 0.471600
v 0.008700 2.053100 0.471600
v -0.401100 2.053100 0.471600
v -0.377300 1.718300 0.440500
v -0.349900 1.694500 0.440500
v -0.310700 1.670300 0.440500
v -0.258300 1.650900 0.440500
v -0.196200 1.643300 0.440500
v -0.134100 1.650900 0.440500
v -0.081700 1.670300 0.440500
v -0.042500 1.694500 0.440500
v -0.015100 1.718300 0.440500
v -0.377300 2.080500 0.440500
v -0.349900 2.104300 0.440500
v -0.310700 2.128500 0.440500
v -0.258300 2.147900 0.440500
v -0.196200 2.155500 0.440500
v -0.134100 2.147900 0.440500
v -0.081700 2.128500 0.440500
v -0.042500 2.104300 0.440500
v -0.015100 2.080500 0.440500
v 0.008700 1.745700 0.440500
v -0.401100 1.745700 0.440500
v 0.032900 1.784900 0.440500
v -0.425300 1.784900 0.440500
v 0.052300 1.837300 0.440500
v -0.444700 1.837300 0.440500
v 0.059900 1.899400 0.440500
v -0.452300 1.899400 0.440500
v 0.052300 1.961500 0.440500
v -0.444700 1.961500 0.440500
v 0.032900 2.013900 0.440500
v -0.425300 2.013900 0.440500
v 0.008700 2.053100 0.440500
v -0.401100 2.053100 0.440500
v 1.449500 -2.260500 0.495600
v 1.482200 -2.248500 0.503600
v 1.526900 -2.243100 0.507200
v 1.571600 -2.248500 0.503600
v 1.604300 -2.260500 0.495600
v 1.437500 -2.293300 0.503600
v 1.472100 -2.283200 0.516900
v 1.526900 -2.278000 0.523900
v 1.581600 -2.283200 0.516900
v 1.616300 -2.293300 0.503600
v 1.432100 -2.338000 0.507200
v 1.466900 -2.338000 0.523900
v 1.526900 -2.338000 0.533300
v 1.586900 -2.338000 0.523900
v 1.621700 -2.338000 0.507200
v 1.437500 -2.382700 0.503600
v 1.472100 -2.392700 0.516900
v 1.526900 -2.397900 0.523900
v 1.581600 -2.392700 0.516900
v 1.616300 -2.382700 0.503600
v 1.449500 -2.415400 0.495600
v 1.482200 -2.427400 0.503600
v 1.526900 -2.432800 0.507200
v 1.571600 -2.427400 0.503600
v 1.604300 -2.415400 0.495600
v 1.437500 -2.248500 0.473900
v 1.472100 -2.228500 0.480500
v 1.526900 -2.218000 0.484000
v 1.581600 -2.228500 0.480500
v 1.616300 -2.248500 0.473900
v 1.636400 -2.283200 0.480500
v 1.646900 -2.338000 0.484000
v 1.636400 -2.392700 0.480500
v 1.616300 -2.427400 0.473900
v 1.581600 -2.447500 0.480500
v 1.526900 -2.457900 0.484000
v 1.472100 -2.447500 0.480500
v 1.437500 -2.427400 0.473900
v 1.417400 -2.392700 0.480500
v 1.406900 -2.338000 0.484000
v 1.417400 -2.283200 0.480500
v 1.432100 -2.243100 0.444100
v 1.466900 -2.218000 0.444100
v 1.526900 -2.203800 0.444100
v 1.586900 -2.218000 0.444100
v 1.621700 -2.243100 0.444100
v 1.646900 -2.278000 0.444100
v 1.661000 -2.338000 0.444100
v 1.646900 -2.397900 0.444100
v 1.621700 -2.432800 0.444100
v 1.586900 -2.457900 0.444100
v 1.526900 -2.472100 0.444100
v 1.466900 -2.457900 0.444100
v 1.432100 -2.432800 0.444100
v 1.406900 -2.397900 0.444100
v 1.392800 -2.338000 0.444100
v 1.406900 -2.278000 0.444100
v -1.604300 -2.415400 0.495500
v -1.571600 -2.427400 0.503500
v -1.526900 -2.432800 0.507100
v -1.482200 -2.427400 0.503500
v -1.449500 -2.415400 0.495500
v -1.616300 -2.382700 0.503500
v -1.581600 -2.392700 0.516900
v -1.526900 -2.397900 0.523800
v -1.472100 -2.392700 0.516900
v -1.437500 -2.382700 0.503500
v -1.621700 -2.338000 0.507100
v -1.586900 -2.338000 0.523800
v -1.526900 -2.338000 0.533200
v -1.466900 -2.338000 0.523800
v -1.432100 -2.338000 0.507100
v -1.616300 -2.293300 0.503500
v -1.581600 -2.283200 0.516900
v -1.526900 -2.278000 0.523800
v -1.472100 -2.283200 0.516900
v -1.437500 -2.293300 0.503500
v -1.604300 -2.260500 0.495500
v -1.571600 -2.248500 0.503500
v -1.526900 -2.243100 0.507100
v -1.482200 -2.248500 0.503500
v -1.449500 -2.260500 0.495500
v -1.621700 -2.432800 0.444100
v -1.586900 -2.457900 0.444100
v -1.526900 -2.472100 0.444100
v -1.466900 -2.457900 0.444100
v -1.432100 -2.432800 0.444100
v -1.406900 -2.397900 0.444100
v -1.392800 -2.338000 0.444100
v -1.406900 -2.278000 0.444100
v -1.432100 -2.243100 0.444100
v -1.466900 -2.218000 0.444100
v -1.526900 -2.203800 0.444100
v -1.586900 -2.218000 0.444100
v -1.621700 -2.243100 0.444100
v -1.646900 -2.278000 0.444100
v -1.661000 -2.338000 0.444100
v -1.646900 -2.397900 0.444100
v -1.616300 -2.427400 0.473800
v -1.581600 -2.447500 0.480500
v -1.526900 -2.457900 0.483900
v -1.472100 -2.447500 0.480500
v -1.437500 -2.427400 0.473800
v -1.417400 -2.392700 0.480500
v -1.406900 -2.338000 0.483900
v -1.417400 -2.283200 0.480500
v -1.437500 -2.248500 0.473800
v -1.472100 -2.228500 0.480500
v -1.526900 -2.218000 0.483900
v -1.581600 -2.228500 0.480500
v -1.616300 -2.248500 0.473800
v -1.636400 -2.283200 0.480500
v -1.646900 -2.338000 0.483900
v -1.636400 -2.392700 0.480500
v 1.449500 2.378300 0.495600
v 1.482200 2.390200 0.503600
v 1.526900 2.395700 0.507200
v 1.571600 2.390200 0.503600
v 1.604300 2.378300 0.495600
v 1.437500 2.345500 0.503600
v 1.472100 2.355600 0.516900
v 1.526900 2.360800 0.523900
v 1.581600 2.355600 0.516900
v 1.616300 2.345500 0.503600
v 1.432100 2.300800 0.507200
v 1.466900 2.300800 0.523900
v 1.526900 2.300800 0.533300
v 1.586900 2.300800 0.523900
v 1.621700 2.300800 0.507200
v 1.437500 2.256100 0.503600
v 1.472100 2.246100 0.516900
v 1.526900 2.240800 0.523900
v 1.581600 2.246100 0.516900
v 1.616300 2.256100 0.503600
v 1.449500 2.223400 0.495600
v 1.482200 2.211400 0.503600
v 1.526900 2.206000 0.507200
v 1.571600 2.211400 0.503600
v 1.604300 2.223400 0.495600
v 1.437500 2.390200 0.473900
v 1.472100 2.410300 0.480500
v 1.526900 2.420800 0.484000
v 1.581600 2.410300 0.480500
v 1.616300 2.390200 0.473900
v 1.636400 2.355600 0.480500
v 1.646900 2.300800 0.484000
v 1.636400 2.246100 0.480500
v 1.616300 2.211400 0.473900
v 1.581600 2.191300 0.480500
v 1.526900 2.180900 0.484000
v 1.472100 2.191300 0.480500
v 1.437500 2.211400 0.473900
v 1.417400 2.246100 0.480500
v 1.406900 2.300800 0.484000
v 1.417400 2.355600 0.480500
v 1.432100 2.395700 0.444100
v 1.466900 2.420800 0.444100
v 1.526900 2.434900 0.444100
v 1.586900 2.420800 0.444100
v 1.621700 2.395700 0.444100
v 1.646900 2.360800 0.444100
v 1.661000 2.300800 0.444100
v 1.646900 2.240800 0.444100
v 1.621700 2.206000 0.444100
v 1.586900 2.180900 0.444100
v 1.526900 2.166700 0.444100
v 1.466900 2.180900 0.444100
v 1.432100 2.206000 0.444100
v 1.406900 2.240800 0.444100
v 1.392800 2.300800 0.444100
v 1.406900 2.360800 0.444100
v -1.604300 2.223400 0.495500
v -1.571600 2.211400 0.503500
v -1.526900 2.206000 0.507100
v -1.482200 2.211400 0.503500
v -1.449500 2.223400 0.495500
v -1.616300 2.256100 0.503500
v -1.581600 2.246100 0.516900
v -1.526900 2.240800 0.523800
v -1.472100 2.246100 0.516900
v -1.437500 2.256100 0.503500
v -1.621700 2.300800 0.507100
v -1.586900 2.300800 0.523800
v -1.526900 2.300800 0.533200
v -1.466900 2.300800 0.523800
v -1.432100 2.300800 0.507100
v -1.616300 2.345500 0.503500
v -1.581600 2.355600 0.516900
v -1.526900 2.360800 0.523800
v -1.472100 2.355600 0.516900
v -1.437500 2.345500 0.503500
v -1.604300 2.378300 0.495500
v -1.571600 2.390200 0.503500
v -1.526900 2.395700 0.507100
v -1.482200 2.390200 0.503500
v -1.449500 2.378300 0.495500
v -1.621700 2.206000 0.444100
v -1.586900 2.180900 0.444100
v -1.526900 2.166700 0.444100
v -1.466900 2.180900 0.444100
v -1.432100 2.206000 0.444100
v -1.406900 2.240800 0.444100
v -1.392800 2.300800 0.444100
v -1.406900 2.360800 0.444100
v -1.432100 2.395700 0.444100
v -1.466900 2.420800 0.444100
v -1.526900 2.434900 0.444100
v -1.586900 2.420800 0.444100
v -1.621700 2.395700 0.444100
v -1.646900 2.360800 0.444100
v -1.661000 2.300800 0.444100
v -1.646900 2.240800 0.444100
v -1.616300 2.211400 0.473800
v -1.581600 2.191300 0.480500
v -1.526900 2.180900 0.483900
v -1.472100 2.191300 0.480500
v -1.437500 2.211400 0.473800
v -1.417400 2.246100 0.480500
v -1.406900 2.300800 0.483900
v -1.417400 2.355600 0.480500
v -1.437500 2.390200 0.473800
v -1.472100 2.410300 0.480500
v -1.526900 2.420800 0.483900
v -1.581600 2.410300 0.480500
v -1.616300 2.390200 0.473800
v -1.636400 2.355600 0.480500
v -1.646900 2.300800 0.483900
v -1.636400 2.246100 0.480500
v 1.379900 -1.980200 0.511000
v 1.394800 -1.971000 0.511000
v 1.404000 -1.956100 0.511000
v 1.404000 1.496900 0.511100
v 1.394800 1.511800 0.511100
v 1.379900 1.521100 0.511100
v -1.385100 1.521100 0.511000
v -1.400000 1.511800 0.511000
v -1.409200 1.496900 0.511000
v -1.409200 -1.956100 0.511000
v -1.400000 -1.971000 0.511000
v -1.385100 -1.980200 0.511000
v 1.404000 -1.672400 0.511000
v 1.404000 -0.938200 0.511000
v 1.404000 -0.204000 0.511000
v 1.404000 0.530300 0.511000
v 1.404000 1.264500 0.511000
v -1.409200 1.212200 0.511000
v -1.409200 0.477900 0.511000
v -1.409200 -0.256300 0.511000
v -1.409200 -0.990500 0.511000
v -1.409200 -1.724800 0.511000
v 1.035600 1.521100 0.511000
v 0.327800 1.521100 0.511000
v -0.380000 1.521100 0.511000
v -1.087700 1.521100 0.511000
v -1.035400 -1.980200 0.511000
v -0.327600 -1.980200 0.511000
v 0.380200 -1.980200 0.511000
v 1.087900 -1.980200 0.511000
v 1.101900 1.264500 0.511000
v 0.332500 1.264500 0.511000
v -0.384600 1.264500 0.511000
v -1.102200 1.212200 0.511000
v 1.102400 0.530300 0.511000
v 0.332600 0.530300 0.511000
v -0.384800 0.530300 0.511000
v -1.102200 0.477900 0.511000
v 1.102400 -0.204000 0.511000
v 0.332600 -0.204000 0.511000
v -0.384800 -0.204000 0.511000
v -1.102200 -0.256300 0.511000
v -1.101700 -1.724800 0.511000
v -0.332300 -1.724800 0.511000
v 0.384800 -1.724800 0.511000
v 1.102400 -1.672400 0.511000
v -1.102200 -0.990500 0.511000
v -0.384800 -0.938200 0.511000
v 0.332600 -0.938200 0.511000
v 1.102400 -0.938200 0.511000
v 1.404000 -1.724800 0.511000
v 1.404000 -0.990500 0.511000
v 1.404000 -0.256300 0.511000
v 1.404000 0.477900 0.511000
v 1.404000 1.212200 0.511000
v -1.409200 1.264500 0.511000
v -1.409200 0.530300 0.511000
v -1.409200 -0.204000 0.511000
v -1.409200 -0.938200 0.511000
v -1.409200 -1.672400 0.511000
v 1.087900 1.521100 0.511000
v 0.380200 1.521100 0.511000
v -0.327600 1.521100 0.511000
v -1.035400 1.521100 0.511000
v -1.087700 -1.980200 0.511000
v -0.380000 -1.980200 0.511000
v 0.327800 -1.980200 0.511000
v 1.035600 -1.980200 0.511000
v 1.049500 1.264500 0.511000
v 1.050000 1.212200 0.511000
v 1.102400 1.212200 0.511000
v 0.332600 1.212200 0.511000
v 0.385000 1.212200 0.511000
v 0.384800 1.264500 0.511000
v -0.384800 1.212200 0.511000
v -0.332400 1.212200 0.511000
v -0.332300 1.264500 0.511000
v -1.049900 1.212200 0.511000
v -1.049400 1.264500 0.511000
v -1.101700 1.264500 0.511000
v 1.050000 0.530300 0.511000
v 1.050000 0.477900 0.511000
v 1.102400 0.477900 0.511000
v 0.332600 0.477900 0.511000
v 0.385000 0.477900 0.511000
v 0.385000 0.530300 0.511000
v -0.384800 0.477900 0.511000
v -0.332400 0.477900 0.511000
v -0.332400 0.530300 0.511000
v -1.049900 0.477900 0.511000
v -1.049900 0.530300 0.511000
v -1.102200 0.530300 0.511000
v 1.050000 -0.204000 0.511000
v 1.050000 -0.256300 0.511000
v 1.102400 -0.256300 0.511000
v 0.332600 -0.256300 0.511000
v 0.385000 -0.256300 0.511000
v 0.385000 -0.204000 0.511000
v -0.384800 -0.256300 0.511000
v -0.332400 -0.256300 0.511000
v -0.332400 -0.204000 0.511000
v -1.049900 -0.256300 0.511000
v -1.049900 -0.204000 0.511000
v -1.102200 -0.204000 0.511000
v -1.049400 -1.724800 0.511000
v -1.049900 -1.672400 0.511000
v -1.102200 -1.672400 0.511000
v -0.332400 -1.672400 0.511000
v -0.384800 -1.672400 0.511000
v -0.384600 -1.724800 0.511000
v 0.385000 -1.672400 0.511000
v 0.332600 -1.672400 0.511000
v 0.332500 -1.724800 0.511000
v 1.050000 -1.672400 0.511000
v 1.049500 -1.724800 0.511000
v 1.101900 -1.724800 0.511000
v -1.049900 -0.990500 0.511000
v -1.049900 -0.938200 0.511000
v -1.102200 -0.938200 0.511000
v -0.384800 -0.990500 0.511000
v -0.332400 -0.990500 0.511000
v -0.332400 -0.938200 0.511000
v 0.332600 -0.990500 0.511000
v 0.385000 -0.990500 0.511000
v 0.385000 -0.938200 0.511000
v 1.050000 -0.938200 0.511000
v 1.050000 -0.990500 0.511000
v 1.102400 -0.990500 0.511000
v 1.379900 -1.980200 0.438000
v 1.394800 -1.971000 0.438000
v 1.404000 -1.956100 0.438000
v 1.404000 1.496900 0.438000
v 1.394800 1.511800 0.438000
v 1.379900 1.521100 0.438000
v -1.385100 1.521100 0.438000
v -1.400000 1.511800 0.438000
v -1.409200 1.496900 0.438000
v -1.409200 -1.956100 0.438000
v -1.400000 -1.971000 0.438000
v -1.385100 -1.980200 0.438000
v 1.404000 -1.672400 0.438000
v 1.404000 -0.938200 0.438000
v 1.404000 -0.204000 0.438000
v 1.404000 0.530300 0.438000
v 1.404000 1.264500 0.438000
v -1.409200 1.212200 0.438000
v -1.409200 0.477900 0.438000
v -1.409200 -0.256300 0.438000
v -1.409200 -0.990500 0.438000
v -1.409200 -1.724800 0.438000
v 1.035600 1.521100 0.438000
v 0.327800 1.521100 0.438000
v -0.380000 1.521100 0.438000
v -1.087700 1.521100 0.438000
v -1.035400 -1.980200 0.438000
v -0.327600 -1.980200 0.438000
v 0.380200 -1.980200 0.438000
v 1.087900 -1.980200 0.438000
v 1.404000 -1.724800 0.438000
v 1.404000 -0.990500 0.438000
v 1.404000 -0.256300 0.438000
v 1.404000 0.477900 0.438000
v 1.404000 1.212200 0.438000
v -1.409200 1.264500 0.438000
v -1.409200 0.530300 0.438000
v -1.409200 -0.204000 0.438000
v -1.409200 -0.938200 0.438000
v -1.409200 -1.672400 0.438000
v 1.087900 1.521100 0.438000
v 0.380200 1.521100 0.438000
v -0.327600 1.521100 0.438000
v -1.035400 1.521100 0.438000
v -1.087700 -1.980200 0.438000
v -0.380000 -1.980200 0.438000
v 0.327800 -1.980200 0.438000
v 1.035600 -1.980200 0.438000
v 0.288000 -0.302000 0.770700
v -0.287900 -0.302000 0.770700
v -0.287900 -0.892500 0.770700
v 0.288000 -0.892500 0.770700
v 0.288000 1.166500 0.770700
v -0.287900 1.166500 0.770700
v -0.287900 0.576000 0.770700
v 0.288000 0.576000 0.770700
v 0.288000 0.432200 0.770700
v -0.287900 0.432200 0.770700
v -0.287900 -0.158300 0.770700
v 0.288000 -0.158300 0.770700
v -0.287900 -1.626700 0.770700
v 0.288000 -1.626700 0.770700
v 0.288000 -1.036300 0.770700
v -0.287900 -1.036300 0.770700
v -0.429400 -0.302000 0.770700
v -1.005300 -0.302000 0.770700
v -1.005300 -0.892500 0.770700
v -0.429400 -0.892500 0.770700
v 1.005500 -0.302000 0.770700
v 0.429600 -0.302000 0.770700
v 0.429600 -0.892500 0.770700
v 1.005500 -0.892500 0.770700
v -0.429400 1.166500 0.770700
v -1.005300 1.166500 0.770700
v -1.005300 0.576000 0.770700
v -0.429400 0.576000 0.770700
v 1.005500 1.166500 0.770700
v 0.429600 1.166500 0.770700
v 0.429600 0.576000 0.770700
v 1.005500 0.576000 0.770700
v -0.429400 0.432200 0.770700
v -1.005300 0.432200 0.770700
v -1.005300 -0.158300 0.770700
v -0.429400 -0.158300 0.770700
v 1.005500 0.432200 0.770700
v 0.429600 0.432200 0.770700
v 0.429600 -0.158300 0.770700
v 1.005500 -0.158300 0.770700
v 0.429600 -1.626700 0.770700
v 1.005500 -1.626700 0.770700
v 1.005500 -1.036300 0.770700
v 0.429600 -1.036300 0.770700
v -1.005300 -1.626700 0.770700
v -0.429400 -1.626700 0.770700
v -0.429400 -1.036300 0.770700
v -1.005300 -1.036300 0.770700
v -1.035900 1.510800 0.511000
v -0.327800 1.510800 0.511000
v 1.036100 1.510800 0.511000
v 0.328000 1.510800 0.511000
v -1.088300 1.510800 0.511000
v -0.380200 1.510800 0.511000
v 1.088500 1.510800 0.511000
v 0.380300 1.510800 0.511000
v 1.037100 1.493600 0.511000
v 0.328300 1.493600 0.511000
v 1.089400 1.493600 0.511000
v 0.380700 1.493600 0.511000
v -1.036900 1.493600 0.511000
v -0.328100 1.493600 0.511000
v -1.089200 1.493600 0.511000
v -0.380500 1.493600 0.511000
v 1.036400 -1.964900 0.511000
v 0.328100 -1.964900 0.511000
v -1.036200 -1.964900 0.511000
v -0.327900 -1.964900 0.511000
v 1.088800 -1.964900 0.511000
v 0.380400 -1.964900 0.511000
v -1.088600 -1.964900 0.511000
v -0.380300 -1.964900 0.511000
v -1.037300 -1.944500 0.511000
v -0.328300 -1.944500 0.511000
v -1.089700 -1.944500 0.511000
v -0.380600 -1.944500 0.511000
v 1.037500 -1.944500 0.511000
v 0.328400 -1.944500 0.511000
v 1.089900 -1.944500 0.511000
v 0.380800 -1.944500 0.511000
vn 0.2740 -0.9617 -0.0000
vn -0.2740 -0.9617 -0.0000
vn 0.9617 0.2740 -0.0000
vn 0.9617 -0.2740 -0.0000
vn 0.9618 -0.2739 -0.0000
vn -0.2740 0.9617 -0.0000
vn 0.2740 0.9617 -0.0000
vn -0.9617 -0.2740 -0.0000
vn -0.9617 0.2740 -0.0000
vn -0.9618 0.2739 -0.0000
vn 0.7071 -0.7071 -0.0000
vn -0.7071 -0.7071 -0.0000
vn 0.9618 0.2739 -0.0000
vn 0.7071 0.7071 -0.0000
vn -0.7071 0.7071 -0.0000
vn -0.9618 -0.2739 -0.0000
vn -0.0000 -0.0000 1.0000
vn -0.2686 -0.9632 -0.0000
vn 0.2686 -0.9632 -0.0000
vn 0.9632 -0.2686 -0.0000
vn 0.9632 0.2686 -0.0000
vn 0.2686 0.9632 -0.0000
vn -0.2686 0.9632 -0.0000
vn -0.9632 0.2686 -0.0000
vn -0.9632 -0.2686 -0.0000
vn -0.0000 -0.0000 -1.0000
vn -0.2199 -0.7728 0.5954
vn 0.2200 -0.7727 0.5955
vn -0.2205 -0.7725 0.5955
vn 0.2199 -0.7728 0.5954
vn 0.5707 -0.5708 0.5904
vn 0.5706 -0.5706 0.5907
vn 0.7728 -0.2199 0.5954
vn 0.7726 -0.2201 0.5955
vn 0.7727 0.2199 0.5955
vn 0.7726 0.2201 0.5955
vn 0.5705 0.5704 0.5908
vn 0.5705 0.5705 0.5908
vn 0.2205 0.7725 0.5955
vn 0.2199 0.7728 0.5954
vn -0.2200 0.7727 0.5955
vn -0.2199 0.7728 0.5954
vn -0.5707 0.5708 0.5904
vn -0.5706 0.5706 0.5907
vn -0.7728 0.2199 0.5954
vn -0.7726 0.2201 0.5955
vn -0.7727 -0.2199 0.5955
vn -0.7726 -0.2201 0.5955
vn -0.5705 -0.5704 0.5908
vn -0.5705 -0.5705 0.5908
vn -0.5153 -0.4941 0.7003
vn -0.4535 -0.6211 0.6392
vn -0.3919 -0.5316 0.7509
vn -0.3196 -0.6610 0.6790
vn -0.2701 -0.5568 0.7855
vn -0.1643 -0.6882 0.7067
vn -0.1360 -0.5734 0.8079
vn 0.0032 -0.6971 0.7170
vn 0.0031 -0.5785 0.8157
vn 0.1694 -0.6873 0.7063
vn 0.1397 -0.5732 0.8074
vn 0.3224 -0.6596 0.6789
vn 0.2685 -0.5574 0.7856
vn 0.4546 -0.6202 0.6392
vn 0.3858 -0.5332 0.7529
vn 0.5593 -0.5820 0.5903
vn 0.4840 -0.5052 0.7145
vn -0.5820 -0.5593 0.5903
vn -0.5161 -0.7082 0.4818
vn -0.3708 -0.7685 0.5215
vn -0.1937 -0.8118 0.5508
vn 0.0028 -0.8274 0.5617
vn 0.1984 -0.8103 0.5514
vn 0.3732 -0.7664 0.5229
vn 0.5165 -0.7065 0.4839
vn 0.6274 -0.6446 0.4368
vn -0.6446 -0.6274 0.4368
vn -0.5686 -0.7800 0.2615
vn -0.4164 -0.8621 0.2887
vn -0.2215 -0.9246 0.3100
vn 0.0017 -0.9479 0.3186
vn 0.2243 -0.9232 0.3122
vn 0.4180 -0.8599 0.2929
vn 0.5687 -0.7779 0.2674
vn 0.6826 -0.6919 0.2352
vn -0.6919 -0.6826 0.2352
vn -0.5841 -0.8003 0.1354
vn -0.4305 -0.8899 0.1511
vn -0.2303 -0.9591 0.1643
vn 0.0010 -0.9853 0.1708
vn 0.2320 -0.9581 0.1679
vn 0.4308 -0.8887 0.1568
vn 0.5831 -0.7998 0.1426
vn 0.6986 -0.7041 0.1272
vn -0.4902 0.4902 0.7207
vn -0.4536 0.6211 0.6391
vn -0.5694 0.5694 0.5929
vn -0.3864 0.5213 0.7609
vn -0.3194 0.6612 0.6789
vn -0.2679 0.5495 0.7914
vn -0.1642 0.6881 0.7068
vn -0.1378 0.5697 0.8102
vn 0.0031 0.6973 0.7168
vn -0.0000 0.5790 0.8153
vn 0.1694 0.6871 0.7066
vn 0.1385 0.5764 0.8053
vn 0.3225 0.6598 0.6787
vn 0.2705 0.5648 0.7796
vn 0.4546 0.6202 0.6392
vn 0.3911 0.5436 0.7427
vn 0.5718 0.5718 0.5883
vn -0.5161 0.7082 0.4818
vn -0.6362 0.6356 0.4372
vn -0.3708 0.7685 0.5215
vn -0.1943 0.8120 0.5504
vn 0.0027 0.8272 0.5619
vn 0.1985 0.8103 0.5513
vn 0.3731 0.7665 0.5228
vn 0.5166 0.7062 0.4842
vn 0.6362 0.6362 0.4364
vn -0.5684 0.7799 0.2620
vn -0.6878 0.6877 0.2326
vn -0.4163 0.8621 0.2887
vn -0.2216 0.9246 0.3098
vn 0.0017 0.9479 0.3186
vn 0.2243 0.9232 0.3122
vn 0.4176 0.8600 0.2932
vn 0.5684 0.7780 0.2676
vn 0.6868 0.6868 0.2378
vn -0.5840 0.8004 0.1353
vn -0.7017 0.7017 0.1233
vn -0.4304 0.8899 0.1512
vn -0.2304 0.9591 0.1645
vn 0.0012 0.9853 0.1711
vn 0.2319 0.9582 0.1679
vn 0.4307 0.8887 0.1573
vn 0.5833 0.7997 0.1424
vn 0.7010 0.7010 0.1312
vn -0.4179 -0.4179 0.8066
vn -0.5436 -0.3910 0.7427
vn -0.2919 -0.4399 0.8493
vn -0.1493 -0.4552 0.8778
vn 0.0026 -0.4614 0.8872
vn 0.1542 -0.4563 0.8763
vn 0.2957 -0.4420 0.8469
vn 0.4204 -0.4202 0.8042
vn 0.5214 -0.3865 0.7608
vn -0.4399 -0.2919 0.8492
vn -0.5645 -0.2706 0.7798
vn -0.3095 -0.3095 0.8991
vn -0.1591 -0.3214 0.9335
vn 0.0021 -0.3264 0.9452
vn 0.1627 -0.3232 0.9322
vn 0.3122 -0.3122 0.8972
vn 0.4420 -0.2957 0.8469
vn 0.5495 -0.2679 0.7914
vn -0.4552 -0.1493 0.8778
vn -0.5769 -0.1383 0.8050
vn -0.3214 -0.1591 0.9335
vn -0.1663 -0.1663 0.9720
vn 0.0012 -0.1698 0.9855
vn 0.1684 -0.1685 0.9712
vn 0.3232 -0.1627 0.9322
vn 0.4563 -0.1542 0.8764
vn 0.5697 -0.1378 0.8102
vn -0.4610 0.0026 0.8874
vn -0.5788 -0.0003 0.8155
vn -0.3267 0.0022 0.9451
vn -0.1698 0.0012 0.9855
vn 0.1694 -0.0012 0.9855
vn 0.3266 -0.0021 0.9452
vn 0.4607 -0.0024 0.8875
vn 0.5786 0.0003 0.8156
vn -0.4569 0.1540 0.8761
vn -0.5698 0.1374 0.8102
vn -0.3232 0.1627 0.9322
vn -0.1685 0.1685 0.9712
vn -0.0012 0.1699 0.9855
vn 0.1660 0.1660 0.9720
vn 0.3214 0.1592 0.9335
vn 0.4554 0.1492 0.8777
vn 0.5768 0.1384 0.8051
vn -0.4419 0.2956 0.8469
vn -0.5496 0.2682 0.7912
vn -0.3122 0.3122 0.8972
vn -0.1627 0.3232 0.9322
vn -0.0021 0.3265 0.9452
vn 0.1592 0.3214 0.9335
vn 0.3095 0.3095 0.8991
vn 0.4400 0.2922 0.8491
vn 0.5648 0.2705 0.7796
vn -0.4202 0.4204 0.8042
vn -0.5210 0.3865 0.7610
vn -0.2957 0.4420 0.8469
vn -0.1542 0.4563 0.8764
vn -0.0024 0.4607 0.8875
vn 0.1493 0.4553 0.8778
vn 0.2919 0.4399 0.8493
vn 0.4179 0.4179 0.8066
vn 0.5437 0.3910 0.7426
vn 0.5090 0.5090 0.6941
vn 0.6212 -0.4533 0.6392
vn 0.7081 -0.5160 0.4819
vn 0.7799 -0.5684 0.2620
vn 0.8004 -0.5840 0.1353
vn 0.6612 -0.3194 0.6789
vn 0.7685 -0.3708 0.5215
vn 0.8621 -0.4163 0.2887
vn 0.8899 -0.4304 0.1512
vn 0.6881 -0.1644 0.7067
vn 0.8120 -0.1939 0.5505
vn 0.9247 -0.2215 0.3098
vn 0.9591 -0.2305 0.1644
vn 0.6973 0.0031 0.7168
vn 0.8272 0.0027 0.5619
vn 0.9478 0.0018 0.3187
vn 0.9853 0.0012 0.1711
vn 0.6870 0.1693 0.7067
vn 0.8103 0.1985 0.5513
vn 0.9232 0.2243 0.3122
vn 0.9582 0.2319 0.1679
vn 0.6598 0.3225 0.6787
vn 0.7667 0.3728 0.5227
vn 0.8600 0.4176 0.2932
vn 0.8887 0.4306 0.1572
vn 0.6204 0.4543 0.6393
vn 0.7062 0.5166 0.4842
vn 0.7782 0.5684 0.2673
vn 0.7996 0.5834 0.1425
vn -0.7042 -0.6985 0.1270
vn -0.7779 -0.5686 0.2673
vn -0.7996 -0.5834 0.1425
vn -0.7065 -0.5165 0.4839
vn -0.6202 -0.4545 0.6393
vn -0.8599 -0.4180 0.2929
vn -0.8887 -0.4307 0.1570
vn -0.7664 -0.3731 0.5229
vn -0.6598 -0.3220 0.6789
vn -0.9232 -0.2242 0.3121
vn -0.9582 -0.2319 0.1678
vn -0.8104 -0.1984 0.5513
vn -0.6870 -0.1693 0.7067
vn -0.9479 -0.0017 0.3185
vn -0.9853 -0.0010 0.1709
vn -0.8274 -0.0028 0.5616
vn -0.6971 -0.0032 0.7170
vn -0.9246 0.2213 0.3101
vn -0.9591 0.2305 0.1640
vn -0.8120 0.1938 0.5506
vn -0.6882 0.1643 0.7067
vn -0.8621 0.4164 0.2887
vn -0.8899 0.4303 0.1513
vn -0.7685 0.3708 0.5215
vn -0.6610 0.3195 0.6789
vn -0.7799 0.5685 0.2619
vn -0.8004 0.5839 0.1355
vn -0.7083 0.5162 0.4815
vn -0.6213 0.4532 0.6392
vn -0.5925 -0.8056 -0.0000
vn -0.4384 -0.8988 -0.0000
vn -0.2363 -0.9717 -0.0000
vn -0.2359 -0.9718 -0.0000
vn -0.0000 -1.0000 -0.0000
vn 0.2362 -0.9717 -0.0000
vn 0.2361 -0.9717 -0.0000
vn 0.4386 -0.8987 -0.0000
vn 0.5925 -0.8055 -0.0000
vn -0.5925 0.8056 -0.0000
vn -0.4384 0.8988 -0.0000
vn -0.2359 0.9718 -0.0000
vn -0.0000 1.0000 -0.0000
vn 0.2361 0.9717 -0.0000
vn 0.2356 0.9718 -0.0000
vn 0.4386 0.8987 -0.0000
vn 0.5924 0.8057 -0.0000
vn 0.8056 -0.5925 -0.0000
vn 0.8988 -0.4384 -0.0000
vn 0.9718 -0.2359 -0.0000
vn 1.0000 -0.0000 -0.0000
vn 0.9718 0.2359 -0.0000
vn 0.8988 0.4384 -0.0000
vn 0.8056 0.5925 -0.0000
vn -0.8056 -0.5925 -0.0000
vn -0.8988 -0.4384 -0.0000
vn -0.9717 -0.2363 -0.0000
vn -0.9718 -0.2359 -0.0000
vn -1.0000 -0.0000 -0.0000
vn -0.9718 0.2359 -0.0000
vn -0.9717 0.2363 -0.0000
vn -0.8988 0.4384 -0.0000
vn -0.8056 0.5925 -0.0000
vn -0.4533 -0.6212 0.6392
vn -0.3917 -0.5320 0.7507
vn -0.2702 -0.5568 0.7855
vn -0.1643 -0.6881 0.7068
vn 0.1693 -0.6870 0.7067
vn 0.1398 -0.5732 0.8074
vn 0.3223 -0.6598 0.6788
vn 0.2688 -0.5573 0.7856
vn -0.5818 -0.5593 0.5905
vn -0.5162 -0.7083 0.4815
vn -0.1938 -0.8120 0.5505
vn 0.0028 -0.8274 0.5616
vn 0.1984 -0.8104 0.5513
vn 0.5165 -0.7064 0.4840
vn 0.6274 -0.6447 0.4367
vn -0.5684 -0.7799 0.2619
vn -0.4163 -0.8621 0.2888
vn -0.2216 -0.9246 0.3098
vn 0.0017 -0.9479 0.3185
vn 0.6825 -0.6920 0.2351
vn -0.2304 -0.9591 0.1645
vn 0.0010 -0.9853 0.1709
vn 0.2319 -0.9581 0.1680
vn 0.4307 -0.8887 0.1570
vn -0.4903 0.4903 0.7206
vn -0.4535 0.6212 0.6391
vn -0.3865 0.5214 0.7608
vn -0.2682 0.5496 0.7912
vn -0.1643 0.6881 0.7068
vn 0.0033 0.6970 0.7170
vn 0.4542 0.6204 0.6394
vn 0.3910 0.5437 0.7426
vn -0.5160 0.7081 0.4819
vn 0.3731 0.7664 0.5229
vn 0.6362 0.6362 0.4365
vn -0.6878 0.6876 0.2326
vn -0.4163 0.8621 0.2889
vn -0.2215 0.9247 0.3098
vn 0.0015 0.9480 0.3182
vn 0.2243 0.9231 0.3122
vn 0.4176 0.8601 0.2930
vn 0.5683 0.7782 0.2672
vn 0.6868 0.6868 0.2377
vn -0.4303 0.8899 0.1513
vn -0.2305 0.9591 0.1644
vn 0.0013 0.9853 0.1711
vn 0.4306 0.8887 0.1572
vn 0.5834 0.7996 0.1425
vn 0.7010 0.7010 0.1310
vn -0.4178 -0.4178 0.8068
vn -0.2922 -0.4403 0.8490
vn -0.1493 -0.4551 0.8778
vn 0.1542 -0.4564 0.8763
vn 0.5213 -0.3864 0.7609
vn -0.4399 -0.2919 0.8493
vn -0.5644 -0.2708 0.7798
vn 0.0022 -0.3267 0.9451
vn 0.4421 -0.2958 0.8468
vn -0.4554 -0.1493 0.8777
vn 0.0012 -0.1699 0.9855
vn 0.1684 -0.1684 0.9712
vn 0.3232 -0.1632 0.9322
vn 0.4562 -0.1542 0.8764
vn 0.5697 -0.1373 0.8103
vn -0.4614 0.0026 0.8872
vn -0.1699 0.0012 0.9855
vn -0.0000 -0.0001 1.0000
vn 0.1698 -0.0012 0.9855
vn 0.3264 -0.0021 0.9452
vn -0.4563 0.1542 0.8763
vn -0.5699 0.1374 0.8102
vn -0.3232 0.1632 0.9322
vn -0.0012 0.1697 0.9855
vn 0.1663 0.1662 0.9720
vn 0.3214 0.1591 0.9335
vn 0.4553 0.1493 0.8778
vn 0.5767 0.1384 0.8051
vn -0.4420 0.2957 0.8469
vn -0.5498 0.2679 0.7912
vn -0.3124 0.3124 0.8971
vn -0.0023 0.3269 0.9450
vn 0.3092 0.3092 0.8993
vn -0.5210 0.3865 0.7611
vn -0.1542 0.4567 0.8761
vn 0.1493 0.4551 0.8778
vn 0.2922 0.4400 0.8491
vn 0.7080 -0.5158 0.4823
vn 0.7799 -0.5687 0.2615
vn 0.8622 -0.4164 0.2885
vn 0.8120 -0.1938 0.5506
vn 0.9246 -0.2216 0.3099
vn 0.9590 -0.2305 0.1646
vn 0.6974 0.0031 0.7167
vn 0.8274 0.0028 0.5616
vn 0.9477 0.0017 0.3191
vn 0.9853 0.0010 0.1708
vn 0.8104 0.1984 0.5513
vn 0.9231 0.2244 0.3123
vn 0.9581 0.2321 0.1679
vn 0.6595 0.3223 0.6791
vn 0.7663 0.3732 0.5229
vn 0.8603 0.4173 0.2927
vn 0.8887 0.4307 0.1571
vn 0.6202 0.4546 0.6392
vn 0.7780 0.5684 0.2676
vn -0.7041 -0.6986 0.1272
vn -0.7781 -0.5684 0.2674
vn -0.7995 -0.5835 0.1425
vn -0.7064 -0.5165 0.4840
vn -0.8601 -0.4176 0.2931
vn -0.7665 -0.3731 0.5228
vn -0.6597 -0.3223 0.6789
vn -0.9232 -0.2243 0.3122
vn -0.9581 -0.2319 0.1679
vn -0.8103 -0.1984 0.5514
vn -0.9479 -0.0018 0.3186
vn -0.9852 -0.0014 0.1712
vn -0.8273 -0.0027 0.5618
vn -0.9247 0.2215 0.3098
vn -0.9591 0.2305 0.1644
vn -0.6881 0.1643 0.7067
vn -0.8621 0.4164 0.2888
vn -0.8899 0.4305 0.1512
vn -0.6611 0.3194 0.6789
vn -0.7799 0.5685 0.2618
vn -0.8004 0.5839 0.1354
vn -0.6211 0.4536 0.6391
vn 0.2359 -0.9718 -0.0000
vn 0.2363 -0.9717 -0.0000
vn 0.4384 -0.8988 -0.0000
vn 0.5925 -0.8056 -0.0000
vn 0.2359 0.9718 -0.0000
vn 0.4384 0.8988 -0.0000
vn 0.5925 0.8056 -0.0000
vn 0.9716 -0.2366 -0.0000
vn 0.9717 -0.2363 -0.0000
vn 0.9717 0.2363 -0.0000
vn 0.9716 0.2366 -0.0000
vn 0.8059 0.5921 -0.0000
vn -0.5163 0.4772 0.7111
vn -0.2792 0.2787 0.9189
vn -0.2443 0.5477 0.8002
vn 0.0064 0.2953 0.9554
vn 0.0109 0.5665 0.8240
vn 0.2898 0.2898 0.9122
vn 0.2493 0.5489 0.7979
vn 0.5370 0.2443 0.8074
vn 0.4611 0.5005 0.7327
vn -0.5592 0.2492 0.7907
vn -0.2958 -0.0064 0.9552
vn -0.0000 -0.0002 1.0000
vn 0.2958 0.0063 0.9552
vn 0.5660 -0.0019 0.8244
vn -0.5660 0.0019 0.8244
vn -0.2898 -0.2897 0.9122
vn -0.0063 -0.2957 0.9553
vn 0.2789 -0.2789 0.9189
vn 0.5592 -0.2496 0.7906
vn -0.5374 -0.2450 0.8070
vn -0.2490 -0.5487 0.7981
vn -0.0106 -0.5663 0.8241
vn 0.2442 -0.5477 0.8002
vn 0.5163 -0.4772 0.7112
vn -0.3468 0.7913 0.5036
vn -0.6522 0.6255 0.4283
vn 0.0084 0.8427 0.5383
vn 0.3552 0.7837 0.5095
vn 0.6255 0.6522 0.4282
vn -0.3867 0.8741 0.2940
vn -0.6916 0.6724 0.2637
vn 0.0058 0.9442 0.3292
vn 0.3901 0.8664 0.3117
vn 0.6724 0.6916 0.2637
vn 0.7915 0.3466 0.5034
vn 0.8425 -0.0082 0.5387
vn 0.7841 -0.3552 0.5090
vn 0.6523 -0.6255 0.4281
vn 0.8741 0.3869 0.2938
vn 0.9442 -0.0058 0.3292
vn 0.8666 -0.3899 0.3114
vn 0.6916 -0.6724 0.2636
vn 0.3468 -0.7914 0.5034
vn -0.0082 -0.8425 0.5387
vn -0.3552 -0.7838 0.5094
vn -0.6258 -0.6519 0.4283
vn 0.3869 -0.8741 0.2938
vn -0.0058 -0.9443 0.3292
vn -0.3900 -0.8665 0.3114
vn -0.6724 -0.6916 0.2637
vn -0.4611 -0.5005 0.7327
vn -0.7914 -0.3468 0.5034
vn -0.8428 0.0080 0.5382
vn -0.7838 0.3552 0.5094
vn -0.8741 -0.3868 0.2938
vn -0.9443 0.0057 0.3291
vn -0.8666 0.3899 0.3114
vn -0.4772 -0.5163 0.7112
vn -0.2789 -0.2786 0.9190
vn -0.5477 -0.2442 0.8002
vn -0.2493 -0.5589 0.7909
vn 0.0062 -0.2954 0.9554
vn -0.0018 -0.5664 0.8241
vn 0.2901 -0.2900 0.9120
vn 0.2444 -0.5374 0.8071
vn 0.5491 -0.2496 0.7976
vn -0.2959 0.0063 0.9552
vn -0.5660 0.0104 0.8244
vn 0.2958 -0.0064 0.9552
vn 0.5661 -0.0104 0.8243
vn -0.2899 0.2897 0.9121
vn -0.5487 0.2490 0.7981
vn -0.0063 0.2956 0.9553
vn 0.2791 0.2789 0.9189
vn 0.5477 0.2443 0.8002
vn -0.2446 0.5375 0.8070
vn -0.5003 0.4613 0.7327
vn 0.0019 0.5665 0.8241
vn 0.2491 0.5594 0.7906
vn 0.4772 0.5162 0.7112
vn -0.3552 -0.7837 0.5095
vn -0.6256 -0.6522 0.4281
vn -0.3896 -0.8667 0.3116
vn -0.0082 -0.8425 0.5386
vn 0.3468 -0.7914 0.5035
vn 0.6525 -0.6252 0.4281
vn 0.5003 -0.4612 0.7328
vn 0.6917 -0.6724 0.2634
vn 0.7837 -0.3552 0.5095
vn 0.8665 -0.3901 0.3116
vn 0.8426 -0.0082 0.5385
vn 0.9443 -0.0059 0.3291
vn 0.7913 0.3468 0.5036
vn 0.8741 0.3867 0.2940
vn 0.6256 0.6522 0.4282
vn 0.6724 0.6917 0.2636
vn 0.3552 0.7838 0.5094
vn 0.3900 0.8666 0.3114
vn 0.0081 0.8426 0.5384
vn 0.0058 0.9442 0.3293
vn -0.3869 0.8741 0.2937
vn -0.6520 0.6256 0.4284
vn -0.6916 0.6724 0.2636
vn -0.7837 0.3552 0.5096
vn -0.8664 0.3901 0.3119
vn -0.8426 0.0079 0.5385
vn -0.9443 0.0056 0.3290
vn -0.7913 -0.3468 0.5035
vn -0.8741 -0.3868 0.2939
vn -0.5163 0.4772 0.7112
vn -0.2791 0.2791 0.9188
vn 0.0063 0.2954 0.9554
vn 0.0105 0.5661 0.8242
vn 0.2898 0.2899 0.9121
vn 0.2497 0.5489 0.7977
vn 0.5372 0.2445 0.8072
vn 0.4611 0.5006 0.7326
vn -0.5595 0.2490 0.7905
vn 0.0001 -0.0001 1.0000
vn -0.2900 -0.2897 0.9121
vn -0.0063 -0.2958 0.9552
vn 0.2787 -0.2787 0.9191
vn -0.5373 -0.2446 0.8071
vn -0.0106 -0.5664 0.8241
vn 0.2445 -0.5477 0.8001
vn -0.3470 0.7915 0.5032
vn -0.6522 0.6256 0.4281
vn 0.0082 0.8426 0.5386
vn 0.3551 0.7839 0.5093
vn 0.6254 0.6523 0.4284
vn -0.3868 0.8741 0.2939
vn -0.6916 0.6724 0.2638
vn 0.0058 0.9443 0.3291
vn 0.3900 0.8665 0.3116
vn 0.7913 0.3468 0.5035
vn 0.8427 -0.0082 0.5383
vn 0.7839 -0.3552 0.5093
vn 0.8741 0.3868 0.2940
vn 0.9443 -0.0058 0.3292
vn 0.8665 -0.3900 0.3115
vn 0.3468 -0.7913 0.5035
vn -0.0082 -0.8426 0.5385
vn -0.6255 -0.6520 0.4285
vn -0.3900 -0.8666 0.3114
vn -0.7914 -0.3466 0.5035
vn -0.8425 0.0082 0.5386
vn -0.7836 0.3556 0.5095
vn -0.8740 -0.3868 0.2941
vn -0.8663 0.3902 0.3117
vn -0.4772 -0.5162 0.7112
vn -0.2790 -0.2790 0.9189
vn -0.5476 -0.2448 0.8001
vn -0.2491 -0.5592 0.7907
vn 0.0063 -0.2959 0.9552
vn -0.0019 -0.5662 0.8243
vn 0.2898 -0.2899 0.9121
vn -0.0001 -0.0001 1.0000
vn 0.2954 -0.0062 0.9553
vn -0.2901 0.2902 0.9119
vn -0.5487 0.2492 0.7980
vn -0.0062 0.2954 0.9553
vn 0.2789 0.2789 0.9189
vn 0.5479 0.2440 0.8001
vn -0.2446 0.5373 0.8071
vn -0.5005 0.4611 0.7327
vn 0.0018 0.5665 0.8240
vn 0.2494 0.5590 0.7908
vn -0.6254 -0.6523 0.4283
vn -0.3902 -0.8665 0.3115
vn -0.0085 -0.8425 0.5386
vn -0.0058 -0.9442 0.3292
vn 0.3869 -0.8741 0.2937
vn 0.6915 -0.6726 0.2634
vn 0.8665 -0.3900 0.3116
vn 0.8426 -0.0081 0.5385
vn 0.8740 0.3868 0.2940
vn 0.6255 0.6521 0.4284
vn 0.3898 0.8665 0.3119
vn 0.0082 0.8425 0.5386
vn 0.0057 0.9443 0.3291
vn -0.3468 0.7913 0.5035
vn -0.3869 0.8741 0.2938
vn -0.6521 0.6255 0.4284
vn -0.7838 0.3552 0.5095
vn -0.8425 0.0083 0.5387
vn -0.7913 -0.3468 0.5036
vn -0.8741 -0.3869 0.2938
vn -0.0002 -0.0002 1.0000
vn -0.0002 -0.0000 1.0000
vn 0.2734 -0.9619 -0.0000
vn 0.9619 -0.2734 -0.0000
vn 0.9619 -0.2735 -0.0000
vn 0.7072 0.7070 -0.0000
vn 0.9618 0.2736 -0.0000
vn 0.2739 0.9618 -0.0000
vn 0.2739 0.9617 -0.0000
vn -0.2739 0.9618 -0.0000
vn -0.9618 0.2737 -0.0000
vn -0.9618 0.2736 -0.0000
vn -0.9618 -0.2736 -0.0000
vn -0.2735 -0.9619 -0.0000
vn 0.9619 0.2734 -0.0000
vn -0.9618 -0.2738 -0.0000
vn -0.2738 0.9618 -0.0000
vn -0.0000 0.9849 0.1733
vn -0.9856 -0.0000 0.1689
vn -0.9856 -0.0000 0.1692
vn -0.0000 -0.9849 0.1733
vn 0.9856 -0.0000 0.1693
vn -0.0000 0.9848 0.1737
vn -0.9856 -0.0000 0.1693
vn 0.9856 -0.0000 0.1689
vn 0.9856 -0.0000 0.1692
vt 0.987600 0.983500
vt 0.864600 0.597100
vt 0.987600 0.597000
vt 0.568700 0.421800
vt 0.691700 0.984000
vt 0.568700 0.984000
vt 0.731300 0.597000
vt 0.854200 0.983500
vt 0.731300 0.983500
vt 0.567100 0.984000
vt 0.444100 0.422000
vt 0.567100 0.421800
vt 0.864600 0.983500
vt 0.987600 0.986300
vt 0.864600 0.986300
vt 0.864600 0.594300
vt 0.987600 0.594300
vt 0.691700 0.421900
vt 0.568700 0.419100
vt 0.691700 0.419100
vt 0.691700 0.986800
vt 0.568700 0.986700
vt 0.854200 0.597200
vt 0.731300 0.594300
vt 0.854200 0.594300
vt 0.854200 0.986300
vt 0.731300 0.986300
vt 0.444100 0.984000
vt 0.567100 0.986700
vt 0.444100 0.986800
vt 0.444100 0.419100
vt 0.567100 0.419100
vt 0.403400 0.811200
vt 0.398100 0.423200
vt 0.403400 0.424700
vt 0.421100 0.987500
vt 0.415800 0.423800
vt 0.421100 0.425300
vt 0.407500 0.424700
vt 0.412800 0.812700
vt 0.407500 0.811200
vt 0.426300 0.425300
vt 0.431600 0.989000
vt 0.426300 0.987500
vt 0.401200 0.418100
vt 0.405100 0.422000
vt 0.405100 0.814000
vt 0.398100 0.812700
vt 0.418800 0.418700
vt 0.422700 0.422600
vt 0.422700 0.990200
vt 0.415800 0.989000
vt 0.409700 0.817800
vt 0.405800 0.814000
vt 0.405800 0.422000
vt 0.412800 0.423200
vt 0.428500 0.994100
vt 0.424600 0.990200
vt 0.424600 0.422600
vt 0.431600 0.423800
vt 0.988700 0.599400
vt 0.996400 0.988900
vt 0.988700 0.988900
vt 0.715100 0.989400
vt 0.707400 0.424200
vt 0.715100 0.424200
vt 0.727000 0.988900
vt 0.719300 0.599400
vt 0.727000 0.599400
vt 0.698000 0.424200
vt 0.705700 0.989400
vt 0.698000 0.989400
vt 0.996400 0.994000
vt 0.988700 0.994000
vt 0.988700 0.594300
vt 0.996400 0.599400
vt 0.707400 0.419100
vt 0.715100 0.419100
vt 0.715100 0.994500
vt 0.707400 0.989400
vt 0.719300 0.594300
vt 0.727000 0.594300
vt 0.727000 0.994000
vt 0.719300 0.988900
vt 0.705700 0.994500
vt 0.698000 0.994500
vt 0.698000 0.419100
vt 0.705700 0.424200
vt 0.729100 0.415000
vt 0.984400 0.413000
vt 0.981100 0.415000
vt 0.725800 0.040700
vt 0.981100 0.038700
vt 0.984400 0.040700
vt 0.723800 0.044000
vt 0.986400 0.044000
vt 0.723800 0.409600
vt 0.986400 0.409700
vt 0.725800 0.413000
vt 0.005100 0.995900
vt 0.391000 0.995100
vt 0.389700 0.995900
vt 0.859700 0.983400
vt 0.859700 0.597200
vt 0.859500 0.985600
vt 0.696800 0.983900
vt 0.697100 0.986000
vt 0.696700 0.421900
vt 0.697000 0.419700
vt 0.859100 0.983400
vt 0.859400 0.985500
vt 0.859100 0.597200
vt 0.859300 0.594900
vt 0.439100 0.422100
vt 0.438700 0.419900
vt 0.439200 0.983900
vt 0.438800 0.986100
vt 0.859500 0.595100
vt 0.744000 0.485000
vt 0.745500 0.481500
vt 0.747400 0.483900
vt 0.750000 0.480100
vt 0.751400 0.482900
vt 0.755300 0.479100
vt 0.756100 0.482200
vt 0.761100 0.478800
vt 0.761100 0.481900
vt 0.766900 0.479100
vt 0.766100 0.482200
vt 0.772200 0.480100
vt 0.770800 0.482900
vt 0.776700 0.481500
vt 0.774800 0.483900
vt 0.780300 0.483000
vt 0.778200 0.485000
vt 0.741900 0.483000
vt 0.743500 0.478700
vt 0.748400 0.476800
vt 0.754400 0.475500
vt 0.761100 0.474900
vt 0.767800 0.475500
vt 0.773800 0.476800
vt 0.778700 0.478700
vt 0.782500 0.480800
vt 0.739700 0.480800
vt 0.741400 0.475600
vt 0.746700 0.473100
vt 0.753400 0.471100
vt 0.761100 0.470400
vt 0.768800 0.471100
vt 0.775500 0.473100
vt 0.780900 0.475600
vt 0.784900 0.478400
vt 0.737300 0.478400
vt 0.739000 0.472300
vt 0.744900 0.469000
vt 0.752400 0.466400
vt 0.761100 0.465400
vt 0.769800 0.466400
vt 0.777400 0.469000
vt 0.783200 0.472300
vt 0.787400 0.475900
vt 0.744000 0.519300
vt 0.745500 0.522800
vt 0.741900 0.521400
vt 0.747400 0.520500
vt 0.750000 0.524200
vt 0.751400 0.521500
vt 0.755300 0.525200
vt 0.756100 0.522200
vt 0.761100 0.525600
vt 0.761100 0.522500
vt 0.766900 0.525200
vt 0.766100 0.522200
vt 0.772200 0.524200
vt 0.770800 0.521500
vt 0.776700 0.522800
vt 0.774800 0.520500
vt 0.780300 0.521400
vt 0.743500 0.525600
vt 0.739700 0.523600
vt 0.748400 0.527500
vt 0.754400 0.528900
vt 0.761100 0.529400
vt 0.767800 0.528900
vt 0.773800 0.527500
vt 0.778700 0.525600
vt 0.782500 0.523600
vt 0.741400 0.528700
vt 0.737300 0.526000
vt 0.746700 0.531300
vt 0.753400 0.533200
vt 0.761100 0.533900
vt 0.768800 0.533200
vt 0.775500 0.531300
vt 0.780900 0.528700
vt 0.784900 0.526000
vt 0.739000 0.532100
vt 0.734800 0.528500
vt 0.744900 0.535400
vt 0.752400 0.538000
vt 0.761100 0.538900
vt 0.769800 0.538000
vt 0.777400 0.535400
vt 0.783200 0.532100
vt 0.787400 0.528500
vt 0.746200 0.487300
vt 0.742800 0.488400
vt 0.750500 0.486300
vt 0.755500 0.485500
vt 0.761100 0.485200
vt 0.766700 0.485500
vt 0.771700 0.486300
vt 0.776000 0.487300
vt 0.779400 0.488400
vt 0.745200 0.491600
vt 0.741800 0.492500
vt 0.749600 0.490600
vt 0.755000 0.489900
vt 0.761100 0.489700
vt 0.767200 0.489900
vt 0.772600 0.490600
vt 0.777000 0.491600
vt 0.780400 0.492500
vt 0.744400 0.496600
vt 0.741100 0.497100
vt 0.748900 0.496100
vt 0.754600 0.495600
vt 0.761100 0.495500
vt 0.767700 0.495600
vt 0.773300 0.496100
vt 0.777800 0.496600
vt 0.781100 0.497100
vt 0.744100 0.502200
vt 0.740800 0.502200
vt 0.748600 0.502200
vt 0.754400 0.502200
vt 0.761100 0.502200
vt 0.767800 0.502200
vt 0.773600 0.502200
vt 0.778100 0.502200
vt 0.781400 0.502200
vt 0.744400 0.507800
vt 0.741100 0.507200
vt 0.748900 0.508300
vt 0.754600 0.508700
vt 0.761100 0.508900
vt 0.767700 0.508700
vt 0.773300 0.508300
vt 0.777800 0.507800
vt 0.781100 0.507200
vt 0.745200 0.512800
vt 0.741800 0.511900
vt 0.749600 0.513700
vt 0.755000 0.514400
vt 0.761100 0.514700
vt 0.767200 0.514400
vt 0.772600 0.513700
vt 0.777000 0.512800
vt 0.780400 0.511900
vt 0.746200 0.517000
vt 0.742800 0.515900
vt 0.750500 0.518100
vt 0.755500 0.518900
vt 0.761100 0.519200
vt 0.766700 0.518900
vt 0.771700 0.518100
vt 0.776000 0.517100
vt 0.779400 0.515900
vt 0.778200 0.519300
vt 0.781800 0.486600
vt 0.784600 0.484600
vt 0.787700 0.482400
vt 0.791000 0.480100
vt 0.783200 0.491100
vt 0.786400 0.489500
vt 0.790200 0.487800
vt 0.794300 0.485900
vt 0.784100 0.496400
vt 0.787800 0.495500
vt 0.792100 0.494500
vt 0.796900 0.493400
vt 0.784500 0.502200
vt 0.788400 0.502200
vt 0.792900 0.502200
vt 0.797900 0.502200
vt 0.784100 0.508000
vt 0.787800 0.508900
vt 0.792100 0.509900
vt 0.796900 0.510900
vt 0.783200 0.513300
vt 0.786400 0.514900
vt 0.790200 0.516600
vt 0.794300 0.518400
vt 0.781800 0.517700
vt 0.784600 0.519800
vt 0.787700 0.521900
vt 0.791000 0.524300
vt 0.734800 0.475900
vt 0.734600 0.482400
vt 0.731200 0.480100
vt 0.737700 0.484600
vt 0.740400 0.486600
vt 0.732000 0.487800
vt 0.727900 0.485900
vt 0.735800 0.489500
vt 0.739100 0.491100
vt 0.730100 0.494500
vt 0.725300 0.493400
vt 0.734400 0.495500
vt 0.738100 0.496400
vt 0.729300 0.502200
vt 0.724300 0.502200
vt 0.733900 0.502200
vt 0.737700 0.502200
vt 0.730100 0.509900
vt 0.725300 0.510900
vt 0.734400 0.508900
vt 0.738100 0.508000
vt 0.732000 0.516600
vt 0.727900 0.518400
vt 0.735800 0.514900
vt 0.739100 0.513300
vt 0.734600 0.521900
vt 0.731200 0.524300
vt 0.737700 0.519800
vt 0.740400 0.517700
vt 0.937700 0.453700
vt 0.931700 0.452600
vt 0.935700 0.450000
vt 0.942500 0.451600
vt 0.941100 0.447600
vt 0.948700 0.450200
vt 0.948300 0.446000
vt 0.955800 0.450400
vt 0.956400 0.446200
vt 0.962700 0.452200
vt 0.964300 0.448300
vt 0.968300 0.455200
vt 0.970700 0.451700
vt 0.972300 0.458600
vt 0.975300 0.455600
vt 0.975000 0.461700
vt 0.978400 0.459100
vt 0.928500 0.496700
vt 0.928200 0.502800
vt 0.925100 0.499300
vt 0.931200 0.499900
vt 0.932800 0.506700
vt 0.935200 0.503200
vt 0.939200 0.510100
vt 0.940800 0.506200
vt 0.947100 0.512200
vt 0.947700 0.508100
vt 0.955300 0.512400
vt 0.954800 0.508200
vt 0.962400 0.510800
vt 0.961000 0.506800
vt 0.967900 0.508400
vt 0.965800 0.504700
vt 0.971800 0.505800
vt 0.977300 0.465100
vt 0.981000 0.463100
vt 0.979400 0.469900
vt 0.983400 0.468600
vt 0.980700 0.476100
vt 0.984900 0.475700
vt 0.980600 0.483300
vt 0.984800 0.483900
vt 0.978800 0.490100
vt 0.982700 0.491700
vt 0.975700 0.495700
vt 0.979200 0.498100
vt 0.972400 0.499800
vt 0.975400 0.502700
vt 0.969300 0.502500
vt 0.934200 0.456000
vt 0.928100 0.455700
vt 0.931100 0.458700
vt 0.924300 0.460300
vt 0.927800 0.462700
vt 0.920800 0.466700
vt 0.924800 0.468300
vt 0.918700 0.474600
vt 0.922900 0.475200
vt 0.918600 0.482700
vt 0.922800 0.482300
vt 0.920100 0.489800
vt 0.924200 0.488500
vt 0.922600 0.495300
vt 0.926300 0.493300
vt 0.906700 0.490100
vt 0.902700 0.493700
vt 0.902700 0.490100
vt 0.906700 0.485000
vt 0.902700 0.485000
vt 0.906700 0.478200
vt 0.902700 0.478200
vt 0.906700 0.470100
vt 0.902700 0.470100
vt 0.906700 0.462000
vt 0.902700 0.462000
vt 0.906700 0.455200
vt 0.902700 0.455200
vt 0.906700 0.450100
vt 0.902700 0.450100
vt 0.906700 0.446500
vt 0.902700 0.446500
vt 0.902200 0.446400
vt 0.898200 0.450000
vt 0.898200 0.446400
vt 0.902200 0.450000
vt 0.898200 0.455000
vt 0.902200 0.455000
vt 0.898200 0.461900
vt 0.902200 0.461900
vt 0.898200 0.470000
vt 0.902200 0.470000
vt 0.898200 0.478100
vt 0.902200 0.478100
vt 0.898200 0.484900
vt 0.902200 0.484900
vt 0.898200 0.490000
vt 0.902200 0.490000
vt 0.898200 0.493500
vt 0.902200 0.537100
vt 0.898200 0.540700
vt 0.898200 0.537100
vt 0.902200 0.532000
vt 0.898200 0.532000
vt 0.902200 0.525200
vt 0.898200 0.525200
vt 0.902200 0.517100
vt 0.898200 0.517100
vt 0.902200 0.509000
vt 0.898200 0.509000
vt 0.902200 0.502200
vt 0.898200 0.502200
vt 0.902200 0.497100
vt 0.898200 0.497100
vt 0.902200 0.493500
vt 0.906700 0.493700
vt 0.902700 0.497200
vt 0.906700 0.497200
vt 0.902700 0.502300
vt 0.906700 0.502300
vt 0.902700 0.509100
vt 0.906700 0.509100
vt 0.902700 0.517200
vt 0.906700 0.517200
vt 0.902700 0.525300
vt 0.906700 0.525300
vt 0.902700 0.532100
vt 0.906700 0.532100
vt 0.902700 0.537200
vt 0.906700 0.537200
vt 0.902700 0.540800
vt 0.828200 0.485000
vt 0.829800 0.481500
vt 0.831600 0.483900
vt 0.834300 0.480100
vt 0.835700 0.482900
vt 0.839600 0.479100
vt 0.840300 0.482200
vt 0.845400 0.478800
vt 0.845400 0.481900
vt 0.851200 0.479100
vt 0.850400 0.482200
vt 0.856500 0.480100
vt 0.855000 0.482900
vt 0.860900 0.481500
vt 0.859100 0.483900
vt 0.864500 0.483000
vt 0.862500 0.485000
vt 0.826200 0.483000
vt 0.827800 0.478700
vt 0.832700 0.476800
vt 0.838700 0.475500
vt 0.845400 0.474900
vt 0.852100 0.475500
vt 0.858000 0.476800
vt 0.862900 0.478700
vt 0.866800 0.480800
vt 0.824000 0.480800
vt 0.825600 0.475600
vt 0.831000 0.473100
vt 0.837700 0.471100
vt 0.845400 0.470400
vt 0.853000 0.471100
vt 0.859800 0.473100
vt 0.865100 0.475600
vt 0.869100 0.478400
vt 0.821600 0.478400
vt 0.823300 0.472300
vt 0.829100 0.469000
vt 0.836600 0.466400
vt 0.845400 0.465400
vt 0.854100 0.466400
vt 0.861600 0.469000
vt 0.867400 0.472300
vt 0.871700 0.475900
vt 0.828200 0.519300
vt 0.829800 0.522800
vt 0.826200 0.521400
vt 0.831600 0.520500
vt 0.834300 0.524200
vt 0.835700 0.521500
vt 0.839600 0.525200
vt 0.840300 0.522200
vt 0.845400 0.525600
vt 0.845400 0.522500
vt 0.851200 0.525200
vt 0.850400 0.522200
vt 0.856500 0.524200
vt 0.855000 0.521500
vt 0.860900 0.522800
vt 0.859100 0.520500
vt 0.864500 0.521400
vt 0.827800 0.525600
vt 0.824000 0.523600
vt 0.832700 0.527500
vt 0.838700 0.528900
vt 0.845400 0.529400
vt 0.852100 0.528900
vt 0.858000 0.527500
vt 0.862900 0.525600
vt 0.866800 0.523600
vt 0.825600 0.528700
vt 0.821600 0.526000
vt 0.831000 0.531300
vt 0.837700 0.533200
vt 0.845400 0.533900
vt 0.853000 0.533200
vt 0.859800 0.531300
vt 0.865100 0.528700
vt 0.869100 0.526000
vt 0.823300 0.532100
vt 0.819000 0.528500
vt 0.829100 0.535400
vt 0.836600 0.538000
vt 0.845400 0.538900
vt 0.854100 0.538000
vt 0.861600 0.535400
vt 0.867400 0.532100
vt 0.871700 0.528500
vt 0.830500 0.487300
vt 0.827100 0.488400
vt 0.834700 0.486300
vt 0.839800 0.485500
vt 0.845400 0.485200
vt 0.850900 0.485500
vt 0.856000 0.486300
vt 0.860200 0.487300
vt 0.863600 0.488400
vt 0.829400 0.491600
vt 0.826100 0.492500
vt 0.833800 0.490600
vt 0.839200 0.489900
vt 0.845400 0.489700
vt 0.851500 0.489900
vt 0.856900 0.490600
vt 0.861300 0.491600
vt 0.864700 0.492500
vt 0.828700 0.496600
vt 0.825300 0.497100
vt 0.833100 0.496100
vt 0.838800 0.495600
vt 0.845400 0.495500
vt 0.851900 0.495600
vt 0.857600 0.496100
vt 0.862100 0.496600
vt 0.865400 0.497100
vt 0.828400 0.502200
vt 0.825100 0.502200
vt 0.832800 0.502200
vt 0.838600 0.502200
vt 0.845400 0.502200
vt 0.852100 0.502200
vt 0.857900 0.502200
vt 0.862400 0.502200
vt 0.865600 0.502200
vt 0.828700 0.507800
vt 0.825300 0.507200
vt 0.833100 0.508300
vt 0.838800 0.508700
vt 0.845400 0.508900
vt 0.851900 0.508700
vt 0.857600 0.508300
vt 0.862100 0.507800
vt 0.865400 0.507200
vt 0.829400 0.512800
vt 0.826100 0.511900
vt 0.833800 0.513700
vt 0.839200 0.514400
vt 0.845400 0.514700
vt 0.851500 0.514400
vt 0.856900 0.513700
vt 0.861300 0.512800
vt 0.864700 0.511900
vt 0.830500 0.517000
vt 0.827100 0.515900
vt 0.834700 0.518100
vt 0.839800 0.518900
vt 0.845400 0.519200
vt 0.850900 0.518900
vt 0.856000 0.518100
vt 0.860200 0.517100
vt 0.863600 0.515900
vt 0.862500 0.519300
vt 0.866000 0.486600
vt 0.868800 0.484600
vt 0.871900 0.482400
vt 0.875200 0.480100
vt 0.867400 0.491100
vt 0.870700 0.489500
vt 0.874500 0.487800
vt 0.878600 0.485900
vt 0.868400 0.496400
vt 0.872100 0.495500
vt 0.876400 0.494500
vt 0.881100 0.493400
vt 0.868800 0.502200
vt 0.872600 0.502200
vt 0.877100 0.502200
vt 0.882200 0.502200
vt 0.868400 0.508000
vt 0.872100 0.508900
vt 0.876400 0.509900
vt 0.881100 0.510900
vt 0.867400 0.513300
vt 0.870700 0.514900
vt 0.874500 0.516600
vt 0.878600 0.518400
vt 0.866000 0.517700
vt 0.868800 0.519800
vt 0.871900 0.521900
vt 0.875200 0.524300
vt 0.819000 0.475900
vt 0.818800 0.482400
vt 0.815500 0.480100
vt 0.821900 0.484600
vt 0.824700 0.486600
vt 0.816300 0.487800
vt 0.812100 0.485900
vt 0.820000 0.489500
vt 0.823300 0.491100
vt 0.814300 0.494500
vt 0.809600 0.493400
vt 0.818600 0.495500
vt 0.822300 0.496400
vt 0.813600 0.502200
vt 0.808600 0.502200
vt 0.818100 0.502200
vt 0.822000 0.502200
vt 0.814300 0.509900
vt 0.809600 0.510900
vt 0.818600 0.508900
vt 0.822300 0.508000
vt 0.816300 0.516600
vt 0.812100 0.518400
vt 0.820000 0.514900
vt 0.823300 0.513300
vt 0.818800 0.521900
vt 0.815500 0.524300
vt 0.821900 0.519800
vt 0.824700 0.517700
vt 0.937700 0.520700
vt 0.931700 0.519600
vt 0.935700 0.517000
vt 0.942500 0.518600
vt 0.941100 0.514600
vt 0.948700 0.517200
vt 0.948300 0.513000
vt 0.955800 0.517400
vt 0.956400 0.513200
vt 0.962700 0.519200
vt 0.964300 0.515300
vt 0.968300 0.522200
vt 0.970700 0.518700
vt 0.972300 0.525600
vt 0.975300 0.522600
vt 0.975000 0.528700
vt 0.978400 0.526100
vt 0.928500 0.563700
vt 0.928200 0.569800
vt 0.925100 0.566300
vt 0.931200 0.566800
vt 0.932800 0.573700
vt 0.935200 0.570200
vt 0.939200 0.577100
vt 0.940800 0.573200
vt 0.947100 0.579200
vt 0.947700 0.575000
vt 0.955300 0.579400
vt 0.954800 0.575200
vt 0.962400 0.577800
vt 0.961000 0.573800
vt 0.967900 0.575400
vt 0.965800 0.571700
vt 0.971800 0.572800
vt 0.977300 0.532100
vt 0.981000 0.530100
vt 0.979400 0.536900
vt 0.983400 0.535600
vt 0.980700 0.543100
vt 0.984900 0.542700
vt 0.980600 0.550200
vt 0.984800 0.550800
vt 0.978800 0.557100
vt 0.982700 0.558700
vt 0.975700 0.562700
vt 0.979200 0.565100
vt 0.972400 0.566700
vt 0.975400 0.569700
vt 0.969300 0.569500
vt 0.934200 0.522900
vt 0.928100 0.522700
vt 0.931100 0.525600
vt 0.924300 0.527300
vt 0.927800 0.529700
vt 0.920800 0.533700
vt 0.924800 0.535300
vt 0.918700 0.541600
vt 0.922900 0.542100
vt 0.918600 0.549700
vt 0.922800 0.549300
vt 0.920100 0.556800
vt 0.924200 0.555500
vt 0.922600 0.562300
vt 0.926300 0.560300
vt 0.907400 0.544400
vt 0.911500 0.540800
vt 0.911500 0.544400
vt 0.912100 0.451600
vt 0.916200 0.446500
vt 0.916200 0.451600
vt 0.912100 0.458400
vt 0.916200 0.458400
vt 0.912100 0.466500
vt 0.916200 0.466500
vt 0.912100 0.474600
vt 0.916200 0.474600
vt 0.912100 0.481400
vt 0.916200 0.481400
vt 0.912100 0.486500
vt 0.916200 0.486500
vt 0.912100 0.490100
vt 0.916200 0.490100
vt 0.907400 0.493700
vt 0.911500 0.490100
vt 0.911500 0.493700
vt 0.907400 0.490100
vt 0.911500 0.485000
vt 0.907400 0.485000
vt 0.911500 0.478200
vt 0.907400 0.478200
vt 0.911500 0.470100
vt 0.907400 0.470100
vt 0.911500 0.462000
vt 0.907400 0.462000
vt 0.911500 0.455200
vt 0.907400 0.455200
vt 0.911500 0.450100
vt 0.907400 0.450100
vt 0.911500 0.446500
vt 0.912100 0.493700
vt 0.916200 0.493700
vt 0.912100 0.498800
vt 0.916200 0.498800
vt 0.912100 0.505600
vt 0.916200 0.505600
vt 0.912100 0.513700
vt 0.916200 0.513700
vt 0.912100 0.521800
vt 0.916200 0.521800
vt 0.912100 0.528600
vt 0.916200 0.528600
vt 0.912100 0.533700
vt 0.916200 0.533700
vt 0.912100 0.537300
vt 0.916200 0.537300
vt 0.907400 0.540800
vt 0.911500 0.537200
vt 0.907400 0.537200
vt 0.911500 0.532200
vt 0.907400 0.532200
vt 0.911500 0.525300
vt 0.907400 0.525300
vt 0.911500 0.517200
vt 0.907400 0.517200
vt 0.911500 0.509100
vt 0.907400 0.509100
vt 0.911500 0.502300
vt 0.907400 0.502300
vt 0.911500 0.497200
vt 0.907400 0.497200
vt 0.857600 0.558900
vt 0.860700 0.562000
vt 0.856400 0.563000
vt 0.861700 0.557700
vt 0.867100 0.561400
vt 0.867100 0.557100
vt 0.873500 0.562000
vt 0.872500 0.557700
vt 0.877800 0.563000
vt 0.860100 0.568400
vt 0.855800 0.568400
vt 0.867100 0.568400
vt 0.874100 0.568400
vt 0.878400 0.568400
vt 0.860700 0.574800
vt 0.856400 0.573700
vt 0.867100 0.575400
vt 0.873500 0.574800
vt 0.877800 0.573700
vt 0.861700 0.579100
vt 0.857600 0.577800
vt 0.867100 0.579700
vt 0.872500 0.579100
vt 0.876600 0.577800
vt 0.852800 0.554100
vt 0.860100 0.554400
vt 0.855400 0.556600
vt 0.858300 0.550300
vt 0.867100 0.553300
vt 0.867100 0.548300
vt 0.874100 0.554400
vt 0.875900 0.550300
vt 0.878900 0.556600
vt 0.876600 0.558900
vt 0.881400 0.554100
vt 0.881100 0.561400
vt 0.885200 0.559500
vt 0.882200 0.568400
vt 0.887200 0.568400
vt 0.881100 0.575400
vt 0.885200 0.577200
vt 0.878900 0.580100
vt 0.881400 0.582700
vt 0.874100 0.582300
vt 0.875900 0.586500
vt 0.867100 0.583400
vt 0.867100 0.588400
vt 0.860100 0.582300
vt 0.858300 0.586500
vt 0.855400 0.580100
vt 0.852800 0.582700
vt 0.853100 0.575400
vt 0.849000 0.577200
vt 0.852000 0.568400
vt 0.847100 0.568400
vt 0.853100 0.561400
vt 0.849000 0.559500
vt 0.815600 0.558900
vt 0.818600 0.562000
vt 0.814300 0.563000
vt 0.819700 0.557700
vt 0.825000 0.561400
vt 0.825000 0.557100
vt 0.831400 0.562000
vt 0.830400 0.557700
vt 0.835700 0.563000
vt 0.818000 0.568400
vt 0.813700 0.568400
vt 0.825000 0.568400
vt 0.832000 0.568400
vt 0.836300 0.568400
vt 0.818600 0.574800
vt 0.814300 0.573700
vt 0.825000 0.575400
vt 0.831400 0.574800
vt 0.835700 0.573700
vt 0.819700 0.579100
vt 0.815600 0.577800
vt 0.825000 0.579700
vt 0.830400 0.579100
vt 0.834500 0.577800
vt 0.810700 0.554100
vt 0.818000 0.554400
vt 0.813300 0.556600
vt 0.816200 0.550300
vt 0.825000 0.553300
vt 0.825000 0.548300
vt 0.832000 0.554400
vt 0.833900 0.550300
vt 0.836800 0.556600
vt 0.834500 0.558900
vt 0.839300 0.554100
vt 0.839000 0.561400
vt 0.843100 0.559500
vt 0.840100 0.568400
vt 0.845100 0.568400
vt 0.839000 0.575400
vt 0.843100 0.577200
vt 0.836800 0.580100
vt 0.839300 0.582700
vt 0.832000 0.582300
vt 0.833900 0.586500
vt 0.825000 0.583400
vt 0.825000 0.588400
vt 0.818000 0.582300
vt 0.816200 0.586500
vt 0.813300 0.580100
vt 0.810700 0.582700
vt 0.811100 0.575400
vt 0.806900 0.577200
vt 0.810000 0.568400
vt 0.805000 0.568400
vt 0.811100 0.561400
vt 0.806900 0.559500
vt 0.773800 0.558900
vt 0.776800 0.562000
vt 0.772600 0.563000
vt 0.777900 0.557700
vt 0.783300 0.561400
vt 0.783300 0.557100
vt 0.789700 0.562000
vt 0.788600 0.557700
vt 0.794000 0.563000
vt 0.776300 0.568400
vt 0.772000 0.568400
vt 0.783300 0.568400
vt 0.790300 0.568400
vt 0.794600 0.568400
vt 0.776800 0.574800
vt 0.772600 0.573700
vt 0.783300 0.575400
vt 0.789700 0.574800
vt 0.794000 0.573700
vt 0.777900 0.579100
vt 0.773800 0.577800
vt 0.783300 0.579700
vt 0.788600 0.579100
vt 0.792700 0.577800
vt 0.769000 0.554100
vt 0.776300 0.554400
vt 0.771500 0.556600
vt 0.774400 0.550300
vt 0.783300 0.553300
vt 0.783300 0.548300
vt 0.790300 0.554400
vt 0.792100 0.550300
vt 0.795000 0.556600
vt 0.792700 0.558900
vt 0.797600 0.554100
vt 0.797200 0.561400
vt 0.801400 0.559500
vt 0.798300 0.568400
vt 0.803300 0.568400
vt 0.797200 0.575400
vt 0.801400 0.577200
vt 0.795000 0.580100
vt 0.797600 0.582700
vt 0.790300 0.582300
vt 0.792100 0.586500
vt 0.783300 0.583400
vt 0.783300 0.588400
vt 0.776300 0.582300
vt 0.774400 0.586500
vt 0.771500 0.580100
vt 0.769000 0.582700
vt 0.769300 0.575400
vt 0.765200 0.577200
vt 0.768200 0.568400
vt 0.763200 0.568400
vt 0.769300 0.561400
vt 0.765200 0.559500
vt 0.731400 0.558900
vt 0.734400 0.562000
vt 0.730100 0.563000
vt 0.735500 0.557700
vt 0.740800 0.561400
vt 0.740800 0.557100
vt 0.747300 0.562000
vt 0.746200 0.557700
vt 0.751600 0.563000
vt 0.733900 0.568400
vt 0.729600 0.568400
vt 0.740800 0.568400
vt 0.747800 0.568400
vt 0.752100 0.568400
vt 0.734400 0.574800
vt 0.730100 0.573700
vt 0.740800 0.575400
vt 0.747300 0.574800
vt 0.751600 0.573700
vt 0.735500 0.579100
vt 0.731400 0.577800
vt 0.740800 0.579700
vt 0.746200 0.579100
vt 0.750300 0.577800
vt 0.726500 0.554100
vt 0.733900 0.554400
vt 0.729100 0.556600
vt 0.732000 0.550300
vt 0.740800 0.553300
vt 0.740800 0.548300
vt 0.747800 0.554400
vt 0.749700 0.550300
vt 0.752600 0.556600
vt 0.750300 0.558900
vt 0.755200 0.554100
vt 0.754800 0.561400
vt 0.758900 0.559500
vt 0.755900 0.568400
vt 0.760900 0.568400
vt 0.754800 0.575400
vt 0.758900 0.577200
vt 0.752600 0.580100
vt 0.755200 0.582700
vt 0.747800 0.582300
vt 0.749700 0.586500
vt 0.740800 0.583400
vt 0.740800 0.588400
vt 0.733900 0.582300
vt 0.732000 0.586500
vt 0.729100 0.580100
vt 0.726500 0.582700
vt 0.726900 0.575400
vt 0.722700 0.577200
vt 0.725800 0.568400
vt 0.720800 0.568400
vt 0.726900 0.561400
vt 0.722700 0.559500
vt 0.194800 0.224700
vt 0.128900 0.157200
vt 0.194800 0.157200
vt 0.197800 0.426000
vt 0.124600 0.424800
vt 0.197800 0.424800
vt 0.194500 0.389000
vt 0.129000 0.321600
vt 0.194500 0.321600
vt 0.194700 0.306600
vt 0.129000 0.239500
vt 0.194700 0.239500
vt 0.124700 0.035400
vt 0.197800 0.037100
vt 0.124600 0.037100
vt 0.128800 0.075200
vt 0.194900 0.142500
vt 0.128800 0.142500
vt 0.038200 0.227700
vt 0.004000 0.151600
vt 0.038200 0.151600
vt 0.114700 0.223100
vt 0.047200 0.157200
vt 0.114700 0.157200
vt 0.284200 0.151600
vt 0.317900 0.227700
vt 0.284200 0.227700
vt 0.207700 0.157000
vt 0.274700 0.223100
vt 0.207700 0.223100
vt 0.039900 0.426000
vt 0.005000 0.425000
vt 0.039800 0.424800
vt 0.118800 0.426000
vt 0.045600 0.424800
vt 0.118800 0.424800
vt 0.284100 0.397400
vt 0.317900 0.423300
vt 0.282800 0.422900
vt 0.204100 0.397400
vt 0.276900 0.422900
vt 0.203700 0.422900
vt 0.038200 0.391500
vt 0.004000 0.315400
vt 0.038200 0.315400
vt 0.114600 0.387400
vt 0.047500 0.321500
vt 0.114600 0.321500
vt 0.284200 0.315400
vt 0.317900 0.391500
vt 0.284200 0.391500
vt 0.207800 0.321500
vt 0.275000 0.387100
vt 0.207800 0.387100
vt 0.038200 0.309600
vt 0.004000 0.233500
vt 0.038200 0.233500
vt 0.114700 0.305500
vt 0.047300 0.239400
vt 0.114700 0.239400
vt 0.284200 0.233500
vt 0.317900 0.309600
vt 0.284200 0.309600
vt 0.207600 0.239300
vt 0.275200 0.305400
vt 0.207600 0.305400
vt 0.282600 0.035400
vt 0.316800 0.036400
vt 0.282700 0.037100
vt 0.203600 0.035400
vt 0.276800 0.037100
vt 0.203700 0.037100
vt 0.038300 0.063900
vt 0.004000 0.038100
vt 0.039600 0.039400
vt 0.118300 0.063900
vt 0.045500 0.039400
vt 0.118700 0.039400
vt 0.284200 0.069700
vt 0.317900 0.145800
vt 0.284200 0.145800
vt 0.275100 0.141200
vt 0.207500 0.075000
vt 0.275100 0.075000
vt 0.038200 0.145800
vt 0.004000 0.069700
vt 0.038200 0.069700
vt 0.114700 0.141000
vt 0.047100 0.075200
vt 0.114700 0.075200
vt 0.278400 0.391500
vt 0.198300 0.397400
vt 0.204200 0.391500
vt 0.118300 0.397400
vt 0.124100 0.391500
vt 0.124100 0.397400
vt 0.044100 0.397400
vt 0.038300 0.397400
vt 0.278400 0.309600
vt 0.198300 0.315400
vt 0.204200 0.309600
vt 0.204200 0.315400
vt 0.118300 0.315400
vt 0.124100 0.309600
vt 0.124100 0.315400
vt 0.044100 0.315400
vt 0.278400 0.227700
vt 0.198300 0.233500
vt 0.204200 0.227700
vt 0.204200 0.233500
vt 0.118300 0.233500
vt 0.124100 0.227700
vt 0.124100 0.233500
vt 0.044100 0.233500
vt 0.044100 0.069700
vt 0.124100 0.063900
vt 0.118300 0.069700
vt 0.204100 0.063900
vt 0.198300 0.069700
vt 0.198300 0.063900
vt 0.278300 0.063900
vt 0.284100 0.063900
vt 0.044100 0.151600
vt 0.118300 0.151600
vt 0.124100 0.145800
vt 0.124100 0.151600
vt 0.198300 0.151600
vt 0.204200 0.145800
vt 0.204200 0.151600
vt 0.278400 0.145800
vt 0.198300 0.391500
vt 0.118300 0.391500
vt 0.044100 0.391500
vt 0.004000 0.397400
vt 0.004000 0.391500
vt 0.198300 0.309600
vt 0.118300 0.309600
vt 0.044100 0.309600
vt 0.004000 0.309600
vt 0.198300 0.227700
vt 0.118300 0.227700
vt 0.044100 0.227700
vt 0.004000 0.227700
vt 0.124100 0.069700
vt 0.204200 0.069700
vt 0.278400 0.069700
vt 0.317900 0.063900
vt 0.317900 0.069700
vt 0.118300 0.145800
vt 0.198300 0.145800
vt 0.278400 0.151600
vt 0.317900 0.151600
vt 0.045700 0.426000
vt 0.124700 0.426000
vt 0.278300 0.397400
vt 0.197800 0.422900
vt 0.278400 0.315400
vt 0.278400 0.233500
vt 0.276700 0.035400
vt 0.197800 0.035400
vt 0.044100 0.063900
vt 0.124600 0.039400
vt 0.044100 0.145800
vt 0.322000 0.424500
vt 0.330100 0.422800
vt 0.330100 0.424500
vt 0.357000 0.423100
vt 0.348900 0.424800
vt 0.348900 0.423100
vt 0.357000 0.397300
vt 0.348900 0.397300
vt 0.357000 0.036200
vt 0.348900 0.037900
vt 0.348900 0.036200
vt 0.331400 0.114700
vt 0.339600 0.113000
vt 0.339600 0.114700
vt 0.331400 0.147200
vt 0.339600 0.147200
vt 0.331400 0.424800
vt 0.339600 0.423100
vt 0.339600 0.424800
vt 0.340200 0.037900
vt 0.348300 0.036200
vt 0.348300 0.037900
vt 0.340200 0.063800
vt 0.348300 0.063800
vt 0.340200 0.424800
vt 0.348300 0.423100
vt 0.348300 0.424800
vt 0.322000 0.114300
vt 0.330100 0.112700
vt 0.330100 0.114300
vt 0.322000 0.147500
vt 0.330100 0.147500
vt 0.357000 0.315400
vt 0.348900 0.391500
vt 0.348900 0.315400
vt 0.357000 0.233500
vt 0.348900 0.309600
vt 0.348900 0.233500
vt 0.357000 0.151600
vt 0.348900 0.227700
vt 0.348900 0.151600
vt 0.357000 0.069700
vt 0.348900 0.145700
vt 0.348900 0.069700
vt 0.357000 0.037900
vt 0.348900 0.063800
vt 0.340200 0.145700
vt 0.348300 0.069700
vt 0.348300 0.145700
vt 0.340200 0.227700
vt 0.348300 0.151600
vt 0.348300 0.227700
vt 0.340200 0.309600
vt 0.348300 0.233500
vt 0.348300 0.309600
vt 0.340200 0.391500
vt 0.348300 0.315400
vt 0.348300 0.391500
vt 0.340200 0.423100
vt 0.348300 0.397300
vt 0.331400 0.226200
vt 0.339600 0.153100
vt 0.339600 0.226200
vt 0.331400 0.305200
vt 0.339600 0.232000
vt 0.339600 0.305200
vt 0.331400 0.384100
vt 0.339600 0.311000
vt 0.339600 0.384100
vt 0.331400 0.423100
vt 0.339600 0.390000
vt 0.322000 0.226500
vt 0.330100 0.153400
vt 0.330100 0.226500
vt 0.322000 0.305400
vt 0.330100 0.232300
vt 0.330100 0.305400
vt 0.322000 0.384400
vt 0.330100 0.311300
vt 0.330100 0.384400
vt 0.322000 0.422800
vt 0.330100 0.390200
vt 0.357000 0.391500
vt 0.357000 0.309600
vt 0.357000 0.227700
vt 0.357000 0.145700
vt 0.357000 0.063800
vt 0.340200 0.069700
vt 0.340200 0.151600
vt 0.340200 0.233500
vt 0.340200 0.315400
vt 0.340200 0.397300
vt 0.331400 0.153100
vt 0.331400 0.232000
vt 0.331400 0.311000
vt 0.331400 0.390000
vt 0.322000 0.153400
vt 0.322000 0.232300
vt 0.322000 0.311300
vt 0.322000 0.390200
vt 0.528100 0.123500
vt 0.458900 0.094500
vt 0.523100 0.094500
vt 0.615000 0.254400
vt 0.685900 0.283400
vt 0.620100 0.283400
vt 0.376400 0.161100
vt 0.445600 0.190000
vt 0.381400 0.190000
vt 0.607900 0.348900
vt 0.536900 0.320000
vt 0.602800 0.320000
vt 0.683200 0.097800
vt 0.614000 0.068800
vt 0.678300 0.068800
vt 0.531800 0.350600
vt 0.602800 0.379600
vt 0.536900 0.379600
vt 0.372700 0.029400
vt 0.442000 0.058400
vt 0.377700 0.058400
vt 0.607900 0.281500
vt 0.536900 0.252500
vt 0.602800 0.252500
vt 0.449400 0.089100
vt 0.380200 0.060100
vt 0.444400 0.060100
vt 0.454000 0.350600
vt 0.525000 0.379600
vt 0.459100 0.379600
vt 0.376400 0.191200
vt 0.445600 0.220100
vt 0.381400 0.220100
vt 0.687600 0.129200
vt 0.616600 0.100200
vt 0.682500 0.100200
vt 0.617700 0.350700
vt 0.687000 0.379700
vt 0.622700 0.379700
vt 0.451300 0.379200
vt 0.380300 0.350200
vt 0.446200 0.350200
vt 0.691900 0.409800
vt 0.622700 0.380800
vt 0.687000 0.380800
vt 0.375200 0.316900
vt 0.446200 0.345900
vt 0.380300 0.345900
vt 0.600700 0.060500
vt 0.531400 0.031500
vt 0.595700 0.031500
vt 0.454000 0.289300
vt 0.525000 0.318300
vt 0.459100 0.318300
vt 0.381000 0.125200
vt 0.450200 0.154100
vt 0.386000 0.154100
vt 0.685500 0.064900
vt 0.614600 0.035900
vt 0.680400 0.035900
vt 0.605800 0.154100
vt 0.536600 0.125200
vt 0.600900 0.125200
vt 0.378800 0.252500
vt 0.449800 0.281500
vt 0.383900 0.281500
vt 0.448300 0.029800
vt 0.517500 0.058800
vt 0.453300 0.058800
vt 0.530100 0.220200
vt 0.459100 0.191200
vt 0.525000 0.191200
vt 0.606000 0.318300
vt 0.536800 0.289300
vt 0.601000 0.289300
vt 0.448300 0.060500
vt 0.519300 0.089500
vt 0.453400 0.089500
vt 0.528900 0.062200
vt 0.598100 0.091100
vt 0.533900 0.091100
vt 0.530100 0.348900
vt 0.459100 0.320000
vt 0.525000 0.320000
vt 0.530500 0.154100
vt 0.461300 0.125200
vt 0.525600 0.125200
vt 0.531800 0.381300
vt 0.602800 0.410200
vt 0.536900 0.410200
vt 0.615300 0.192900
vt 0.684500 0.221800
vt 0.620300 0.221800
vt 0.687900 0.315300
vt 0.616900 0.286400
vt 0.682800 0.286400
vt 0.528200 0.189500
vt 0.459000 0.160600
vt 0.523300 0.160600
vt 0.611500 0.130900
vt 0.682500 0.159900
vt 0.616600 0.159900
vt 0.531800 0.191200
vt 0.601000 0.220200
vt 0.536800 0.220200
vt 0.530100 0.250900
vt 0.459100 0.221900
vt 0.525000 0.221900
vt 0.689200 0.252700
vt 0.619900 0.223800
vt 0.684200 0.223800
vt 0.613300 0.161800
vt 0.684200 0.190700
vt 0.618400 0.190700
vt 0.378800 0.221800
vt 0.448100 0.250800
vt 0.383800 0.250800
vt 0.607900 0.250900
vt 0.536900 0.221900
vt 0.602800 0.221900
vt 0.378600 0.094500
vt 0.447800 0.123500
vt 0.383500 0.123500
vt 0.454900 0.312100
vt 0.383900 0.283100
vt 0.449800 0.283100
vt 0.605500 0.121800
vt 0.536300 0.092800
vt 0.600600 0.092800
vt 0.453200 0.413500
vt 0.382300 0.384500
vt 0.448200 0.384500
vt 0.531800 0.161100
vt 0.601000 0.190100
vt 0.536800 0.190100
vt 0.530100 0.281500
vt 0.459100 0.252500
vt 0.525000 0.252500
vt 0.690400 0.347100
vt 0.621200 0.318100
vt 0.685500 0.318100
vt 0.454000 0.381300
vt 0.525000 0.410200
vt 0.459100 0.410200
vt 0.118800 0.422900
vt 0.276800 0.424800
vt 0.203600 0.426000
vt 0.203600 0.424800
vt 0.045500 0.422900
vt 0.124600 0.422900
vt 0.282600 0.424800
vt 0.276700 0.426000
vt 0.039700 0.422900
vt 0.203700 0.039400
vt 0.045600 0.037100
vt 0.118800 0.035400
vt 0.118800 0.037100
vt 0.277000 0.039400
vt 0.197900 0.039400
vt 0.039800 0.037100
vt 0.045700 0.035400
vt 0.282800 0.039400
vt 0.005000 0.036400
vt 0.039900 0.035400
vt 0.317900 0.038100
vt 0.316800 0.425000
vt 0.282600 0.426000
vt 0.004000 0.423300
vt 0.003900 0.432300
vt 0.389700 0.431500
vt 0.391000 0.432300
vt 0.003100 0.433600
vt 0.391800 0.433600
vt 0.003900 0.995100
vt 0.391800 0.993900
vt 0.003100 0.993900
vt 0.401200 0.817800
vt 0.418800 0.994100
vt 0.409700 0.418100
vt 0.428500 0.418700
vt 0.996400 0.594300
vt 0.707400 0.994500
vt 0.719300 0.994000
vt 0.705700 0.419100
vt 0.729100 0.038700
vt 0.902200 0.540700
vt 0.906700 0.540800
vt 0.912100 0.446500
vt 0.907400 0.446500
vt 0.128900 0.224700
vt 0.129000 0.389000
vt 0.129000 0.306600
vt 0.194900 0.075200
vt 0.047200 0.223100
vt 0.274700 0.157000
vt 0.006700 0.426000
vt 0.317900 0.397400
vt 0.047500 0.387400
vt 0.317900 0.315400
vt 0.275000 0.321500
vt 0.047300 0.305500
vt 0.317900 0.233500
vt 0.275200 0.239300
vt 0.315200 0.035400
vt 0.004000 0.063900
vt 0.207500 0.141200
vt 0.004000 0.145800
vt 0.047100 0.141000
vt 0.357000 0.424800
vt 0.331400 0.113000
vt 0.340200 0.036200
vt 0.322000 0.112700
vt 0.453900 0.123500
vt 0.691000 0.254400
vt 0.450600 0.161100
vt 0.531800 0.348900
vt 0.609000 0.097800
vt 0.607900 0.350600
vt 0.446900 0.029400
vt 0.531800 0.281500
vt 0.375200 0.089100
vt 0.530100 0.350600
vt 0.450600 0.191200
vt 0.611500 0.129200
vt 0.691900 0.350700
vt 0.375200 0.379200
vt 0.617700 0.409800
vt 0.451300 0.316900
vt 0.526500 0.060500
vt 0.530100 0.289300
vt 0.455200 0.125200
vt 0.609500 0.064900
vt 0.531600 0.154100
vt 0.454900 0.252500
vt 0.522500 0.029800
vt 0.454000 0.220200
vt 0.531800 0.318300
vt 0.524400 0.060500
vt 0.603100 0.062200
vt 0.454000 0.348900
vt 0.456300 0.154100
vt 0.607900 0.381300
vt 0.689500 0.192900
vt 0.611800 0.315300
vt 0.454000 0.189500
vt 0.687600 0.130900
vt 0.606000 0.191200
vt 0.454000 0.250900
vt 0.615000 0.252700
vt 0.689300 0.161800
vt 0.453000 0.221800
vt 0.531800 0.250900
vt 0.452800 0.094500
vt 0.378800 0.312100
vt 0.531300 0.121800
vt 0.377200 0.413500
vt 0.606000 0.161100
vt 0.454000 0.281500
vt 0.616200 0.347100
vt 0.530100 0.381300
vt 0.006700 0.035400
vt 0.315200 0.426000
vt 0.005100 0.431500
s 1
usemtl KeypadDoorLock
f 25/1/1 12/2/2 26/3/2
f 27/4/3 16/5/4 28/6/5
f 29/7/6 20/8/7 30/9/7
f 31/10/8 24/11/9 32/12/10
f 11/13/1 33/14/11 6/15/11
f 26/3/2 5/16/12 34/17/12
f 15/18/13 35/19/14 7/20/14
f 28/6/5 6/21/11 33/22/11
f 19/23/6 36/24/15 8/25/15
f 30/9/7 7/26/14 35/27/14
f 23/28/16 34/29/12 5/30/12
f 32/12/10 8/31/15 36/32/15
f 26/33/17 37/34/17 25/35/17
f 28/36/17 39/37/17 27/38/17
f 30/39/17 41/40/17 29/41/17
f 32/42/17 43/43/17 31/44/17
f 25/35/17 45/45/17 33/46/17
f 34/47/17 38/48/17 26/33/17
f 27/38/17 47/49/17 35/50/17
f 33/51/17 40/52/17 28/36/17
f 29/41/17 48/53/17 36/54/17
f 35/55/17 42/56/17 30/39/17
f 31/44/17 46/57/17 34/58/17
f 36/59/17 44/60/17 32/42/17
f 38/61/18 10/62/19 37/63/19
f 40/64/20 14/65/21 39/66/21
f 42/67/22 18/68/23 41/69/23
f 44/70/24 22/71/25 43/72/25
f 37/63/19 4/73/11 45/74/11
f 46/75/12 9/76/18 38/61/18
f 39/66/21 3/77/14 47/78/14
f 45/79/11 13/80/20 40/64/20
f 41/69/23 2/81/15 48/82/15
f 47/83/14 17/84/22 42/67/22
f 43/72/25 1/85/12 46/86/12
f 48/87/15 21/88/24 44/70/24
f 9/89/26 4/90/26 10/91/26
f 2/92/26 17/93/26 3/94/26
f 21/95/26 3/94/26 14/96/26
f 22/97/26 14/96/26 13/98/26
f 1/99/26 13/98/26 4/90/26
f 50/100/17 60/101/17 49/102/17
f 12/2/27 50/103/28 49/104/29
f 11/13/30 51/105/31 50/103/28
f 6/21/32 52/106/33 51/107/31
f 16/5/34 53/108/35 52/106/33
f 15/18/36 54/109/37 53/108/35
f 7/26/38 55/110/39 54/111/37
f 20/8/40 56/112/41 55/110/39
f 19/23/42 57/113/43 56/112/41
f 8/31/44 58/114/45 57/115/43
f 24/11/46 59/116/47 58/114/45
f 23/28/48 60/117/49 59/116/47
f 5/16/50 49/104/29 60/118/49
f 61/119/51 71/120/52 62/121/53
f 62/121/53 72/122/54 63/123/55
f 63/123/55 73/124/56 64/125/57
f 64/125/57 74/126/58 65/127/59
f 65/127/59 75/128/60 66/129/61
f 66/129/61 76/130/62 67/131/63
f 67/131/63 77/132/64 68/133/65
f 68/133/65 78/134/66 69/135/67
f 70/136/68 80/137/69 71/120/52
f 71/120/52 81/138/70 72/122/54
f 72/122/54 82/139/71 73/124/56
f 73/124/56 83/140/72 74/126/58
f 74/126/58 84/141/73 75/128/60
f 75/128/60 85/142/74 76/130/62
f 76/130/62 86/143/75 77/132/64
f 77/132/64 87/144/76 78/134/66
f 79/145/77 89/146/78 80/137/69
f 80/137/69 90/147/79 81/138/70
f 81/138/70 91/148/80 82/139/71
f 82/139/71 92/149/81 83/140/72
f 83/140/72 93/150/82 84/141/73
f 84/141/73 94/151/83 85/142/74
f 85/142/74 95/152/84 86/143/75
f 86/143/75 96/153/85 87/144/76
f 88/154/86 98/155/87 89/146/78
f 89/146/78 99/156/88 90/147/79
f 90/147/79 100/157/89 91/148/80
f 91/148/80 101/158/90 92/149/81
f 92/149/81 102/159/91 93/150/82
f 93/150/82 103/160/92 94/151/83
f 94/151/83 104/161/93 95/152/84
f 95/152/84 105/162/94 96/153/85
f 106/163/95 116/164/96 115/165/97
f 107/166/98 117/167/99 116/164/96
f 108/168/100 118/169/101 117/167/99
f 109/170/102 119/171/103 118/169/101
f 110/172/104 120/173/105 119/171/103
f 111/174/106 121/175/107 120/173/105
f 112/176/108 122/177/109 121/175/107
f 113/178/110 123/179/111 122/177/109
f 115/165/97 125/180/112 124/181/113
f 116/164/96 126/182/114 125/180/112
f 117/167/99 127/183/115 126/182/114
f 118/169/101 128/184/116 127/183/115
f 119/171/103 129/185/117 128/184/116
f 120/173/105 130/186/118 129/185/117
f 121/175/107 131/187/119 130/186/118
f 122/177/109 132/188/120 131/187/119
f 124/181/113 134/189/121 133/190/122
f 125/180/112 135/191/123 134/189/121
f 126/182/114 136/192/124 135/191/123
f 127/183/115 137/193/125 136/192/124
f 128/184/116 138/194/126 137/193/125
f 129/185/117 139/195/127 138/194/126
f 130/186/118 140/196/128 139/195/127
f 131/187/119 141/197/129 140/196/128
f 133/190/122 143/198/130 142/199/131
f 134/189/121 144/200/132 143/198/130
f 135/191/123 145/201/133 144/200/132
f 136/192/124 146/202/134 145/201/133
f 137/193/125 147/203/135 146/202/134
f 138/194/126 148/204/136 147/203/135
f 139/195/127 149/205/137 148/204/136
f 140/196/128 150/206/138 149/205/137
f 61/119/51 152/207/139 151/208/140
f 62/121/53 153/209/141 152/207/139
f 63/123/55 154/210/142 153/209/141
f 64/125/57 155/211/143 154/210/142
f 65/127/59 156/212/144 155/211/143
f 66/129/61 157/213/145 156/212/144
f 67/131/63 158/214/146 157/213/145
f 68/133/65 159/215/147 158/214/146
f 151/208/140 169/216/148 168/217/149
f 152/207/139 170/218/150 169/216/148
f 153/209/141 171/219/151 170/218/150
f 154/210/142 172/220/152 171/219/151
f 155/211/143 173/221/153 172/220/152
f 156/212/144 174/222/154 173/221/153
f 157/213/145 175/223/155 174/222/154
f 158/214/146 176/224/156 175/223/155
f 168/217/149 186/225/157 185/226/158
f 169/216/148 187/227/159 186/225/157
f 170/218/150 188/228/160 187/227/159
f 171/219/151 189/229/161 188/228/160
f 172/220/152 190/230/162 189/229/161
f 173/221/153 191/231/163 190/230/162
f 174/222/154 192/232/164 191/231/163
f 175/223/155 193/233/165 192/232/164
f 185/226/158 203/234/166 202/235/167
f 186/225/157 204/236/168 203/234/166
f 187/227/159 205/237/169 204/236/168
f 188/228/160 206/238/17 205/237/169
f 189/229/161 207/239/170 206/238/17
f 190/230/162 208/240/171 207/239/170
f 191/231/163 209/241/172 208/240/171
f 192/232/164 210/242/173 209/241/172
f 202/235/167 220/243/174 219/244/175
f 203/234/166 221/245/176 220/243/174
f 204/236/168 222/246/177 221/245/176
f 205/237/169 223/247/178 222/246/177
f 206/238/17 224/248/179 223/247/178
f 207/239/170 225/249/180 224/248/179
f 208/240/171 226/250/181 225/249/180
f 209/241/172 227/251/182 226/250/181
f 219/244/175 237/252/183 236/253/184
f 220/243/174 238/254/185 237/252/183
f 221/245/176 239/255/186 238/254/185
f 222/246/177 240/256/187 239/255/186
f 223/247/178 241/257/188 240/256/187
f 224/248/179 242/258/189 241/257/188
f 225/249/180 243/259/190 242/258/189
f 226/250/181 244/260/191 243/259/190
f 236/253/184 254/261/192 253/262/193
f 237/252/183 255/263/194 254/261/192
f 238/254/185 256/264/195 255/263/194
f 239/255/186 257/265/196 256/264/195
f 240/256/187 258/266/197 257/265/196
f 241/257/188 259/267/198 258/266/197
f 242/258/189 260/268/199 259/267/198
f 243/259/190 261/269/200 260/268/199
f 253/262/193 107/166/98 106/163/95
f 254/261/192 108/168/100 107/166/98
f 255/263/194 109/170/102 108/168/100
f 256/264/195 110/172/104 109/170/102
f 257/265/196 111/174/106 110/172/104
f 258/266/197 112/176/108 111/174/106
f 259/267/198 113/178/110 112/176/108
f 260/268/199 114/270/201 113/178/110
f 69/135/67 160/271/202 159/215/147
f 78/134/66 161/272/203 160/271/202
f 87/144/76 162/273/204 161/272/203
f 96/153/85 163/274/205 162/273/204
f 159/215/147 177/275/206 176/224/156
f 160/271/202 178/276/207 177/275/206
f 161/272/203 179/277/208 178/276/207
f 162/273/204 180/278/209 179/277/208
f 176/224/156 194/279/210 193/233/165
f 177/275/206 195/280/211 194/279/210
f 178/276/207 196/281/212 195/280/211
f 179/277/208 197/282/213 196/281/212
f 193/233/165 211/283/214 210/242/173
f 194/279/210 212/284/215 211/283/214
f 195/280/211 213/285/216 212/284/215
f 196/281/212 214/286/217 213/285/216
f 210/242/173 228/287/218 227/251/182
f 211/283/214 229/288/219 228/287/218
f 212/284/215 230/289/220 229/288/219
f 213/285/216 231/290/221 230/289/220
f 227/251/182 245/291/222 244/260/191
f 228/287/218 246/292/223 245/291/222
f 229/288/219 247/293/224 246/292/223
f 230/289/220 248/294/225 247/293/224
f 244/260/191 262/295/226 261/269/200
f 245/291/222 263/296/227 262/295/226
f 246/292/223 264/297/228 263/296/227
f 247/293/224 265/298/229 264/297/228
f 261/269/200 123/179/111 114/270/201
f 262/295/226 132/188/120 123/179/111
f 263/296/227 141/197/129 132/188/120
f 264/297/228 150/206/138 141/197/129
f 97/299/230 165/300/231 164/301/232
f 88/154/86 166/302/233 165/300/231
f 79/145/77 167/303/234 166/302/233
f 70/136/68 151/208/140 167/303/234
f 164/301/232 182/304/235 181/305/236
f 165/300/231 183/306/237 182/304/235
f 166/302/233 184/307/238 183/306/237
f 167/303/234 168/217/149 184/307/238
f 181/305/236 199/308/239 198/309/240
f 182/304/235 200/310/241 199/308/239
f 183/306/237 201/311/242 200/310/241
f 184/307/238 185/226/158 201/311/242
f 198/309/240 216/312/243 215/313/244
f 199/308/239 217/314/245 216/312/243
f 200/310/241 218/315/246 217/314/245
f 201/311/242 202/235/167 218/315/246
f 215/313/244 233/316/247 232/317/248
f 216/312/243 234/318/249 233/316/247
f 217/314/245 235/319/250 234/318/249
f 218/315/246 219/244/175 235/319/250
f 232/317/248 250/320/251 249/321/252
f 233/316/247 251/322/253 250/320/251
f 234/318/249 252/323/254 251/322/253
f 235/319/250 236/253/184 252/323/254
f 249/321/252 267/324/255 266/325/256
f 250/320/251 268/326/257 267/324/255
f 251/322/253 269/327/258 268/326/257
f 252/323/254 253/262/193 269/327/258
f 266/325/256 133/190/122 142/199/131
f 267/324/255 124/181/113 133/190/122
f 268/326/257 115/165/97 124/181/113
f 269/327/258 106/163/95 115/165/97
f 98/328/17 270/329/17 271/330/17
f 99/331/17 271/330/17 272/332/17
f 100/333/17 272/332/17 273/334/17
f 101/335/17 273/334/17 274/336/17
f 102/337/17 274/336/17 275/338/17
f 103/339/17 275/338/17 276/340/17
f 104/341/17 276/340/17 277/342/17
f 105/343/17 277/342/17 278/344/17
f 142/345/17 280/346/17 279/347/17
f 143/348/17 281/349/17 280/346/17
f 144/350/17 282/351/17 281/349/17
f 145/352/17 283/353/17 282/351/17
f 146/354/17 284/355/17 283/353/17
f 147/356/17 285/357/17 284/355/17
f 148/358/17 286/359/17 285/357/17
f 149/360/17 287/361/17 286/359/17
f 163/362/17 278/344/17 288/363/17
f 180/364/17 288/363/17 290/365/17
f 197/366/17 290/365/17 292/367/17
f 214/368/17 292/367/17 294/369/17
f 231/370/17 294/369/17 296/371/17
f 248/372/17 296/371/17 298/373/17
f 265/374/17 298/373/17 300/375/17
f 150/376/17 300/375/17 287/361/17
f 97/377/17 289/378/17 270/329/17
f 164/379/17 291/380/17 289/378/17
f 181/381/17 293/382/17 291/380/17
f 198/383/17 295/384/17 293/382/17
f 215/385/17 297/386/17 295/384/17
f 232/387/17 299/388/17 297/386/17
f 249/389/17 301/390/17 299/388/17
f 266/391/17 279/347/17 301/390/17
f 271/392/259 302/393/12 303/394/259
f 272/395/260 303/394/259 304/396/260
f 273/397/261 304/396/260 305/398/262
f 274/399/263 305/398/262 306/400/263
f 275/401/264 306/400/263 307/402/265
f 276/403/266 307/402/265 308/404/266
f 277/405/267 308/404/266 309/406/267
f 278/407/11 309/406/267 310/408/11
f 279/409/15 312/410/268 311/411/15
f 280/412/268 313/413/269 312/410/268
f 281/414/269 314/415/270 313/413/269
f 282/416/270 315/417/271 314/415/270
f 283/418/271 316/419/272 315/417/271
f 284/420/273 317/421/274 316/419/272
f 285/422/274 318/423/275 317/421/274
f 286/424/275 319/425/14 318/423/275
f 288/426/276 310/427/11 320/428/276
f 290/429/277 320/428/276 322/430/277
f 292/431/278 322/430/277 324/432/278
f 294/433/279 324/432/278 326/434/279
f 296/435/280 326/434/279 328/436/280
f 298/437/281 328/436/280 330/438/281
f 300/439/282 330/438/281 332/440/282
f 287/441/14 332/440/282 319/425/14
f 270/442/12 321/443/283 302/393/12
f 289/444/283 323/445/284 321/443/283
f 291/446/284 325/447/285 323/445/284
f 293/448/286 327/449/287 325/447/285
f 295/450/287 329/451/288 327/449/287
f 297/452/289 331/453/290 329/451/288
f 299/454/290 333/455/291 331/453/290
f 301/456/291 311/457/15 333/455/291
f 334/458/51 344/459/292 335/460/293
f 335/460/293 345/461/54 336/462/294
f 336/462/294 346/463/295 337/464/57
f 337/464/57 347/465/58 338/466/59
f 338/466/59 348/467/296 339/468/297
f 339/468/297 349/469/298 340/470/299
f 340/470/299 350/471/64 341/472/65
f 341/472/65 351/473/66 342/474/67
f 343/475/300 353/476/301 344/459/292
f 344/459/292 354/477/70 345/461/54
f 345/461/54 355/478/302 346/463/295
f 346/463/295 356/479/303 347/465/58
f 347/465/58 357/480/304 348/467/296
f 348/467/296 358/481/74 349/469/298
f 349/469/298 359/482/305 350/471/64
f 350/471/64 360/483/306 351/473/66
f 352/484/77 362/485/307 353/476/301
f 353/476/301 363/486/308 354/477/70
f 354/477/70 364/487/309 355/478/302
f 355/478/302 365/488/310 356/479/303
f 356/479/303 366/489/82 357/480/304
f 357/480/304 367/490/83 358/481/74
f 358/481/74 368/491/84 359/482/305
f 359/482/305 369/492/311 360/483/306
f 361/493/86 371/494/87 362/485/307
f 362/485/307 372/495/88 363/486/308
f 363/486/308 373/496/312 364/487/309
f 364/487/309 374/497/313 365/488/310
f 365/488/310 375/498/314 366/489/82
f 366/489/82 376/499/315 367/490/83
f 367/490/83 377/500/93 368/491/84
f 368/491/84 378/501/94 369/492/311
f 379/502/316 389/503/317 388/504/97
f 380/505/318 390/506/99 389/503/317
f 381/507/319 391/508/320 390/506/99
f 382/509/102 392/510/321 391/508/320
f 383/511/104 393/512/105 392/510/321
f 384/513/106 394/514/107 393/512/105
f 385/515/108 395/516/322 394/514/107
f 386/517/323 396/518/111 395/516/322
f 388/504/97 398/519/324 397/520/113
f 389/503/317 399/521/114 398/519/324
f 390/506/99 400/522/115 399/521/114
f 391/508/320 401/523/116 400/522/115
f 392/510/321 402/524/117 401/523/116
f 393/512/105 403/525/325 402/524/117
f 394/514/107 404/526/119 403/525/325
f 395/516/322 405/527/326 404/526/119
f 397/520/113 407/528/121 406/529/327
f 398/519/324 408/530/328 407/528/121
f 399/521/114 409/531/329 408/530/328
f 400/522/115 410/532/330 409/531/329
f 401/523/116 411/533/331 410/532/330
f 402/524/117 412/534/332 411/533/331
f 403/525/325 413/535/333 412/534/332
f 404/526/119 414/536/334 413/535/333
f 406/529/327 416/537/130 415/538/131
f 407/528/121 417/539/335 416/537/130
f 408/530/328 418/540/336 417/539/335
f 409/531/329 419/541/337 418/540/336
f 410/532/330 420/542/135 419/541/337
f 411/533/331 421/543/338 420/542/135
f 412/534/332 422/544/339 421/543/338
f 413/535/333 423/545/340 422/544/339
f 334/458/51 425/546/341 424/547/140
f 335/460/293 426/548/342 425/546/341
f 336/462/294 427/549/343 426/548/342
f 337/464/57 428/550/143 427/549/343
f 338/466/59 429/551/344 428/550/143
f 339/468/297 430/552/145 429/551/344
f 340/470/299 431/553/146 430/552/145
f 341/472/65 432/554/345 431/553/146
f 424/547/140 442/555/346 441/556/347
f 425/546/341 443/557/150 442/555/346
f 426/548/342 444/558/151 443/557/150
f 427/549/343 445/559/348 444/558/151
f 428/550/143 446/560/153 445/559/348
f 429/551/344 447/561/154 446/560/153
f 430/552/145 448/562/349 447/561/154
f 431/553/146 449/563/156 448/562/349
f 441/556/347 459/564/350 458/565/158
f 442/555/346 460/566/159 459/564/350
f 443/557/150 461/567/160 460/566/159
f 444/558/151 462/568/351 461/567/160
f 445/559/348 463/569/352 462/568/351
f 446/560/153 464/570/353 463/569/352
f 447/561/154 465/571/354 464/570/353
f 448/562/349 466/572/355 465/571/354
f 458/565/158 476/573/356 475/574/167
f 459/564/350 477/575/168 476/573/356
f 460/566/159 478/576/357 477/575/168
f 461/567/160 479/577/358 478/576/357
f 462/568/351 480/578/359 479/577/358
f 463/569/352 481/579/360 480/578/359
f 464/570/353 482/580/172 481/579/360
f 465/571/354 483/581/173 482/580/172
f 475/574/167 493/582/361 492/583/362
f 476/573/356 494/584/363 493/582/361
f 477/575/168 495/585/177 494/584/363
f 478/576/357 496/586/364 495/585/177
f 479/577/358 497/587/365 496/586/364
f 480/578/359 498/588/366 497/587/365
f 481/579/360 499/589/367 498/588/366
f 482/580/172 500/590/368 499/589/367
f 492/583/362 510/591/369 509/592/370
f 493/582/361 511/593/371 510/591/369
f 494/584/363 512/594/186 511/593/371
f 495/585/177 513/595/372 512/594/186
f 496/586/364 514/596/188 513/595/372
f 497/587/365 515/597/373 514/596/188
f 498/588/366 516/598/190 515/597/373
f 499/589/367 517/599/191 516/598/190
f 509/592/370 527/600/192 526/601/374
f 510/591/369 528/602/194 527/600/192
f 511/593/371 529/603/375 528/602/194
f 512/594/186 530/604/196 529/603/375
f 513/595/372 531/605/376 530/604/196
f 514/596/188 532/606/377 531/605/376
f 515/597/373 533/607/199 532/606/377
f 516/598/190 534/608/200 533/607/199
f 526/601/374 380/505/318 379/502/316
f 527/600/192 381/507/319 380/505/318
f 528/602/194 382/509/102 381/507/319
f 529/603/375 383/511/104 382/509/102
f 530/604/196 384/513/106 383/511/104
f 531/605/376 385/515/108 384/513/106
f 532/606/377 386/517/323 385/515/108
f 533/607/199 387/609/201 386/517/323
f 342/474/67 433/610/202 432/554/345
f 351/473/66 434/611/378 433/610/202
f 360/483/306 435/612/379 434/611/378
f 369/492/311 436/613/205 435/612/379
f 432/554/345 450/614/206 449/563/156
f 433/610/202 451/615/207 450/614/206
f 434/611/378 452/616/380 451/615/207
f 435/612/379 453/617/209 452/616/380
f 449/563/156 467/618/210 466/572/355
f 450/614/206 468/619/381 467/618/210
f 451/615/207 469/620/382 468/619/381
f 452/616/380 470/621/383 469/620/382
f 466/572/355 484/622/384 483/581/173
f 467/618/210 485/623/385 484/622/384
f 468/619/381 486/624/386 485/623/385
f 469/620/382 487/625/387 486/624/386
f 483/581/173 501/626/218 500/590/368
f 484/622/384 502/627/388 501/626/218
f 485/623/385 503/628/389 502/627/388
f 486/624/386 504/629/390 503/628/389
f 500/590/368 518/630/391 517/599/191
f 501/626/218 519/631/392 518/630/391
f 502/627/388 520/632/393 519/631/392
f 503/628/389 521/633/394 520/632/393
f 517/599/191 535/634/395 534/608/200
f 518/630/391 536/635/227 535/634/395
f 519/631/392 537/636/396 536/635/227
f 520/632/393 538/637/229 537/636/396
f 534/608/200 396/518/111 387/609/201
f 535/634/395 405/527/326 396/518/111
f 536/635/227 414/536/334 405/527/326
f 537/636/396 423/545/340 414/536/334
f 370/638/397 438/639/398 437/640/399
f 361/493/86 439/641/400 438/639/398
f 352/484/77 440/642/234 439/641/400
f 343/475/300 424/547/140 440/642/234
f 437/640/399 455/643/401 454/644/236
f 438/639/398 456/645/402 455/643/401
f 439/641/400 457/646/403 456/645/402
f 440/642/234 441/556/347 457/646/403
f 454/644/236 472/647/404 471/648/405
f 455/643/401 473/649/406 472/647/404
f 456/645/402 474/650/242 473/649/406
f 457/646/403 458/565/158 474/650/242
f 471/648/405 489/651/407 488/652/408
f 472/647/404 490/653/409 489/651/407
f 473/649/406 491/654/246 490/653/409
f 474/650/242 475/574/167 491/654/246
f 488/652/408 506/655/410 505/656/411
f 489/651/407 507/657/249 506/655/410
f 490/653/409 508/658/412 507/657/249
f 491/654/246 492/583/362 508/658/412
f 505/656/411 523/659/413 522/660/414
f 506/655/410 524/661/253 523/659/413
f 507/657/249 525/662/415 524/661/253
f 508/658/412 509/592/370 525/662/415
f 522/660/414 540/663/416 539/664/417
f 523/659/413 541/665/257 540/663/416
f 524/661/253 542/666/418 541/665/257
f 525/662/415 526/601/374 542/666/418
f 539/664/417 406/529/327 415/538/131
f 540/663/416 397/520/113 406/529/327
f 541/665/257 388/504/97 397/520/113
f 542/666/418 379/502/316 388/504/97
f 371/667/17 543/668/17 544/669/17
f 372/670/17 544/669/17 545/671/17
f 373/672/17 545/671/17 546/673/17
f 374/674/17 546/673/17 547/675/17
f 375/676/17 547/675/17 548/677/17
f 376/678/17 548/677/17 549/679/17
f 377/680/17 549/679/17 550/681/17
f 378/682/17 550/681/17 551/683/17
f 415/684/17 553/685/17 552/686/17
f 416/687/17 554/688/17 553/685/17
f 417/689/17 555/690/17 554/688/17
f 418/691/17 556/692/17 555/690/17
f 419/693/17 557/694/17 556/692/17
f 420/695/17 558/696/17 557/694/17
f 421/697/17 559/698/17 558/696/17
f 422/699/17 560/700/17 559/698/17
f 436/701/17 551/683/17 561/702/17
f 453/703/17 561/702/17 563/704/17
f 470/705/17 563/704/17 565/706/17
f 487/707/17 565/706/17 567/708/17
f 504/709/17 567/708/17 569/710/17
f 521/711/17 569/710/17 571/712/17
f 538/713/17 571/712/17 573/714/17
f 423/715/17 573/714/17 560/700/17
f 370/716/17 562/717/17 543/668/17
f 437/718/17 564/719/17 562/717/17
f 454/720/17 566/721/17 564/719/17
f 471/722/17 568/723/17 566/721/17
f 488/724/17 570/725/17 568/723/17
f 505/726/17 572/727/17 570/725/17
f 522/728/17 574/729/17 572/727/17
f 539/730/17 552/686/17 574/729/17
f 544/731/259 575/732/12 576/733/259
f 545/734/260 576/735/259 577/736/260
f 546/737/262 577/736/260 578/738/262
f 547/739/263 578/738/262 579/740/263
f 548/741/419 579/740/263 580/742/420
f 549/743/421 580/742/420 581/744/421
f 550/745/422 581/744/421 582/746/422
f 551/747/11 582/746/422 583/748/11
f 552/749/15 585/750/268 584/751/15
f 553/752/268 586/753/269 585/750/268
f 554/754/269 587/755/270 586/753/269
f 555/756/270 588/757/271 587/755/270
f 556/758/271 589/759/423 588/757/271
f 557/760/423 590/761/424 589/759/423
f 558/762/424 591/763/425 590/761/424
f 559/764/425 592/765/14 591/763/425
f 561/766/276 583/748/11 593/767/276
f 563/768/277 593/767/276 595/769/277
f 565/770/426 595/769/277 597/771/427
f 567/772/279 597/771/427 599/773/279
f 569/774/428 599/773/279 601/775/429
f 571/776/281 601/775/429 603/777/281
f 573/778/282 603/777/281 605/779/430
f 560/780/14 605/779/430 592/781/14
f 543/782/12 594/783/283 575/732/12
f 562/784/283 596/785/284 594/783/283
f 564/786/284 598/787/286 596/785/284
f 566/788/286 600/789/287 598/787/286
f 568/790/287 602/791/288 600/789/287
f 570/792/288 604/793/290 602/791/288
f 572/794/290 606/795/291 604/793/290
f 574/796/291 584/751/15 606/795/291
f 607/797/431 613/798/432 608/799/433
f 608/800/433 614/801/434 609/798/435
f 609/802/435 615/803/436 610/801/437
f 610/804/437 616/805/438 611/803/439
f 612/799/440 618/806/441 613/807/432
f 613/798/432 619/808/442 614/806/434
f 614/801/434 620/809/443 615/808/436
f 615/803/436 621/810/444 616/809/438
f 617/807/445 623/811/446 618/812/441
f 618/806/441 624/813/447 619/811/442
f 619/808/442 625/814/448 620/813/443
f 620/809/443 626/815/449 621/814/444
f 622/812/450 628/816/451 623/817/446
f 623/811/446 629/818/452 624/816/447
f 624/813/447 630/819/453 625/818/448
f 625/814/448 631/820/454 626/819/449
f 607/821/431 633/822/455 632/823/456
f 608/824/433 634/825/457 633/822/455
f 609/826/435 635/827/458 634/825/457
f 610/828/437 636/829/459 635/827/458
f 632/823/456 649/800/460 648/797/461
f 633/822/455 650/802/462 649/800/460
f 634/825/457 651/804/463 650/802/462
f 635/827/458 652/830/464 651/804/463
f 611/831/439 637/832/465 636/829/459
f 616/833/438 638/834/466 637/832/465
f 621/835/444 639/836/467 638/834/466
f 626/837/449 640/838/468 639/836/467
f 636/829/459 653/805/469 652/830/464
f 637/832/465 654/810/470 653/805/469
f 638/834/466 655/815/471 654/810/470
f 639/836/467 656/820/472 655/815/471
f 631/839/454 641/840/473 640/838/468
f 630/841/453 642/842/474 641/840/473
f 629/843/452 643/844/475 642/842/474
f 628/845/451 644/846/476 643/844/475
f 640/838/468 657/819/477 656/820/472
f 641/840/473 658/818/478 657/819/477
f 642/842/474 659/816/479 658/818/478
f 643/844/475 660/817/480 659/816/479
f 627/847/481 645/848/482 644/846/476
f 622/849/450 646/850/483 645/848/482
f 617/851/445 647/852/484 646/850/483
f 612/853/440 632/823/456 647/852/484
f 644/846/476 661/812/485 660/817/480
f 645/848/482 662/807/486 661/812/485
f 646/850/483 663/799/487 662/807/486
f 647/852/484 648/797/461 663/799/487
f 664/854/488 670/855/489 669/856/490
f 665/857/491 671/858/492 670/855/489
f 666/859/493 672/860/494 671/858/492
f 667/861/495 673/862/496 672/860/494
f 669/856/490 675/863/497 674/864/498
f 670/855/489 676/865/442 675/863/497
f 671/858/492 677/866/499 676/865/442
f 672/860/494 678/867/500 677/866/499
f 674/864/498 680/868/501 679/869/502
f 675/863/497 681/870/503 680/868/501
f 676/865/442 682/871/504 681/870/503
f 677/866/499 683/872/505 682/871/504
f 679/869/502 685/873/506 684/874/507
f 680/868/501 686/875/508 685/873/506
f 681/870/503 687/876/509 686/875/508
f 682/871/504 688/877/510 687/876/509
f 689/878/480 706/879/511 705/880/512
f 690/881/513 707/882/514 706/879/511
f 691/883/478 708/884/515 707/882/514
f 692/885/477 709/886/516 708/884/515
f 705/880/512 665/857/491 664/854/488
f 706/879/511 666/859/493 665/857/491
f 707/882/514 667/861/495 666/859/493
f 708/884/515 668/887/517 667/861/495
f 693/888/518 710/889/519 709/886/516
f 694/890/520 711/891/521 710/889/519
f 695/892/522 712/893/523 711/891/521
f 696/894/524 713/895/525 712/893/523
f 709/886/516 673/862/496 668/887/517
f 710/889/519 678/867/500 673/862/496
f 711/891/521 683/872/505 678/867/500
f 712/893/523 688/877/510 683/872/505
f 697/896/526 714/897/527 713/895/525
f 698/898/528 715/899/529 714/897/527
f 699/900/530 716/901/455 715/899/529
f 700/902/531 717/903/532 716/901/455
f 713/895/525 687/876/509 688/877/510
f 714/897/527 686/875/508 687/876/509
f 715/899/529 685/873/506 686/875/508
f 716/901/455 684/874/507 685/873/506
f 701/904/533 718/905/534 717/903/532
f 702/906/535 719/907/536 718/905/534
f 703/908/537 720/909/538 719/907/536
f 704/910/539 705/880/512 720/909/538
f 717/903/532 679/869/502 684/874/507
f 718/905/534 674/864/498 679/869/502
f 719/907/536 669/856/490 674/864/498
f 720/909/538 664/854/488 669/856/490
f 721/911/540 727/912/541 722/913/433
f 722/914/433 728/915/542 723/912/543
f 723/916/543 729/917/544 724/915/545
f 724/918/545 730/919/546 725/917/547
f 726/913/548 732/920/441 727/921/541
f 727/912/541 733/922/549 728/920/542
f 728/915/542 734/923/443 729/922/544
f 729/917/544 735/924/444 730/923/546
f 731/921/445 737/925/550 732/926/441
f 732/920/441 738/927/551 733/925/549
f 733/922/549 739/928/552 734/927/443
f 734/923/443 740/929/449 735/928/444
f 736/926/553 742/930/451 737/931/550
f 737/925/550 743/932/554 738/930/551
f 738/927/551 744/933/555 739/932/552
f 739/928/552 745/934/454 740/933/449
f 721/935/540 747/936/556 746/937/557
f 722/938/433 748/939/558 747/936/556
f 723/940/543 749/941/559 748/939/558
f 724/942/545 750/943/560 749/941/559
f 746/937/557 763/914/561 762/911/562
f 747/936/556 764/916/563 763/914/561
f 748/939/558 765/918/564 764/916/563
f 749/941/559 766/944/464 765/918/564
f 725/945/547 751/946/565 750/943/560
f 730/947/546 752/948/566 751/946/565
f 735/949/444 753/950/567 752/948/566
f 740/951/449 754/952/468 753/950/567
f 750/943/560 767/919/568 766/944/464
f 751/946/565 768/924/569 767/919/568
f 752/948/566 769/929/570 768/924/569
f 753/950/567 770/934/472 769/929/570
f 745/953/454 755/954/571 754/952/468
f 744/955/555 756/956/572 755/954/571
f 743/957/554 757/958/511 756/956/572
f 742/959/451 758/960/573 757/958/511
f 754/952/468 771/933/477 770/934/472
f 755/954/571 772/932/478 771/933/477
f 756/956/572 773/930/574 772/932/478
f 757/958/511 774/931/480 773/930/574
f 741/961/481 759/962/575 758/960/573
f 736/963/553 760/964/576 759/962/575
f 731/965/445 761/966/577 760/964/576
f 726/967/548 746/937/557 761/966/577
f 758/960/573 775/926/578 774/931/480
f 759/962/575 776/921/486 775/926/578
f 760/964/576 777/913/579 776/921/486
f 761/966/577 762/911/562 777/913/579
f 778/968/580 784/969/581 783/970/582
f 779/971/583 785/972/584 784/969/581
f 780/973/585 786/974/586 785/972/584
f 781/975/495 787/976/496 786/974/586
f 783/970/582 789/977/497 788/978/498
f 784/969/581 790/979/587 789/977/497
f 785/972/584 791/980/588 790/979/587
f 786/974/586 792/981/500 791/980/588
f 788/978/498 794/982/589 793/983/590
f 789/977/497 795/984/591 794/982/589
f 790/979/587 796/985/592 795/984/591
f 791/980/588 797/986/593 796/985/592
f 793/983/590 799/987/594 798/988/595
f 794/982/589 800/989/596 799/987/594
f 795/984/591 801/990/597 800/989/596
f 796/985/592 802/991/510 801/990/597
f 803/992/480 820/993/511 819/994/598
f 804/995/599 821/996/600 820/993/511
f 805/997/601 822/998/473 821/996/600
f 806/999/602 823/1000/516 822/998/473
f 819/994/598 779/971/583 778/968/580
f 820/993/511 780/973/585 779/971/583
f 821/996/600 781/975/495 780/973/585
f 822/998/473 782/1001/517 781/975/495
f 807/1002/603 824/1003/519 823/1000/516
f 808/1004/604 825/1005/605 824/1003/519
f 809/1006/522 826/1007/565 825/1005/605
f 810/1008/606 827/1009/607 826/1007/565
f 823/1000/516 787/976/496 782/1001/517
f 824/1003/519 792/981/500 787/976/496
f 825/1005/605 797/986/593 792/981/500
f 826/1007/565 802/991/510 797/986/593
f 811/1010/464 828/1011/458 827/1009/607
f 812/1012/608 829/1013/609 828/1011/458
f 813/1014/610 830/1015/611 829/1013/609
f 814/1016/612 831/1017/613 830/1015/611
f 827/1009/607 801/990/597 802/991/510
f 828/1011/458 800/989/596 801/990/597
f 829/1013/609 799/987/594 800/989/596
f 830/1015/611 798/988/595 799/987/594
f 815/1018/461 832/1019/614 831/1017/613
f 816/1020/535 833/1021/615 832/1019/614
f 817/1022/486 834/1023/616 833/1021/615
f 818/1024/617 819/994/598 834/1023/616
f 831/1017/613 793/983/590 798/988/595
f 832/1019/614 788/978/498 793/983/590
f 833/1021/615 783/970/582 788/978/498
f 834/1023/616 778/968/580 783/970/582
f 1011/1025/17 1013/1026/17 1014/1027/17
f 858/1028/17 1060/1029/17 1062/1030/17
f 1015/1031/17 1017/1032/17 1018/1033/17
f 1019/1034/17 1021/1035/17 1022/1036/17
f 862/1037/17 1076/1038/17 1078/1039/17
f 1023/1040/17 1025/1041/17 1026/1042/17
f 876/1043/17 893/1044/17 953/1045/17
f 1027/1046/17 1029/1047/17 1030/1048/17
f 884/1049/17 887/1050/17 929/1051/17
f 1033/1052/17 1031/1053/17 1032/1054/17
f 860/1055/17 842/1056/17 1063/1057/17
f 859/1058/17 1059/1059/17 1064/1060/17
f 865/1061/17 838/1062/618 1069/1063/619
f 908/1064/17 1067/1065/17 1070/1066/17
f 868/1067/17 891/1068/17 926/1069/17
f 1035/1070/17 1037/1071/17 1038/1072/17
f 869/1073/17 889/1074/17 905/1075/17
f 1041/1076/17 1039/1077/17 1040/1078/17
f 872/1079/17 892/1080/17 938/1081/17
f 1043/1082/17 1045/1083/17 1046/1084/17
f 873/1085/17 888/1086/17 917/1087/17
f 1049/1088/17 1047/1089/17 1048/1090/17
f 864/1091/17 836/1092/17 1079/1093/17
f 863/1094/17 1075/1095/17 1080/1096/17
f 877/1097/17 844/1098/17 1085/1099/17
f 944/1100/17 1083/1101/17 1086/1102/17
f 880/1103/17 886/1104/17 962/1105/17
f 1051/1106/17 1053/1107/17 1054/1108/17
f 881/1109/17 894/1110/17 941/1111/17
f 1057/1112/17 1055/1113/17 1056/1114/17
f 865/1061/17 904/1115/17 905/1075/17
f 866/1116/17 907/1117/17 908/1064/17
f 867/1118/17 910/1119/17 911/1120/17
f 868/1067/17 913/1121/17 914/1122/17
f 869/1073/17 916/1123/17 917/1087/17
f 870/1124/17 919/1125/17 920/1126/17
f 871/1127/17 922/1128/17 923/1129/17
f 872/1079/17 925/1130/17 926/1069/17
f 873/1085/17 928/1131/17 929/1051/17
f 874/1132/17 931/1133/17 932/1134/17
f 875/1135/17 934/1136/17 935/1137/17
f 876/1043/17 937/1138/17 938/1081/17
f 877/1097/17 940/1139/17 941/1111/17
f 878/1140/17 943/1141/17 944/1100/17
f 879/1142/17 946/1143/17 947/1144/17
f 880/1103/17 949/1145/17 950/1146/17
f 881/1109/17 952/1147/17 953/1045/17
f 882/1148/17 955/1149/17 956/1150/17
f 883/1151/17 958/1152/17 959/1153/17
f 884/1049/17 961/1154/17 962/1105/17
f 889/1074/17 865/1061/17 905/1075/17
f 888/1086/17 869/1073/17 917/1087/17
f 887/1050/17 873/1085/17 929/1051/17
f 894/1110/17 877/1097/17 941/1111/17
f 893/1044/17 881/1109/17 953/1045/17
f 904/1115/17 908/1064/17 907/1117/17
f 906/1155/17 911/1120/17 910/1119/17
f 909/1156/17 913/1121/17 912/1157/17
f 868/1067/17 890/1158/17 852/1159/17
f 916/1123/17 920/1126/17 919/1125/17
f 918/1160/17 923/1129/17 922/1128/17
f 921/1161/17 925/1130/17 924/1162/17
f 872/1079/17 891/1068/17 853/1163/17
f 928/1131/17 932/1134/17 931/1133/17
f 930/1164/17 935/1137/17 934/1136/17
f 933/1165/17 937/1138/17 936/1166/17
f 876/1043/17 892/1080/17 854/1167/17
f 940/1139/17 944/1100/17 943/1141/17
f 942/1168/17 947/1144/17 946/1143/17
f 945/1169/17 949/1145/17 948/1170/17
f 880/1103/17 885/1171/17 847/1172/17
f 952/1147/17 954/1173/17 882/1148/17
f 956/1150/17 957/1174/17 883/1151/17
f 959/1153/17 961/1154/17 960/1175/17
f 884/1049/17 886/1104/17 848/1176/17
f 936/1166/17 953/1045/17 952/1147/17
f 934/1136/17 882/1148/17 956/1150/17
f 960/1175/17 929/1051/17 928/1131/17
f 883/1151/17 931/1133/17 930/1164/17
f 898/1177/17 1063/1057/17 1059/1059/17
f 897/1178/17 1064/1060/17 1060/1029/17
f 903/1179/17 1069/1063/619 1067/1065/17
f 866/1116/17 1070/1066/17 1068/1180/17
f 912/1157/17 926/1069/17 925/1130/17
f 910/1119/17 871/1127/17 923/1129/17
f 915/1181/17 905/1075/17 904/1115/17
f 870/1124/17 907/1117/17 906/1155/17
f 924/1162/17 938/1081/17 937/1138/17
f 922/1128/17 875/1135/17 935/1137/17
f 927/1182/17 917/1087/17 916/1123/17
f 874/1132/17 919/1125/17 918/1160/17
f 902/1183/17 1079/1093/17 1075/1095/17
f 901/1184/17 1080/1096/17 1076/1038/17
f 939/1185/17 1085/1099/17 1083/1101/17
f 878/1140/17 1086/1102/17 1084/1186/17
f 948/1170/17 962/1105/17 961/1154/17
f 946/1143/17 958/1152/17 957/1174/17
f 951/1187/17 941/1111/17 940/1139/17
f 955/1149/17 943/1141/17 942/1168/17
f 836/1188/11 963/1189/620 964/1190/11
f 837/1191/621 964/1192/11 965/1193/622
f 885/1194/279 965/1193/622 993/1195/279
f 839/1196/623 966/1197/624 967/1198/14
f 840/1199/625 967/1200/14 968/1201/626
f 895/1202/271 968/1201/626 1003/1203/271
f 842/1204/15 969/1205/627 970/1206/15
f 843/1207/628 970/1208/15 971/1209/629
f 890/1210/287 971/1209/629 998/1211/287
f 845/1212/12 972/1213/630 973/1214/12
f 846/1215/631 973/1216/12 974/1217/631
f 899/1218/263 974/1217/631 1007/1219/263
f 886/1220/279 975/1221/279 994/1222/279
f 887/1223/279 976/1224/279 995/1225/279
f 888/1226/279 977/1227/279 996/1228/279
f 889/1229/279 978/1230/279 997/1231/279
f 838/1232/632 979/1233/279 966/1197/624
f 891/1234/287 980/1235/287 999/1236/287
f 892/1237/287 981/1238/287 1000/1239/287
f 893/1240/287 982/1241/287 1001/1242/287
f 894/1243/287 983/1244/287 1002/1245/287
f 844/1246/633 984/1247/287 972/1213/630
f 896/1248/271 985/1249/271 1004/1250/271
f 897/1251/271 986/1252/271 1005/1253/271
f 898/1254/271 987/1255/271 1006/1256/271
f 841/1257/634 988/1258/271 969/1205/627
f 900/1259/263 989/1260/263 1008/1261/263
f 901/1262/263 990/1263/263 1009/1264/263
f 902/1265/263 991/1266/263 1010/1267/263
f 835/1268/620 992/1269/263 963/1189/620
f 847/1270/279 993/1195/279 975/1221/279
f 848/1271/279 994/1222/279 976/1224/279
f 849/1272/279 995/1225/279 977/1227/279
f 850/1273/279 996/1228/279 978/1230/279
f 851/1274/279 997/1231/279 979/1233/279
f 852/1275/287 998/1211/287 980/1235/287
f 853/1276/287 999/1236/287 981/1238/287
f 854/1277/287 1000/1239/287 982/1241/287
f 855/1278/287 1001/1242/287 983/1244/287
f 856/1279/287 1002/1245/287 984/1247/287
f 857/1280/271 1003/1203/271 985/1249/271
f 858/1281/271 1004/1250/271 986/1252/271
f 859/1282/271 1005/1253/271 987/1255/271
f 860/1283/271 1006/1256/271 988/1258/271
f 861/1284/263 1007/1219/263 989/1260/263
f 862/1285/263 1008/1261/263 990/1263/263
f 863/1286/263 1009/1264/263 991/1266/263
f 864/1287/263 1010/1267/263 992/1269/263
f 930/1288/635 1012/1289/635 1011/1290/635
f 934/1291/636 1013/1292/636 1012/1293/637
f 956/1294/638 1014/1295/638 1013/1296/638
f 883/1297/639 1011/1298/639 1014/1299/639
f 906/1300/635 1016/1301/635 1015/1302/635
f 910/1303/636 1017/1304/636 1016/1305/637
f 923/1306/638 1018/1307/638 1017/1308/638
f 870/1309/639 1015/1310/639 1018/1311/639
f 918/1312/635 1020/1313/635 1019/1314/635
f 922/1315/636 1021/1316/636 1020/1317/636
f 935/1318/638 1022/1319/638 1021/1320/638
f 874/1321/639 1019/1322/639 1022/1323/639
f 942/1324/638 1024/1325/638 1023/1326/638
f 946/1327/639 1025/1328/639 1024/1329/639
f 957/1330/640 1026/1331/640 1025/1332/640
f 955/1333/637 1023/1334/637 1026/1335/636
f 933/1336/635 1028/1337/635 1027/1338/635
f 936/1339/641 1029/1340/641 1028/1341/641
f 952/1342/638 1030/1343/638 1029/1344/638
f 882/1345/639 1027/1346/639 1030/1347/639
f 928/1348/635 1032/1349/635 1031/1350/635
f 931/1351/641 1033/1352/641 1032/1353/641
f 959/1354/638 1034/1355/638 1033/1356/638
f 960/1357/642 1031/1358/642 1034/1359/643
f 909/1360/635 1036/1361/635 1035/1362/635
f 912/1363/641 1037/1364/641 1036/1365/641
f 925/1366/638 1038/1367/638 1037/1368/638
f 871/1369/639 1035/1370/639 1038/1371/639
f 904/1372/635 1040/1373/635 1039/1374/635
f 907/1375/641 1041/1376/641 1040/1377/641
f 920/1378/638 1042/1379/638 1041/1380/638
f 915/1381/642 1039/1382/642 1042/1383/643
f 921/1384/635 1044/1385/635 1043/1386/635
f 924/1387/641 1045/1388/641 1044/1389/641
f 937/1390/638 1046/1391/638 1045/1392/638
f 875/1393/639 1043/1394/639 1046/1395/639
f 916/1396/635 1048/1397/635 1047/1398/635
f 919/1399/641 1049/1400/641 1048/1401/641
f 932/1402/638 1050/1403/638 1049/1404/638
f 927/1405/642 1047/1406/642 1050/1407/642
f 945/1408/638 1052/1409/638 1051/1410/638
f 948/1411/642 1053/1412/642 1052/1413/642
f 961/1414/640 1054/1415/640 1053/1416/640
f 958/1417/641 1051/1418/641 1054/1419/641
f 940/1420/638 1056/1421/638 1055/1422/638
f 943/1423/639 1057/1424/639 1056/1425/639
f 954/1426/640 1058/1427/640 1057/1428/640
f 951/1429/641 1055/1430/641 1058/1431/641
f 1060/1029/17 1068/1180/17 1062/1030/17
f 1059/1059/17 1074/1432/17 1064/1060/17
f 1061/1433/17 896/1434/17 1066/1435/17
f 1063/1057/17 1071/1436/17 1059/1059/17
f 1064/1060/17 1072/1437/17 1060/1029/17
f 1065/1438/619 857/1439/17 1061/1433/17
f 1066/1435/17 858/1028/17 1062/1030/17
f 1067/1065/17 1066/1435/17 1070/1066/17
f 1069/1063/619 1061/1433/17 1067/1065/17
f 1070/1066/17 1062/1030/17 1068/1180/17
f 1072/1437/17 866/1116/17 1068/1180/17
f 1071/1436/17 867/1118/17 1074/1432/17
f 1073/1440/17 913/1121/17 1071/1436/17
f 1074/1432/17 911/1120/17 1072/1437/17
f 1076/1038/17 1084/1186/17 1078/1039/17
f 1075/1095/17 1090/1441/17 1080/1096/17
f 1077/1442/17 900/1443/17 1082/1444/17
f 1079/1093/17 1087/1445/17 1075/1095/17
f 1080/1096/17 1088/1446/17 1076/1038/17
f 1081/1447/17 861/1448/17 1077/1442/17
f 1082/1444/17 862/1037/17 1078/1039/17
f 1083/1101/17 1082/1444/17 1086/1102/17
f 1085/1099/17 1077/1442/17 1083/1101/17
f 1086/1102/17 1078/1039/17 1084/1186/17
f 1088/1446/17 878/1140/17 1084/1186/17
f 1087/1445/17 879/1142/17 1090/1441/17
f 1089/1449/17 949/1145/17 1087/1445/17
f 1090/1441/17 947/1144/17 1088/1446/17
f 845/1450/17 899/1451/17 1081/1447/17
f 844/1098/17 1081/1447/17 1085/1099/17
f 836/1092/17 1089/1449/17 1079/1093/17
f 837/1452/17 950/1146/17 1089/1449/17
f 839/1453/17 895/1454/619 1065/1438/619
f 838/1062/618 1065/1438/619 1069/1063/619
f 842/1056/17 1073/1440/17 1063/1057/17
f 843/1455/17 914/1122/17 1073/1440/17
f 54/1456/17 56/1457/17 57/1458/17
f 53/1459/17 57/1458/17 58/1460/17
f 51/1461/17 59/1462/17 60/101/17
f 52/1463/17 58/1460/17 59/1462/17
f 25/1/1 11/13/1 12/2/2
f 27/4/3 15/18/13 16/5/4
f 29/7/6 19/23/6 20/8/7
f 31/10/8 23/28/16 24/11/9
f 11/13/1 25/1/1 33/14/11
f 26/3/2 12/2/2 5/16/12
f 15/18/13 27/4/3 35/19/14
f 28/6/5 16/5/4 6/21/11
f 19/23/6 29/7/6 36/24/15
f 30/9/7 20/8/7 7/26/14
f 23/28/16 31/10/8 34/29/12
f 32/12/10 24/11/9 8/31/15
f 26/33/17 38/48/17 37/34/17
f 28/36/17 40/52/17 39/37/17
f 30/39/17 42/56/17 41/40/17
f 32/42/17 44/60/17 43/43/17
f 25/35/17 37/34/17 45/45/17
f 34/47/17 46/1464/17 38/48/17
f 27/38/17 39/37/17 47/49/17
f 33/51/17 45/1465/17 40/52/17
f 29/41/17 41/40/17 48/53/17
f 35/55/17 47/1466/17 42/56/17
f 31/44/17 43/43/17 46/57/17
f 36/59/17 48/1467/17 44/60/17
f 38/61/18 9/76/18 10/62/19
f 40/64/20 13/80/20 14/65/21
f 42/67/22 17/84/22 18/68/23
f 44/70/24 21/88/24 22/71/25
f 37/63/19 10/62/19 4/73/11
f 46/75/12 1/1468/12 9/76/18
f 39/66/21 14/65/21 3/77/14
f 45/79/11 4/1469/11 13/80/20
f 41/69/23 18/68/23 2/81/15
f 47/83/14 3/1470/14 17/84/22
f 43/72/25 22/71/25 1/85/12
f 48/87/15 2/1471/15 21/88/24
f 9/89/26 1/99/26 4/90/26
f 2/92/26 18/1472/26 17/93/26
f 21/95/26 2/92/26 3/94/26
f 22/97/26 21/95/26 14/96/26
f 1/99/26 22/97/26 13/98/26
f 50/100/17 51/1461/17 60/101/17
f 12/2/27 11/13/30 50/103/28
f 11/13/30 6/15/32 51/105/31
f 6/21/32 16/5/34 52/106/33
f 16/5/34 15/18/36 53/108/35
f 15/18/36 7/20/38 54/109/37
f 7/26/38 20/8/40 55/110/39
f 20/8/40 19/23/42 56/112/41
f 19/23/42 8/25/44 57/113/43
f 8/31/44 24/11/46 58/114/45
f 24/11/46 23/28/48 59/116/47
f 23/28/48 5/30/50 60/117/49
f 5/16/50 12/2/27 49/104/29
f 61/119/51 70/136/68 71/120/52
f 62/121/53 71/120/52 72/122/54
f 63/123/55 72/122/54 73/124/56
f 64/125/57 73/124/56 74/126/58
f 65/127/59 74/126/58 75/128/60
f 66/129/61 75/128/60 76/130/62
f 67/131/63 76/130/62 77/132/64
f 68/133/65 77/132/64 78/134/66
f 70/136/68 79/145/77 80/137/69
f 71/120/52 80/137/69 81/138/70
f 72/122/54 81/138/70 82/139/71
f 73/124/56 82/139/71 83/140/72
f 74/126/58 83/140/72 84/141/73
f 75/128/60 84/141/73 85/142/74
f 76/130/62 85/142/74 86/143/75
f 77/132/64 86/143/75 87/144/76
f 79/145/77 88/154/86 89/146/78
f 80/137/69 89/146/78 90/147/79
f 81/138/70 90/147/79 91/148/80
f 82/139/71 91/148/80 92/149/81
f 83/140/72 92/149/81 93/150/82
f 84/141/73 93/150/82 94/151/83
f 85/142/74 94/151/83 95/152/84
f 86/143/75 95/152/84 96/153/85
f 88/154/86 97/299/230 98/155/87
f 89/146/78 98/155/87 99/156/88
f 90/147/79 99/156/88 100/157/89
f 91/148/80 100/157/89 101/158/90
f 92/149/81 101/158/90 102/159/91
f 93/150/82 102/159/91 103/160/92
f 94/151/83 103/160/92 104/161/93
f 95/152/84 104/161/93 105/162/94
f 106/163/95 107/166/98 116/164/96
f 107/166/98 108/168/100 117/167/99
f 108/168/100 109/170/102 118/169/101
f 109/170/102 110/172/104 119/171/103
f 110/172/104 111/174/106 120/173/105
f 111/174/106 112/176/108 121/175/107
f 112/176/108 113/178/110 122/177/109
f 113/178/110 114/270/201 123/179/111
f 115/165/97 116/164/96 125/180/112
f 116/164/96 117/167/99 126/182/114
f 117/167/99 118/169/101 127/183/115
f 118/169/101 119/171/103 128/184/116
f 119/171/103 120/173/105 129/185/117
f 120/173/105 121/175/107 130/186/118
f 121/175/107 122/177/109 131/187/119
f 122/177/109 123/179/111 132/188/120
f 124/181/113 125/180/112 134/189/121
f 125/180/112 126/182/114 135/191/123
f 126/182/114 127/183/115 136/192/124
f 127/183/115 128/184/116 137/193/125
f 128/184/116 129/185/117 138/194/126
f 129/185/117 130/186/118 139/195/127
f 130/186/118 131/187/119 140/196/128
f 131/187/119 132/188/120 141/197/129
f 133/190/122 134/189/121 143/198/130
f 134/189/121 135/191/123 144/200/132
f 135/191/123 136/192/124 145/201/133
f 136/192/124 137/193/125 146/202/134
f 137/193/125 138/194/126 147/203/135
f 138/194/126 139/195/127 148/204/136
f 139/195/127 140/196/128 149/205/137
f 140/196/128 141/197/129 150/206/138
f 61/119/51 62/121/53 152/207/139
f 62/121/53 63/123/55 153/209/141
f 63/123/55 64/125/57 154/210/142
f 64/125/57 65/127/59 155/211/143
f 65/127/59 66/129/61 156/212/144
f 66/129/61 67/131/63 157/213/145
f 67/131/63 68/133/65 158/214/146
f 68/133/65 69/135/67 159/215/147
f 151/208/140 152/207/139 169/216/148
f 152/207/139 153/209/141 170/218/150
f 153/209/141 154/210/142 171/219/151
f 154/210/142 155/211/143 172/220/152
f 155/211/143 156/212/144 173/221/153
f 156/212/144 157/213/145 174/222/154
f 157/213/145 158/214/146 175/223/155
f 158/214/146 159/215/147 176/224/156
f 168/217/149 169/216/148 186/225/157
f 169/216/148 170/218/150 187/227/159
f 170/218/150 171/219/151 188/228/160
f 171/219/151 172/220/152 189/229/161
f 172/220/152 173/221/153 190/230/162
f 173/221/153 174/222/154 191/231/163
f 174/222/154 175/223/155 192/232/164
f 175/223/155 176/224/156 193/233/165
f 185/226/158 186/225/157 203/234/166
f 186/225/157 187/227/159 204/236/168
f 187/227/159 188/228/160 205/237/169
f 188/228/160 189/229/161 206/238/17
f 189/229/161 190/230/162 207/239/170
f 190/230/162 191/231/163 208/240/171
f 191/231/163 192/232/164 209/241/172
f 192/232/164 193/233/165 210/242/173
f 202/235/167 203/234/166 220/243/174
f 203/234/166 204/236/168 221/245/176
f 204/236/168 205/237/169 222/246/177
f 205/237/169 206/238/17 223/247/178
f 206/238/17 207/239/170 224/248/179
f 207/239/170 208/240/171 225/249/180
f 208/240/171 209/241/172 226/250/181
f 209/241/172 210/242/173 227/251/182
f 219/244/175 220/243/174 237/252/183
f 220/243/174 221/245/176 238/254/185
f 221/245/176 222/246/177 239/255/186
f 222/246/177 223/247/178 240/256/187
f 223/247/178 224/248/179 241/257/188
f 224/248/179 225/249/180 242/258/189
f 225/249/180 226/250/181 243/259/190
f 226/250/181 227/251/182 244/260/191
f 236/253/184 237/252/183 254/261/192
f 237/252/183 238/254/185 255/263/194
f 238/254/185 239/255/186 256/264/195
f 239/255/186 240/256/187 257/265/196
f 240/256/187 241/257/188 258/266/197
f 241/257/188 242/258/189 259/267/198
f 242/258/189 243/259/190 260/268/199
f 243/259/190 244/260/191 261/269/200
f 253/262/193 254/261/192 107/166/98
f 254/261/192 255/263/194 108/168/100
f 255/263/194 256/264/195 109/170/102
f 256/264/195 257/265/196 110/172/104
f 257/265/196 258/266/197 111/174/106
f 258/266/197 259/267/198 112/176/108
f 259/267/198 260/268/199 113/178/110
f 260/268/199 261/269/200 114/270/201
f 69/135/67 78/134/66 160/271/202
f 78/134/66 87/144/76 161/272/203
f 87/144/76 96/153/85 162/273/204
f 96/153/85 105/162/94 163/274/205
f 159/215/147 160/271/202 177/275/206
f 160/271/202 161/272/203 178/276/207
f 161/272/203 162/273/204 179/277/208
f 162/273/204 163/274/205 180/278/209
f 176/224/156 177/275/206 194/279/210
f 177/275/206 178/276/207 195/280/211
f 178/276/207 179/277/208 196/281/212
f 179/277/208 180/278/209 197/282/213
f 193/233/165 194/279/210 211/283/214
f 194/279/210 195/280/211 212/284/215
f 195/280/211 196/281/212 213/285/216
f 196/281/212 197/282/213 214/286/217
f 210/242/173 211/283/214 228/287/218
f 211/283/214 212/284/215 229/288/219
f 212/284/215 213/285/216 230/289/220
f 213/285/216 214/286/217 231/290/221
f 227/251/182 228/287/218 245/291/222
f 228/287/218 229/288/219 246/292/223
f 229/288/219 230/289/220 247/293/224
f 230/289/220 231/290/221 248/294/225
f 244/260/191 245/291/222 262/295/226
f 245/291/222 246/292/223 263/296/227
f 246/292/223 247/293/224 264/297/228
f 247/293/224 248/294/225 265/298/229
f 261/269/200 262/295/226 123/179/111
f 262/295/226 263/296/227 132/188/120
f 263/296/227 264/297/228 141/197/129
f 264/297/228 265/298/229 150/206/138
f 97/299/230 88/154/86 165/300/231
f 88/154/86 79/145/77 166/302/233
f 79/145/77 70/136/68 167/303/234
f 70/136/68 61/119/51 151/208/140
f 164/301/232 165/300/231 182/304/235
f 165/300/231 166/302/233 183/306/237
f 166/302/233 167/303/234 184/307/238
f 167/303/234 151/208/140 168/217/149
f 181/305/236 182/304/235 199/308/239
f 182/304/235 183/306/237 200/310/241
f 183/306/237 184/307/238 201/311/242
f 184/307/238 168/217/149 185/226/158
f 198/309/240 199/308/239 216/312/243
f 199/308/239 200/310/241 217/314/245
f 200/310/241 201/311/242 218/315/246
f 201/311/242 185/226/158 202/235/167
f 215/313/244 216/312/243 233/316/247
f 216/312/243 217/314/245 234/318/249
f 217/314/245 218/315/246 235/319/250
f 218/315/246 202/235/167 219/244/175
f 232/317/248 233/316/247 250/320/251
f 233/316/247 234/318/249 251/322/253
f 234/318/249 235/319/250 252/323/254
f 235/319/250 219/244/175 236/253/184
f 249/321/252 250/320/251 267/324/255
f 250/320/251 251/322/253 268/326/257
f 251/322/253 252/323/254 269/327/258
f 252/323/254 236/253/184 253/262/193
f 266/325/256 267/324/255 133/190/122
f 267/324/255 268/326/257 124/181/113
f 268/326/257 269/327/258 115/165/97
f 269/327/258 253/262/193 106/163/95
f 98/328/17 97/377/17 270/329/17
f 99/331/17 98/328/17 271/330/17
f 100/333/17 99/331/17 272/332/17
f 101/335/17 100/333/17 273/334/17
f 102/337/17 101/335/17 274/336/17
f 103/339/17 102/337/17 275/338/17
f 104/341/17 103/339/17 276/340/17
f 105/343/17 104/341/17 277/342/17
f 142/345/17 143/348/17 280/346/17
f 143/348/17 144/350/17 281/349/17
f 144/350/17 145/352/17 282/351/17
f 145/352/17 146/354/17 283/353/17
f 146/354/17 147/356/17 284/355/17
f 147/356/17 148/358/17 285/357/17
f 148/358/17 149/360/17 286/359/17
f 149/360/17 150/376/17 287/361/17
f 163/362/17 105/343/17 278/344/17
f 180/364/17 163/362/17 288/363/17
f 197/366/17 180/364/17 290/365/17
f 214/368/17 197/366/17 292/367/17
f 231/370/17 214/368/17 294/369/17
f 248/372/17 231/370/17 296/371/17
f 265/374/17 248/372/17 298/373/17
f 150/376/17 265/374/17 300/375/17
f 97/377/17 164/379/17 289/378/17
f 164/379/17 181/381/17 291/380/17
f 181/381/17 198/383/17 293/382/17
f 198/383/17 215/385/17 295/384/17
f 215/385/17 232/387/17 297/386/17
f 232/387/17 249/389/17 299/388/17
f 249/389/17 266/391/17 301/390/17
f 266/391/17 142/345/17 279/347/17
f 271/392/259 270/442/12 302/393/12
f 272/395/260 271/392/259 303/394/259
f 273/397/261 272/395/260 304/396/260
f 274/399/263 273/397/261 305/398/262
f 275/401/264 274/399/263 306/400/263
f 276/403/266 275/401/264 307/402/265
f 277/405/267 276/403/266 308/404/266
f 278/407/11 277/405/267 309/406/267
f 279/409/15 280/412/268 312/410/268
f 280/412/268 281/414/269 313/413/269
f 281/414/269 282/416/270 314/415/270
f 282/416/270 283/418/271 315/417/271
f 283/418/271 284/420/273 316/419/272
f 284/420/273 285/422/274 317/421/274
f 285/422/274 286/424/275 318/423/275
f 286/424/275 287/441/14 319/425/14
f 288/426/276 278/1473/11 310/427/11
f 290/429/277 288/426/276 320/428/276
f 292/431/278 290/429/277 322/430/277
f 294/433/279 292/431/278 324/432/278
f 296/435/280 294/433/279 326/434/279
f 298/437/281 296/435/280 328/436/280
f 300/439/282 298/437/281 330/438/281
f 287/441/14 300/439/282 332/440/282
f 270/442/12 289/444/283 321/443/283
f 289/444/283 291/446/284 323/445/284
f 291/446/284 293/448/286 325/447/285
f 293/448/286 295/450/287 327/449/287
f 295/450/287 297/452/289 329/451/288
f 297/452/289 299/454/290 331/453/290
f 299/454/290 301/456/291 333/455/291
f 301/456/291 279/1474/15 311/457/15
f 334/458/51 343/475/300 344/459/292
f 335/460/293 344/459/292 345/461/54
f 336/462/294 345/461/54 346/463/295
f 337/464/57 346/463/295 347/465/58
f 338/466/59 347/465/58 348/467/296
f 339/468/297 348/467/296 349/469/298
f 340/470/299 349/469/298 350/471/64
f 341/472/65 350/471/64 351/473/66
f 343/475/300 352/484/77 353/476/301
f 344/459/292 353/476/301 354/477/70
f 345/461/54 354/477/70 355/478/302
f 346/463/295 355/478/302 356/479/303
f 347/465/58 356/479/303 357/480/304
f 348/467/296 357/480/304 358/481/74
f 349/469/298 358/481/74 359/482/305
f 350/471/64 359/482/305 360/483/306
f 352/484/77 361/493/86 362/485/307
f 353/476/301 362/485/307 363/486/308
f 354/477/70 363/486/308 364/487/309
f 355/478/302 364/487/309 365/488/310
f 356/479/303 365/488/310 366/489/82
f 357/480/304 366/489/82 367/490/83
f 358/481/74 367/490/83 368/491/84
f 359/482/305 368/491/84 369/492/311
f 361/493/86 370/638/397 371/494/87
f 362/485/307 371/494/87 372/495/88
f 363/486/308 372/495/88 373/496/312
f 364/487/309 373/496/312 374/497/313
f 365/488/310 374/497/313 375/498/314
f 366/489/82 375/498/314 376/499/315
f 367/490/83 376/499/315 377/500/93
f 368/491/84 377/500/93 378/501/94
f 379/502/316 380/505/318 389/503/317
f 380/505/318 381/507/319 390/506/99
f 381/507/319 382/509/102 391/508/320
f 382/509/102 383/511/104 392/510/321
f 383/511/104 384/513/106 393/512/105
f 384/513/106 385/515/108 394/514/107
f 385/515/108 386/517/323 395/516/322
f 386/517/323 387/609/201 396/518/111
f 388/504/97 389/503/317 398/519/324
f 389/503/317 390/506/99 399/521/114
f 390/506/99 391/508/320 400/522/115
f 391/508/320 392/510/321 401/523/116
f 392/510/321 393/512/105 402/524/117
f 393/512/105 394/514/107 403/525/325
f 394/514/107 395/516/322 404/526/119
f 395/516/322 396/518/111 405/527/326
f 397/520/113 398/519/324 407/528/121
f 398/519/324 399/521/114 408/530/328
f 399/521/114 400/522/115 409/531/329
f 400/522/115 401/523/116 410/532/330
f 401/523/116 402/524/117 411/533/331
f 402/524/117 403/525/325 412/534/332
f 403/525/325 404/526/119 413/535/333
f 404/526/119 405/527/326 414/536/334
f 406/529/327 407/528/121 416/537/130
f 407/528/121 408/530/328 417/539/335
f 408/530/328 409/531/329 418/540/336
f 409/531/329 410/532/330 419/541/337
f 410/532/330 411/533/331 420/542/135
f 411/533/331 412/534/332 421/543/338
f 412/534/332 413/535/333 422/544/339
f 413/535/333 414/536/334 423/545/340
f 334/458/51 335/460/293 425/546/341
f 335/460/293 336/462/294 426/548/342
f 336/462/294 337/464/57 427/549/343
f 337/464/57 338/466/59 428/550/143
f 338/466/59 339/468/297 429/551/344
f 339/468/297 340/470/299 430/552/145
f 340/470/299 341/472/65 431/553/146
f 341/472/65 342/474/67 432/554/345
f 424/547/140 425/546/341 442/555/346
f 425/546/341 426/548/342 443/557/150
f 426/548/342 427/549/343 444/558/151
f 427/549/343 428/550/143 445/559/348
f 428/550/143 429/551/344 446/560/153
f 429/551/344 430/552/145 447/561/154
f 430/552/145 431/553/146 448/562/349
f 431/553/146 432/554/345 449/563/156
f 441/556/347 442/555/346 459/564/350
f 442/555/346 443/557/150 460/566/159
f 443/557/150 444/558/151 461/567/160
f 444/558/151 445/559/348 462/568/351
f 445/559/348 446/560/153 463/569/352
f 446/560/153 447/561/154 464/570/353
f 447/561/154 448/562/349 465/571/354
f 448/562/349 449/563/156 466/572/355
f 458/565/158 459/564/350 476/573/356
f 459/564/350 460/566/159 477/575/168
f 460/566/159 461/567/160 478/576/357
f 461/567/160 462/568/351 479/577/358
f 462/568/351 463/569/352 480/578/359
f 463/569/352 464/570/353 481/579/360
f 464/570/353 465/571/354 482/580/172
f 465/571/354 466/572/355 483/581/173
f 475/574/167 476/573/356 493/582/361
f 476/573/356 477/575/168 494/584/363
f 477/575/168 478/576/357 495/585/177
f 478/576/357 479/577/358 496/586/364
f 479/577/358 480/578/359 497/587/365
f 480/578/359 481/579/360 498/588/366
f 481/579/360 482/580/172 499/589/367
f 482/580/172 483/581/173 500/590/368
f 492/583/362 493/582/361 510/591/369
f 493/582/361 494/584/363 511/593/371
f 494/584/363 495/585/177 512/594/186
f 495/585/177 496/586/364 513/595/372
f 496/586/364 497/587/365 514/596/188
f 497/587/365 498/588/366 515/597/373
f 498/588/366 499/589/367 516/598/190
f 499/589/367 500/590/368 517/599/191
f 509/592/370 510/591/369 527/600/192
f 510/591/369 511/593/371 528/602/194
f 511/593/371 512/594/186 529/603/375
f 512/594/186 513/595/372 530/604/196
f 513/595/372 514/596/188 531/605/376
f 514/596/188 515/597/373 532/606/377
f 515/597/373 516/598/190 533/607/199
f 516/598/190 517/599/191 534/608/200
f 526/601/374 527/600/192 380/505/318
f 527/600/192 528/602/194 381/507/319
f 528/602/194 529/603/375 382/509/102
f 529/603/375 530/604/196 383/511/104
f 530/604/196 531/605/376 384/513/106
f 531/605/376 532/606/377 385/515/108
f 532/606/377 533/607/199 386/517/323
f 533/607/199 534/608/200 387/609/201
f 342/474/67 351/473/66 433/610/202
f 351/473/66 360/483/306 434/611/378
f 360/483/306 369/492/311 435/612/379
f 369/492/311 378/501/94 436/613/205
f 432/554/345 433/610/202 450/614/206
f 433/610/202 434/611/378 451/615/207
f 434/611/378 435/612/379 452/616/380
f 435/612/379 436/613/205 453/617/209
f 449/563/156 450/614/206 467/618/210
f 450/614/206 451/615/207 468/619/381
f 451/615/207 452/616/380 469/620/382
f 452/616/380 453/617/209 470/621/383
f 466/572/355 467/618/210 484/622/384
f 467/618/210 468/619/381 485/623/385
f 468/619/381 469/620/382 486/624/386
f 469/620/382 470/621/383 487/625/387
f 483/581/173 484/622/384 501/626/218
f 484/622/384 485/623/385 502/627/388
f 485/623/385 486/624/386 503/628/389
f 486/624/386 487/625/387 504/629/390
f 500/590/368 501/626/218 518/630/391
f 501/626/218 502/627/388 519/631/392
f 502/627/388 503/628/389 520/632/393
f 503/628/389 504/629/390 521/633/394
f 517/599/191 518/630/391 535/634/395
f 518/630/391 519/631/392 536/635/227
f 519/631/392 520/632/393 537/636/396
f 520/632/393 521/633/394 538/637/229
f 534/608/200 535/634/395 396/518/111
f 535/634/395 536/635/227 405/527/326
f 536/635/227 537/636/396 414/536/334
f 537/636/396 538/637/229 423/545/340
f 370/638/397 361/493/86 438/639/398
f 361/493/86 352/484/77 439/641/400
f 352/484/77 343/475/300 440/642/234
f 343/475/300 334/458/51 424/547/140
f 437/640/399 438/639/398 455/643/401
f 438/639/398 439/641/400 456/645/402
f 439/641/400 440/642/234 457/646/403
f 440/642/234 424/547/140 441/556/347
f 454/644/236 455/643/401 472/647/404
f 455/643/401 456/645/402 473/649/406
f 456/645/402 457/646/403 474/650/242
f 457/646/403 441/556/347 458/565/158
f 471/648/405 472/647/404 489/651/407
f 472/647/404 473/649/406 490/653/409
f 473/649/406 474/650/242 491/654/246
f 474/650/242 458/565/158 475/574/167
f 488/652/408 489/651/407 506/655/410
f 489/651/407 490/653/409 507/657/249
f 490/653/409 491/654/246 508/658/412
f 491/654/246 475/574/167 492/583/362
f 505/656/411 506/655/410 523/659/413
f 506/655/410 507/657/249 524/661/253
f 507/657/249 508/658/412 525/662/415
f 508/658/412 492/583/362 509/592/370
f 522/660/414 523/659/413 540/663/416
f 523/659/413 524/661/253 541/665/257
f 524/661/253 525/662/415 542/666/418
f 525/662/415 509/592/370 526/601/374
f 539/664/417 540/663/416 406/529/327
f 540/663/416 541/665/257 397/520/113
f 541/665/257 542/666/418 388/504/97
f 542/666/418 526/601/374 379/502/316
f 371/667/17 370/716/17 543/668/17
f 372/670/17 371/667/17 544/669/17
f 373/672/17 372/670/17 545/671/17
f 374/674/17 373/672/17 546/673/17
f 375/676/17 374/674/17 547/675/17
f 376/678/17 375/676/17 548/677/17
f 377/680/17 376/678/17 549/679/17
f 378/682/17 377/680/17 550/681/17
f 415/684/17 416/687/17 553/685/17
f 416/687/17 417/689/17 554/688/17
f 417/689/17 418/691/17 555/690/17
f 418/691/17 419/693/17 556/692/17
f 419/693/17 420/695/17 557/694/17
f 420/695/17 421/697/17 558/696/17
f 421/697/17 422/699/17 559/698/17
f 422/699/17 423/715/17 560/700/17
f 436/701/17 378/682/17 551/683/17
f 453/703/17 436/701/17 561/702/17
f 470/705/17 453/703/17 563/704/17
f 487/707/17 470/705/17 565/706/17
f 504/709/17 487/707/17 567/708/17
f 521/711/17 504/709/17 569/710/17
f 538/713/17 521/711/17 571/712/17
f 423/715/17 538/713/17 573/714/17
f 370/716/17 437/718/17 562/717/17
f 437/718/17 454/720/17 564/719/17
f 454/720/17 471/722/17 566/721/17
f 471/722/17 488/724/17 568/723/17
f 488/724/17 505/726/17 570/725/17
f 505/726/17 522/728/17 572/727/17
f 522/728/17 539/730/17 574/729/17
f 539/730/17 415/684/17 552/686/17
f 544/731/259 543/782/12 575/732/12
f 545/734/260 544/1475/259 576/735/259
f 546/737/262 545/734/260 577/736/260
f 547/739/263 546/737/262 578/738/262
f 548/741/419 547/739/263 579/740/263
f 549/743/421 548/741/419 580/742/420
f 550/745/422 549/743/421 581/744/421
f 551/747/11 550/745/422 582/746/422
f 552/749/15 553/752/268 585/750/268
f 553/752/268 554/754/269 586/753/269
f 554/754/269 555/756/270 587/755/270
f 555/756/270 556/758/271 588/757/271
f 556/758/271 557/760/423 589/759/423
f 557/760/423 558/762/424 590/761/424
f 558/762/424 559/764/425 591/763/425
f 559/764/425 560/1476/14 592/765/14
f 561/766/276 551/747/11 583/748/11
f 563/768/277 561/766/276 593/767/276
f 565/770/426 563/768/277 595/769/277
f 567/772/279 565/770/426 597/771/427
f 569/774/428 567/772/279 599/773/279
f 571/776/281 569/774/428 601/775/429
f 573/778/282 571/776/281 603/777/281
f 560/780/14 573/778/282 605/779/430
f 543/782/12 562/784/283 594/783/283
f 562/784/283 564/786/284 596/785/284
f 564/786/284 566/788/286 598/787/286
f 566/788/286 568/790/287 600/789/287
f 568/790/287 570/792/288 602/791/288
f 570/792/288 572/794/290 604/793/290
f 572/794/290 574/796/291 606/795/291
f 574/796/291 552/749/15 584/751/15
f 607/797/431 612/800/440 613/798/432
f 608/800/433 613/802/432 614/801/434
f 609/802/435 614/804/434 615/803/436
f 610/804/437 615/830/436 616/805/438
f 612/799/440 617/798/445 618/806/441
f 613/798/432 618/801/441 619/808/442
f 614/801/434 619/803/442 620/809/443
f 615/803/436 620/805/443 621/810/444
f 617/807/445 622/806/450 623/811/446
f 618/806/441 623/808/446 624/813/447
f 619/808/442 624/809/447 625/814/448
f 620/809/443 625/810/448 626/815/449
f 622/812/450 627/811/481 628/816/451
f 623/811/446 628/813/451 629/818/452
f 624/813/447 629/814/452 630/819/453
f 625/814/448 630/815/453 631/820/454
f 607/821/431 608/824/433 633/822/455
f 608/824/433 609/826/435 634/825/457
f 609/826/435 610/828/437 635/827/458
f 610/828/437 611/831/439 636/829/459
f 632/823/456 633/822/455 649/800/460
f 633/822/455 634/825/457 650/802/462
f 634/825/457 635/827/458 651/804/463
f 635/827/458 636/829/459 652/830/464
f 611/831/439 616/833/438 637/832/465
f 616/833/438 621/835/444 638/834/466
f 621/835/444 626/837/449 639/836/467
f 626/837/449 631/839/454 640/838/468
f 636/829/459 637/832/465 653/805/469
f 637/832/465 638/834/466 654/810/470
f 638/834/466 639/836/467 655/815/471
f 639/836/467 640/838/468 656/820/472
f 631/839/454 630/841/453 641/840/473
f 630/841/453 629/843/452 642/842/474
f 629/843/452 628/845/451 643/844/475
f 628/845/451 627/847/481 644/846/476
f 640/838/468 641/840/473 657/819/477
f 641/840/473 642/842/474 658/818/478
f 642/842/474 643/844/475 659/816/479
f 643/844/475 644/846/476 660/817/480
f 627/847/481 622/849/450 645/848/482
f 622/849/450 617/851/445 646/850/483
f 617/851/445 612/853/440 647/852/484
f 612/853/440 607/821/431 632/823/456
f 644/846/476 645/848/482 661/812/485
f 645/848/482 646/850/483 662/807/486
f 646/850/483 647/852/484 663/799/487
f 647/852/484 632/823/456 648/797/461
f 664/854/488 665/857/491 670/855/489
f 665/857/491 666/859/493 671/858/492
f 666/859/493 667/861/495 672/860/494
f 667/861/495 668/887/517 673/862/496
f 669/856/490 670/855/489 675/863/497
f 670/855/489 671/858/492 676/865/442
f 671/858/492 672/860/494 677/866/499
f 672/860/494 673/862/496 678/867/500
f 674/864/498 675/863/497 680/868/501
f 675/863/497 676/865/442 681/870/503
f 676/865/442 677/866/499 682/871/504
f 677/866/499 678/867/500 683/872/505
f 679/869/502 680/868/501 685/873/506
f 680/868/501 681/870/503 686/875/508
f 681/870/503 682/871/504 687/876/509
f 682/871/504 683/872/505 688/877/510
f 689/878/480 690/881/513 706/879/511
f 690/881/513 691/883/478 707/882/514
f 691/883/478 692/885/477 708/884/515
f 692/885/477 693/888/518 709/886/516
f 705/880/512 706/879/511 665/857/491
f 706/879/511 707/882/514 666/859/493
f 707/882/514 708/884/515 667/861/495
f 708/884/515 709/886/516 668/887/517
f 693/888/518 694/890/520 710/889/519
f 694/890/520 695/892/522 711/891/521
f 695/892/522 696/894/524 712/893/523
f 696/894/524 697/896/526 713/895/525
f 709/886/516 710/889/519 673/862/496
f 710/889/519 711/891/521 678/867/500
f 711/891/521 712/893/523 683/872/505
f 712/893/523 713/895/525 688/877/510
f 697/896/526 698/898/528 714/897/527
f 698/898/528 699/900/530 715/899/529
f 699/900/530 700/902/531 716/901/455
f 700/902/531 701/904/533 717/903/532
f 713/895/525 714/897/527 687/876/509
f 714/897/527 715/899/529 686/875/508
f 715/899/529 716/901/455 685/873/506
f 716/901/455 717/903/532 684/874/507
f 701/904/533 702/906/535 718/905/534
f 702/906/535 703/908/537 719/907/536
f 703/908/537 704/910/539 720/909/538
f 704/910/539 689/878/480 705/880/512
f 717/903/532 718/905/534 679/869/502
f 718/905/534 719/907/536 674/864/498
f 719/907/536 720/909/538 669/856/490
f 720/909/538 705/880/512 664/854/488
f 721/911/540 726/914/548 727/912/541
f 722/914/433 727/916/541 728/915/542
f 723/916/543 728/918/542 729/917/544
f 724/918/545 729/944/544 730/919/546
f 726/913/548 731/912/445 732/920/441
f 727/912/541 732/915/441 733/922/549
f 728/915/542 733/917/549 734/923/443
f 729/917/544 734/919/443 735/924/444
f 731/921/445 736/920/553 737/925/550
f 732/920/441 737/922/550 738/927/551
f 733/922/549 738/923/551 739/928/552
f 734/923/443 739/924/552 740/929/449
f 736/926/553 741/925/481 742/930/451
f 737/925/550 742/927/451 743/932/554
f 738/927/551 743/928/554 744/933/555
f 739/928/552 744/929/555 745/934/454
f 721/935/540 722/938/433 747/936/556
f 722/938/433 723/940/543 748/939/558
f 723/940/543 724/942/545 749/941/559
f 724/942/545 725/945/547 750/943/560
f 746/937/557 747/936/556 763/914/561
f 747/936/556 748/939/558 764/916/563
f 748/939/558 749/941/559 765/918/564
f 749/941/559 750/943/560 766/944/464
f 725/945/547 730/947/546 751/946/565
f 730/947/546 735/949/444 752/948/566
f 735/949/444 740/951/449 753/950/567
f 740/951/449 745/953/454 754/952/468
f 750/943/560 751/946/565 767/919/568
f 751/946/565 752/948/566 768/924/569
f 752/948/566 753/950/567 769/929/570
f 753/950/567 754/952/468 770/934/472
f 745/953/454 744/955/555 755/954/571
f 744/955/555 743/957/554 756/956/572
f 743/957/554 742/959/451 757/958/511
f 742/959/451 741/961/481 758/960/573
f 754/952/468 755/954/571 771/933/477
f 755/954/571 756/956/572 772/932/478
f 756/956/572 757/958/511 773/930/574
f 757/958/511 758/960/573 774/931/480
f 741/961/481 736/963/553 759/962/575
f 736/963/553 731/965/445 760/964/576
f 731/965/445 726/967/548 761/966/577
f 726/967/548 721/935/540 746/937/557
f 758/960/573 759/962/575 775/926/578
f 759/962/575 760/964/576 776/921/486
f 760/964/576 761/966/577 777/913/579
f 761/966/577 746/937/557 762/911/562
f 778/968/580 779/971/583 784/969/581
f 779/971/583 780/973/585 785/972/584
f 780/973/585 781/975/495 786/974/586
f 781/975/495 782/1001/517 787/976/496
f 783/970/582 784/969/581 789/977/497
f 784/969/581 785/972/584 790/979/587
f 785/972/584 786/974/586 791/980/588
f 786/974/586 787/976/496 792/981/500
f 788/978/498 789/977/497 794/982/589
f 789/977/497 790/979/587 795/984/591
f 790/979/587 791/980/588 796/985/592
f 791/980/588 792/981/500 797/986/593
f 793/983/590 794/982/589 799/987/594
f 794/982/589 795/984/591 800/989/596
f 795/984/591 796/985/592 801/990/597
f 796/985/592 797/986/593 802/991/510
f 803/992/480 804/995/599 820/993/511
f 804/995/599 805/997/601 821/996/600
f 805/997/601 806/999/602 822/998/473
f 806/999/602 807/1002/603 823/1000/516
f 819/994/598 820/993/511 779/971/583
f 820/993/511 821/996/600 780/973/585
f 821/996/600 822/998/473 781/975/495
f 822/998/473 823/1000/516 782/1001/517
f 807/1002/603 808/1004/604 824/1003/519
f 808/1004/604 809/1006/522 825/1005/605
f 809/1006/522 810/1008/606 826/1007/565
f 810/1008/606 811/1010/464 827/1009/607
f 823/1000/516 824/1003/519 787/976/496
f 824/1003/519 825/1005/605 792/981/500
f 825/1005/605 826/1007/565 797/986/593
f 826/1007/565 827/1009/607 802/991/510
f 811/1010/464 812/1012/608 828/1011/458
f 812/1012/608 813/1014/610 829/1013/609
f 813/1014/610 814/1016/612 830/1015/611
f 814/1016/612 815/1018/461 831/1017/613
f 827/1009/607 828/1011/458 801/990/597
f 828/1011/458 829/1013/609 800/989/596
f 829/1013/609 830/1015/611 799/987/594
f 830/1015/611 831/1017/613 798/988/595
f 815/1018/461 816/1020/535 832/1019/614
f 816/1020/535 817/1022/486 833/1021/615
f 817/1022/486 818/1024/617 834/1023/616
f 818/1024/617 803/992/480 819/994/598
f 831/1017/613 832/1019/614 793/983/590
f 832/1019/614 833/1021/615 788/978/498
f 833/1021/615 834/1023/616 783/970/582
f 834/1023/616 819/994/598 778/968/580
f 1011/1025/17 1012/1477/17 1013/1026/17
f 858/1028/17 897/1178/17 1060/1029/17
f 1015/1031/17 1016/1478/17 1017/1032/17
f 1019/1034/17 1020/1479/17 1021/1035/17
f 862/1037/17 901/1184/17 1076/1038/17
f 1023/1040/17 1024/1480/17 1025/1041/17
f 876/1043/17 854/1167/17 893/1044/17
f 1027/1046/17 1028/1481/17 1029/1047/17
f 884/1049/17 848/1176/17 887/1050/17
f 1033/1052/17 1034/1482/17 1031/1053/17
f 860/1055/17 841/1483/17 842/1056/17
f 859/1058/17 898/1177/17 1059/1059/17
f 865/1061/17 851/1484/442 838/1062/618
f 908/1064/17 903/1179/17 1067/1065/17
f 868/1067/17 852/1159/17 891/1068/17
f 1035/1070/17 1036/1485/17 1037/1071/17
f 869/1073/17 850/1486/17 889/1074/17
f 1041/1076/17 1042/1487/17 1039/1077/17
f 872/1079/17 853/1163/17 892/1080/17
f 1043/1082/17 1044/1488/17 1045/1083/17
f 873/1085/17 849/1489/17 888/1086/17
f 1049/1088/17 1050/1490/17 1047/1089/17
f 864/1091/17 835/1491/17 836/1092/17
f 863/1094/17 902/1183/17 1075/1095/17
f 877/1097/17 856/1492/17 844/1098/17
f 944/1100/17 939/1185/17 1083/1101/17
f 880/1103/17 847/1172/17 886/1104/17
f 1051/1106/17 1052/1493/17 1053/1107/17
f 881/1109/17 855/1494/17 894/1110/17
f 1057/1112/17 1058/1495/17 1055/1113/17
f 865/1061/17 903/1179/17 904/1115/17
f 866/1116/17 906/1155/17 907/1117/17
f 867/1118/17 909/1156/17 910/1119/17
f 868/1067/17 912/1157/17 913/1121/17
f 869/1073/17 915/1181/17 916/1123/17
f 870/1124/17 918/1160/17 919/1125/17
f 871/1127/17 921/1161/17 922/1128/17
f 872/1079/17 924/1162/17 925/1130/17
f 873/1085/17 927/1182/17 928/1131/17
f 874/1132/17 930/1164/17 931/1133/17
f 875/1135/17 933/1165/17 934/1136/17
f 876/1043/17 936/1166/17 937/1138/17
f 877/1097/17 939/1185/17 940/1139/17
f 878/1140/17 942/1168/17 943/1141/17
f 879/1142/17 945/1169/17 946/1143/17
f 880/1103/17 948/1170/17 949/1145/17
f 881/1109/17 951/1187/17 952/1147/17
f 882/1148/17 954/1173/17 955/1149/17
f 883/1151/17 957/1174/17 958/1152/17
f 884/1049/17 960/1175/17 961/1154/17
f 889/1074/17 851/1484/442 865/1061/17
f 888/1086/17 850/1486/17 869/1073/17
f 887/1050/17 849/1489/17 873/1085/17
f 894/1110/17 856/1492/17 877/1097/17
f 893/1044/17 855/1494/17 881/1109/17
f 904/1115/17 903/1179/17 908/1064/17
f 906/1155/17 866/1116/17 911/1120/17
f 909/1156/17 867/1118/17 913/1121/17
f 868/1067/17 914/1122/17 890/1158/17
f 916/1123/17 915/1181/17 920/1126/17
f 918/1160/17 870/1124/17 923/1129/17
f 921/1161/17 871/1127/17 925/1130/17
f 872/1079/17 926/1069/17 891/1068/17
f 928/1131/17 927/1182/17 932/1134/17
f 930/1164/17 874/1132/17 935/1137/17
f 933/1165/17 875/1135/17 937/1138/17
f 876/1043/17 938/1081/17 892/1080/17
f 940/1139/17 939/1185/17 944/1100/17
f 942/1168/17 878/1140/17 947/1144/17
f 945/1169/17 879/1142/17 949/1145/17
f 880/1103/17 950/1146/17 885/1171/17
f 952/1147/17 951/1187/17 954/1173/17
f 956/1150/17 955/1149/17 957/1174/17
f 959/1153/17 958/1152/17 961/1154/17
f 884/1049/17 962/1105/17 886/1104/17
f 936/1166/17 876/1043/17 953/1045/17
f 934/1136/17 933/1165/17 882/1148/17
f 960/1175/17 884/1049/17 929/1051/17
f 883/1151/17 959/1153/17 931/1133/17
f 898/1177/17 860/1055/17 1063/1057/17
f 897/1178/17 859/1058/17 1064/1060/17
f 903/1179/17 865/1061/17 1069/1063/619
f 866/1116/17 908/1064/17 1070/1066/17
f 912/1157/17 868/1067/17 926/1069/17
f 910/1119/17 909/1156/17 871/1127/17
f 915/1181/17 869/1073/17 905/1075/17
f 870/1124/17 920/1126/17 907/1117/17
f 924/1162/17 872/1079/17 938/1081/17
f 922/1128/17 921/1161/17 875/1135/17
f 927/1182/17 873/1085/17 917/1087/17
f 874/1132/17 932/1134/17 919/1125/17
f 902/1183/17 864/1091/17 1079/1093/17
f 901/1184/17 863/1094/17 1080/1096/17
f 939/1185/17 877/1097/17 1085/1099/17
f 878/1140/17 944/1100/17 1086/1102/17
f 948/1170/17 880/1103/17 962/1105/17
f 946/1143/17 945/1169/17 958/1152/17
f 951/1187/17 881/1109/17 941/1111/17
f 955/1149/17 954/1173/17 943/1141/17
f 836/1188/11 835/1268/620 963/1189/620
f 837/1191/621 836/1496/11 964/1192/11
f 885/1194/279 837/1191/621 965/1193/622
f 839/1196/623 838/1232/632 966/1197/624
f 840/1199/625 839/1497/623 967/1200/14
f 895/1202/271 840/1199/625 968/1201/626
f 842/1204/15 841/1257/634 969/1205/627
f 843/1207/628 842/1498/15 970/1208/15
f 890/1210/287 843/1207/628 971/1209/629
f 845/1212/12 844/1246/633 972/1213/630
f 846/1215/631 845/1499/12 973/1216/12
f 899/1218/263 846/1215/631 974/1217/631
f 886/1220/279 847/1270/279 975/1221/279
f 887/1223/279 848/1271/279 976/1224/279
f 888/1226/279 849/1272/279 977/1227/279
f 889/1229/279 850/1273/279 978/1230/279
f 838/1232/632 851/1274/279 979/1233/279
f 891/1234/287 852/1275/287 980/1235/287
f 892/1237/287 853/1276/287 981/1238/287
f 893/1240/287 854/1277/287 982/1241/287
f 894/1243/287 855/1278/287 983/1244/287
f 844/1246/633 856/1279/287 984/1247/287
f 896/1248/271 857/1280/271 985/1249/271
f 897/1251/271 858/1281/271 986/1252/271
f 898/1254/271 859/1282/271 987/1255/271
f 841/1257/634 860/1283/271 988/1258/271
f 900/1259/263 861/1284/263 989/1260/263
f 901/1262/263 862/1285/263 990/1263/263
f 902/1265/263 863/1286/263 991/1266/263
f 835/1268/620 864/1287/263 992/1269/263
f 847/1270/279 885/1194/279 993/1195/279
f 848/1271/279 886/1220/279 994/1222/279
f 849/1272/279 887/1223/279 995/1225/279
f 850/1273/279 888/1226/279 996/1228/279
f 851/1274/279 889/1229/279 997/1231/279
f 852/1275/287 890/1210/287 998/1211/287
f 853/1276/287 891/1234/287 999/1236/287
f 854/1277/287 892/1237/287 1000/1239/287
f 855/1278/287 893/1240/287 1001/1242/287
f 856/1279/287 894/1243/287 1002/1245/287
f 857/1280/271 895/1202/271 1003/1203/271
f 858/1281/271 896/1248/271 1004/1250/271
f 859/1282/271 897/1251/271 1005/1253/271
f 860/1283/271 898/1254/271 1006/1256/271
f 861/1284/263 899/1218/263 1007/1219/263
f 862/1285/263 900/1259/263 1008/1261/263
f 863/1286/263 901/1262/263 1009/1264/263
f 864/1287/263 902/1265/263 1010/1267/263
f 930/1288/635 934/1500/635 1012/1289/635
f 934/1291/636 956/1501/637 1013/1292/636
f 956/1294/638 883/1502/638 1014/1295/638
f 883/1297/639 930/1503/639 1011/1298/639
f 906/1300/635 910/1504/635 1016/1301/635
f 910/1303/636 923/1505/637 1017/1304/636
f 923/1306/638 870/1506/638 1018/1307/638
f 870/1309/639 906/1507/639 1015/1310/639
f 918/1312/635 922/1508/635 1020/1313/635
f 922/1315/636 935/1509/636 1021/1316/636
f 935/1318/638 874/1510/638 1022/1319/638
f 874/1321/639 918/1511/639 1019/1322/639
f 942/1324/638 946/1512/638 1024/1325/638
f 946/1327/639 957/1513/639 1025/1328/639
f 957/1330/640 955/1514/640 1026/1331/640
f 955/1333/637 942/1515/637 1023/1334/637
f 933/1336/635 936/1516/635 1028/1337/635
f 936/1339/641 952/1517/641 1029/1340/641
f 952/1342/638 882/1518/638 1030/1343/638
f 882/1345/639 933/1519/639 1027/1346/639
f 928/1348/635 931/1520/635 1032/1349/635
f 931/1351/641 959/1521/641 1033/1352/641
f 959/1354/638 960/1522/638 1034/1355/638
f 960/1357/642 928/1523/643 1031/1358/642
f 909/1360/635 912/1524/635 1036/1361/635
f 912/1363/641 925/1525/641 1037/1364/641
f 925/1366/638 871/1526/638 1038/1367/638
f 871/1369/639 909/1527/639 1035/1370/639
f 904/1372/635 907/1528/635 1040/1373/635
f 907/1375/641 920/1529/641 1041/1376/641
f 920/1378/638 915/1530/638 1042/1379/638
f 915/1381/642 904/1531/643 1039/1382/642
f 921/1384/635 924/1532/635 1044/1385/635
f 924/1387/641 937/1533/641 1045/1388/641
f 937/1390/638 875/1534/638 1046/1391/638
f 875/1393/639 921/1535/639 1043/1394/639
f 916/1396/635 919/1536/635 1048/1397/635
f 919/1399/641 932/1537/641 1049/1400/641
f 932/1402/638 927/1538/638 1050/1403/638
f 927/1405/642 916/1539/642 1047/1406/642
f 945/1408/638 948/1540/638 1052/1409/638
f 948/1411/642 961/1541/643 1053/1412/642
f 961/1414/640 958/1542/640 1054/1415/640
f 958/1417/641 945/1543/641 1051/1418/641
f 940/1420/638 943/1544/638 1056/1421/638
f 943/1423/639 954/1545/639 1057/1424/639
f 954/1426/640 951/1546/640 1058/1427/640
f 951/1429/641 940/1547/641 1055/1430/641
f 1060/1029/17 1072/1437/17 1068/1180/17
f 1059/1059/17 1071/1436/17 1074/1432/17
f 1061/1433/17 857/1439/17 896/1434/17
f 1063/1057/17 1073/1440/17 1071/1436/17
f 1064/1060/17 1074/1432/17 1072/1437/17
f 1065/1438/619 895/1454/619 857/1439/17
f 1066/1435/17 896/1434/17 858/1028/17
f 1067/1065/17 1061/1433/17 1066/1435/17
f 1069/1063/619 1065/1438/619 1061/1433/17
f 1070/1066/17 1066/1435/17 1062/1030/17
f 1072/1437/17 911/1120/17 866/1116/17
f 1071/1436/17 913/1121/17 867/1118/17
f 1073/1440/17 914/1122/17 913/1121/17
f 1074/1432/17 867/1118/17 911/1120/17
f 1076/1038/17 1088/1446/17 1084/1186/17
f 1075/1095/17 1087/1445/17 1090/1441/17
f 1077/1442/17 861/1448/17 900/1443/17
f 1079/1093/17 1089/1449/17 1087/1445/17
f 1080/1096/17 1090/1441/17 1088/1446/17
f 1081/1447/17 899/1451/17 861/1448/17
f 1082/1444/17 900/1443/17 862/1037/17
f 1083/1101/17 1077/1442/17 1082/1444/17
f 1085/1099/17 1081/1447/17 1077/1442/17
f 1086/1102/17 1082/1444/17 1078/1039/17
f 1088/1446/17 947/1144/17 878/1140/17
f 1087/1445/17 949/1145/17 879/1142/17
f 1089/1449/17 950/1146/17 949/1145/17
f 1090/1441/17 879/1142/17 947/1144/17
f 845/1450/17 846/1548/17 899/1451/17
f 844/1098/17 845/1450/17 1081/1447/17
f 836/1092/17 837/1452/17 1089/1449/17
f 837/1452/17 885/1171/17 950/1146/17
f 839/1453/17 840/1549/587 895/1454/619
f 838/1062/618 839/1453/17 1065/1438/619
f 842/1056/17 843/1455/17 1073/1440/17
f 843/1455/17 890/1158/17 914/1122/17
f 54/1456/17 55/1550/17 56/1457/17
f 53/1459/17 54/1456/17 57/1458/17
f 51/1461/17 52/1463/17 59/1462/17
f 52/1463/17 53/1459/17 58/1460/17
