# Blender 5.2.0 LTS
# www.blender.org
mtllib Table.mtl
o Vintage_Furniture_Coffee_Table_OBJ
v 0.000000 53.973274 0.000004
v -74.863892 61.591347 38.813358
v -76.760620 61.598167 38.512928
v -78.471558 61.598167 37.641148
v -79.829346 61.598167 36.283329
v -80.701050 61.598167 34.572361
v -81.001465 61.598167 32.675816
v -77.100708 61.108131 38.853016
v -78.811646 61.108131 37.981236
v -80.169312 61.108131 36.623386
v -81.041138 61.108131 34.912449
v -81.341553 61.105934 33.015842
v -75.203979 61.105934 39.153339
v -80.726685 61.686676 32.400806
v -80.426147 61.693573 34.297428
v -79.554565 61.693573 36.008366
v -78.196655 61.693573 37.366215
v -76.485718 61.686676 38.237980
v -74.588989 61.679848 38.538380
v -80.621460 62.035866 32.295795
v -80.321045 62.035866 34.192341
v -79.449341 62.040604 35.903339
v -78.091431 62.035866 37.261112
v -76.380493 62.035866 38.132893
v -74.483887 62.030159 38.433292
v -79.951050 62.613991 31.894581
v -79.660156 62.616135 33.737553
v -78.814819 62.611099 35.401081
v -77.494751 62.612801 36.719349
v -75.830078 62.621071 37.563953
v -74.066650 62.618736 37.842411
v -80.176392 62.199844 32.046238
v -79.874146 62.207008 33.895405
v -79.021729 62.205643 35.565083
v -77.696167 62.206390 36.891148
v -76.029785 62.200287 37.745136
v -74.181641 62.201202 38.045399
v -81.432007 60.472984 33.106419
v -81.131714 60.479156 35.002995
v -80.259888 60.479156 36.713963
v -78.902222 60.479156 38.071781
v -77.191162 60.472984 38.943516
v -75.294556 60.467255 39.243916
v -74.863892 59.328644 38.813358
v -76.760620 59.335503 38.512928
v -78.471558 59.335503 37.641148
v -79.829346 59.341049 36.283329
v -80.701050 59.335503 34.572361
v -81.001465 59.335503 32.675816
v -77.100708 59.839439 38.853016
v -78.811646 59.844284 37.981236
v -80.169312 59.844284 36.623386
v -81.041138 59.839439 34.912449
v -81.341553 59.839439 33.015842
v -75.203979 59.831482 39.153339
v -80.726685 59.231773 32.400806
v -80.426147 59.231773 34.297428
v -79.554565 59.231773 36.008366
v -78.196655 59.231773 37.366215
v -76.485718 59.231773 38.237980
v -74.588989 59.226013 38.538380
v -80.621460 58.793434 32.295795
v -80.321045 58.797005 34.192341
v -79.449341 58.797005 35.903339
v -78.091431 58.797005 37.261112
v -76.380493 58.793434 38.132893
v -74.483887 58.787666 38.433292
v -78.630249 54.557999 31.126316
v -78.357788 54.555290 32.864231
v -77.557983 54.559547 34.437809
v -76.309570 54.559998 35.685581
v -74.735474 54.554558 36.486225
v -73.071167 54.562557 36.747456
v -73.286255 55.451088 36.667301
v -73.560059 56.426319 36.821323
v -73.856323 57.369946 37.170689
v -74.154175 58.152592 37.692661
v -74.907715 55.475933 36.409214
v -75.181763 56.445015 36.559086
v -75.520142 57.380535 36.893589
v -75.896362 58.138264 37.387135
v -76.404907 55.500484 35.657887
v -76.649780 56.466820 35.819065
v -77.003296 57.376575 36.128147
v -77.438599 58.112270 36.562199
v -77.590942 55.514156 34.478321
v -77.815308 56.476486 34.659580
v -78.185913 57.379978 34.947330
v -78.674438 58.108665 35.319324
v -78.344727 55.491081 32.983051
v -78.555542 56.459152 33.189686
v -78.941040 57.371849 33.455006
v -79.473511 58.111355 33.759007
v -78.614136 55.481125 31.303486
v -78.832031 56.447090 31.525028
v -79.235962 57.378647 31.765736
v -79.798096 58.136356 32.008167
v -78.049683 53.949276 30.970020
v -72.698120 53.944607 36.379429
v -74.301880 53.942291 36.126194
v -75.815796 53.952644 35.358021
v -77.016235 53.954315 34.159046
v -77.785034 53.949356 32.646183
v -77.096069 53.973259 23.301319
v -77.296997 53.945450 28.449406
v -77.179321 53.946945 31.794224
v -76.853149 53.947399 33.214283
v -76.130493 53.947151 34.409367
v -74.979736 53.943920 35.157597
v -73.518677 53.940254 35.463032
v -70.173340 53.943077 35.579060
v -65.023804 53.973263 35.375858
v -78.049927 53.969006 24.639332
v -68.527466 53.951305 36.379429
v -70.643188 0.000002 30.982201
v -72.703369 0.000002 28.922127
v -72.525757 0.000002 31.165779
v -72.886841 0.000002 30.804634
v -72.920898 0.000002 29.966484
v -71.687622 0.000002 31.199821
v -71.618774 28.957567 34.261143
v -72.444458 33.439564 35.659153
v -72.449951 37.811398 36.503574
v -71.555664 42.234322 36.832630
v -69.876709 46.231800 36.651173
v -67.560181 50.147427 36.087803
v -77.853516 50.147427 25.998142
v -78.418579 46.231800 28.349125
v -78.557495 42.234322 29.883442
v -78.225342 37.811398 30.731634
v -77.375000 33.439564 30.723394
v -75.970459 28.957567 29.890722
v -78.453003 50.147427 30.586292
v -79.372070 46.231804 32.421314
v -79.719727 42.234322 33.512882
v -79.448364 37.811398 33.872837
v -78.537964 33.439560 33.427326
v -76.959961 28.957567 32.210911
v -77.175537 28.957571 34.288654
v -78.814575 33.439564 35.764484
v -79.729126 37.811398 36.432514
v -79.966553 42.234325 36.297688
v -79.542114 46.231800 35.402027
v -78.503296 50.147430 33.765720
v -75.471802 50.147427 36.772556
v -77.112671 46.231804 37.816105
v -78.018555 42.234325 38.245686
v -78.153687 37.811398 38.007862
v -77.489502 33.439560 37.097446
v -76.016724 28.957571 35.461475
v -72.262695 50.147427 36.707737
v -74.096802 46.231804 37.628056
v -75.228638 42.234325 37.996937
v -75.594116 37.811398 37.727024
v -75.151123 33.439560 36.822330
v -73.941040 28.957567 35.250568
v -77.813965 50.147427 36.092854
v -79.128540 46.231800 37.407383
v -79.729248 42.234322 38.008076
v -79.635132 37.811401 37.913944
v -78.820679 33.439560 37.099430
v -77.244751 28.957567 35.523640
v -72.851318 0.000002 31.120720
v -69.437134 4.657210 30.141869
v -68.597900 9.538002 29.654137
v -68.371338 14.451862 29.777868
v -68.934937 19.314686 30.699087
v -70.175537 24.117271 32.325417
v -71.863037 4.657121 27.716026
v -71.375244 9.538000 26.876732
v -71.499023 14.451862 26.650213
v -72.420166 19.314686 27.213827
v -74.046509 24.117271 28.454443
v -72.092285 4.658148 28.865074
v -71.639160 9.538004 28.134575
v -71.853271 14.451864 28.065390
v -72.941162 19.314688 28.857382
v -74.809937 24.117273 30.412817
v -72.157715 4.657638 29.951897
v -71.708984 9.538004 29.365868
v -71.904175 14.451864 29.421179
v -73.014893 19.314690 30.395102
v -74.963013 24.117275 32.215736
v -75.023560 24.117273 33.302910
v -73.066650 19.314690 31.346533
v -71.935791 14.451864 30.215597
v -71.695068 9.538004 29.973167
v -72.110596 4.658207 30.385216
v -71.660645 4.657655 30.426689
v -71.071899 9.538004 29.975777
v -71.130981 14.451864 30.174032
v -72.111938 19.314688 31.290457
v -73.937256 24.117273 33.242226
v -70.587402 4.658267 30.372169
v -69.857300 9.538002 29.919075
v -69.787720 14.451862 30.133001
v -70.578979 19.314688 31.220312
v -72.134033 24.117273 33.088783
v -76.801025 50.147427 36.637714
v -78.266968 46.231800 37.794239
v -79.003540 42.234325 38.289097
v -79.011841 37.811398 38.105076
v -78.266968 33.439560 37.229404
v -76.740234 28.957567 35.610981
v -74.581299 24.117275 33.374443
v -72.678223 19.314688 31.404821
v -71.451904 14.451864 30.190603
v -71.348755 9.538004 29.974617
v -71.773193 4.657928 30.416252
v -72.607300 0.000002 31.154503
v -78.347046 50.147430 35.046574
v -79.507935 46.231804 36.515446
v -80.001587 42.234322 37.248402
v -79.821167 37.811398 37.260609
v -78.946167 33.439564 36.518192
v -77.326782 28.957567 34.992405
v -75.093384 24.117273 32.839928
v -73.125732 19.314688 30.942526
v -71.917969 14.451864 29.766516
v -71.703125 9.538004 29.618965
v -72.144897 4.657899 30.070595
v -72.877075 0.000002 30.891182
v -67.564087 53.973263 25.871052
v -69.458862 50.147427 27.821217
v -71.153076 46.231800 29.529957
v -72.321045 42.234322 30.644672
v -72.888550 37.811398 31.188391
v -72.743896 33.439564 31.042929
v -71.918945 28.957567 30.215536
v -70.548828 24.117271 28.840506
v -69.426636 19.314686 27.715582
v -68.999146 14.451862 27.285574
v -69.368774 9.538002 27.652657
v -70.348389 4.657166 28.629753
v -71.673218 0.000002 29.952171
v 74.863892 61.591347 38.813358
v 76.760620 61.598167 38.512928
v 78.471558 61.598167 37.641148
v 79.829346 61.598167 36.283329
v 80.701050 61.598167 34.572361
v 81.001465 61.598167 32.675816
v 77.100708 61.108131 38.853016
v 78.811646 61.108131 37.981236
v 80.169312 61.108131 36.623386
v 81.041138 61.108131 34.912449
v 81.341553 61.105934 33.015842
v 75.203979 61.105934 39.153339
v 80.726685 61.686676 32.400806
v 80.426147 61.693573 34.297428
v 79.554565 61.693573 36.008366
v 78.196655 61.693573 37.366215
v 76.485718 61.686676 38.237980
v 74.588989 61.679848 38.538380
v 80.621460 62.035866 32.295795
v 80.321045 62.035866 34.192341
v 79.449341 62.040604 35.903339
v 78.091431 62.035866 37.261112
v 76.380493 62.035866 38.132893
v 74.483887 62.030159 38.433292
v 79.951050 62.613991 31.894581
v 79.660156 62.616135 33.737553
v 78.814819 62.611099 35.401081
v 77.494751 62.612801 36.719349
v 75.830078 62.621071 37.563953
v 74.066650 62.618736 37.842411
v 80.176392 62.199844 32.046238
v 79.874146 62.207008 33.895405
v 79.021729 62.205643 35.565083
v 77.696167 62.206390 36.891148
v 76.029785 62.200287 37.745136
v 74.181641 62.201202 38.045399
v 81.432007 60.472984 33.106419
v 81.131714 60.479156 35.002995
v 80.259888 60.479156 36.713963
v 78.902222 60.479156 38.071781
v 77.191162 60.472984 38.943516
v 75.294556 60.467255 39.243916
v 74.863892 59.328644 38.813358
v 76.760620 59.335503 38.512928
v 78.471558 59.335503 37.641148
v 79.829346 59.341049 36.283329
v 80.701050 59.335503 34.572361
v 81.001465 59.335503 32.675816
v 77.100708 59.839439 38.853016
v 78.811646 59.844284 37.981236
v 80.169312 59.844284 36.623386
v 81.041138 59.839439 34.912449
v 81.341553 59.839439 33.015842
v 75.203979 59.831482 39.153339
v 80.726685 59.231773 32.400806
v 80.426147 59.231773 34.297428
v 79.554565 59.231773 36.008366
v 78.196655 59.231773 37.366215
v 76.485718 59.231773 38.237980
v 74.588989 59.226013 38.538380
v 80.621460 58.793434 32.295795
v 80.321045 58.797005 34.192341
v 79.449341 58.797005 35.903339
v 78.091431 58.797005 37.261112
v 76.380493 58.793434 38.132893
v 74.483887 58.787666 38.433292
v 78.630249 54.557999 31.126316
v 78.357788 54.555290 32.864231
v 77.557983 54.559547 34.437809
v 76.309570 54.559998 35.685581
v 74.735474 54.554558 36.486225
v 73.071167 54.562557 36.747456
v 73.286255 55.451088 36.667301
v 73.560059 56.426319 36.821323
v 73.856323 57.369946 37.170689
v 74.154175 58.152592 37.692661
v 74.907715 55.475933 36.409214
v 75.181763 56.445015 36.559086
v 75.520142 57.380535 36.893589
v 75.896362 58.138264 37.387135
v 76.404907 55.500484 35.657887
v 76.649780 56.466820 35.819065
v 77.003296 57.376575 36.128147
v 77.438599 58.112270 36.562199
v 77.590942 55.514156 34.478321
v 77.815308 56.476486 34.659580
v 78.185913 57.379978 34.947330
v 78.674438 58.108665 35.319324
v 78.344727 55.491081 32.983051
v 78.555542 56.459152 33.189686
v 78.941040 57.371849 33.455006
v 79.473511 58.111355 33.759007
v 78.614136 55.481125 31.303486
v 78.832031 56.447090 31.525028
v 79.235962 57.378647 31.765736
v 79.798096 58.136356 32.008167
v 78.049683 53.949276 30.970020
v 72.698120 53.944607 36.379429
v 74.301880 53.942291 36.126194
v 75.815796 53.952644 35.358021
v 77.016235 53.954315 34.159046
v 77.785034 53.949356 32.646183
v 77.096069 53.973259 23.301319
v 77.296997 53.945450 28.449406
v 77.179321 53.946945 31.794224
v 76.853149 53.947399 33.214283
v 76.130493 53.947151 34.409367
v 74.979736 53.943920 35.157597
v 73.518677 53.940254 35.463032
v 70.173340 53.943077 35.579060
v 65.023804 53.973263 35.375858
v 78.049927 53.969006 24.639332
v 68.527466 53.951305 36.379429
v 67.564087 53.973263 25.871052
v -74.863892 61.591339 -38.813370
v -76.760620 61.598160 -38.512939
v -78.471558 61.598160 -37.641159
v -79.829346 61.598160 -36.283340
v -80.701050 61.598160 -34.572372
v -81.001465 61.598160 -32.675827
v -77.100708 61.108124 -38.853027
v -78.811646 61.108124 -37.981247
v -80.169312 61.108124 -36.623398
v -81.041138 61.108124 -34.912460
v -81.341553 61.105927 -33.015854
v -75.203979 61.105927 -39.153351
v -80.726685 61.686668 -32.400818
v -80.426147 61.693565 -34.297440
v -79.554565 61.693565 -36.008377
v -78.196655 61.693565 -37.366226
v -76.485718 61.686668 -38.237991
v -74.588989 61.679840 -38.538391
v -80.621460 62.035858 -32.295807
v -80.321045 62.035858 -34.192352
v -79.449341 62.040596 -35.903351
v -78.091431 62.035858 -37.261124
v -76.380493 62.035858 -38.132904
v -74.483887 62.030151 -38.433304
v -79.951050 62.613983 -31.894592
v -79.660156 62.616127 -33.737564
v -78.814819 62.611092 -35.401093
v -77.494751 62.612793 -36.719360
v -75.830078 62.621063 -37.563965
v -74.066650 62.618729 -37.842422
v -80.176392 62.199837 -32.046249
v -79.874146 62.207001 -33.895416
v -79.021729 62.205635 -35.565094
v -77.696167 62.206383 -36.891159
v -76.029785 62.200279 -37.745148
v -74.181641 62.201195 -38.045410
v -81.432007 60.472977 -33.106430
v -81.131714 60.479149 -35.003006
v -80.259888 60.479149 -36.713974
v -78.902222 60.479149 -38.071793
v -77.191162 60.472977 -38.943527
v -75.294556 60.467247 -39.243927
v -74.863892 59.328636 -38.813370
v -76.760620 59.335495 -38.512939
v -78.471558 59.335495 -37.641159
v -79.829346 59.341042 -36.283340
v -80.701050 59.335495 -34.572372
v -81.001465 59.335495 -32.675827
v -77.100708 59.839432 -38.853027
v -78.811646 59.844276 -37.981247
v -80.169312 59.844276 -36.623398
v -81.041138 59.839432 -34.912460
v -81.341553 59.839432 -33.015854
v -75.203979 59.831474 -39.153351
v -80.726685 59.231766 -32.400818
v -80.426147 59.231766 -34.297440
v -79.554565 59.231766 -36.008377
v -78.196655 59.231766 -37.366226
v -76.485718 59.231766 -38.237991
v -74.588989 59.226006 -38.538391
v -80.621460 58.793427 -32.295807
v -80.321045 58.796997 -34.192352
v -79.449341 58.796997 -35.903351
v -78.091431 58.796997 -37.261124
v -76.380493 58.793427 -38.132904
v -74.483887 58.787659 -38.433304
v -78.630249 54.557991 -31.126328
v -78.357788 54.555283 -32.864243
v -77.557983 54.559540 -34.437820
v -76.309570 54.559990 -35.685593
v -74.735474 54.554550 -36.486237
v -73.071167 54.562550 -36.747467
v -73.286255 55.451080 -36.667313
v -73.560059 56.426311 -36.821335
v -73.856323 57.369938 -37.170700
v -74.154175 58.152584 -37.692673
v -74.907715 55.475925 -36.409225
v -75.181763 56.445007 -36.559097
v -75.520142 57.380527 -36.893600
v -75.896362 58.138256 -37.387146
v -76.404907 55.500477 -35.657898
v -76.649780 56.466812 -35.819077
v -77.003296 57.376568 -36.128159
v -77.438599 58.112263 -36.562210
v -77.590942 55.514149 -34.478333
v -77.815308 56.476479 -34.659592
v -78.185913 57.379971 -34.947342
v -78.674438 58.108658 -35.319336
v -78.344727 55.491074 -32.983063
v -78.555542 56.459145 -33.189697
v -78.941040 57.371841 -33.455017
v -79.473511 58.111347 -33.759018
v -78.614136 55.481117 -31.303497
v -78.832031 56.447083 -31.525040
v -79.235962 57.378639 -31.765747
v -79.798096 58.136349 -32.008179
v -78.049683 53.949268 -30.970032
v -72.698120 53.944599 -36.379440
v -74.301880 53.942284 -36.126205
v -75.815796 53.952637 -35.358032
v -77.016235 53.954308 -34.159058
v -77.785034 53.949348 -32.646194
v -77.096069 53.973259 -23.301327
v -77.296997 53.945442 -28.449413
v -77.179321 53.946938 -31.794231
v -76.853149 53.947392 -33.214291
v -76.130493 53.947144 -34.409374
v -74.979736 53.943913 -35.157604
v -73.518677 53.940247 -35.463039
v -70.173340 53.943069 -35.579067
v -65.023804 53.973255 -35.375866
v -78.049927 53.969006 -24.639343
v -68.527466 53.951298 -36.379440
v -67.564087 53.973255 -25.871059
v 74.863892 61.591339 -38.813370
v 76.760620 61.598160 -38.512939
v 78.471558 61.598160 -37.641159
v 79.829346 61.598160 -36.283340
v 80.701050 61.598160 -34.572372
v 81.001465 61.598160 -32.675827
v 77.100708 61.108124 -38.853027
v 78.811646 61.108124 -37.981247
v 80.169312 61.108124 -36.623398
v 81.041138 61.108124 -34.912460
v 81.341553 61.105927 -33.015854
v 75.203979 61.105927 -39.153351
v 80.726685 61.686668 -32.400818
v 80.426147 61.693565 -34.297440
v 79.554565 61.693565 -36.008377
v 78.196655 61.693565 -37.366226
v 76.485718 61.686668 -38.237991
v 74.588989 61.679840 -38.538391
v 80.621460 62.035858 -32.295807
v 80.321045 62.035858 -34.192352
v 79.449341 62.040596 -35.903351
v 78.091431 62.035858 -37.261124
v 76.380493 62.035858 -38.132904
v 74.483887 62.030151 -38.433304
v 79.951050 62.613983 -31.894592
v 79.660156 62.616127 -33.737564
v 78.814819 62.611092 -35.401093
v 77.494751 62.612793 -36.719360
v 75.830078 62.621063 -37.563965
v 74.066650 62.618729 -37.842422
v 80.176392 62.199837 -32.046249
v 79.874146 62.207001 -33.895416
v 79.021729 62.205635 -35.565094
v 77.696167 62.206383 -36.891159
v 76.029785 62.200279 -37.745148
v 74.181641 62.201195 -38.045410
v 81.432007 60.472977 -33.106430
v 81.131714 60.479149 -35.003006
v 80.259888 60.479149 -36.713974
v 78.902222 60.479149 -38.071793
v 77.191162 60.472977 -38.943527
v 75.294556 60.467247 -39.243927
v 74.863892 59.328636 -38.813370
v 76.760620 59.335495 -38.512939
v 78.471558 59.335495 -37.641159
v 79.829346 59.341042 -36.283340
v 80.701050 59.335495 -34.572372
v 81.001465 59.335495 -32.675827
v 77.100708 59.839432 -38.853027
v 78.811646 59.844276 -37.981247
v 80.169312 59.844276 -36.623398
v 81.041138 59.839432 -34.912460
v 81.341553 59.839432 -33.015854
v 75.203979 59.831474 -39.153351
v 80.726685 59.231766 -32.400818
v 80.426147 59.231766 -34.297440
v 79.554565 59.231766 -36.008377
v 78.196655 59.231766 -37.366226
v 76.485718 59.231766 -38.237991
v 74.588989 59.226006 -38.538391
v 80.621460 58.793427 -32.295807
v 80.321045 58.796997 -34.192352
v 79.449341 58.796997 -35.903351
v 78.091431 58.796997 -37.261124
v 76.380493 58.793427 -38.132904
v 74.483887 58.787659 -38.433304
v 78.630249 54.557991 -31.126328
v 78.357788 54.555283 -32.864243
v 77.557983 54.559540 -34.437820
v 76.309570 54.559990 -35.685593
v 74.735474 54.554550 -36.486237
v 73.071167 54.562550 -36.747467
v 73.286255 55.451080 -36.667313
v 73.560059 56.426311 -36.821335
v 73.856323 57.369938 -37.170700
v 74.154175 58.152584 -37.692673
v 74.907715 55.475925 -36.409225
v 75.181763 56.445007 -36.559097
v 75.520142 57.380527 -36.893600
v 75.896362 58.138256 -37.387146
v 76.404907 55.500477 -35.657898
v 76.649780 56.466812 -35.819077
v 77.003296 57.376568 -36.128159
v 77.438599 58.112263 -36.562210
v 77.590942 55.514149 -34.478333
v 77.815308 56.476479 -34.659592
v 78.185913 57.379971 -34.947342
v 78.674438 58.108658 -35.319336
v 78.344727 55.491074 -32.983063
v 78.555542 56.459145 -33.189697
v 78.941040 57.371841 -33.455017
v 79.473511 58.111347 -33.759018
v 78.614136 55.481117 -31.303497
v 78.832031 56.447083 -31.525040
v 79.235962 57.378639 -31.765747
v 79.798096 58.136349 -32.008179
v 78.049683 53.949268 -30.970032
v 72.698120 53.944599 -36.379440
v 74.301880 53.942284 -36.126205
v 75.815796 53.952637 -35.358032
v 77.016235 53.954308 -34.159058
v 77.785034 53.949348 -32.646194
v 77.096069 53.973259 -23.301327
v 77.296997 53.945442 -28.449413
v 77.179321 53.946938 -31.794231
v 76.853149 53.947392 -33.214291
v 76.130493 53.947144 -34.409374
v 74.979736 53.943913 -35.157604
v 73.518677 53.940247 -35.463039
v 70.173340 53.943069 -35.579067
v 65.023804 53.973255 -35.375866
v 78.049927 53.969006 -24.639343
v 68.527466 53.951298 -36.379440
v 67.564087 53.973255 -25.871059
v 69.458862 50.147427 27.821217
v 77.853516 50.147427 25.998142
v 71.153076 46.231800 29.529957
v 78.418579 46.231800 28.349125
v 72.321045 42.234322 30.644672
v 78.557495 42.234322 29.883442
v 72.888550 37.811398 31.188391
v 78.225342 37.811398 30.731634
v 72.743896 33.439564 31.042929
v 77.375000 33.439564 30.723394
v 71.918945 28.957567 30.215536
v 75.970459 28.957567 29.890722
v 76.801025 50.147427 36.637714
v 75.471802 50.147427 36.772556
v 78.266968 46.231800 37.794239
v 77.112671 46.231804 37.816105
v 79.003540 42.234325 38.289097
v 78.018555 42.234325 38.245686
v 79.011841 37.811398 38.105076
v 78.153687 37.811398 38.007862
v 78.266968 33.439560 37.229404
v 77.489502 33.439560 37.097446
v 76.740234 28.957567 35.610981
v 76.016724 28.957571 35.461475
v 76.959961 28.957567 32.210911
v 78.537964 33.439560 33.427326
v 79.448364 37.811398 33.872837
v 79.719727 42.234322 33.512882
v 79.372070 46.231804 32.421314
v 78.453003 50.147427 30.586292
v 78.503296 50.147430 33.765720
v 79.542114 46.231800 35.402027
v 79.966553 42.234325 36.297688
v 79.729126 37.811398 36.432514
v 78.814575 33.439564 35.764484
v 77.175537 28.957571 34.288654
v 73.941040 28.957567 35.250568
v 75.151123 33.439560 36.822330
v 75.594116 37.811398 37.727024
v 75.228638 42.234325 37.996937
v 74.096802 46.231804 37.628056
v 72.262695 50.147427 36.707737
v 71.618774 28.957567 34.261143
v 72.444458 33.439564 35.659153
v 72.449951 37.811398 36.503574
v 71.555664 42.234322 36.832630
v 69.876709 46.231800 36.651173
v 67.560181 50.147427 36.087803
v 78.347046 50.147430 35.046574
v 77.813965 50.147427 36.092854
v 79.507935 46.231804 36.515446
v 79.128540 46.231800 37.407383
v 80.001587 42.234322 37.248402
v 79.729248 42.234322 38.008076
v 79.821167 37.811398 37.260609
v 79.635132 37.811401 37.913944
v 78.946167 33.439564 36.518192
v 78.820679 33.439560 37.099430
v 77.326782 28.957567 34.992405
v 77.244751 28.957567 35.523640
v 75.093384 24.117273 32.839928
v 73.125732 19.314688 30.942526
v 73.066650 19.314690 31.346533
v 75.023560 24.117273 33.302910
v 71.917969 14.451864 29.766516
v 71.935791 14.451864 30.215597
v 71.703125 9.538004 29.618965
v 71.695068 9.538004 29.973167
v 72.144897 4.657899 30.070595
v 72.110596 4.658207 30.385216
v 70.348389 4.657166 28.629753
v 71.673218 0.000002 29.952171
v 72.703369 0.000002 28.922127
v 71.863037 4.657121 27.716026
v 72.092285 4.658148 28.865074
v 72.920898 0.000002 29.966484
v 72.886841 0.000002 30.804634
v 72.157715 4.657638 29.951897
v 71.660645 4.657655 30.426689
v 71.773193 4.657928 30.416252
v 72.607300 0.000002 31.154503
v 72.525757 0.000002 31.165779
v 70.587402 4.658267 30.372169
v 71.687622 0.000002 31.199821
v 70.643188 0.000002 30.982201
v 69.437134 4.657210 30.141869
v 70.548828 24.117271 28.840506
v 74.046509 24.117271 28.454443
v 74.809937 24.117273 30.412817
v 74.963013 24.117275 32.215736
v 74.581299 24.117275 33.374443
v 73.937256 24.117273 33.242226
v 72.134033 24.117273 33.088783
v 70.175537 24.117271 32.325417
v 72.851318 0.000002 31.120720
v 72.877075 0.000002 30.891182
v 68.934937 19.314686 30.699087
v 70.578979 19.314688 31.220312
v 68.371338 14.451862 29.777868
v 69.787720 14.451862 30.133001
v 68.597900 9.538002 29.654137
v 69.857300 9.538002 29.919075
v 69.426636 19.314686 27.715582
v 72.420166 19.314686 27.213827
v 68.999146 14.451862 27.285574
v 71.499023 14.451862 26.650213
v 69.368774 9.538002 27.652657
v 71.375244 9.538000 26.876732
v 72.941162 19.314688 28.857382
v 71.853271 14.451864 28.065390
v 71.639160 9.538004 28.134575
v 73.014893 19.314690 30.395102
v 71.904175 14.451864 29.421179
v 71.708984 9.538004 29.365868
v 72.678223 19.314688 31.404821
v 72.111938 19.314688 31.290457
v 71.451904 14.451864 30.190603
v 71.130981 14.451864 30.174032
v 71.348755 9.538004 29.974617
v 71.071899 9.538004 29.975777
v -69.458862 50.147419 -27.821224
v -77.853516 50.147419 -25.998150
v -71.153076 46.231792 -29.529964
v -78.418579 46.231792 -28.349133
v -72.321045 42.234314 -30.644680
v -78.557495 42.234314 -29.883450
v -72.888550 37.811390 -31.188395
v -78.225342 37.811390 -30.731638
v -72.743896 33.439556 -31.042933
v -77.375000 33.439556 -30.723398
v -71.918945 28.957563 -30.215540
v -75.970459 28.957563 -29.890726
v -76.801025 50.147419 -36.637722
v -75.471802 50.147419 -36.772564
v -78.266968 46.231792 -37.794247
v -77.112671 46.231796 -37.816113
v -79.003540 42.234318 -38.289104
v -78.018555 42.234318 -38.245693
v -79.011841 37.811390 -38.105083
v -78.153687 37.811390 -38.007870
v -78.266968 33.439552 -37.229412
v -77.489502 33.439552 -37.097454
v -76.740234 28.957563 -35.610989
v -76.016724 28.957567 -35.461483
v -76.959961 28.957563 -32.210918
v -78.537964 33.439552 -33.427334
v -79.448364 37.811390 -33.872845
v -79.719727 42.234314 -33.512890
v -79.372070 46.231796 -32.421322
v -78.453003 50.147419 -30.586300
v -78.503296 50.147423 -33.765728
v -79.542114 46.231792 -35.402035
v -79.966553 42.234318 -36.297695
v -79.729126 37.811390 -36.432522
v -78.814575 33.439556 -35.764492
v -77.175537 28.957567 -34.288662
v -73.941040 28.957563 -35.250576
v -75.151123 33.439552 -36.822338
v -75.594116 37.811390 -37.727032
v -75.228638 42.234318 -37.996944
v -74.096802 46.231796 -37.628063
v -72.262695 50.147419 -36.707745
v -71.618774 28.957563 -34.261150
v -72.444458 33.439556 -35.659161
v -72.449951 37.811390 -36.503582
v -71.555664 42.234314 -36.832638
v -69.876709 46.231792 -36.651180
v -67.560181 50.147419 -36.087811
v -78.347046 50.147423 -35.046581
v -77.813965 50.147419 -36.092861
v -79.507935 46.231796 -36.515453
v -79.128540 46.231792 -37.407391
v -80.001587 42.234314 -37.248409
v -79.729248 42.234314 -38.008083
v -79.821167 37.811390 -37.260616
v -79.635132 37.811394 -37.913952
v -78.946167 33.439556 -36.518200
v -78.820679 33.439552 -37.099438
v -77.326782 28.957563 -34.992413
v -77.244751 28.957563 -35.523647
v -75.093384 24.117270 -32.839928
v -73.125732 19.314684 -30.942530
v -73.066650 19.314686 -31.346537
v -75.023560 24.117270 -33.302910
v -71.917969 14.451860 -29.766520
v -71.935791 14.451860 -30.215601
v -71.703125 9.538000 -29.618965
v -71.695068 9.538000 -29.973167
v -72.144897 4.657895 -30.070595
v -72.110596 4.658203 -30.385216
v -70.348389 4.657162 -28.629753
v -71.673218 -0.000002 -29.952171
v -72.703369 -0.000002 -28.922127
v -71.863037 4.657117 -27.716026
v -72.092285 4.658144 -28.865074
v -72.920898 -0.000002 -29.966484
v -72.886841 -0.000002 -30.804634
v -72.157715 4.657633 -29.951897
v -71.660645 4.657650 -30.426689
v -71.773193 4.657923 -30.416252
v -72.607300 -0.000002 -31.154503
v -72.525757 -0.000002 -31.165779
v -70.587402 4.658263 -30.372169
v -71.687622 -0.000002 -31.199821
v -70.643188 -0.000002 -30.982201
v -69.437134 4.657206 -30.141869
v -70.548828 24.117268 -28.840509
v -74.046509 24.117268 -28.454447
v -74.809937 24.117270 -30.412821
v -74.963013 24.117271 -32.215736
v -74.581299 24.117271 -33.374443
v -73.937256 24.117270 -33.242226
v -72.134033 24.117270 -33.088783
v -70.175537 24.117268 -32.325417
v -72.851318 -0.000002 -31.120720
v -72.877075 -0.000002 -30.891182
v -68.934937 19.314682 -30.699091
v -70.578979 19.314684 -31.220316
v -68.371338 14.451859 -29.777872
v -69.787720 14.451859 -30.133005
v -68.597900 9.537998 -29.654137
v -69.857300 9.537998 -29.919075
v -69.426636 19.314682 -27.715586
v -72.420166 19.314682 -27.213831
v -68.999146 14.451859 -27.285578
v -71.499023 14.451859 -26.650217
v -69.368774 9.537998 -27.652657
v -71.375244 9.537996 -26.876732
v -72.941162 19.314684 -28.857386
v -71.853271 14.451860 -28.065393
v -71.639160 9.538000 -28.134575
v -73.014893 19.314686 -30.395105
v -71.904175 14.451860 -29.421183
v -71.708984 9.538000 -29.365868
v -72.678223 19.314684 -31.404825
v -72.111938 19.314684 -31.290461
v -71.451904 14.451860 -30.190607
v -71.130981 14.451860 -30.174036
v -71.348755 9.538000 -29.974617
v -71.071899 9.538000 -29.975777
v 77.853516 50.147419 -25.998150
v 69.458862 50.147419 -27.821224
v 78.418579 46.231792 -28.349133
v 71.153076 46.231792 -29.529964
v 78.557495 42.234314 -29.883450
v 72.321045 42.234314 -30.644680
v 78.225342 37.811390 -30.731638
v 72.888550 37.811390 -31.188395
v 77.375000 33.439556 -30.723398
v 72.743896 33.439556 -31.042933
v 75.970459 28.957563 -29.890726
v 71.918945 28.957563 -30.215540
v 75.471802 50.147419 -36.772564
v 76.801025 50.147419 -36.637722
v 77.112671 46.231796 -37.816113
v 78.266968 46.231792 -37.794247
v 78.018555 42.234318 -38.245693
v 79.003540 42.234318 -38.289104
v 78.153687 37.811390 -38.007870
v 79.011841 37.811390 -38.105083
v 77.489502 33.439552 -37.097454
v 78.266968 33.439552 -37.229412
v 76.016724 28.957567 -35.461483
v 76.740234 28.957563 -35.610989
v 78.537964 33.439552 -33.427334
v 76.959961 28.957563 -32.210918
v 79.448364 37.811390 -33.872845
v 79.719727 42.234314 -33.512890
v 79.372070 46.231796 -32.421322
v 78.453003 50.147419 -30.586300
v 78.503296 50.147423 -33.765728
v 79.542114 46.231792 -35.402035
v 79.966553 42.234318 -36.297695
v 79.729126 37.811390 -36.432522
v 78.814575 33.439556 -35.764492
v 77.175537 28.957567 -34.288662
v 75.151123 33.439552 -36.822338
v 73.941040 28.957563 -35.250576
v 75.594116 37.811390 -37.727032
v 75.228638 42.234318 -37.996944
v 74.096802 46.231796 -37.628063
v 72.262695 50.147419 -36.707745
v 71.618774 28.957563 -34.261150
v 72.444458 33.439556 -35.659161
v 72.449951 37.811390 -36.503582
v 71.555664 42.234314 -36.832638
v 69.876709 46.231792 -36.651180
v 67.560181 50.147419 -36.087811
v 77.813965 50.147419 -36.092861
v 78.347046 50.147423 -35.046581
v 79.128540 46.231792 -37.407391
v 79.507935 46.231796 -36.515453
v 79.729248 42.234314 -38.008083
v 80.001587 42.234314 -37.248409
v 79.635132 37.811394 -37.913952
v 79.821167 37.811390 -37.260616
v 78.820679 33.439552 -37.099438
v 78.946167 33.439556 -36.518200
v 77.244751 28.957563 -35.523647
v 77.326782 28.957563 -34.992413
v 75.093384 24.117270 -32.839928
v 75.023560 24.117270 -33.302910
v 73.066650 19.314686 -31.346537
v 73.125732 19.314684 -30.942530
v 71.935791 14.451860 -30.215601
v 71.917969 14.451860 -29.766520
v 71.695068 9.538000 -29.973167
v 71.703125 9.538000 -29.618965
v 72.110596 4.658203 -30.385216
v 72.144897 4.657895 -30.070595
v 70.348389 4.657162 -28.629753
v 71.863037 4.657117 -27.716026
v 72.703369 -0.000002 -28.922127
v 71.673218 -0.000002 -29.952171
v 72.092285 4.658144 -28.865074
v 72.157715 4.657633 -29.951897
v 72.886841 -0.000002 -30.804634
v 72.920898 -0.000002 -29.966484
v 71.660645 4.657650 -30.426689
v 72.525757 -0.000002 -31.165779
v 72.607300 -0.000002 -31.154503
v 71.773193 4.657923 -30.416252
v 70.587402 4.658263 -30.372169
v 69.437134 4.657206 -30.141869
v 70.643188 -0.000002 -30.982201
v 71.687622 -0.000002 -31.199821
v 74.046509 24.117268 -28.454447
v 70.548828 24.117268 -28.840509
v 74.963013 24.117271 -32.215736
v 74.809937 24.117270 -30.412821
v 73.937256 24.117270 -33.242226
v 74.581299 24.117271 -33.374443
v 70.175537 24.117268 -32.325417
v 72.134033 24.117270 -33.088783
v 72.851318 -0.000002 -31.120720
v 72.877075 -0.000002 -30.891182
v 68.934937 19.314682 -30.699091
v 70.578979 19.314684 -31.220316
v 68.371338 14.451859 -29.777872
v 69.787720 14.451859 -30.133005
v 69.857300 9.537998 -29.919075
v 68.597900 9.537998 -29.654137
v 72.420166 19.314682 -27.213831
v 69.426636 19.314682 -27.715586
v 71.499023 14.451859 -26.650217
v 68.999146 14.451859 -27.285578
v 71.375244 9.537996 -26.876732
v 69.368774 9.537998 -27.652657
v 72.941162 19.314684 -28.857386
v 71.853271 14.451860 -28.065393
v 71.639160 9.538000 -28.134575
v 73.014893 19.314686 -30.395105
v 71.904175 14.451860 -29.421183
v 71.708984 9.538000 -29.365868
v 72.111938 19.314684 -31.290461
v 72.678223 19.314684 -31.404825
v 71.130981 14.451860 -30.174036
v 71.451904 14.451860 -30.190607
v 71.071899 9.538000 -29.975777
v 71.348755 9.538000 -29.974617
v -71.077881 62.613289 29.496815
v 71.077881 62.613289 29.496815
v -71.077881 62.613281 -29.496815
v 71.077881 62.613281 -29.496815
vn -0.7582 0.6520 0.0024
vn -0.3062 0.9520 -0.0006
vn -0.7582 0.6520 -0.0023
vn -0.3446 0.9388 0.0027
vn -0.5840 0.8118 -0.0029
vn -0.3446 0.9388 -0.0027
vn -0.3526 -0.9358 0.0007
vn -0.7681 -0.6403 -0.0025
vn -0.3526 -0.9358 -0.0007
vn -0.8588 -0.5122 0.0039
vn -0.6990 -0.7151 -0.0033
vn -0.8588 -0.5123 -0.0039
vn -0.9458 -0.3247 0.0041
vn -0.9458 -0.3247 -0.0041
vn -0.9999 0.0169 0.0034
vn -0.9925 -0.1218 -0.0042
vn -0.9999 0.0169 -0.0034
vn -0.9925 -0.1218 0.0042
vn -0.7125 -0.7017 -0.0000
vn -0.7146 -0.6992 -0.0224
vn -0.7128 -0.7014 0.0001
vn -0.0000 -1.0000 -0.0042
vn -0.0000 -1.0000 -0.0000
vn -0.2563 0.9640 0.0711
vn -0.3062 0.9520 0.0006
vn -0.5928 0.7850 0.1800
vn -0.1978 0.9703 0.1390
vn -0.4722 0.8139 0.3385
vn -0.1365 0.9714 0.1942
vn -0.3379 0.8145 0.4715
vn -0.0672 0.9662 0.2487
vn -0.1782 0.7874 0.5901
vn -0.0003 0.9520 0.3061
vn -0.9509 0.3094 0.0050
vn -0.8563 0.4296 0.2866
vn -0.7159 0.4620 0.5235
vn -0.5235 0.4615 0.7162
vn -0.0011 0.6540 0.7565
vn -0.2865 0.4284 0.8570
vn -0.0023 0.3063 0.9519
vn -1.0000 -0.0000 0.0052
vn -0.9482 0.0003 0.3176
vn -0.8072 0.0003 0.5902
vn -0.5903 0.0005 0.8072
vn -0.3174 -0.0003 0.9483
vn -0.0023 -0.0000 1.0000
vn -0.9569 0.2903 0.0059
vn -0.8941 0.3554 0.2725
vn -0.9572 0.2895 0.0032
vn -0.8816 0.3612 0.3038
vn -0.7476 0.3917 0.5364
vn -0.7410 0.3923 0.5450
vn -0.5356 0.3911 0.7484
vn -0.5449 0.3918 0.7413
vn -0.2720 0.3527 0.8953
vn -0.3029 0.3588 0.8829
vn -0.0014 0.2877 0.9577
vn -0.8780 0.4786 0.0028
vn -0.5501 0.8152 0.1809
vn -0.8135 0.5254 0.2494
vn -0.2902 0.9514 0.1028
vn -0.4490 0.8317 0.3266
vn -0.6790 0.5458 0.4910
vn -0.2375 0.9556 0.1745
vn -0.3345 0.8233 0.4586
vn -0.4879 0.5330 0.6913
vn -0.1806 0.9538 0.2400
vn -0.1942 0.7894 0.5823
vn -0.2499 0.4857 0.8376
vn -0.1135 0.9453 0.3057
vn -0.0013 0.7689 0.6394
vn -0.0014 0.4375 0.8992
vn -0.0017 0.9156 0.4021
vn -0.7681 -0.6403 0.0024
vn -0.2840 -0.9554 0.0804
vn -0.6059 -0.7735 0.1859
vn -0.2189 -0.9634 0.1544
vn -0.4847 -0.8024 0.3483
vn -0.1532 -0.9645 0.2152
vn -0.3487 -0.8024 0.4843
vn -0.0803 -0.9568 0.2795
vn -0.1865 -0.7741 0.6050
vn -0.0003 -0.9370 0.3494
vn -0.0011 -0.6386 0.7695
vn -0.9515 -0.3076 0.0050
vn -0.8585 -0.4239 0.2885
vn -0.7186 -0.4552 0.5258
vn -0.2889 -0.4240 0.8584
vn -0.5261 -0.4553 0.7183
vn -0.0023 -0.3049 0.9524
vn -0.9720 -0.2348 0.0057
vn -0.9147 -0.2889 0.2825
vn -0.9048 -0.2931 0.3088
vn -0.7692 -0.3198 0.5533
vn -0.7637 -0.3203 0.5605
vn -0.5530 -0.3194 0.7696
vn -0.5607 -0.3201 0.7636
vn -0.2829 -0.2878 0.9149
vn -0.3095 -0.2919 0.9050
vn -0.0015 -0.2335 0.9724
vn -0.0026 -0.2337 0.9723
vn -0.2174 -0.7237 0.6550
vn -0.0019 -0.7596 0.6504
vn -0.2031 -0.7963 0.5697
vn -0.0017 -0.4705 0.8824
vn -0.2696 -0.5190 0.8112
vn -0.0018 -0.2709 0.9626
vn -0.2954 -0.3265 0.8978
vn -0.0017 -0.0593 0.9982
vn -0.2928 0.0224 0.9559
vn -0.0013 0.0895 0.9960
vn -0.3088 -0.1105 0.9447
vn -0.3919 -0.7471 0.5369
vn -0.3495 -0.8117 0.4678
vn -0.4919 -0.5510 0.6741
vn -0.5465 -0.3679 0.7523
vn -0.5787 -0.0330 0.8149
vn -0.5793 -0.1590 0.7994
vn -0.5318 -0.7536 0.3863
vn -0.4677 -0.8156 0.3407
vn -0.6706 -0.5595 0.4871
vn -0.7486 -0.3793 0.5437
vn -0.8092 -0.0507 0.5854
vn -0.7969 -0.1737 0.5786
vn -0.6373 -0.7414 0.2099
vn -0.5572 -0.8080 0.1918
vn -0.7970 -0.5436 0.2633
vn -0.8865 -0.3601 0.2906
vn -0.9545 -0.0273 0.2970
vn -0.9399 -0.1524 0.3056
vn -0.6990 -0.7151 0.0033
vn -0.6229 -0.7823 0.0038
vn -0.7146 -0.6991 0.0224
vn -0.7184 -0.6948 0.0340
vn -0.0157 -0.5222 0.8527
vn -0.2206 -0.6048 0.7652
vn -0.0402 -0.5299 0.8471
vn -0.2728 -0.6238 0.7325
vn -0.4222 -0.6712 0.6093
vn -0.4480 -0.6782 0.5825
vn -0.5696 -0.7043 0.4236
vn -0.5777 -0.7055 0.4104
vn -0.6705 -0.7100 0.2150
vn -0.6687 -0.7103 0.2197
vn -0.0027 -1.0000 0.0030
vn 0.0037 -1.0000 0.0023
vn 0.0011 -1.0000 0.0039
vn -0.0083 -0.9999 0.0068
vn -0.0004 -1.0000 0.0037
vn -0.0080 -0.9999 0.0065
vn -0.0064 -1.0000 0.0037
vn -0.0037 -1.0000 0.0016
vn -0.0091 -0.9999 0.0083
vn -0.0048 -1.0000 -0.0007
vn -0.0066 -1.0000 0.0048
vn -0.0091 -1.0000 -0.0040
vn -0.0030 -1.0000 0.0007
vn 0.0003 -1.0000 -0.0013
vn -0.0000 -0.5156 0.8568
vn 0.0010 -0.9999 -0.0164
vn 0.1975 -0.5580 -0.8060
vn 0.1822 -0.5273 -0.8299
vn 0.1855 -0.5340 -0.8249
vn 0.1514 -0.4211 -0.8943
vn 0.1538 -0.4342 -0.8876
vn 0.1207 -0.2529 -0.9599
vn 0.1218 -0.2591 -0.9581
vn 0.0932 -0.0822 -0.9923
vn 0.0923 -0.0762 -0.9928
vn 0.0759 0.0956 -0.9925
vn 0.0753 0.1143 -0.9906
vn 0.0792 0.2411 -0.9673
vn -0.2695 0.4546 0.8489
vn -0.1140 0.3654 0.9238
vn -0.1421 0.4030 0.9041
vn -0.2648 0.4120 0.8718
vn -0.0344 0.2269 0.9733
vn -0.2099 0.2619 0.9420
vn 0.0398 0.0404 0.9984
vn -0.1476 0.0580 0.9873
vn 0.1062 -0.1125 0.9880
vn -0.0799 -0.1174 0.9899
vn 0.1599 -0.2384 0.9579
vn -0.0130 -0.2670 0.9636
vn 0.1849 -0.3193 0.9294
vn -0.9058 -0.1890 -0.3793
vn -0.9249 -0.2886 -0.2475
vn -0.9424 -0.2188 -0.2531
vn -0.9271 -0.1345 -0.3499
vn -0.9625 -0.1307 -0.2376
vn -0.9541 -0.0626 -0.2929
vn -0.9784 -0.0337 -0.2039
vn -0.9770 0.0506 -0.2069
vn -0.9848 0.0886 -0.1495
vn -0.9804 0.1644 -0.1087
vn -0.9722 0.2271 -0.0562
vn -0.9776 0.1948 -0.0798
vn -0.9768 0.1974 -0.0836
vn -0.9490 0.3150 0.0097
vn -0.9885 0.1401 -0.0568
vn -0.9652 0.2608 -0.0182
vn -0.9963 0.0009 -0.0865
vn -0.9872 -0.1206 -0.1042
vn -0.9653 -0.2375 -0.1090
vn -0.9371 -0.3348 -0.0989
vn 0.1083 -0.2368 0.9655
vn 0.2467 -0.2892 0.9249
vn 0.2526 -0.2181 0.9427
vn 0.1042 -0.1201 0.9873
vn 0.2372 -0.1305 0.9626
vn 0.0880 0.0018 0.9961
vn 0.2035 -0.0327 0.9785
vn 0.0605 0.1407 0.9882
vn 0.1512 0.0889 0.9845
vn 0.0220 0.2576 0.9660
vn 0.0578 0.2201 0.9738
vn -0.0076 0.3096 0.9508
vn 0.0860 0.1931 0.9774
vn 0.3741 -0.2369 0.8966
vn 0.3791 -0.1882 0.9060
vn 0.3487 -0.1345 0.9275
vn 0.2898 -0.0608 0.9551
vn 0.2050 0.0530 0.9773
vn 0.0812 0.1871 0.9790
vn -0.8457 0.4586 0.2730
vn -0.6320 0.4742 0.6129
vn -0.6133 0.5228 0.5921
vn -0.8698 0.4150 0.2669
vn -0.6804 0.3203 0.6591
vn -0.9411 0.2634 0.2120
vn -0.7175 0.0881 0.6909
vn -0.9873 0.0586 0.1476
vn -0.7153 -0.1344 0.6857
vn -0.9900 -0.1170 0.0789
vn -0.6796 -0.3413 0.6493
vn -0.9637 -0.2669 0.0103
vn -0.6320 -0.4879 0.6020
vn -0.9231 -0.3805 -0.0562
vn -0.6406 -0.4330 0.6341
vn -0.6136 -0.5285 0.5867
vn -0.9529 -0.2967 -0.0629
vn -0.6764 -0.2169 0.7039
vn -0.9890 -0.1428 -0.0395
vn -0.6912 0.0242 0.7222
vn -0.9997 0.0144 0.0172
vn -0.6815 0.1708 0.7116
vn 0.4880 -0.2747 -0.8285
vn 0.5717 -0.3361 -0.7485
vn 0.4921 -0.2777 -0.8251
vn -0.9865 0.1044 -0.1261
vn -0.9867 0.1616 -0.0160
vn -0.9918 0.1224 -0.0373
vn -0.0526 0.1176 0.9917
vn -0.1091 0.1738 0.9787
vn -0.1092 0.1751 0.9785
vn 0.1231 0.1054 0.9868
vn 0.1984 0.1249 0.9721
vn 0.2001 0.0867 0.9759
vn -0.9722 0.1251 -0.1981
vn -0.9760 0.0868 -0.1996
vn 0.0105 0.1637 0.9865
vn 0.0297 0.1244 0.9918
vn 0.0820 0.2586 -0.9625
vn 0.1043 0.2935 -0.9502
vn -0.9258 -0.3696 -0.0794
vn 0.0556 -0.3813 0.9228
vn 0.1899 -0.3203 0.9281
vn 0.3436 -0.2456 0.9064
vn -0.9066 -0.2450 -0.3437
vn -0.8967 -0.2364 -0.3743
vn 0.0784 -0.3710 0.9253
vn 0.0977 -0.3352 0.9371
vn -0.9298 -0.3663 -0.0357
vn -0.6711 0.2195 0.7082
vn -0.9890 0.1253 0.0781
vn -0.9790 0.1728 0.1078
vn 0.2974 -0.1954 0.9345
vn 0.2291 -0.3050 0.9244
vn 0.1944 -0.2418 0.9507
vn 0.2500 -0.1014 0.9629
vn 0.1575 -0.1181 0.9804
vn 0.1355 0.0125 0.9907
vn 0.2152 0.0041 0.9766
vn 0.1111 0.2880 -0.9512
vn 0.1585 0.2160 -0.9634
vn 0.1662 0.2004 -0.9655
vn 0.2442 0.0448 -0.9687
vn 0.2472 0.0390 -0.9682
vn 0.3564 -0.1395 -0.9239
vn 0.3535 -0.1357 -0.9255
vn -0.9506 -0.2413 -0.1953
vn -0.9246 -0.3040 -0.2295
vn -0.9346 -0.1955 -0.2973
vn -0.9801 -0.1176 -0.1596
vn -0.9630 -0.1015 -0.2497
vn -0.9902 0.0123 -0.1388
vn -0.9767 0.0041 -0.2147
vn -0.9526 -0.2990 -0.0556
vn -0.9894 -0.1386 -0.0442
vn -0.9984 0.0199 -0.0523
vn 0.1656 -0.2511 0.9537
vn 0.0670 -0.2961 0.9528
vn 0.0926 -0.1318 0.9869
vn 0.0504 -0.1415 0.9887
vn 0.0049 0.0095 0.9999
vn -0.0015 0.0140 0.9999
vn 0.0535 -0.3000 0.9524
vn 0.0381 -0.1397 0.9895
vn 0.0432 0.0204 0.9989
vn 0.0324 -0.3672 0.9296
vn -0.0682 0.1246 0.9899
vn -0.8967 0.4126 0.1601
vn -0.9182 0.3737 0.1312
vn -0.9719 0.2306 0.0478
vn -0.9986 0.0412 -0.0324
vn -0.9882 -0.1124 -0.1044
vn -0.9574 -0.2376 -0.1640
vn -0.9291 -0.3167 -0.1907
vn -0.9281 -0.3183 -0.1934
vn -0.9545 -0.2504 -0.1621
vn -0.9876 -0.1329 -0.0831
vn -0.9999 0.0089 0.0099
vn -0.9905 0.1200 0.0679
vn -0.9791 0.1729 0.1075
vn -0.9509 0.3094 -0.0050
vn -0.9572 0.2895 -0.0031
vn -0.9569 0.2903 -0.0059
vn -0.9515 -0.3076 -0.0050
vn -1.0000 -0.0000 -0.0052
vn -0.6229 -0.7823 -0.0038
vn 0.0002 -1.0000 -0.0000
vn 0.0003 -1.0000 0.0013
vn 0.8338 -0.5180 -0.1910
vn 0.8149 -0.5427 -0.2035
vn 0.8833 -0.4393 -0.1640
vn 0.8298 -0.5233 -0.1937
vn 0.8889 -0.4287 -0.1613
vn 0.9534 -0.2742 -0.1259
vn 0.9554 -0.2678 -0.1246
vn 0.9926 -0.0805 -0.0904
vn 0.9920 -0.0868 -0.0913
vn 0.9911 0.1129 -0.0711
vn 0.9929 0.0943 -0.0718
vn 0.9632 0.2573 -0.0773
vn 0.9509 0.2926 -0.1004
vn 0.9681 0.2394 -0.0745
vn 0.9661 0.1997 -0.1636
vn 0.9519 0.2871 -0.1075
vn 0.9640 0.2154 -0.1559
vn 0.9687 0.0387 -0.2451
vn 0.9692 0.0445 -0.2422
vn 0.9260 -0.1359 -0.3522
vn 0.9243 -0.1397 -0.3552
vn 0.8287 -0.2748 -0.4876
vn 0.7485 -0.3361 -0.5716
vn 0.8253 -0.2778 -0.4917
vn 0.7582 0.6520 0.0023
vn 0.2563 0.9640 0.0711
vn 0.5928 0.7850 0.1800
vn 0.1975 0.9704 0.1393
vn 0.4722 0.8139 0.3385
vn 0.1365 0.9714 0.1942
vn 0.3379 0.8146 0.4715
vn 0.0673 0.9662 0.2487
vn 0.1782 0.7874 0.5901
vn 0.0002 0.9520 0.3062
vn 0.0010 0.6540 0.7565
vn 0.9509 0.3094 0.0050
vn 0.8563 0.4296 0.2866
vn 0.7158 0.4621 0.5235
vn 0.2865 0.4284 0.8570
vn 0.5235 0.4615 0.7162
vn 1.0000 -0.0000 0.0052
vn 0.9482 0.0002 0.3176
vn 0.8072 0.0001 0.5902
vn 0.0023 0.3063 0.9519
vn 0.3174 -0.0003 0.9483
vn 0.5903 0.0010 0.8072
vn 0.9569 0.2903 0.0059
vn 0.8941 0.3554 0.2726
vn 0.8816 0.3612 0.3038
vn 0.7476 0.3917 0.5364
vn 0.7408 0.3922 0.5453
vn 0.5356 0.3911 0.7484
vn 0.5449 0.3919 0.7413
vn 0.2720 0.3527 0.8953
vn 0.3028 0.3588 0.8829
vn 0.0014 0.2877 0.9577
vn 0.0027 0.2881 0.9576
vn 0.8780 0.4786 0.0029
vn 0.5501 0.8152 0.1809
vn 0.5840 0.8117 0.0029
vn 0.3446 0.9387 0.0027
vn 0.8134 0.5255 0.2496
vn 0.4490 0.8317 0.3266
vn 0.2901 0.9515 0.1028
vn 0.6790 0.5458 0.4910
vn 0.3345 0.8233 0.4586
vn 0.2378 0.9556 0.1741
vn 0.4880 0.5330 0.6913
vn 0.1942 0.7894 0.5823
vn 0.1806 0.9538 0.2400
vn 0.2499 0.4857 0.8376
vn 0.0013 0.7689 0.6394
vn 0.1135 0.9453 0.3057
vn 0.7681 -0.6403 0.0024
vn 0.2840 -0.9554 0.0805
vn 0.3526 -0.9358 0.0007
vn 0.6059 -0.7735 0.1860
vn 0.2188 -0.9635 0.1545
vn 0.4847 -0.8024 0.3483
vn 0.1532 -0.9645 0.2152
vn 0.3487 -0.8024 0.4843
vn 0.0803 -0.9568 0.2795
vn 0.1865 -0.7741 0.6050
vn 0.0003 -0.9370 0.3494
vn 0.9515 -0.3076 0.0050
vn 0.8586 -0.4238 0.2885
vn 0.7186 -0.4552 0.5258
vn 0.5261 -0.4553 0.7183
vn 0.0011 -0.6386 0.7695
vn 0.2889 -0.4240 0.8584
vn 0.0023 -0.3049 0.9524
vn 0.0023 -0.0000 1.0000
vn 0.9720 -0.2348 0.0057
vn 0.9147 -0.2890 0.2824
vn 0.9722 -0.2342 0.0034
vn 0.9048 -0.2931 0.3088
vn 0.7695 -0.3198 0.5529
vn 0.7637 -0.3203 0.5605
vn 0.5530 -0.3194 0.7696
vn 0.5607 -0.3201 0.7636
vn 0.2831 -0.2879 0.9149
vn 0.3094 -0.2919 0.9050
vn 0.0015 -0.2335 0.9724
vn 0.2174 -0.7237 0.6550
vn 0.0019 -0.7596 0.6504
vn 0.0015 -0.6855 0.7280
vn 0.0017 -0.4705 0.8824
vn 0.0018 -0.2709 0.9626
vn 0.2695 -0.5191 0.8111
vn 0.0018 -0.0593 0.9982
vn 0.2928 0.0224 0.9559
vn 0.3088 -0.1105 0.9447
vn 0.2954 -0.3266 0.8978
vn 0.3919 -0.7471 0.5369
vn 0.2031 -0.7963 0.5697
vn 0.4917 -0.5512 0.6741
vn 0.5787 -0.0330 0.8149
vn 0.5793 -0.1590 0.7994
vn 0.5466 -0.3678 0.7523
vn 0.5318 -0.7536 0.3863
vn 0.3496 -0.8117 0.4679
vn 0.6706 -0.5595 0.4871
vn 0.8092 -0.0507 0.5854
vn 0.7969 -0.1733 0.5788
vn 0.7489 -0.3790 0.5436
vn 0.6373 -0.7414 0.2099
vn 0.4677 -0.8156 0.3407
vn 0.7970 -0.5436 0.2633
vn 0.9545 -0.0274 0.2969
vn 0.9399 -0.1524 0.3056
vn 0.8865 -0.3601 0.2906
vn 0.6990 -0.7151 0.0033
vn 0.5572 -0.8080 0.1917
vn 0.8588 -0.5122 0.0039
vn 0.9999 0.0169 0.0034
vn 0.9925 -0.1218 0.0042
vn 0.9458 -0.3247 0.0041
vn 0.7146 -0.6992 0.0224
vn 0.7184 -0.6948 0.0340
vn 0.7125 -0.7017 -0.0000
vn 0.0157 -0.5222 0.8527
vn 0.2206 -0.6048 0.7652
vn 0.2728 -0.6238 0.7325
vn 0.4222 -0.6712 0.6092
vn 0.4480 -0.6782 0.5825
vn 0.5696 -0.7043 0.4236
vn 0.5777 -0.7055 0.4105
vn 0.6705 -0.7100 0.2152
vn 0.6688 -0.7102 0.2200
vn 0.0026 -1.0000 0.0030
vn -0.0037 -1.0000 0.0023
vn 0.0003 -1.0000 0.0038
vn 0.0083 -0.9999 0.0068
vn 0.0062 -1.0000 0.0034
vn 0.0080 -0.9999 0.0065
vn 0.0091 -0.9999 0.0083
vn 0.0037 -1.0000 0.0016
vn 0.0066 -1.0000 0.0048
vn 0.0048 -1.0000 -0.0006
vn 0.0030 -1.0000 0.0007
vn 0.0092 -1.0000 -0.0040
vn -0.0004 -1.0000 -0.0013
vn -0.0002 -1.0000 -0.0000
vn 0.0402 -0.5299 0.8471
vn -0.0011 -1.0000 0.0041
vn 0.0013 0.4375 0.8992
vn -0.0027 0.2881 0.9576
vn 0.0026 -0.2337 0.9723
vn -0.0015 -0.6856 0.7280
vn -0.0009 -0.9999 -0.0164
vn -0.0000 -1.0000 0.0042
vn -0.2563 0.9640 -0.0711
vn -0.5928 0.7850 -0.1800
vn -0.1975 0.9704 -0.1393
vn -0.4722 0.8139 -0.3385
vn -0.1365 0.9714 -0.1942
vn -0.3379 0.8146 -0.4715
vn -0.0673 0.9662 -0.2487
vn -0.1782 0.7874 -0.5901
vn -0.0002 0.9520 -0.3061
vn -0.0010 0.6540 -0.7565
vn -0.8563 0.4296 -0.2866
vn -0.7158 0.4621 -0.5235
vn -0.2865 0.4284 -0.8570
vn -0.5235 0.4615 -0.7162
vn -0.9482 0.0003 -0.3176
vn -0.8072 0.0003 -0.5902
vn -0.0023 0.3063 -0.9519
vn -0.3174 -0.0003 -0.9483
vn -0.5903 0.0010 -0.8072
vn -0.8941 0.3554 -0.2726
vn -0.8816 0.3612 -0.3038
vn -0.7475 0.3917 -0.5365
vn -0.7407 0.3923 -0.5454
vn -0.5360 0.3912 -0.7481
vn -0.5445 0.3918 -0.7416
vn -0.2720 0.3528 -0.8953
vn -0.3028 0.3588 -0.8830
vn -0.0014 0.2877 -0.9577
vn -0.0027 0.2881 -0.9576
vn -0.8780 0.4786 -0.0029
vn -0.5501 0.8152 -0.1809
vn -0.8135 0.5254 -0.2495
vn -0.4490 0.8317 -0.3266
vn -0.2902 0.9514 -0.1028
vn -0.6790 0.5458 -0.4910
vn -0.3345 0.8233 -0.4586
vn -0.2378 0.9556 -0.1741
vn -0.4880 0.5330 -0.6913
vn -0.1942 0.7894 -0.5823
vn -0.1806 0.9538 -0.2400
vn -0.2499 0.4857 -0.8376
vn -0.0013 0.7689 -0.6394
vn -0.1135 0.9453 -0.3057
vn -0.2840 -0.9554 -0.0804
vn -0.6059 -0.7735 -0.1860
vn -0.2188 -0.9635 -0.1545
vn -0.4847 -0.8024 -0.3483
vn -0.1532 -0.9645 -0.2152
vn -0.3487 -0.8024 -0.4843
vn -0.0803 -0.9568 -0.2795
vn -0.1865 -0.7741 -0.6050
vn -0.0003 -0.9370 -0.3494
vn -0.8586 -0.4238 -0.2885
vn -0.7186 -0.4552 -0.5258
vn -0.5261 -0.4553 -0.7183
vn -0.0011 -0.6386 -0.7695
vn -0.2889 -0.4240 -0.8584
vn -0.0023 -0.3049 -0.9524
vn -0.0023 -0.0000 -1.0000
vn -0.9720 -0.2348 -0.0057
vn -0.9147 -0.2890 -0.2824
vn -0.9722 -0.2342 -0.0034
vn -0.9050 -0.2933 -0.3082
vn -0.7692 -0.3198 -0.5533
vn -0.7637 -0.3203 -0.5605
vn -0.5530 -0.3194 -0.7696
vn -0.5607 -0.3201 -0.7636
vn -0.2831 -0.2879 -0.9149
vn -0.3095 -0.2919 -0.9050
vn -0.0015 -0.2335 -0.9724
vn -0.2174 -0.7237 -0.6550
vn -0.0019 -0.7596 -0.6504
vn -0.0015 -0.6855 -0.7280
vn -0.0017 -0.4705 -0.8824
vn -0.0018 -0.2709 -0.9626
vn -0.2695 -0.5191 -0.8111
vn -0.0017 -0.0593 -0.9982
vn -0.2927 0.0224 -0.9559
vn -0.3088 -0.1105 -0.9447
vn -0.2954 -0.3266 -0.8978
vn -0.3919 -0.7471 -0.5369
vn -0.2031 -0.7963 -0.5697
vn -0.4917 -0.5512 -0.6741
vn -0.5787 -0.0330 -0.8149
vn -0.5793 -0.1590 -0.7994
vn -0.5466 -0.3678 -0.7523
vn -0.5318 -0.7536 -0.3863
vn -0.3496 -0.8117 -0.4679
vn -0.6706 -0.5595 -0.4871
vn -0.8092 -0.0507 -0.5854
vn -0.7969 -0.1736 -0.5787
vn -0.7489 -0.3790 -0.5436
vn -0.6373 -0.7414 -0.2099
vn -0.4677 -0.8156 -0.3407
vn -0.7970 -0.5436 -0.2633
vn -0.9545 -0.0274 -0.2969
vn -0.9399 -0.1524 -0.3056
vn -0.8865 -0.3601 -0.2906
vn -0.5572 -0.8080 -0.1917
vn -0.7184 -0.6948 -0.0340
vn -0.0157 -0.5222 -0.8527
vn -0.2206 -0.6048 -0.7652
vn -0.2728 -0.6238 -0.7325
vn -0.4222 -0.6712 -0.6092
vn -0.4480 -0.6782 -0.5825
vn -0.5696 -0.7043 -0.4236
vn -0.5777 -0.7055 -0.4105
vn -0.6705 -0.7100 -0.2152
vn -0.6688 -0.7102 -0.2200
vn -0.0027 -1.0000 -0.0030
vn 0.0037 -1.0000 -0.0023
vn -0.0003 -1.0000 -0.0038
vn -0.0083 -0.9999 -0.0068
vn -0.0062 -1.0000 -0.0034
vn -0.0080 -0.9999 -0.0065
vn -0.0091 -0.9999 -0.0083
vn -0.0037 -1.0000 -0.0017
vn -0.0066 -1.0000 -0.0048
vn -0.0048 -1.0000 0.0007
vn -0.0029 -1.0000 -0.0006
vn -0.0091 -1.0000 0.0040
vn -0.0000 -0.5156 -0.8568
vn -0.0402 -0.5299 -0.8471
vn 0.0011 -1.0000 -0.0041
vn 0.7582 0.6520 -0.0023
vn 0.2563 0.9640 -0.0711
vn 0.3062 0.9520 -0.0006
vn 0.5928 0.7850 -0.1800
vn 0.1978 0.9703 -0.1390
vn 0.4722 0.8139 -0.3385
vn 0.1365 0.9714 -0.1942
vn 0.3379 0.8145 -0.4715
vn 0.0672 0.9662 -0.2487
vn 0.1782 0.7874 -0.5901
vn 0.0002 0.9520 -0.3062
vn 0.9509 0.3094 -0.0050
vn 0.8563 0.4296 -0.2866
vn 0.7159 0.4620 -0.5235
vn 0.5235 0.4615 -0.7162
vn 0.0011 0.6539 -0.7565
vn 0.2865 0.4284 -0.8570
vn 0.0023 0.3063 -0.9519
vn 1.0000 -0.0000 -0.0052
vn 0.9482 0.0004 -0.3176
vn 0.8072 -0.0000 -0.5903
vn 0.5903 0.0006 -0.8072
vn 0.3174 -0.0003 -0.9483
vn 0.0023 -0.0000 -1.0000
vn 0.9569 0.2903 -0.0059
vn 0.8941 0.3554 -0.2725
vn 0.9572 0.2895 -0.0031
vn 0.8816 0.3612 -0.3037
vn 0.7476 0.3917 -0.5364
vn 0.7407 0.3923 -0.5454
vn 0.5360 0.3912 -0.7481
vn 0.5445 0.3918 -0.7416
vn 0.2720 0.3527 -0.8953
vn 0.3029 0.3588 -0.8829
vn 0.0014 0.2877 -0.9577
vn 0.8780 0.4786 -0.0028
vn 0.5501 0.8152 -0.1809
vn 0.8135 0.5254 -0.2495
vn 0.3446 0.9388 -0.0027
vn 0.2902 0.9514 -0.1028
vn 0.4490 0.8317 -0.3266
vn 0.6790 0.5458 -0.4910
vn 0.2375 0.9556 -0.1745
vn 0.3345 0.8233 -0.4586
vn 0.4879 0.5330 -0.6913
vn 0.1806 0.9538 -0.2400
vn 0.1942 0.7894 -0.5823
vn 0.2499 0.4857 -0.8376
vn 0.1135 0.9453 -0.3057
vn 0.0013 0.7689 -0.6394
vn 0.0013 0.4374 -0.8992
vn 0.0017 0.9156 -0.4021
vn 0.7681 -0.6403 -0.0025
vn 0.2840 -0.9554 -0.0804
vn 0.6059 -0.7735 -0.1859
vn 0.2189 -0.9634 -0.1544
vn 0.4847 -0.8024 -0.3483
vn 0.1532 -0.9645 -0.2152
vn 0.3487 -0.8024 -0.4843
vn 0.0803 -0.9568 -0.2795
vn 0.1865 -0.7741 -0.6050
vn 0.0003 -0.9370 -0.3494
vn 0.0011 -0.6386 -0.7695
vn 0.9515 -0.3076 -0.0050
vn 0.8585 -0.4239 -0.2885
vn 0.7186 -0.4552 -0.5258
vn 0.2889 -0.4240 -0.8584
vn 0.5261 -0.4553 -0.7183
vn 0.0023 -0.3049 -0.9524
vn 0.9720 -0.2348 -0.0057
vn 0.9147 -0.2889 -0.2825
vn 0.9048 -0.2931 -0.3088
vn 0.7692 -0.3198 -0.5533
vn 0.7637 -0.3203 -0.5605
vn 0.5530 -0.3194 -0.7696
vn 0.5607 -0.3201 -0.7636
vn 0.2832 -0.2879 -0.9148
vn 0.3096 -0.2919 -0.9050
vn 0.0015 -0.2335 -0.9724
vn 0.0026 -0.2337 -0.9723
vn 0.2174 -0.7237 -0.6550
vn 0.0019 -0.7596 -0.6504
vn 0.2031 -0.7963 -0.5697
vn 0.0017 -0.4705 -0.8824
vn 0.2695 -0.5190 -0.8112
vn 0.0018 -0.2709 -0.9626
vn 0.2954 -0.3265 -0.8978
vn 0.0017 -0.0593 -0.9982
vn 0.2928 0.0224 -0.9559
vn 0.0013 0.0895 -0.9960
vn 0.3088 -0.1105 -0.9447
vn 0.3919 -0.7471 -0.5369
vn 0.3496 -0.8117 -0.4679
vn 0.4919 -0.5510 -0.6741
vn 0.5466 -0.3678 -0.7523
vn 0.5787 -0.0330 -0.8149
vn 0.5793 -0.1590 -0.7994
vn 0.5318 -0.7536 -0.3863
vn 0.4677 -0.8156 -0.3407
vn 0.6705 -0.5596 -0.4871
vn 0.7489 -0.3790 -0.5436
vn 0.8092 -0.0507 -0.5854
vn 0.7969 -0.1737 -0.5786
vn 0.6373 -0.7414 -0.2099
vn 0.5572 -0.8080 -0.1918
vn 0.7970 -0.5436 -0.2633
vn 0.8865 -0.3601 -0.2906
vn 0.9545 -0.0273 -0.2970
vn 0.9399 -0.1524 -0.3056
vn 0.6990 -0.7151 -0.0033
vn 0.6229 -0.7823 -0.0038
vn 0.8588 -0.5123 -0.0039
vn 0.9458 -0.3247 -0.0041
vn 0.9999 0.0169 -0.0034
vn 0.9925 -0.1218 -0.0042
vn 0.7146 -0.6991 -0.0224
vn 0.7128 -0.7014 0.0001
vn 0.7184 -0.6948 -0.0340
vn 0.0157 -0.5222 -0.8527
vn 0.2206 -0.6048 -0.7652
vn 0.0402 -0.5299 -0.8471
vn 0.2728 -0.6238 -0.7325
vn 0.4222 -0.6712 -0.6093
vn 0.4480 -0.6782 -0.5825
vn 0.5697 -0.7043 -0.4235
vn 0.5777 -0.7055 -0.4104
vn 0.6705 -0.7100 -0.2150
vn 0.6687 -0.7102 -0.2201
vn 0.0027 -1.0000 -0.0030
vn -0.0037 -1.0000 -0.0023
vn -0.0011 -1.0000 -0.0041
vn 0.0083 -0.9999 -0.0068
vn 0.0004 -1.0000 -0.0037
vn 0.0080 -0.9999 -0.0065
vn 0.0064 -1.0000 -0.0037
vn 0.0037 -1.0000 -0.0017
vn 0.0091 -0.9999 -0.0083
vn 0.0048 -1.0000 0.0007
vn 0.0066 -1.0000 -0.0048
vn 0.0091 -1.0000 0.0040
vn 0.0029 -1.0000 -0.0006
vn -0.0003 -1.0000 0.0013
vn -0.0009 -0.9999 0.0164
vn -0.0017 0.9156 -0.4021
vn 0.0027 0.2881 -0.9576
vn 0.0015 -0.6856 -0.7280
vn -0.0013 0.0895 -0.9960
vn -0.0000 1.0000 -0.0001
vn -0.0000 1.0000 -0.0003
vn -0.0000 1.0000 0.0001
vn 0.9572 0.2895 0.0032
vn 0.3062 0.9520 0.0006
vn 0.6229 -0.7823 0.0038
vn 0.5840 0.8117 -0.0029
vn -0.1975 -0.5580 -0.8060
vn -0.1822 -0.5273 -0.8299
vn -0.1855 -0.5340 -0.8249
vn -0.1514 -0.4211 -0.8943
vn -0.1538 -0.4342 -0.8876
vn -0.1207 -0.2529 -0.9599
vn -0.1218 -0.2591 -0.9581
vn -0.0932 -0.0822 -0.9923
vn -0.0923 -0.0762 -0.9928
vn -0.0759 0.0956 -0.9925
vn -0.0753 0.1143 -0.9906
vn -0.0792 0.2411 -0.9673
vn -0.0820 0.2587 -0.9625
vn 0.2695 0.4546 0.8489
vn 0.1140 0.3654 0.9238
vn 0.2648 0.4120 0.8718
vn 0.0344 0.2269 0.9733
vn 0.2099 0.2620 0.9420
vn -0.0398 0.0404 0.9984
vn 0.1476 0.0580 0.9873
vn -0.1062 -0.1125 0.9880
vn 0.0799 -0.1174 0.9899
vn -0.1599 -0.2383 0.9579
vn 0.0130 -0.2670 0.9636
vn -0.1850 -0.3193 0.9294
vn -0.0324 -0.3672 0.9296
vn 0.9058 -0.1890 -0.3793
vn 0.9249 -0.2886 -0.2475
vn 0.8967 -0.2363 -0.3743
vn 0.9271 -0.1345 -0.3499
vn 0.9424 -0.2188 -0.2531
vn 0.9541 -0.0626 -0.2929
vn 0.9625 -0.1307 -0.2376
vn 0.9770 0.0506 -0.2069
vn 0.9784 -0.0337 -0.2039
vn 0.9804 0.1644 -0.1087
vn 0.9722 0.2271 -0.0562
vn 0.9768 0.1974 -0.0836
vn 0.9848 0.0886 -0.1495
vn 0.9490 0.3150 0.0097
vn 0.9652 0.2607 -0.0182
vn 0.9885 0.1401 -0.0568
vn 0.9963 0.0009 -0.0865
vn 0.9872 -0.1206 -0.1042
vn 0.9652 -0.2376 -0.1090
vn 0.9371 -0.3348 -0.0991
vn -0.1083 -0.2368 0.9655
vn -0.2467 -0.2892 0.9249
vn -0.0976 -0.3353 0.9370
vn -0.1042 -0.1201 0.9873
vn -0.2526 -0.2181 0.9427
vn -0.0879 0.0018 0.9961
vn -0.2372 -0.1305 0.9626
vn -0.0605 0.1407 0.9882
vn -0.2034 -0.0327 0.9785
vn -0.0221 0.2577 0.9660
vn -0.0578 0.2201 0.9738
vn -0.0860 0.1931 0.9774
vn -0.1512 0.0889 0.9845
vn -0.3741 -0.2369 0.8966
vn -0.3791 -0.1882 0.9060
vn -0.3487 -0.1345 0.9275
vn -0.2898 -0.0608 0.9551
vn -0.2050 0.0530 0.9773
vn -0.1103 0.1584 0.9812
vn -0.0812 0.1871 0.9790
vn 0.8456 0.4586 0.2731
vn 0.6320 0.4742 0.6129
vn 0.8698 0.4150 0.2669
vn 0.6804 0.3203 0.6591
vn 0.9411 0.2635 0.2120
vn 0.7175 0.0881 0.6909
vn 0.9873 0.0586 0.1476
vn 0.7153 -0.1344 0.6857
vn 0.9900 -0.1170 0.0789
vn 0.6796 -0.3413 0.6493
vn 0.9637 -0.2669 0.0104
vn 0.6320 -0.4879 0.6020
vn 0.9298 -0.3663 -0.0357
vn 0.9231 -0.3805 -0.0562
vn 0.6407 -0.4330 0.6341
vn 0.9529 -0.2967 -0.0629
vn 0.6764 -0.2169 0.7039
vn 0.9890 -0.1428 -0.0395
vn 0.6912 0.0242 0.7222
vn 0.9997 0.0144 0.0172
vn 0.6815 0.1708 0.7116
vn 0.9890 0.1253 0.0781
vn -0.4880 -0.2747 -0.8285
vn -0.5717 -0.3361 -0.7484
vn 0.9865 0.1044 -0.1262
vn 0.9867 0.1616 -0.0160
vn 0.9843 0.1455 -0.0999
vn 0.0526 0.1176 0.9917
vn 0.1091 0.1741 0.9787
vn 0.0682 0.1246 0.9899
vn -0.1231 0.1055 0.9868
vn -0.1984 0.1249 0.9721
vn -0.0975 0.1465 0.9844
vn 0.9722 0.1251 -0.1981
vn -0.0105 0.1637 0.9865
vn -0.1043 0.2935 -0.9502
vn -0.1111 0.2880 -0.9512
vn 0.9258 -0.3696 -0.0794
vn 0.9246 -0.3040 -0.2295
vn -0.0556 -0.3813 0.9228
vn -0.3436 -0.2456 0.9064
vn -0.2291 -0.3050 0.9244
vn 0.9065 -0.2450 -0.3438
vn -0.0784 -0.3710 0.9253
vn 0.6136 -0.5285 0.5867
vn 0.6711 0.2195 0.7082
vn -0.2974 -0.1954 0.9345
vn -0.2500 -0.1014 0.9629
vn -0.1944 -0.2418 0.9507
vn -0.2001 0.0867 0.9759
vn -0.1355 0.0125 0.9907
vn -0.2152 0.0041 0.9766
vn -0.1575 -0.1181 0.9804
vn -0.1585 0.2161 -0.9634
vn -0.1662 0.2004 -0.9655
vn -0.2442 0.0448 -0.9687
vn -0.2472 0.0390 -0.9682
vn -0.3564 -0.1395 -0.9239
vn -0.3535 -0.1357 -0.9255
vn -0.4921 -0.2777 -0.8251
vn 0.9506 -0.2413 -0.1953
vn 0.9345 -0.1955 -0.2974
vn 0.9801 -0.1176 -0.1596
vn 0.9630 -0.1015 -0.2497
vn 0.9902 0.0123 -0.1388
vn 0.9767 0.0041 -0.2147
vn 0.9760 0.0868 -0.1995
vn 0.9526 -0.2991 -0.0556
vn 0.9894 -0.1386 -0.0442
vn 0.9984 0.0199 -0.0523
vn 0.9918 0.1224 -0.0373
vn -0.1656 -0.2511 0.9537
vn -0.0670 -0.2961 0.9528
vn -0.0926 -0.1318 0.9869
vn -0.0504 -0.1415 0.9887
vn -0.0049 0.0095 0.9999
vn 0.0015 0.0140 0.9999
vn -0.0535 -0.3000 0.9524
vn -0.0380 -0.1397 0.9895
vn -0.0432 0.0204 0.9989
vn -0.0297 0.1244 0.9918
vn 0.6133 0.5228 0.5921
vn 0.8967 0.4126 0.1601
vn 0.9182 0.3737 0.1312
vn 0.9719 0.2306 0.0478
vn 0.9986 0.0411 -0.0324
vn 0.9882 -0.1124 -0.1044
vn 0.9575 -0.2374 -0.1640
vn 0.9291 -0.3167 -0.1907
vn 0.9280 -0.3185 -0.1933
vn 0.9545 -0.2504 -0.1621
vn 0.9876 -0.1329 -0.0831
vn 0.9999 0.0089 0.0099
vn 0.9905 0.1200 0.0679
vn 0.9790 0.1728 0.1078
vn -0.8338 -0.5180 -0.1910
vn -0.8149 -0.5427 -0.2035
vn -0.8298 -0.5233 -0.1937
vn -0.8833 -0.4393 -0.1640
vn -0.8889 -0.4287 -0.1613
vn -0.9534 -0.2742 -0.1259
vn -0.9554 -0.2678 -0.1246
vn -0.9926 -0.0805 -0.0904
vn -0.9920 -0.0868 -0.0913
vn -0.9911 0.1128 -0.0711
vn -0.9930 0.0943 -0.0718
vn -0.9632 0.2573 -0.0773
vn -0.9681 0.2393 -0.0745
vn -0.9509 0.2927 -0.1004
vn -0.9519 0.2871 -0.1075
vn -0.9661 0.1997 -0.1636
vn -0.9640 0.2154 -0.1559
vn -0.9687 0.0387 -0.2451
vn -0.9692 0.0445 -0.2422
vn -0.9260 -0.1359 -0.3522
vn -0.9243 -0.1397 -0.3552
vn -0.8287 -0.2748 -0.4876
vn -0.8253 -0.2778 -0.4917
vn -0.7485 -0.3361 -0.5716
vn 0.1975 -0.5580 0.8060
vn 0.1822 -0.5273 0.8299
vn 0.1855 -0.5340 0.8249
vn 0.1514 -0.4211 0.8943
vn 0.1538 -0.4342 0.8876
vn 0.1207 -0.2529 0.9599
vn 0.1218 -0.2591 0.9581
vn 0.0932 -0.0822 0.9923
vn 0.0923 -0.0762 0.9928
vn 0.0759 0.0956 0.9925
vn 0.0753 0.1143 0.9906
vn 0.0792 0.2411 0.9673
vn 0.0820 0.2587 0.9625
vn -0.2695 0.4546 -0.8489
vn -0.1140 0.3654 -0.9238
vn -0.2648 0.4120 -0.8718
vn -0.0344 0.2269 -0.9733
vn -0.2099 0.2620 -0.9420
vn 0.0398 0.0404 -0.9984
vn -0.1476 0.0580 -0.9873
vn 0.1062 -0.1125 -0.9880
vn -0.0799 -0.1174 -0.9899
vn 0.1599 -0.2383 -0.9579
vn -0.0130 -0.2670 -0.9636
vn 0.1850 -0.3193 -0.9294
vn 0.0324 -0.3672 -0.9296
vn -0.9058 -0.1890 0.3793
vn -0.9249 -0.2886 0.2475
vn -0.8967 -0.2363 0.3743
vn -0.9271 -0.1345 0.3499
vn -0.9424 -0.2188 0.2531
vn -0.9541 -0.0626 0.2929
vn -0.9625 -0.1307 0.2376
vn -0.9770 0.0506 0.2069
vn -0.9784 -0.0337 0.2039
vn -0.9804 0.1644 0.1087
vn -0.9722 0.2271 0.0562
vn -0.9768 0.1974 0.0836
vn -0.9848 0.0886 0.1495
vn -0.9490 0.3150 -0.0097
vn -0.9652 0.2607 0.0182
vn -0.9885 0.1401 0.0568
vn -0.9963 0.0009 0.0865
vn -0.9872 -0.1206 0.1042
vn -0.9652 -0.2376 0.1090
vn -0.9371 -0.3348 0.0991
vn 0.1083 -0.2368 -0.9655
vn 0.2467 -0.2892 -0.9249
vn 0.0976 -0.3353 -0.9370
vn 0.1042 -0.1201 -0.9873
vn 0.2526 -0.2181 -0.9427
vn 0.0879 0.0018 -0.9961
vn 0.2372 -0.1305 -0.9626
vn 0.0605 0.1407 -0.9882
vn 0.2034 -0.0327 -0.9785
vn 0.0221 0.2577 -0.9660
vn 0.0578 0.2201 -0.9738
vn 0.0860 0.1931 -0.9774
vn 0.1512 0.0889 -0.9845
vn 0.3741 -0.2369 -0.8966
vn 0.3791 -0.1882 -0.9060
vn 0.3487 -0.1345 -0.9275
vn 0.2898 -0.0608 -0.9551
vn 0.2050 0.0530 -0.9773
vn 0.1103 0.1584 -0.9812
vn 0.0812 0.1871 -0.9790
vn -0.8456 0.4586 -0.2731
vn -0.6320 0.4742 -0.6129
vn -0.8698 0.4150 -0.2669
vn -0.6804 0.3203 -0.6591
vn -0.9411 0.2635 -0.2120
vn -0.7175 0.0881 -0.6909
vn -0.9873 0.0586 -0.1476
vn -0.7153 -0.1344 -0.6857
vn -0.9900 -0.1170 -0.0789
vn -0.6796 -0.3413 -0.6493
vn -0.9637 -0.2669 -0.0104
vn -0.6320 -0.4879 -0.6020
vn -0.9298 -0.3663 0.0357
vn -0.9231 -0.3805 0.0562
vn -0.6407 -0.4330 -0.6341
vn -0.9529 -0.2967 0.0629
vn -0.6764 -0.2169 -0.7039
vn -0.9890 -0.1428 0.0395
vn -0.6912 0.0242 -0.7222
vn -0.9997 0.0144 -0.0172
vn -0.6815 0.1708 -0.7116
vn -0.9890 0.1253 -0.0781
vn 0.4880 -0.2747 0.8285
vn 0.5717 -0.3361 0.7484
vn -0.9865 0.1044 0.1262
vn -0.9867 0.1616 0.0160
vn -0.9843 0.1455 0.0999
vn -0.0526 0.1176 -0.9917
vn -0.1091 0.1741 -0.9787
vn -0.0682 0.1246 -0.9899
vn 0.1231 0.1055 -0.9868
vn 0.1984 0.1249 -0.9721
vn 0.0975 0.1465 -0.9844
vn -0.9722 0.1251 0.1981
vn 0.0105 0.1637 -0.9865
vn 0.1043 0.2935 0.9502
vn 0.1111 0.2880 0.9512
vn -0.9258 -0.3696 0.0794
vn -0.9246 -0.3040 0.2295
vn 0.0556 -0.3813 -0.9228
vn 0.3436 -0.2456 -0.9064
vn 0.2291 -0.3050 -0.9244
vn -0.9065 -0.2450 0.3438
vn 0.0784 -0.3710 -0.9253
vn -0.6136 -0.5285 -0.5867
vn -0.6711 0.2195 -0.7082
vn 0.2974 -0.1954 -0.9345
vn 0.2500 -0.1014 -0.9629
vn 0.1944 -0.2418 -0.9507
vn 0.2001 0.0867 -0.9759
vn 0.1355 0.0125 -0.9907
vn 0.2152 0.0041 -0.9766
vn 0.1575 -0.1181 -0.9804
vn 0.1585 0.2161 0.9634
vn 0.1662 0.2004 0.9655
vn 0.2442 0.0448 0.9687
vn 0.2472 0.0390 0.9682
vn 0.3564 -0.1395 0.9239
vn 0.3535 -0.1357 0.9255
vn 0.4921 -0.2777 0.8251
vn -0.9506 -0.2413 0.1953
vn -0.9345 -0.1955 0.2974
vn -0.9801 -0.1176 0.1596
vn -0.9630 -0.1015 0.2497
vn -0.9902 0.0123 0.1388
vn -0.9767 0.0041 0.2147
vn -0.9760 0.0868 0.1995
vn -0.9526 -0.2991 0.0556
vn -0.9894 -0.1386 0.0442
vn -0.9984 0.0199 0.0523
vn -0.9918 0.1224 0.0373
vn 0.1656 -0.2511 -0.9537
vn 0.0670 -0.2961 -0.9528
vn 0.0926 -0.1318 -0.9869
vn 0.0504 -0.1415 -0.9887
vn 0.0049 0.0095 -0.9999
vn -0.0015 0.0140 -0.9999
vn 0.0535 -0.3000 -0.9524
vn 0.0380 -0.1397 -0.9895
vn 0.0432 0.0204 -0.9989
vn 0.0297 0.1244 -0.9918
vn -0.6133 0.5228 -0.5921
vn -0.8967 0.4126 -0.1601
vn -0.9182 0.3737 -0.1312
vn -0.9719 0.2306 -0.0478
vn -0.9986 0.0411 0.0324
vn -0.9882 -0.1124 0.1044
vn -0.9575 -0.2374 0.1640
vn -0.9291 -0.3167 0.1907
vn -0.9280 -0.3185 0.1933
vn -0.9545 -0.2504 0.1621
vn -0.9876 -0.1329 0.0831
vn -0.9999 0.0089 -0.0099
vn -0.9905 0.1200 -0.0679
vn -0.9790 0.1728 -0.1078
vn 0.8338 -0.5180 0.1910
vn 0.8149 -0.5427 0.2035
vn 0.8298 -0.5233 0.1937
vn 0.8833 -0.4393 0.1640
vn 0.8889 -0.4287 0.1613
vn 0.9534 -0.2742 0.1259
vn 0.9554 -0.2678 0.1246
vn 0.9926 -0.0805 0.0904
vn 0.9920 -0.0868 0.0913
vn 0.9911 0.1128 0.0711
vn 0.9929 0.0943 0.0718
vn 0.9632 0.2573 0.0773
vn 0.9681 0.2393 0.0745
vn 0.9509 0.2927 0.1004
vn 0.9519 0.2871 0.1075
vn 0.9661 0.1997 0.1636
vn 0.9640 0.2154 0.1559
vn 0.9687 0.0387 0.2451
vn 0.9692 0.0445 0.2422
vn 0.9260 -0.1359 0.3522
vn 0.9243 -0.1397 0.3552
vn 0.8287 -0.2748 0.4876
vn 0.8253 -0.2778 0.4917
vn 0.7485 -0.3361 0.5716
vn -0.1975 -0.5580 0.8060
vn -0.1822 -0.5273 0.8299
vn -0.1855 -0.5340 0.8249
vn -0.1514 -0.4211 0.8943
vn -0.1538 -0.4342 0.8876
vn -0.1207 -0.2529 0.9599
vn -0.1218 -0.2591 0.9581
vn -0.0932 -0.0822 0.9923
vn -0.0923 -0.0762 0.9928
vn -0.0759 0.0956 0.9925
vn -0.0753 0.1143 0.9906
vn -0.0792 0.2411 0.9673
vn 0.2695 0.4546 -0.8489
vn 0.1140 0.3654 -0.9238
vn 0.1421 0.4030 -0.9041
vn 0.2648 0.4120 -0.8718
vn 0.0344 0.2269 -0.9733
vn 0.2099 0.2619 -0.9420
vn -0.0398 0.0404 -0.9984
vn 0.1476 0.0580 -0.9873
vn -0.1062 -0.1125 -0.9880
vn 0.0799 -0.1174 -0.9899
vn -0.1599 -0.2384 -0.9579
vn 0.0130 -0.2670 -0.9636
vn -0.1849 -0.3193 -0.9294
vn 0.9058 -0.1890 0.3793
vn 0.9249 -0.2886 0.2475
vn 0.9424 -0.2188 0.2531
vn 0.9271 -0.1345 0.3499
vn 0.9625 -0.1307 0.2376
vn 0.9541 -0.0626 0.2929
vn 0.9784 -0.0337 0.2039
vn 0.9770 0.0506 0.2069
vn 0.9848 0.0886 0.1495
vn 0.9804 0.1644 0.1087
vn 0.9722 0.2271 0.0562
vn 0.9776 0.1948 0.0798
vn 0.9768 0.1974 0.0836
vn 0.9490 0.3150 -0.0097
vn 0.9885 0.1401 0.0568
vn 0.9652 0.2608 0.0182
vn 0.9963 0.0009 0.0865
vn 0.9872 -0.1206 0.1042
vn 0.9653 -0.2375 0.1090
vn 0.9371 -0.3348 0.0989
vn -0.1083 -0.2368 -0.9655
vn -0.2467 -0.2892 -0.9249
vn -0.2526 -0.2181 -0.9427
vn -0.1042 -0.1201 -0.9873
vn -0.2372 -0.1305 -0.9626
vn -0.0880 0.0018 -0.9961
vn -0.2035 -0.0327 -0.9785
vn -0.0605 0.1407 -0.9882
vn -0.1512 0.0889 -0.9845
vn -0.0220 0.2576 -0.9660
vn -0.0578 0.2201 -0.9738
vn 0.0076 0.3096 -0.9508
vn -0.0860 0.1931 -0.9774
vn -0.3741 -0.2369 -0.8966
vn -0.3791 -0.1882 -0.9060
vn -0.3487 -0.1345 -0.9275
vn -0.2898 -0.0608 -0.9551
vn -0.2050 0.0530 -0.9773
vn -0.0812 0.1871 -0.9790
vn 0.8457 0.4586 -0.2730
vn 0.6320 0.4742 -0.6129
vn 0.6133 0.5228 -0.5921
vn 0.8698 0.4150 -0.2669
vn 0.6804 0.3203 -0.6591
vn 0.9411 0.2634 -0.2120
vn 0.7175 0.0881 -0.6909
vn 0.9873 0.0586 -0.1476
vn 0.7153 -0.1344 -0.6857
vn 0.9900 -0.1170 -0.0789
vn 0.6796 -0.3413 -0.6493
vn 0.9637 -0.2669 -0.0103
vn 0.6320 -0.4879 -0.6020
vn 0.9231 -0.3805 0.0562
vn 0.6406 -0.4330 -0.6341
vn 0.6136 -0.5285 -0.5867
vn 0.9529 -0.2967 0.0629
vn 0.6764 -0.2169 -0.7039
vn 0.9890 -0.1428 0.0395
vn 0.6912 0.0242 -0.7222
vn 0.9997 0.0144 -0.0172
vn 0.6815 0.1708 -0.7116
vn -0.4880 -0.2747 0.8285
vn -0.5717 -0.3361 0.7485
vn -0.4921 -0.2777 0.8251
vn 0.9865 0.1044 0.1261
vn 0.9867 0.1616 0.0160
vn 0.9918 0.1224 0.0373
vn 0.0526 0.1176 -0.9917
vn 0.1091 0.1738 -0.9787
vn 0.1092 0.1751 -0.9785
vn -0.1231 0.1054 -0.9868
vn -0.1984 0.1249 -0.9721
vn -0.2001 0.0867 -0.9759
vn 0.9722 0.1251 0.1981
vn 0.9760 0.0868 0.1996
vn -0.0105 0.1637 -0.9865
vn -0.0297 0.1244 -0.9918
vn -0.0820 0.2586 0.9625
vn -0.1043 0.2935 0.9502
vn 0.9258 -0.3696 0.0794
vn -0.0556 -0.3813 -0.9228
vn -0.1899 -0.3203 -0.9281
vn -0.3436 -0.2456 -0.9064
vn 0.9066 -0.2450 0.3437
vn 0.8967 -0.2364 0.3743
vn -0.0784 -0.3710 -0.9253
vn -0.0977 -0.3352 -0.9371
vn 0.9298 -0.3663 0.0357
vn 0.6711 0.2195 -0.7082
vn 0.9890 0.1253 -0.0781
vn 0.9790 0.1728 -0.1078
vn -0.2974 -0.1954 -0.9345
vn -0.2291 -0.3050 -0.9244
vn -0.1944 -0.2418 -0.9507
vn -0.2500 -0.1014 -0.9629
vn -0.1575 -0.1181 -0.9804
vn -0.1355 0.0125 -0.9907
vn -0.2152 0.0041 -0.9766
vn -0.1111 0.2880 0.9512
vn -0.1585 0.2160 0.9634
vn -0.1662 0.2004 0.9655
vn -0.2442 0.0448 0.9687
vn -0.2472 0.0390 0.9682
vn -0.3564 -0.1395 0.9239
vn -0.3535 -0.1357 0.9255
vn 0.9506 -0.2413 0.1953
vn 0.9246 -0.3040 0.2295
vn 0.9346 -0.1955 0.2973
vn 0.9801 -0.1176 0.1596
vn 0.9630 -0.1015 0.2497
vn 0.9902 0.0123 0.1388
vn 0.9767 0.0041 0.2147
vn 0.9526 -0.2990 0.0556
vn 0.9894 -0.1386 0.0442
vn 0.9984 0.0199 0.0523
vn -0.1656 -0.2511 -0.9537
vn -0.0670 -0.2961 -0.9528
vn -0.0926 -0.1318 -0.9869
vn -0.0504 -0.1415 -0.9887
vn -0.0049 0.0095 -0.9999
vn 0.0015 0.0140 -0.9999
vn -0.0535 -0.3000 -0.9524
vn -0.0381 -0.1397 -0.9895
vn -0.0432 0.0204 -0.9989
vn -0.0324 -0.3672 -0.9296
vn 0.0682 0.1246 -0.9899
vn 0.8967 0.4126 -0.1601
vn 0.9182 0.3737 -0.1312
vn 0.9719 0.2306 -0.0478
vn 0.9986 0.0412 0.0324
vn 0.9882 -0.1124 0.1044
vn 0.9574 -0.2376 0.1640
vn 0.9291 -0.3167 0.1907
vn 0.9281 -0.3183 0.1934
vn 0.9545 -0.2504 0.1621
vn 0.9876 -0.1329 0.0831
vn 0.9999 0.0089 -0.0099
vn 0.9905 0.1200 -0.0679
vn 0.9791 0.1729 -0.1075
vn -0.8338 -0.5180 0.1910
vn -0.8149 -0.5427 0.2035
vn -0.8149 -0.5427 0.2036
vn -0.8833 -0.4393 0.1640
vn -0.8298 -0.5233 0.1937
vn -0.8889 -0.4287 0.1613
vn -0.9534 -0.2742 0.1259
vn -0.9554 -0.2678 0.1246
vn -0.9926 -0.0805 0.0904
vn -0.9920 -0.0868 0.0913
vn -0.9911 0.1129 0.0711
vn -0.9930 0.0943 0.0718
vn -0.9632 0.2573 0.0773
vn -0.9509 0.2926 0.1004
vn -0.9681 0.2394 0.0745
vn -0.9661 0.1997 0.1636
vn -0.9519 0.2871 0.1075
vn -0.9640 0.2154 0.1559
vn -0.9687 0.0387 0.2451
vn -0.9692 0.0445 0.2422
vn -0.9260 -0.1359 0.3522
vn -0.9243 -0.1397 0.3552
vn -0.8287 -0.2748 0.4876
vn -0.7485 -0.3361 0.5716
vn -0.8253 -0.2778 0.4917
vn 0.0001 1.0000 -0.0000
vn 0.0007 1.0000 0.0008
vn 0.0004 1.0000 0.0008
vn -0.0020 1.0000 -0.0017
vn -0.0014 1.0000 -0.0018
vn 0.0003 1.0000 -0.0005
vn -0.0007 1.0000 0.0008
vn -0.0001 1.0000 -0.0001
vn -0.0004 1.0000 0.0008
vn 0.0020 1.0000 -0.0017
vn 0.0014 1.0000 -0.0018
vn -0.0003 1.0000 -0.0006
vn 0.0007 1.0000 -0.0008
vn 0.0001 1.0000 0.0001
vn 0.0004 1.0000 -0.0008
vn -0.0020 1.0000 0.0017
vn -0.0014 1.0000 0.0018
vn 0.0003 1.0000 0.0006
vn -0.0001 1.0000 -0.0000
vn -0.0007 1.0000 -0.0008
vn -0.0004 1.0000 -0.0008
vn 0.0020 1.0000 0.0017
vn 0.0014 1.0000 0.0018
vn -0.0003 1.0000 0.0005
vn -0.5840 0.8118 0.0029
vn -0.9722 -0.2342 0.0034
vn 0.1103 0.1585 0.9812
vn 0.5717 -0.3361 -0.7484
vn -0.9843 0.1455 -0.0999
vn 0.0975 0.1465 0.9844
vn 0.0017 0.9156 0.4021
vn 0.0013 0.0895 0.9960
vn -0.0014 0.4375 -0.8992
vn -0.0026 -0.2337 -0.9723
vn 0.0008 -0.9999 0.0163
vn 0.3526 -0.9358 -0.0007
vn 0.9722 -0.2342 -0.0034
vn 0.1421 0.4030 0.9041
vn 0.9776 0.1948 -0.0798
vn 0.0076 0.3096 0.9508
vn 0.1092 0.1751 0.9785
vn -0.1899 -0.3204 0.9281
vn 0.9791 0.1729 0.1075
vn -0.1421 0.4030 -0.9041
vn -0.9776 0.1948 0.0798
vn -0.0076 0.3096 -0.9508
vn -0.1092 0.1751 -0.9785
vn 0.1899 -0.3204 -0.9281
vn -0.9791 0.1729 -0.1075
vn -0.1103 0.1585 -0.9812
vn -0.5717 -0.3361 0.7484
vn 0.9843 0.1455 0.0999
vn -0.0975 0.1465 -0.9844
vt 0.399110 0.417210
vt 0.688009 0.418810
vt 0.689170 0.417210
vt 0.400714 0.420564
vt 0.686530 0.422991
vt 0.687565 0.420564
vt 0.400243 0.403023
vt 0.689193 0.404652
vt 0.688038 0.403023
vt 0.402736 0.391167
vt 0.686532 0.395576
vt 0.685550 0.391167
vt 0.403794 0.386447
vt 0.684495 0.386447
vt 0.405704 0.378111
vt 0.683459 0.381798
vt 0.682586 0.378111
vt 0.404831 0.381798
vt 0.434564 0.375383
vt 0.653712 0.375383
vt 0.749563 0.048902
vt 0.872495 0.274787
vt 0.749631 0.500709
vt 0.391634 0.418810
vt 0.400271 0.418810
vt 0.390725 0.417210
vt 0.383080 0.418810
vt 0.012797 0.472785
vt 0.021607 0.474366
vt 0.013078 0.474366
vt 0.021179 0.472785
vt 0.030193 0.474366
vt 0.029401 0.472785
vt 0.038780 0.474366
vt 0.397714 0.414067
vt 0.389655 0.414067
vt 0.382290 0.417210
vt 0.381353 0.414067
vt 0.012507 0.469723
vt 0.020693 0.469723
vt 0.037627 0.472785
vt 0.028536 0.469723
vt 0.036255 0.469723
vt 0.397352 0.410972
vt 0.389359 0.410972
vt 0.381137 0.410972
vt 0.012515 0.466658
vt 0.020588 0.466658
vt 0.028341 0.466658
vt 0.035911 0.466658
vt 0.392075 0.420564
vt 0.383559 0.420564
vt 0.021892 0.476055
vt 0.013368 0.476055
vt 0.030514 0.476055
vt 0.039209 0.476055
vt 0.402400 0.425214
vt 0.392962 0.422991
vt 0.393564 0.425214
vt 0.384471 0.422991
vt 0.385071 0.425214
vt 0.014651 0.480379
vt 0.022661 0.478228
vt 0.023225 0.480379
vt 0.031568 0.478228
vt 0.032294 0.480379
vt 0.040484 0.478228
vt 0.040965 0.480379
vt 0.399089 0.404652
vt 0.391726 0.403023
vt 0.390799 0.404652
vt 0.383227 0.403023
vt 0.382396 0.404652
vt 0.013216 0.460355
vt 0.022032 0.458665
vt 0.021503 0.460355
vt 0.030429 0.458665
vt 0.029598 0.460355
vt 0.038758 0.458665
vt 0.037616 0.460355
vt 0.397705 0.407843
vt 0.389690 0.407843
vt 0.012701 0.463554
vt 0.028637 0.463554
vt 0.020843 0.463554
vt 0.381398 0.407843
vt 0.036255 0.463554
vt 0.392236 0.400852
vt 0.383821 0.400852
vt 0.013639 0.458665
vt 0.022494 0.456523
vt 0.030835 0.456522
vt 0.039174 0.456523
vt 0.032174 0.451541
vt 0.041617 0.447262
vt 0.033493 0.447262
vt 0.042907 0.442715
vt 0.034974 0.442715
vt 0.044178 0.438233
vt 0.037704 0.435389
vt 0.045225 0.435389
vt 0.036437 0.438233
vt 0.024142 0.451541
vt 0.025621 0.447262
vt 0.027188 0.442715
vt 0.029929 0.435388
vt 0.028647 0.438233
vt 0.016366 0.451541
vt 0.014164 0.456523
vt 0.018162 0.447262
vt 0.019864 0.442715
vt 0.022338 0.435389
vt 0.021264 0.438233
vt 0.393575 0.395576
vt 0.387244 0.391167
vt 0.394742 0.391167
vt 0.388611 0.386447
vt 0.395965 0.386447
vt 0.389697 0.381798
vt 0.398114 0.378111
vt 0.390502 0.378111
vt 0.397108 0.381798
vt 0.401753 0.395576
vt 0.400676 0.400852
vt 0.406327 0.375383
vt 0.039415 0.432277
vt 0.046874 0.432277
vt 0.031627 0.432276
vt 0.024176 0.432277
vt 0.398713 0.375383
vt 0.391255 0.375383
vt 0.746952 0.016669
vt 0.748853 0.031012
vt 0.746072 0.022241
vt 0.749620 0.011409
vt 0.749256 0.019390
vt 0.753784 0.007238
vt 0.750316 0.014314
vt 0.759040 0.004567
vt 0.752915 0.010316
vt 0.764863 0.003645
vt 0.757067 0.007805
vt 0.773621 0.006258
vt 0.762000 0.006671
vt 0.786857 0.003642
vt 0.065644 0.432277
vt 0.746074 0.036731
vt 0.045064 0.354105
vt 0.107684 0.328211
vt 0.105874 0.357405
vt 0.054711 0.326805
vt 0.108813 0.299844
vt 0.063406 0.299821
vt 0.108181 0.273424
vt 0.069428 0.273916
vt 0.105183 0.245730
vt 0.072146 0.246339
vt 0.099464 0.218857
vt 0.070833 0.219372
vt 0.090667 0.190777
vt 0.033815 0.363034
vt 0.040251 0.338020
vt 0.042671 0.365598
vt 0.032398 0.335599
vt 0.038084 0.310587
vt 0.031177 0.309035
vt 0.036307 0.284343
vt 0.030257 0.283973
vt 0.034802 0.256211
vt 0.029488 0.256838
vt 0.033521 0.227670
vt 0.028903 0.229113
vt 0.032561 0.196479
vt 0.295322 0.217485
vt 0.302701 0.189153
vt 0.313471 0.217350
vt 0.297765 0.244972
vt 0.318584 0.244461
vt 0.294439 0.272749
vt 0.317923 0.271784
vt 0.286251 0.297972
vt 0.311999 0.296657
vt 0.272517 0.322853
vt 0.288139 0.346226
vt 0.256361 0.347248
vt 0.301039 0.321586
vt 0.308802 0.346213
vt 0.330420 0.296032
vt 0.320679 0.321234
vt 0.335156 0.270976
vt 0.334422 0.243557
vt 0.327966 0.216354
vt 0.315552 0.188060
vt 0.182906 0.216375
vt 0.208132 0.189186
vt 0.197407 0.217374
vt 0.176478 0.243574
vt 0.192315 0.244479
vt 0.175743 0.270992
vt 0.193008 0.271804
vt 0.180547 0.296051
vt 0.199191 0.296694
vt 0.190325 0.321252
vt 0.222756 0.346203
vt 0.202092 0.346157
vt 0.210149 0.321628
vt 0.223691 0.189151
vt 0.215573 0.217514
vt 0.213151 0.244995
vt 0.216747 0.272793
vt 0.225860 0.298055
vt 0.254541 0.347248
vt 0.016673 0.363175
vt 0.025369 0.334636
vt 0.025310 0.362147
vt 0.018199 0.335664
vt 0.025419 0.308379
vt 0.019512 0.309067
vt 0.025446 0.283801
vt 0.020477 0.283981
vt 0.025481 0.257100
vt 0.021288 0.256814
vt 0.025465 0.229758
vt 0.021873 0.229069
vt 0.025426 0.199289
vt 0.022606 0.162998
vt 0.025300 0.129555
vt 0.025359 0.163884
vt 0.022852 0.128944
vt 0.025239 0.097559
vt 0.022504 0.097169
vt 0.025136 0.066796
vt 0.022948 0.066841
vt 0.024986 0.036324
vt 0.048576 0.038090
vt 0.060058 0.007875
vt 0.059487 0.037996
vt 0.267023 0.036714
vt 0.277520 0.006981
vt 0.273729 0.036290
vt 0.027758 0.036607
vt 0.026320 0.007030
vt 0.026824 0.007094
vt 0.243950 0.036732
vt 0.245238 0.007763
vt 0.251164 0.037297
vt 0.265790 0.007742
vt 0.259816 0.037268
vt 0.233509 0.006984
vt 0.237332 0.036311
vt 0.065599 0.191283
vt 0.078913 0.159588
vt 0.298594 0.157148
vt 0.027994 0.163039
vt 0.031638 0.161270
vt 0.236400 0.158283
vt 0.274505 0.158265
vt 0.287153 0.189118
vt 0.212309 0.157165
vt 0.195297 0.188083
vt 0.022262 0.198331
vt 0.024812 0.006838
vt 0.023046 0.036537
vt 0.023402 0.007039
vt 0.247447 0.128094
vt 0.223435 0.158215
vt 0.236812 0.127755
vt 0.253699 0.098081
vt 0.244697 0.097562
vt 0.246597 0.067217
vt 0.254514 0.067787
vt 0.057214 0.160225
vt 0.068878 0.128990
vt 0.050173 0.129824
vt 0.062503 0.098930
vt 0.046616 0.099804
vt 0.059849 0.068692
vt 0.046594 0.069322
vt 0.274091 0.127735
vt 0.287469 0.158196
vt 0.263460 0.128073
vt 0.266213 0.097540
vt 0.257218 0.098055
vt 0.264332 0.067196
vt 0.256425 0.067757
vt 0.283553 0.126823
vt 0.274552 0.096855
vt 0.271925 0.066668
vt 0.030997 0.127742
vt 0.027652 0.128961
vt 0.030139 0.096831
vt 0.028184 0.097118
vt 0.028984 0.066847
vt 0.027275 0.066824
vt 0.227382 0.126839
vt 0.236431 0.096869
vt 0.239118 0.066691
vt 0.119662 0.063670
vt 0.099533 0.083791
vt 0.084960 0.068113
vt 0.028444 0.198390
vt 0.027064 0.036538
vt 0.008005 0.365594
vt 0.010591 0.337922
vt 0.012838 0.310528
vt 0.014638 0.284327
vt 0.016163 0.256211
vt 0.017391 0.227672
vt 0.018248 0.196473
vt 0.019066 0.161293
vt 0.019616 0.127776
vt 0.020398 0.096873
vt 0.021386 0.066873
vt 0.022314 0.036617
vt 0.022870 0.007115
vt 0.782583 0.040072
vt 0.690567 0.414067
vt 0.690577 0.407843
vt 0.690929 0.410972
vt 0.687605 0.400852
vt 0.791506 0.006955
vt 0.958058 0.003622
vt 0.953410 0.006936
vt 0.111265 0.328056
vt 0.173618 0.353432
vt 0.113013 0.356657
vt 0.154706 0.299348
vt 0.163557 0.326282
vt 0.110078 0.299801
vt 0.148944 0.273384
vt 0.110483 0.273034
vt 0.146297 0.245800
vt 0.113401 0.245276
vt 0.147551 0.218830
vt 0.119018 0.218389
vt 0.152751 0.190734
vt 0.139519 0.159087
vt 0.127729 0.190302
vt 0.168152 0.129269
vt 0.161132 0.159675
vt 0.149516 0.128476
vt 0.171674 0.099244
vt 0.155841 0.098406
vt 0.171648 0.068762
vt 0.158431 0.068162
vt 0.169610 0.037533
vt 0.158074 0.007345
vt 0.158719 0.037465
vt 0.085094 0.059341
vt 0.099573 0.043523
vt 0.060560 0.417366
vt 0.053226 0.418992
vt 0.052449 0.417366
vt 0.044747 0.418992
vt 0.044326 0.417366
vt 0.036405 0.418992
vt 0.036129 0.417366
vt 0.722678 0.472785
vt 0.713288 0.474366
vt 0.714203 0.472785
vt 0.704605 0.474366
vt 0.705776 0.472785
vt 0.059219 0.414231
vt 0.051607 0.414231
vt 0.043889 0.414231
vt 0.715284 0.469723
vt 0.723628 0.469723
vt 0.058887 0.411101
vt 0.051429 0.411101
vt 0.035761 0.414231
vt 0.043851 0.411101
vt 0.707186 0.469723
vt 0.715589 0.466658
vt 0.723858 0.466658
vt 0.061690 0.418992
vt 0.053540 0.420700
vt 0.045026 0.420700
vt 0.036686 0.420700
vt 0.721880 0.474366
vt 0.712842 0.476055
vt 0.704156 0.476055
vt 0.063737 0.425228
vt 0.054248 0.423062
vt 0.063109 0.423062
vt 0.062108 0.420700
vt 0.054712 0.425228
vt 0.045419 0.423062
vt 0.045720 0.425228
vt 0.037049 0.423062
vt 0.719331 0.480379
vt 0.711642 0.478228
vt 0.720157 0.478228
vt 0.721402 0.476055
vt 0.710800 0.480379
vt 0.702865 0.478228
vt 0.060559 0.404763
vt 0.053514 0.403089
vt 0.061678 0.403089
vt 0.052690 0.404763
vt 0.045272 0.403089
vt 0.044722 0.404763
vt 0.037070 0.403089
vt 0.722625 0.460355
vt 0.713234 0.458665
vt 0.721803 0.458665
vt 0.714161 0.460355
vt 0.704648 0.458665
vt 0.059226 0.407981
vt 0.051731 0.407981
vt 0.044074 0.407981
vt 0.036630 0.404763
vt 0.035993 0.407981
vt 0.705809 0.460355
vt 0.715266 0.463554
vt 0.707201 0.463554
vt 0.723609 0.463554
vt 0.035675 0.411101
vt 0.707554 0.466658
vt 0.053921 0.400925
vt 0.062080 0.400925
vt 0.045754 0.400925
vt 0.037621 0.400925
vt 0.712726 0.456523
vt 0.721222 0.456522
vt 0.704211 0.456523
vt 0.711099 0.451541
vt 0.702910 0.451541
vt 0.701660 0.447262
vt 0.700336 0.442715
vt 0.709584 0.447262
vt 0.699054 0.438233
vt 0.705303 0.435389
vt 0.706544 0.438233
vt 0.708002 0.442715
vt 0.718942 0.451541
vt 0.717119 0.447262
vt 0.712983 0.435389
vt 0.714018 0.438233
vt 0.715413 0.442715
vt 0.047013 0.395742
vt 0.039466 0.395742
vt 0.040895 0.391370
vt 0.042183 0.386701
vt 0.048140 0.391370
vt 0.043196 0.382114
vt 0.051391 0.379237
vt 0.050416 0.382114
vt 0.049324 0.386701
vt 0.054935 0.395742
vt 0.055878 0.391370
vt 0.059032 0.379237
vt 0.058050 0.382114
vt 0.056956 0.386701
vt 0.063060 0.395742
vt 0.063964 0.391370
vt 0.066791 0.379237
vt 0.065942 0.382114
vt 0.064951 0.386701
vt 0.067401 0.375866
vt 0.095533 0.375866
vt 0.698012 0.435388
vt 0.703618 0.432276
vt 0.711128 0.432276
vt 0.043999 0.379237
vt 0.051850 0.375866
vt 0.059567 0.375866
vt 0.747029 0.532943
vt 0.748926 0.518600
vt 0.749332 0.530221
vt 0.749699 0.538202
vt 0.750394 0.535297
vt 0.753865 0.542372
vt 0.752995 0.539295
vt 0.759121 0.545042
vt 0.757147 0.541805
vt 0.764944 0.545962
vt 0.762081 0.542938
vt 0.773701 0.543346
vt 0.786938 0.545958
vt 0.791586 0.542644
vt 0.677706 0.432276
vt 0.696382 0.432277
vt 0.746148 0.527372
vt 0.782653 0.509530
vt 0.702365 0.480379
vt 0.040414 0.451541
vt 0.746145 0.512882
vt 0.953490 0.542615
vt 0.995363 0.048871
vt 0.995431 0.500667
vt 0.696643 0.418810
vt 0.697552 0.417210
vt 0.705194 0.418810
vt 0.705986 0.417210
vt 0.013777 0.528342
vt 0.022576 0.530007
vt 0.022148 0.528342
vt 0.031149 0.530007
vt 0.030358 0.528342
vt 0.039724 0.530007
vt 0.038572 0.528342
vt 0.698624 0.414067
vt 0.013485 0.525186
vt 0.029493 0.525186
vt 0.021660 0.525186
vt 0.706925 0.414067
vt 0.698921 0.410972
vt 0.013491 0.522195
vt 0.037201 0.525186
vt 0.029296 0.522195
vt 0.021553 0.522195
vt 0.696201 0.420564
vt 0.704714 0.420564
vt 0.014059 0.530007
vt 0.022861 0.531739
vt 0.031472 0.531739
vt 0.040155 0.531739
vt 0.685878 0.425214
vt 0.695312 0.422991
vt 0.694707 0.425214
vt 0.703800 0.422991
vt 0.015634 0.536160
vt 0.023631 0.534013
vt 0.015104 0.534013
vt 0.014350 0.531739
vt 0.024195 0.536160
vt 0.032525 0.534013
vt 0.033251 0.536160
vt 0.041428 0.534013
vt 0.696557 0.403023
vt 0.697483 0.404652
vt 0.705058 0.403023
vt 0.014187 0.515968
vt 0.022991 0.514271
vt 0.014607 0.514271
vt 0.022463 0.515968
vt 0.031377 0.514271
vt 0.030548 0.515968
vt 0.039694 0.514271
vt 0.698592 0.407843
vt 0.705888 0.404652
vt 0.706884 0.407843
vt 0.013675 0.519142
vt 0.021806 0.519142
vt 0.038555 0.515968
vt 0.029590 0.519142
vt 0.037198 0.519142
vt 0.707144 0.410972
vt 0.036856 0.522195
vt 0.696048 0.400852
vt 0.704464 0.400852
vt 0.023451 0.512131
vt 0.015130 0.512131
vt 0.031781 0.512131
vt 0.040108 0.512131
vt 0.033115 0.507157
vt 0.041344 0.507157
vt 0.042543 0.502885
vt 0.043828 0.498343
vt 0.034429 0.502885
vt 0.045094 0.493867
vt 0.038625 0.491028
vt 0.037363 0.493867
vt 0.035906 0.498343
vt 0.025093 0.507157
vt 0.026567 0.502885
vt 0.030860 0.491028
vt 0.029583 0.493867
vt 0.028129 0.498344
vt 0.017325 0.507157
vt 0.019116 0.502885
vt 0.023278 0.491028
vt 0.022208 0.493867
vt 0.020814 0.498343
vt 0.694711 0.395576
vt 0.702542 0.395576
vt 0.701046 0.391167
vt 0.699680 0.386447
vt 0.693547 0.391167
vt 0.698594 0.381798
vt 0.690178 0.378111
vt 0.691183 0.381798
vt 0.692326 0.386447
vt 0.681963 0.375383
vt 0.046137 0.491028
vt 0.040332 0.487917
vt 0.032553 0.487917
vt 0.025110 0.487917
vt 0.697790 0.378111
vt 0.689578 0.375383
vt 0.997967 0.016638
vt 0.996068 0.030981
vt 0.995663 0.019359
vt 0.995298 0.011379
vt 0.994602 0.014283
vt 0.991132 0.007209
vt 0.992002 0.010286
vt 0.985875 0.004538
vt 0.987849 0.007776
vt 0.980052 0.003620
vt 0.982916 0.006643
vt 0.971295 0.006236
vt 0.066521 0.487917
vt 0.047781 0.487917
vt 0.998847 0.022209
vt 0.962342 0.040050
vt 0.347310 0.417366
vt 0.354703 0.418992
vt 0.346161 0.418992
vt 0.355604 0.417366
vt 0.363164 0.418992
vt 0.730333 0.528342
vt 0.721534 0.530007
vt 0.730051 0.530007
vt 0.721963 0.528342
vt 0.712961 0.530007
vt 0.713753 0.528342
vt 0.704388 0.530007
vt 0.348693 0.414231
vt 0.356666 0.414231
vt 0.363949 0.417366
vt 0.364879 0.414231
vt 0.730625 0.525186
vt 0.722451 0.525186
vt 0.705539 0.528342
vt 0.714619 0.525186
vt 0.706911 0.525186
vt 0.349052 0.411101
vt 0.356961 0.411101
vt 0.365097 0.411101
vt 0.730620 0.522195
vt 0.722558 0.522195
vt 0.714815 0.522195
vt 0.707256 0.522195
vt 0.354266 0.420700
vt 0.345721 0.420700
vt 0.362689 0.420700
vt 0.721249 0.531739
vt 0.729760 0.531739
vt 0.712639 0.531739
vt 0.703958 0.531739
vt 0.344051 0.425228
vt 0.353385 0.423062
vt 0.352786 0.425228
vt 0.361783 0.423062
vt 0.361186 0.425228
vt 0.728474 0.536160
vt 0.720478 0.534013
vt 0.719914 0.536160
vt 0.711585 0.534013
vt 0.710859 0.536160
vt 0.702685 0.534013
vt 0.702202 0.536160
vt 0.347338 0.404763
vt 0.354625 0.403089
vt 0.355540 0.404763
vt 0.363036 0.403089
vt 0.363857 0.404763
vt 0.729925 0.515968
vt 0.721121 0.514271
vt 0.721648 0.515968
vt 0.712734 0.514271
vt 0.713563 0.515968
vt 0.704416 0.514271
vt 0.705556 0.515968
vt 0.348705 0.407981
vt 0.356636 0.407981
vt 0.730436 0.519142
vt 0.714521 0.519142
vt 0.722305 0.519142
vt 0.364841 0.407981
vt 0.706913 0.519142
vt 0.346197 0.403089
vt 0.354121 0.400925
vt 0.362450 0.400925
vt 0.729505 0.514271
vt 0.720661 0.512131
vt 0.712330 0.512131
vt 0.704002 0.512131
vt 0.710996 0.507157
vt 0.701568 0.502885
vt 0.709683 0.502885
vt 0.700284 0.498344
vt 0.708207 0.498343
vt 0.699018 0.493867
vt 0.705488 0.491028
vt 0.697976 0.491028
vt 0.706750 0.493867
vt 0.719019 0.507157
vt 0.717546 0.502885
vt 0.715984 0.498343
vt 0.713253 0.491028
vt 0.714530 0.493867
vt 0.726787 0.507157
vt 0.728982 0.512131
vt 0.724996 0.502885
vt 0.723299 0.498343
vt 0.720836 0.491028
vt 0.721905 0.493867
vt 0.352801 0.395742
vt 0.359072 0.391370
vt 0.351651 0.391370
vt 0.357723 0.386701
vt 0.350444 0.386701
vt 0.356651 0.382114
vt 0.348324 0.379237
vt 0.355858 0.379237
vt 0.349317 0.382114
vt 0.344708 0.395742
vt 0.345769 0.400925
vt 0.343738 0.391370
vt 0.342695 0.386701
vt 0.340811 0.379237
vt 0.341672 0.382114
vt 0.312252 0.375866
vt 0.340197 0.375866
vt 0.703781 0.487917
vt 0.696330 0.487917
vt 0.711560 0.487917
vt 0.719003 0.487917
vt 0.347733 0.375866
vt 0.355116 0.375866
vt 0.998044 0.532899
vt 0.996141 0.518557
vt 0.998923 0.527327
vt 0.995376 0.538159
vt 0.995740 0.530179
vt 0.991212 0.542331
vt 0.994680 0.535255
vt 0.985956 0.545002
vt 0.992081 0.539253
vt 0.980133 0.545923
vt 0.987929 0.541765
vt 0.971376 0.543309
vt 0.982996 0.542899
vt 0.958139 0.545927
vt 0.677582 0.487917
vt 0.998920 0.512838
vt 0.962412 0.509498
vt 0.702766 0.507157
vt 0.905997 0.929907
vt 0.095967 0.618633
vt 0.905953 0.618536
vt 0.344697 0.423062
vt 0.639826 0.354105
vt 0.577205 0.328211
vt 0.630178 0.326805
vt 0.576077 0.299844
vt 0.621484 0.299821
vt 0.576708 0.273424
vt 0.615462 0.273916
vt 0.579707 0.245730
vt 0.612743 0.246339
vt 0.585425 0.218857
vt 0.614057 0.219372
vt 0.594222 0.190777
vt 0.619290 0.191283
vt 0.651074 0.363034
vt 0.644638 0.338020
vt 0.652491 0.335599
vt 0.646805 0.310587
vt 0.653713 0.309035
vt 0.648583 0.284343
vt 0.654633 0.283973
vt 0.650088 0.256211
vt 0.655402 0.256838
vt 0.651368 0.227670
vt 0.655986 0.229113
vt 0.652328 0.196479
vt 0.656446 0.198390
vt 0.389568 0.217485
vt 0.382189 0.189153
vt 0.397737 0.189118
vt 0.387124 0.244972
vt 0.371419 0.217350
vt 0.390450 0.272749
vt 0.366306 0.244461
vt 0.398638 0.297972
vt 0.366967 0.271784
vt 0.412373 0.322853
vt 0.396750 0.346226
vt 0.383850 0.321586
vt 0.372891 0.296657
vt 0.376088 0.346213
vt 0.364210 0.321234
vt 0.354470 0.296032
vt 0.349733 0.270976
vt 0.350467 0.243557
vt 0.356923 0.216354
vt 0.369337 0.188060
vt 0.501983 0.216375
vt 0.476758 0.189186
vt 0.489592 0.188083
vt 0.508412 0.243574
vt 0.487482 0.217374
vt 0.509146 0.270992
vt 0.492575 0.244479
vt 0.504343 0.296051
vt 0.491882 0.271804
vt 0.494565 0.321252
vt 0.462134 0.346203
vt 0.474741 0.321628
vt 0.485698 0.296694
vt 0.461198 0.189151
vt 0.469317 0.217514
vt 0.471738 0.244995
vt 0.468143 0.272793
vt 0.459030 0.298055
vt 0.445501 0.322918
vt 0.430349 0.347248
vt 0.668216 0.363175
vt 0.659521 0.334636
vt 0.666690 0.335664
vt 0.659470 0.308379
vt 0.665378 0.309067
vt 0.659443 0.283801
vt 0.664412 0.283981
vt 0.659408 0.257100
vt 0.663601 0.256814
vt 0.659425 0.229758
vt 0.663017 0.229069
vt 0.659464 0.199289
vt 0.662628 0.198331
vt 0.662284 0.162998
vt 0.659590 0.129555
vt 0.662037 0.128944
vt 0.659650 0.097559
vt 0.662385 0.097169
vt 0.659754 0.066796
vt 0.661941 0.066841
vt 0.659904 0.036324
vt 0.661843 0.036537
vt 0.636313 0.038090
vt 0.624831 0.007875
vt 0.633795 0.007230
vt 0.417866 0.036714
vt 0.407369 0.006981
vt 0.412540 0.007209
vt 0.657132 0.036607
vt 0.658570 0.007030
vt 0.657825 0.036538
vt 0.440940 0.036732
vt 0.439652 0.007763
vt 0.446210 0.007219
vt 0.419100 0.007742
vt 0.451380 0.006984
vt 0.605977 0.159588
vt 0.627675 0.160225
vt 0.386296 0.157148
vt 0.397420 0.158196
vt 0.656896 0.163039
vt 0.448490 0.158283
vt 0.461454 0.158215
vt 0.410384 0.158265
vt 0.472581 0.157165
vt 0.659531 0.163884
vt 0.660077 0.006838
vt 0.437443 0.128094
vt 0.431190 0.098081
vt 0.448077 0.127755
vt 0.433725 0.037297
vt 0.438292 0.067217
vt 0.430376 0.067787
vt 0.440193 0.097562
vt 0.616011 0.128990
vt 0.634717 0.129824
vt 0.622386 0.098930
vt 0.638273 0.099804
vt 0.625040 0.068692
vt 0.638296 0.069322
vt 0.625402 0.037996
vt 0.410798 0.127735
vt 0.421430 0.128073
vt 0.418677 0.097540
vt 0.427671 0.098055
vt 0.420558 0.067196
vt 0.428465 0.067757
vt 0.425073 0.037268
vt 0.401336 0.126823
vt 0.410338 0.096855
vt 0.412964 0.066668
vt 0.411160 0.036290
vt 0.653892 0.127742
vt 0.657237 0.128961
vt 0.654750 0.096831
vt 0.656705 0.097118
vt 0.655906 0.066847
vt 0.657614 0.066824
vt 0.457508 0.126839
vt 0.448458 0.096869
vt 0.445772 0.066691
vt 0.447558 0.036311
vt 0.596474 0.068113
vt 0.581902 0.083791
vt 0.561773 0.063670
vt 0.659580 0.362147
vt 0.676885 0.365594
vt 0.674299 0.337922
vt 0.672051 0.310528
vt 0.670252 0.284327
vt 0.668726 0.256211
vt 0.667499 0.227672
vt 0.666641 0.196473
vt 0.665824 0.161293
vt 0.665273 0.127776
vt 0.664491 0.096873
vt 0.663503 0.066873
vt 0.662575 0.036617
vt 0.661487 0.007039
vt 0.573625 0.328056
vt 0.511271 0.353432
vt 0.521332 0.326282
vt 0.530184 0.299348
vt 0.574811 0.299801
vt 0.535945 0.273384
vt 0.574407 0.273034
vt 0.538593 0.245800
vt 0.571489 0.245276
vt 0.537338 0.218830
vt 0.565872 0.218389
vt 0.532139 0.190734
vt 0.557161 0.190302
vt 0.545370 0.159087
vt 0.523758 0.159675
vt 0.516738 0.129269
vt 0.535374 0.128476
vt 0.513216 0.099244
vt 0.529049 0.098406
vt 0.513242 0.068762
vt 0.526459 0.068162
vt 0.515280 0.037533
vt 0.526170 0.037465
vt 0.526815 0.007345
vt 0.517854 0.006677
vt 0.581862 0.043523
vt 0.596340 0.059341
vt 0.032571 0.587479
vt 0.034273 0.576682
vt 0.079235 0.599312
vt 0.039224 0.566935
vt 0.046957 0.559211
vt 0.056709 0.554262
vt 0.067039 0.552629
vt 0.967640 0.576561
vt 0.969345 0.587357
vt 0.922684 0.599203
vt 0.962686 0.566816
vt 0.954952 0.559094
vt 0.945199 0.554147
vt 0.934868 0.552517
vt 0.034325 0.971980
vt 0.032619 0.961183
vt 0.079280 0.949337
vt 0.039278 0.981725
vt 0.047013 0.989447
vt 0.056766 0.994394
vt 0.067097 0.996023
vt 0.969394 0.961062
vt 0.967691 0.971859
vt 0.922729 0.949228
vt 0.962740 0.981605
vt 0.955007 0.989329
vt 0.945256 0.994278
vt 0.934925 0.995911
vt 0.401748 0.422991
vt 0.014122 0.478228
vt 0.385746 0.395576
vt 0.239388 0.322918
vt 0.051095 0.007230
vt 0.272349 0.007209
vt 0.238680 0.007219
vt 0.081757 0.063530
vt 0.120366 0.096788
vt 0.086258 0.069504
vt 0.167035 0.006677
vt 0.120362 0.030495
vt 0.086354 0.057762
vt 0.037303 0.425228
vt 0.044596 0.375866
vt 0.703197 0.425214
vt 0.041910 0.536160
vt 0.697037 0.375383
vt 0.998849 0.036699
vt 0.729005 0.534013
vt 0.360551 0.395742
vt 0.096011 0.930004
vt 0.579015 0.357405
vt 0.642218 0.365598
vt 0.428528 0.347248
vt 0.482797 0.346157
vt 0.658066 0.007094
vt 0.653251 0.161270
vt 0.599677 0.063530
vt 0.595176 0.069504
vt 0.561068 0.096788
vt 0.662020 0.007115
vt 0.571877 0.356657
vt 0.561073 0.030495
vt 0.595081 0.057762
s 1
usemtl pasted__phong1SG
f 7/1/1 362/2/2 355/3/3
f 20/4/4 380/5/5 368/6/6
f 56/7/7 397/8/8 404/9/9
f 96/10/10 445/11/11 444/12/12
f 95/13/13 444/12/12 443/14/14
f 68/15/15 442/16/16 416/17/17
f 94/18/18 443/14/14 442/16/16
f 113/19/19 416/17/20 461/20/21
f 112/21/22 1/22/23 346/23/22
f 7/1/1 15/24/24 14/25/25
f 6/26/26 16/27/27 15/24/24
f 5/28/28 17/29/29 16/30/27
f 4/31/30 18/32/31 17/29/29
f 3/33/32 19/34/33 18/32/31
f 6/26/26 12/35/34 11/36/35
f 5/37/28 11/36/35 10/38/36
f 4/31/30 10/39/36 9/40/37
f 2/41/38 8/42/39 13/43/40
f 3/33/32 9/40/37 8/42/39
f 11/36/35 38/44/41 39/45/42
f 10/38/36 39/45/42 40/46/43
f 9/40/37 40/47/43 41/48/44
f 13/43/40 42/49/45 43/50/46
f 8/42/39 41/48/44 42/49/45
f 14/25/47 21/51/48 20/4/49
f 15/24/50 22/52/51 21/51/48
f 16/30/52 23/53/53 22/54/51
f 17/29/54 24/55/55 23/53/53
f 18/32/56 25/56/57 24/55/55
f 26/57/58 33/58/59 27/59/60
f 33/58/59 20/4/4 21/51/61
f 27/59/60 34/60/62 28/61/63
f 34/60/62 21/51/61 22/52/64
f 28/62/63 35/63/65 29/64/66
f 35/63/65 22/54/64 23/53/67
f 29/64/66 36/65/68 30/66/69
f 36/65/68 23/53/67 24/55/70
f 30/66/69 37/67/71 31/68/72
f 37/67/71 24/55/70 25/56/73
f 49/69/74 57/70/75 48/71/76
f 48/71/76 58/72/77 47/73/78
f 47/74/78 59/75/79 46/76/80
f 46/76/80 60/77/81 45/78/82
f 45/78/82 61/79/83 44/80/84
f 48/71/76 54/81/85 49/69/74
f 47/73/78 53/82/86 48/71/76
f 46/76/80 52/83/87 47/74/78
f 44/80/84 50/84/88 45/78/82
f 45/78/82 51/85/89 46/76/80
f 53/82/86 38/44/41 54/81/85
f 52/86/87 39/45/42 53/82/86
f 51/85/89 40/47/43 52/83/87
f 55/87/90 42/49/45 50/84/88
f 50/84/88 41/48/44 51/85/89
f 56/7/91 63/88/92 57/70/93
f 57/70/93 64/89/94 58/72/95
f 58/90/95 65/91/96 59/75/97
f 59/75/97 66/92/98 60/77/99
f 60/77/99 67/93/100 61/79/101
f 81/94/102 67/93/103 66/92/104
f 76/95/105 81/94/102 80/96/106
f 75/97/107 80/96/106 79/98/108
f 74/99/109 72/100/110 73/101/111
f 74/99/109 79/98/108 78/102/112
f 85/103/113 66/92/104 65/91/114
f 80/96/106 85/103/113 84/104/115
f 79/98/108 84/104/115 83/105/116
f 78/102/112 71/106/117 72/100/110
f 78/102/112 83/105/116 82/107/118
f 89/108/119 65/91/114 64/109/120
f 84/104/115 89/108/119 88/110/121
f 83/105/116 88/110/121 87/111/122
f 82/107/118 70/112/123 71/106/117
f 82/107/118 87/111/122 86/113/124
f 93/114/125 64/89/120 63/88/126
f 88/115/121 93/114/125 92/116/127
f 87/117/122 92/116/127 91/118/128
f 86/119/124 69/120/129 70/121/123
f 86/119/124 91/118/128 90/122/130
f 97/123/131 63/88/126 62/124/132
f 92/116/127 97/123/131 96/10/10
f 91/118/128 96/10/10 95/13/13
f 90/122/130 68/15/15 69/120/129
f 90/122/130 95/13/13 94/18/18
f 68/15/133 113/19/19 98/125/134
f 73/101/135 100/126/136 99/127/137
f 72/100/138 101/128/139 100/126/136
f 71/106/140 102/129/141 101/128/139
f 70/121/142 103/130/143 102/131/141
f 69/120/144 98/125/134 103/130/143
f 100/132/145 111/133/146 99/134/147
f 101/135/148 110/136/149 100/132/145
f 102/137/150 109/138/151 101/135/148
f 103/139/152 108/140/153 102/137/150
f 98/141/154 107/142/155 103/139/152
f 98/141/154 105/143/156 106/144/157
f 113/145/158 105/143/156 98/141/154
f 73/101/135 99/127/137 114/146/159
f 99/134/147 112/21/22 114/147/160
f 223/148/161 127/149/162 104/150/161
f 224/151/163 128/152/164 127/149/162
f 225/153/165 129/154/166 128/152/164
f 226/155/167 130/156/168 129/154/166
f 227/157/169 131/158/170 130/156/168
f 228/159/171 132/160/172 131/158/170
f 109/161/173 145/162/174 110/163/175
f 199/164/176 146/165/177 145/162/174
f 200/166/178 147/167/179 146/165/177
f 201/168/180 148/169/181 147/167/179
f 202/170/182 149/171/183 148/169/181
f 203/172/184 150/173/185 149/171/183
f 131/174/186 138/175/187 137/176/188
f 130/177/189 137/176/188 136/178/190
f 129/179/191 136/178/190 135/180/192
f 128/181/193 135/180/192 134/182/194
f 127/183/195 105/184/196 104/185/197
f 127/183/195 134/182/194 133/186/198
f 133/186/198 106/187/199 105/184/196
f 133/186/198 143/188/200 144/189/201
f 134/182/194 142/190/202 143/188/200
f 135/180/192 141/191/203 142/190/202
f 136/178/190 140/192/204 141/191/203
f 137/176/188 139/193/205 140/192/204
f 149/194/206 156/195/207 155/196/208
f 148/197/209 155/196/208 154/198/210
f 147/199/211 154/198/210 153/200/212
f 146/201/213 153/200/212 152/202/214
f 145/203/215 111/204/216 110/205/217
f 145/203/215 152/202/214 151/206/218
f 121/207/219 155/196/208 156/195/207
f 122/208/220 154/198/210 155/196/208
f 123/209/221 153/200/212 154/198/210
f 124/210/222 152/202/214 153/200/212
f 125/211/223 151/206/218 152/202/214
f 151/206/218 112/212/224 111/204/216
f 107/213/225 157/214/226 108/215/227
f 211/216/228 158/217/229 157/214/226
f 212/218/230 159/219/231 158/217/229
f 213/220/232 160/221/233 159/219/231
f 214/222/234 161/223/235 160/221/233
f 215/224/236 162/225/237 161/223/235
f 217/226/238 185/227/239 184/228/240
f 218/229/241 186/230/242 185/227/239
f 219/231/243 187/232/244 186/230/242
f 220/233/245 188/234/246 187/232/244
f 234/235/247 116/236/248 169/237/249
f 174/238/250 118/239/251 179/240/252
f 189/241/253 210/242/254 117/243/255
f 194/244/256 115/245/257 164/246/258
f 116/247/259 174/238/250 169/248/260
f 117/249/261 194/244/256 189/250/262
f 229/251/263 173/252/264 132/160/172
f 138/175/187 183/253/265 139/193/205
f 150/173/185 205/254/266 193/255/267
f 156/195/207 168/256/268 121/207/219
f 173/257/269 138/175/187 132/258/270
f 193/259/271 156/195/207 150/260/272
f 184/228/240 216/261/273 217/226/238
f 163/262/274 221/263/275 222/264/276
f 167/265/277 198/266/278 197/267/279
f 166/268/280 197/267/279 196/269/281
f 164/246/258 195/270/282 194/244/256
f 165/271/283 196/269/281 195/270/282
f 230/272/284 172/273/285 173/252/264
f 231/274/286 171/275/287 172/273/285
f 232/276/288 170/277/289 171/275/287
f 233/278/290 169/237/249 170/277/289
f 173/257/269 177/279/291 178/280/292
f 172/281/293 176/282/294 177/279/291
f 171/283/295 175/284/296 176/282/294
f 170/285/297 174/238/250 175/284/296
f 178/280/292 182/286/298 183/253/265
f 177/279/291 181/287/299 182/286/298
f 176/282/294 180/288/300 181/287/299
f 175/284/296 179/240/252 180/288/300
f 205/254/266 192/289/301 193/255/267
f 206/290/302 191/291/303 192/289/301
f 207/292/304 190/293/305 191/291/303
f 208/294/306 189/241/253 190/293/305
f 193/259/271 197/267/279 198/266/278
f 192/295/307 196/269/281 197/267/279
f 191/296/308 195/270/282 196/269/281
f 190/297/309 194/244/256 195/270/282
f 235/298/23 120/299/23 210/300/23
f 108/215/227 199/164/176 109/161/173
f 157/214/226 200/166/178 199/164/176
f 158/217/229 201/168/180 200/166/178
f 159/219/231 202/170/182 201/168/180
f 160/221/233 203/172/184 202/170/182
f 161/223/235 204/301/310 203/172/184
f 205/254/266 162/225/237 184/228/240
f 184/228/240 206/290/302 205/254/266
f 185/227/239 207/292/304 206/290/302
f 186/230/242 208/294/306 207/292/304
f 187/232/244 209/302/311 208/294/306
f 210/242/254 188/234/246 163/262/274
f 106/303/312 211/216/228 107/213/225
f 144/304/313 212/218/230 211/216/228
f 143/305/314 213/220/232 212/218/230
f 142/306/315 214/222/234 213/220/232
f 141/307/316 215/224/236 214/222/234
f 140/308/317 216/261/273 215/224/236
f 217/226/238 139/309/318 183/310/319
f 183/310/319 218/229/241 217/226/238
f 182/311/320 219/231/243 218/229/241
f 181/312/321 220/233/245 219/231/243
f 180/313/322 221/263/275 220/233/245
f 222/264/276 179/314/323 118/315/324
f 112/21/22 223/316/23 1/22/23
f 12/35/34 355/3/3 360/317/325
f 14/25/47 368/6/326 362/2/327
f 49/69/74 402/318/328 397/8/8
f 54/81/85 386/319/329 402/318/328
f 97/123/131 410/320/330 445/11/11
f 104/321/331 461/322/332 452/323/331
f 126/324/333 223/325/334 112/326/334
f 126/324/333 225/327/335 224/328/336
f 125/329/337 226/330/338 225/327/335
f 124/331/339 227/332/340 226/330/338
f 123/333/341 228/334/342 227/332/340
f 122/335/343 229/336/344 228/334/342
f 168/337/345 229/336/344 121/338/346
f 168/337/345 231/339/347 230/340/348
f 167/341/349 232/342/350 231/339/347
f 166/343/351 233/344/352 232/342/350
f 165/345/353 234/346/354 233/344/352
f 115/347/355 234/346/354 164/348/356
f 235/298/23 222/349/23 119/350/23
f 1/22/23 104/321/331 452/323/331
f 241/351/357 249/352/358 240/353/359
f 240/353/359 250/354/360 239/355/361
f 239/355/361 251/356/362 238/357/363
f 238/358/363 252/359/364 237/360/365
f 237/360/365 253/361/366 236/362/367
f 240/353/359 246/363/368 241/351/357
f 239/355/361 245/364/369 240/353/359
f 238/357/363 244/365/370 239/355/361
f 236/362/367 242/366/371 237/360/365
f 237/360/365 243/367/372 238/358/363
f 245/364/369 272/368/373 246/363/368
f 244/365/370 273/369/374 245/364/369
f 243/370/372 274/371/375 244/365/370
f 247/372/376 276/373/377 242/366/371
f 242/366/371 275/374/378 243/367/372
f 248/375/379 255/376/380 249/352/381
f 249/352/381 256/377/382 250/354/383
f 250/354/383 257/378/384 251/356/385
f 251/379/385 258/380/386 252/359/387
f 252/359/387 259/381/388 253/361/389
f 260/382/390 267/383/391 266/384/392
f 267/383/391 254/385/393 266/384/392
f 261/386/394 268/387/395 267/383/391
f 268/387/395 255/376/396 267/383/391
f 262/388/397 269/389/398 268/387/395
f 269/389/398 256/377/399 268/387/395
f 263/390/400 270/391/401 269/392/398
f 270/391/401 257/393/402 269/392/398
f 264/394/403 271/395/404 270/391/401
f 271/395/404 258/380/405 270/391/401
f 283/396/406 291/397/407 290/398/408
f 282/399/409 292/400/410 291/397/407
f 281/401/411 293/402/412 292/400/410
f 280/403/413 294/404/414 293/405/412
f 279/406/415 295/407/416 294/404/414
f 282/399/409 288/408/417 287/409/418
f 281/401/411 287/409/418 286/410/419
f 280/411/413 286/410/419 285/412/420
f 278/413/421 284/414/422 289/415/423
f 279/406/415 285/416/420 284/414/422
f 287/409/418 272/368/373 273/369/374
f 286/410/419 273/369/374 274/371/375
f 285/412/420 274/371/375 275/417/378
f 289/415/423 276/373/377 277/418/424
f 284/414/422 275/374/378 276/373/377
f 290/398/425 297/419/426 296/420/427
f 291/397/428 298/421/429 297/419/426
f 292/400/430 299/422/431 298/421/429
f 293/405/432 300/423/433 299/424/431
f 294/404/434 301/425/435 300/423/433
f 315/426/436 301/425/437 311/427/438
f 310/428/439 315/426/436 311/427/438
f 309/429/440 314/430/441 310/428/439
f 308/431/442 306/432/443 312/433/444
f 308/431/442 313/434/445 309/429/440
f 319/435/446 300/423/447 315/426/436
f 314/430/441 319/435/446 315/426/436
f 313/434/445 318/436/448 314/430/441
f 312/433/444 305/437/449 316/438/450
f 312/433/444 317/439/451 313/434/445
f 323/440/452 299/422/453 319/441/446
f 318/442/448 323/440/452 319/441/446
f 317/443/451 322/444/454 318/442/448
f 316/445/450 304/446/455 320/447/456
f 316/445/450 321/448/457 317/443/451
f 327/449/458 298/421/459 323/440/452
f 322/444/454 327/449/458 323/440/452
f 321/448/457 326/450/460 322/444/454
f 320/447/456 303/451/461 324/452/462
f 320/447/456 325/453/463 321/448/457
f 331/454/464 297/419/465 327/449/458
f 326/450/460 331/454/464 327/449/458
f 325/453/463 330/455/466 326/450/460
f 324/452/462 302/456/467 328/457/468
f 324/452/462 329/458/469 325/453/463
f 302/456/470 332/459/471 347/460/472
f 307/461/473 334/462/474 306/432/475
f 306/432/475 335/463/476 305/437/477
f 305/464/477 336/465/478 304/446/479
f 304/446/479 337/466/480 303/451/481
f 303/451/481 332/459/471 302/456/470
f 334/467/482 345/468/483 344/469/484
f 335/470/485 344/469/484 343/471/486
f 336/472/487 343/471/486 342/473/488
f 337/474/489 342/473/488 341/475/490
f 332/476/491 341/475/490 340/477/492
f 332/476/491 340/477/492 339/478/493
f 347/479/494 339/478/493 338/480/495
f 307/461/473 348/481/159 333/482/496
f 333/483/497 346/23/22 345/468/483
f 349/484/23 1/22/23 338/480/495
f 37/67/71 265/485/498 31/68/72
f 25/56/73 271/395/404 37/67/71
f 19/34/499 259/381/388 25/56/57
f 2/41/38 253/361/366 19/34/33
f 13/43/40 236/362/367 2/41/38
f 43/50/46 247/372/376 13/43/40
f 55/87/90 277/418/424 43/50/46
f 44/80/84 289/415/423 55/87/90
f 61/79/83 278/413/421 44/80/84
f 67/93/100 295/407/500 61/79/101
f 77/486/501 301/425/437 67/93/103
f 76/95/105 311/427/438 77/486/501
f 75/97/107 310/428/439 76/95/105
f 74/99/109 309/429/440 75/97/107
f 73/101/111 308/431/442 74/99/109
f 114/146/159 307/461/473 73/101/135
f 112/21/22 348/487/502 114/147/160
f 338/480/495 1/22/23 566/488/495
f 460/489/503 574/490/503 1/22/23
f 355/3/3 363/491/504 354/492/505
f 354/492/505 364/493/506 353/494/507
f 353/495/507 365/496/508 352/497/509
f 352/497/509 366/498/510 351/499/511
f 351/499/511 367/500/512 350/501/513
f 354/492/505 360/317/325 355/3/3
f 353/494/507 359/502/514 354/492/505
f 352/497/509 358/503/515 353/495/507
f 350/501/513 356/504/516 351/499/511
f 351/499/511 357/505/517 352/497/509
f 359/502/514 386/319/329 360/317/325
f 358/506/515 387/507/518 359/502/514
f 357/505/517 388/508/519 358/503/515
f 361/509/520 390/510/521 356/504/516
f 356/504/516 389/511/522 357/505/517
f 362/2/327 369/512/523 363/491/524
f 363/491/524 370/513/525 364/493/526
f 364/514/526 371/515/527 365/496/528
f 365/496/528 372/516/529 366/498/530
f 366/498/530 373/517/531 367/500/532
f 374/518/533 381/519/534 380/5/5
f 381/519/534 368/6/6 380/5/5
f 375/520/535 382/521/536 381/519/534
f 382/521/536 369/512/537 381/519/534
f 376/522/538 383/523/539 382/524/536
f 383/523/539 370/525/540 382/524/536
f 377/526/541 384/527/542 383/523/539
f 384/527/542 371/515/543 383/523/539
f 378/528/544 385/529/545 384/527/542
f 385/529/545 372/516/546 384/527/542
f 397/8/8 405/530/547 404/9/9
f 396/531/548 406/532/549 405/530/547
f 395/533/550 407/534/551 406/535/549
f 394/536/552 408/537/553 407/534/551
f 393/538/554 409/539/555 408/537/553
f 396/531/548 402/318/328 401/540/556
f 395/541/550 401/540/556 400/542/557
f 394/536/552 400/543/557 399/544/558
f 392/545/559 398/546/560 403/547/561
f 393/538/554 399/544/558 398/546/560
f 401/540/556 386/319/329 387/507/518
f 400/542/557 387/507/518 388/548/519
f 399/544/558 388/508/519 389/511/522
f 403/547/561 390/510/521 391/549/562
f 398/546/560 389/511/522 390/510/521
f 404/9/563 411/550/564 410/320/565
f 405/530/566 412/551/567 411/550/564
f 406/535/568 413/552/569 412/553/567
f 407/534/570 414/554/571 413/552/569
f 408/537/572 415/555/573 414/554/571
f 429/556/574 415/555/575 425/557/576
f 424/558/577 429/556/574 425/557/576
f 423/559/578 428/560/579 424/558/577
f 422/561/580 420/562/581 426/563/582
f 422/561/580 427/564/583 423/559/578
f 433/565/584 414/554/585 429/556/574
f 428/560/579 433/565/584 429/556/574
f 427/564/583 432/566/586 428/560/579
f 426/563/582 419/567/587 430/568/588
f 426/563/582 431/569/589 427/564/583
f 437/570/590 413/552/591 433/565/584
f 432/566/586 437/570/590 433/565/584
f 431/569/589 436/571/592 432/566/586
f 430/568/588 418/572/593 434/573/594
f 430/568/588 435/574/595 431/569/589
f 441/575/596 412/551/597 437/576/590
f 436/577/592 441/575/596 437/576/590
f 435/578/595 440/579/598 436/577/592
f 434/580/594 417/581/599 438/582/600
f 434/580/594 439/583/601 435/578/595
f 445/11/11 411/550/602 441/575/596
f 440/579/598 445/11/11 441/575/596
f 439/583/601 444/12/12 440/579/598
f 438/582/600 416/17/17 442/16/16
f 438/582/600 443/14/14 439/583/601
f 416/17/20 446/584/603 461/20/21
f 421/585/604 448/586/605 420/562/606
f 420/562/606 449/587/607 419/567/608
f 419/567/608 450/588/609 418/572/610
f 418/589/610 451/590/611 417/581/612
f 417/581/612 446/584/603 416/17/20
f 448/591/613 459/592/614 458/593/615
f 449/594/616 458/593/615 457/595/617
f 450/596/618 457/595/617 456/597/619
f 451/598/620 456/597/619 455/599/621
f 446/600/622 455/599/621 454/601/623
f 446/600/622 454/601/623 453/602/624
f 461/322/332 453/602/624 452/323/331
f 421/585/604 462/603/625 447/604/626
f 447/605/627 460/489/503 459/592/614
f 460/489/503 1/22/23 463/606/23
f 469/607/628 477/608/629 476/609/630
f 468/610/631 478/611/632 477/608/629
f 467/612/633 479/613/634 478/614/632
f 466/615/635 480/616/636 479/613/634
f 465/617/637 481/618/638 480/616/636
f 468/610/631 474/619/639 473/620/640
f 467/621/633 473/620/640 472/622/641
f 466/615/635 472/623/641 471/624/642
f 464/625/643 470/626/644 475/627/645
f 465/617/637 471/624/642 470/626/644
f 473/620/640 500/628/646 501/629/647
f 472/622/641 501/629/647 502/630/648
f 471/624/642 502/631/648 503/632/649
f 475/627/645 504/633/650 505/634/651
f 470/626/644 503/632/649 504/633/650
f 476/609/652 483/635/653 482/636/654
f 477/608/655 484/637/656 483/635/653
f 478/614/657 485/638/658 484/639/656
f 479/613/659 486/640/660 485/638/658
f 480/616/661 487/641/662 486/640/660
f 488/642/663 495/643/664 489/644/665
f 495/643/664 482/636/666 483/635/667
f 489/644/665 496/645/668 490/646/669
f 496/645/668 483/635/667 484/637/670
f 490/647/669 497/648/671 491/649/672
f 497/648/671 484/639/670 485/638/673
f 491/649/672 498/650/674 492/651/675
f 498/650/674 485/638/673 486/640/676
f 492/651/675 499/652/677 493/653/678
f 499/652/677 486/640/676 487/641/679
f 511/654/680 519/655/681 510/656/682
f 510/656/682 520/657/683 509/658/684
f 509/659/684 521/660/685 508/661/686
f 508/661/686 522/662/687 507/663/688
f 507/663/688 523/664/689 506/665/690
f 510/656/682 516/666/691 511/654/680
f 509/658/684 515/667/692 510/656/682
f 508/661/686 514/668/693 509/659/684
f 506/665/690 512/669/694 507/663/688
f 507/663/688 513/670/695 508/661/686
f 515/667/692 500/628/646 516/666/691
f 514/671/693 501/629/647 515/667/692
f 513/670/695 502/631/648 514/668/693
f 517/672/696 504/633/650 512/669/694
f 512/669/694 503/632/649 513/670/695
f 518/673/697 525/674/698 519/655/699
f 519/655/699 526/675/700 520/657/701
f 520/676/701 527/677/702 521/660/703
f 521/660/703 528/678/704 522/662/705
f 522/662/705 529/679/706 523/664/707
f 543/680/708 529/679/709 528/678/710
f 538/681/711 543/680/708 542/682/712
f 537/683/713 542/682/712 541/684/714
f 536/685/715 534/686/716 535/687/717
f 536/685/715 541/684/714 540/688/718
f 547/689/719 528/678/710 527/677/720
f 542/682/712 547/689/719 546/690/721
f 541/684/714 546/690/721 545/691/722
f 540/688/718 533/692/723 534/686/716
f 540/688/718 545/691/722 544/693/724
f 551/694/725 527/677/720 526/695/726
f 546/690/721 551/694/725 550/696/727
f 545/691/722 550/696/727 549/697/728
f 544/693/724 532/698/729 533/692/723
f 544/693/724 549/697/728 548/699/730
f 555/700/731 526/675/726 525/674/732
f 550/701/727 555/700/731 554/702/733
f 549/703/728 554/702/733 553/704/734
f 548/705/730 531/706/735 532/707/729
f 548/705/730 553/704/734 552/708/736
f 559/709/737 525/674/732 524/710/738
f 554/702/733 559/709/737 558/711/739
f 553/704/734 558/711/739 557/712/740
f 552/708/736 530/713/741 531/706/735
f 552/708/736 557/712/740 556/714/742
f 530/713/743 575/715/744 560/716/745
f 535/687/746 562/717/747 561/718/748
f 534/686/749 563/719/750 562/717/747
f 533/692/751 564/720/752 563/719/750
f 532/707/753 565/721/754 564/722/752
f 531/706/755 560/716/745 565/721/754
f 562/723/756 573/724/757 561/725/758
f 563/726/759 572/727/760 562/723/756
f 564/728/761 571/729/762 563/726/759
f 565/730/763 570/731/764 564/728/761
f 560/732/765 569/733/766 565/730/763
f 560/732/765 567/734/767 568/735/768
f 575/736/769 567/734/767 560/732/765
f 535/687/746 561/718/748 576/737/625
f 561/725/758 574/490/503 576/738/770
f 1/22/23 577/739/23 566/488/495
f 385/529/545 493/653/678 499/652/677
f 373/517/771 499/652/677 487/641/679
f 367/500/532 487/641/662 481/618/772
f 350/501/513 481/618/638 464/625/643
f 361/509/520 464/625/643 475/627/645
f 391/549/562 475/627/645 505/634/651
f 403/547/561 505/634/651 517/672/696
f 392/545/559 517/672/696 506/665/690
f 409/539/555 506/665/690 523/664/689
f 415/555/573 523/664/707 529/679/706
f 425/557/576 529/679/709 539/740/773
f 424/558/577 539/740/773 538/681/711
f 423/559/578 538/681/711 537/683/713
f 422/561/580 537/683/713 536/685/715
f 421/585/774 536/685/715 535/687/717
f 462/603/625 535/687/746 576/737/625
f 460/489/503 576/738/770 574/490/503
f 941/741/775 938/742/776 939/743/777
f 266/384/392 488/642/663 260/382/390
f 248/375/379 482/636/654 254/385/778
f 241/351/357 476/609/630 248/375/779
f 246/363/368 469/607/628 241/351/357
f 272/368/373 474/619/639 246/363/368
f 283/396/406 516/666/691 288/408/417
f 290/398/408 511/654/680 283/396/406
f 296/420/427 518/673/697 290/398/425
f 330/455/466 559/709/737 331/454/464
f 329/458/469 558/711/739 330/455/466
f 328/457/468 557/712/740 329/458/469
f 302/456/467 556/714/742 328/457/468
f 347/460/472 530/713/743 302/456/470
f 338/480/495 575/736/769 347/479/494
f 1/22/23 223/316/23 104/321/331
f 463/606/23 1/22/23 452/323/331
f 346/23/22 1/22/23 349/484/23
f 574/490/503 577/739/23 1/22/23
f 288/408/417 500/628/646 272/368/373
f 331/454/464 524/710/738 296/420/780
f 410/320/565 56/7/91 404/9/563
f 386/319/329 12/35/34 360/317/325
f 380/5/5 26/57/58 374/518/533
f 254/385/393 494/744/781 266/384/392
f 349/745/782 579/746/783 578/747/784
f 578/747/784 581/748/785 580/749/786
f 580/749/786 583/750/787 582/751/788
f 582/751/788 585/752/789 584/753/790
f 584/753/790 587/754/791 586/755/792
f 586/755/792 589/756/793 588/757/794
f 343/758/795 591/759/796 590/760/797
f 590/760/797 593/761/798 592/762/799
f 592/762/799 595/763/800 594/764/801
f 594/764/801 597/765/802 596/766/803
f 596/766/803 599/767/804 598/768/805
f 598/768/805 601/769/806 600/770/807
f 587/771/808 602/772/809 589/773/810
f 585/774/811 603/775/812 587/771/808
f 583/776/813 604/777/814 585/774/811
f 581/778/815 605/779/816 583/776/813
f 579/780/817 339/781/818 607/782/819
f 579/780/817 606/783/820 581/778/815
f 607/782/819 340/784/821 608/785/822
f 607/782/819 609/786/823 606/783/820
f 606/783/820 610/787/824 605/779/816
f 605/779/816 611/788/825 604/777/814
f 604/777/814 612/789/826 603/775/812
f 603/775/812 613/790/827 602/772/809
f 599/791/828 614/792/829 601/793/830
f 597/794/831 615/795/832 599/791/828
f 595/796/833 616/797/834 597/794/831
f 593/798/835 617/799/836 595/796/833
f 591/800/837 345/801/838 619/802/839
f 591/800/837 618/803/840 593/798/835
f 620/804/841 615/795/832 621/805/842
f 621/805/842 616/797/834 622/806/843
f 622/806/843 617/799/836 623/807/844
f 623/807/844 618/803/840 624/808/845
f 624/808/845 619/802/839 625/809/846
f 619/802/839 346/810/847 625/809/846
f 341/811/848 627/812/849 626/813/850
f 626/813/850 629/814/851 628/815/852
f 628/815/852 631/816/853 630/817/854
f 630/817/854 633/818/855 632/819/856
f 632/819/856 635/820/857 634/821/858
f 634/821/858 637/822/859 636/823/860
f 638/824/861 640/825/862 639/826/863
f 639/826/863 643/827/864 642/828/865
f 642/828/865 645/829/866 644/830/867
f 644/830/867 647/831/868 646/832/869
f 648/833/870 650/834/871 649/835/871
f 652/836/872 654/837/873 653/838/874
f 656/839/875 658/840/876 657/841/877
f 660/842/878 662/843/879 661/844/880
f 650/845/881 652/836/872 653/838/874
f 659/846/882 660/842/878 661/844/880
f 588/757/794 665/847/883 664/848/884
f 602/772/809 667/849/885 666/850/886
f 601/769/806 668/851/887 600/770/807
f 614/792/829 671/852/888 670/853/889
f 665/854/890 602/772/809 666/850/886
f 669/855/891 614/792/829 670/853/889
f 641/856/892 636/823/860 637/822/859
f 672/857/893 646/832/869 647/831/868
f 674/858/894 670/853/889 671/852/888
f 676/859/895 675/860/896 674/858/894
f 663/861/897 679/862/898 678/863/899
f 678/863/899 677/864/900 676/859/895
f 664/848/884 681/865/901 680/866/902
f 680/866/902 683/867/903 682/868/904
f 682/868/904 685/869/905 684/870/906
f 684/870/906 651/871/907 648/833/870
f 665/854/890 686/872/908 681/873/909
f 681/873/909 687/874/910 683/875/911
f 683/875/911 688/876/912 685/877/913
f 685/877/913 652/836/872 651/878/914
f 666/850/886 689/879/915 686/872/908
f 686/872/908 690/880/916 687/874/910
f 687/874/910 691/881/917 688/876/912
f 688/876/912 655/882/918 652/836/872
f 668/851/887 693/883/919 692/884/920
f 692/884/920 695/885/921 694/886/922
f 694/886/922 697/887/923 696/888/924
f 696/888/924 656/839/875 657/841/877
f 669/855/891 675/860/896 693/889/925
f 693/889/925 677/864/900 695/890/926
f 695/890/926 679/862/898 697/891/927
f 697/891/927 660/842/878 656/892/928
f 658/893/23 661/894/23 649/895/23
f 342/896/929 590/760/797 627/812/849
f 627/812/849 592/762/799 629/814/851
f 629/814/851 594/764/801 631/816/853
f 631/816/853 596/766/803 633/818/855
f 633/818/855 598/768/805 635/820/857
f 635/820/857 600/770/807 637/822/859
f 668/851/887 637/822/859 600/770/807
f 641/856/892 692/884/920 640/825/862
f 640/825/862 694/886/922 643/827/864
f 643/827/864 696/888/924 645/829/866
f 645/829/866 657/841/877 647/831/868
f 658/840/876 647/831/868 657/841/877
f 340/897/930 626/813/850 608/898/931
f 608/898/931 628/815/852 609/899/932
f 609/899/932 630/817/854 610/900/933
f 610/900/933 632/819/856 611/901/934
f 611/901/934 634/821/858 612/902/935
f 612/902/935 636/823/860 613/903/936
f 638/824/861 613/903/936 636/823/860
f 667/904/937 639/826/863 689/905/938
f 689/905/938 642/828/865 690/906/939
f 690/906/939 644/830/867 691/907/940
f 691/907/940 646/832/869 655/908/941
f 673/909/942 655/908/941 646/832/869
f 625/910/943 349/911/944 578/912/945
f 625/910/943 580/913/946 624/914/947
f 624/914/947 582/915/948 623/916/949
f 623/916/949 584/917/950 622/918/951
f 622/918/951 586/919/952 621/920/953
f 621/920/953 588/921/954 620/922/955
f 671/923/956 588/921/954 664/924/957
f 671/923/956 680/925/958 674/926/959
f 674/926/959 682/927/960 676/928/961
f 676/928/961 684/929/962 678/930/963
f 678/930/963 648/931/964 663/932/965
f 662/933/966 648/931/964 649/934/966
f 653/935/23 673/936/23 649/895/23
f 463/745/967 699/746/968 698/747/969
f 698/747/969 701/748/970 700/749/971
f 700/749/971 703/750/972 702/751/973
f 702/751/973 705/752/974 704/753/975
f 704/753/975 707/754/976 706/755/977
f 706/755/977 709/756/978 708/757/979
f 457/758/980 711/759/981 710/760/982
f 710/760/982 713/761/983 712/762/984
f 712/762/984 715/763/985 714/764/986
f 714/764/986 717/765/987 716/766/988
f 716/766/988 719/767/989 718/768/990
f 718/768/990 721/769/991 720/770/992
f 707/771/993 722/772/994 709/773/995
f 705/774/996 723/775/997 707/771/993
f 703/776/998 724/777/999 705/774/996
f 701/778/1000 725/779/1001 703/776/998
f 699/780/1002 453/781/1003 727/782/1004
f 699/780/1002 726/783/1005 701/778/1000
f 727/782/1004 454/784/1006 728/785/1007
f 727/782/1004 729/786/1008 726/783/1005
f 726/783/1005 730/787/1009 725/779/1001
f 725/779/1001 731/788/1010 724/777/999
f 724/777/999 732/789/1011 723/775/997
f 723/775/997 733/790/1012 722/772/994
f 719/791/1013 734/792/1014 721/793/1015
f 717/794/1016 735/795/1017 719/791/1013
f 715/796/1018 736/797/1019 717/794/1016
f 713/798/1020 737/799/1021 715/796/1018
f 711/800/1022 459/801/1023 739/802/1024
f 711/800/1022 738/803/1025 713/798/1020
f 740/804/1026 735/795/1017 741/805/1027
f 741/805/1027 736/797/1019 742/806/1028
f 742/806/1028 737/799/1021 743/807/1029
f 743/807/1029 738/803/1025 744/808/1030
f 744/808/1030 739/802/1024 745/809/1031
f 739/802/1024 460/810/1032 745/809/1031
f 455/811/1033 747/812/1034 746/813/1035
f 746/813/1035 749/814/1036 748/815/1037
f 748/815/1037 751/816/1038 750/817/1039
f 750/817/1039 753/818/1040 752/819/1041
f 752/819/1041 755/820/1042 754/821/1043
f 754/821/1043 757/822/1044 756/823/1045
f 758/824/1046 760/825/1047 759/826/1048
f 759/826/1048 763/827/1049 762/828/1050
f 762/828/1050 765/829/1051 764/830/1052
f 764/830/1052 767/831/1053 766/832/1054
f 768/833/1055 770/834/1056 769/835/1056
f 772/836/1057 774/837/1058 773/838/1059
f 776/839/1060 778/840/1061 777/841/1062
f 780/842/1063 782/843/1064 781/844/1065
f 770/845/1066 772/836/1057 773/838/1059
f 779/846/1067 780/842/1063 781/844/1065
f 708/757/979 785/847/1068 784/848/1069
f 722/772/994 787/849/1070 786/850/1071
f 721/769/991 788/851/1072 720/770/992
f 734/792/1014 791/852/1073 790/853/1074
f 785/854/1075 722/772/994 786/850/1071
f 789/855/1076 734/792/1014 790/853/1074
f 761/856/1077 756/823/1045 757/822/1044
f 792/857/1078 766/832/1054 767/831/1053
f 794/858/1079 790/853/1074 791/852/1073
f 796/859/1080 795/860/1081 794/858/1079
f 783/861/1082 799/862/1083 798/863/1084
f 798/863/1084 797/864/1085 796/859/1080
f 784/848/1069 801/865/1086 800/866/1087
f 800/866/1087 803/867/1088 802/868/1089
f 802/868/1089 805/869/1090 804/870/1091
f 804/870/1091 771/871/1092 768/833/1055
f 785/854/1075 806/872/1093 801/873/1094
f 801/873/1094 807/874/1095 803/875/1096
f 803/875/1096 808/876/1097 805/877/1098
f 805/877/1098 772/836/1057 771/878/1099
f 786/850/1071 809/879/1100 806/872/1093
f 806/872/1093 810/880/1101 807/874/1095
f 807/874/1095 811/881/1102 808/876/1097
f 808/876/1097 775/882/1103 772/836/1057
f 788/851/1072 813/883/1104 812/884/1105
f 812/884/1105 815/885/1106 814/886/1107
f 814/886/1107 817/887/1108 816/888/1109
f 816/888/1109 776/839/1060 777/841/1062
f 789/855/1076 795/860/1081 813/889/1110
f 813/889/1110 797/864/1085 815/890/1111
f 815/890/1111 799/862/1083 817/891/1112
f 817/891/1112 780/842/1063 776/892/1113
f 778/893/23 781/894/23 769/895/23
f 456/896/1114 710/760/982 747/812/1034
f 747/812/1034 712/762/984 749/814/1036
f 749/814/1036 714/764/986 751/816/1038
f 751/816/1038 716/766/988 753/818/1040
f 753/818/1040 718/768/990 755/820/1042
f 755/820/1042 720/770/992 757/822/1044
f 788/851/1072 757/822/1044 720/770/992
f 761/856/1077 812/884/1105 760/825/1047
f 760/825/1047 814/886/1107 763/827/1049
f 763/827/1049 816/888/1109 765/829/1051
f 765/829/1051 777/841/1062 767/831/1053
f 778/840/1061 767/831/1053 777/841/1062
f 454/897/1115 746/813/1035 728/898/1116
f 728/898/1116 748/815/1037 729/899/1117
f 729/899/1117 750/817/1039 730/900/1118
f 730/900/1118 752/819/1041 731/901/1119
f 731/901/1119 754/821/1043 732/902/1120
f 732/902/1120 756/823/1045 733/903/1121
f 758/824/1046 733/903/1121 756/823/1045
f 787/904/1122 759/826/1048 809/905/1123
f 809/905/1123 762/828/1050 810/906/1124
f 810/906/1124 764/830/1052 811/907/1125
f 811/907/1125 766/832/1054 775/908/1126
f 793/909/1127 775/908/1126 766/832/1054
f 745/910/1128 463/911/1129 698/912/1130
f 745/910/1128 700/913/1131 744/914/1132
f 744/914/1132 702/915/1133 743/916/1134
f 743/916/1134 704/917/1135 742/918/1136
f 742/918/1136 706/919/1137 741/920/1138
f 741/920/1138 708/921/1139 740/922/1140
f 791/923/1141 708/921/1139 784/924/1142
f 791/923/1141 800/925/1143 794/926/1144
f 794/926/1144 802/927/1145 796/928/1146
f 796/928/1146 804/929/1147 798/930/1148
f 798/930/1148 768/931/1149 783/932/1150
f 782/933/1151 768/931/1149 769/934/1151
f 773/935/23 793/936/23 769/895/23
f 577/148/1152 818/149/1153 566/150/1152
f 819/151/1154 820/152/1155 818/149/1153
f 821/153/1156 822/154/1157 820/152/1155
f 823/155/1158 824/156/1159 822/154/1157
f 825/157/1160 826/158/1161 824/156/1159
f 827/159/1162 828/160/1163 826/158/1161
f 571/161/1164 830/162/1165 572/163/1166
f 831/164/1167 832/165/1168 830/162/1165
f 833/166/1169 834/167/1170 832/165/1168
f 835/168/1171 836/169/1172 834/167/1170
f 837/170/1173 838/171/1174 836/169/1172
f 839/172/1175 840/173/1176 838/171/1174
f 826/174/1177 843/175/1178 842/176/1179
f 824/177/1180 842/176/1179 844/178/1181
f 822/179/1182 844/178/1181 845/180/1183
f 820/181/1184 845/180/1183 846/182/1185
f 818/183/1186 567/184/1187 566/185/1188
f 818/183/1186 846/182/1185 847/186/1189
f 847/186/1189 568/187/1190 567/184/1187
f 847/186/1189 849/188/1191 848/189/1192
f 846/182/1185 850/190/1193 849/188/1191
f 845/180/1183 851/191/1194 850/190/1193
f 844/178/1181 852/192/1195 851/191/1194
f 842/176/1179 853/193/1196 852/192/1195
f 838/194/1197 855/195/1198 854/196/1199
f 836/197/1200 854/196/1199 856/198/1201
f 834/199/1202 856/198/1201 857/200/1203
f 832/201/1204 857/200/1203 858/202/1205
f 830/203/1206 573/204/1207 572/205/1208
f 830/203/1206 858/202/1205 859/206/1209
f 860/207/1210 854/196/1199 855/195/1198
f 861/208/1211 856/198/1201 854/196/1199
f 862/209/1212 857/200/1203 856/198/1201
f 863/210/1213 858/202/1205 857/200/1203
f 864/211/1214 859/206/1209 858/202/1205
f 859/206/1209 574/212/1215 573/204/1207
f 569/213/1216 866/214/1217 570/215/1218
f 867/216/1219 868/217/1220 866/214/1217
f 869/218/1221 870/219/1222 868/217/1220
f 871/220/1223 872/221/1224 870/219/1222
f 873/222/1225 874/223/1226 872/221/1224
f 875/224/1227 876/225/1228 874/223/1226
f 878/226/1229 880/227/1230 879/228/1231
f 881/229/1232 882/230/1233 880/227/1230
f 883/231/1234 884/232/1235 882/230/1233
f 885/233/1236 886/234/1237 884/232/1235
f 888/235/1238 890/236/1239 889/237/1240
f 892/238/1241 894/239/1242 893/240/1243
f 896/241/1244 898/242/1245 897/243/1246
f 900/244/1247 902/245/1248 901/246/1249
f 890/247/1250 892/238/1241 889/248/1251
f 897/249/1252 900/244/1247 896/250/1253
f 829/251/1254 904/252/1255 828/160/1163
f 843/175/1178 906/253/1256 853/193/1196
f 840/173/1176 909/254/1257 908/255/1258
f 855/195/1198 910/256/1259 860/207/1210
f 904/257/1260 843/175/1178 828/258/1261
f 908/259/1262 855/195/1198 840/260/1263
f 879/228/1231 877/261/1264 878/226/1229
f 912/262/1265 887/263/1266 913/264/1267
f 914/265/1268 911/266/1269 915/267/1270
f 916/268/1271 915/267/1270 917/269/1272
f 901/246/1249 918/270/1273 900/244/1247
f 919/271/1274 917/269/1272 918/270/1273
f 905/272/1275 920/273/1276 904/252/1255
f 921/274/1277 922/275/1278 920/273/1276
f 923/276/1279 924/277/1280 922/275/1278
f 925/278/1281 889/237/1240 924/277/1280
f 904/257/1260 926/279/1282 907/280/1283
f 920/281/1284 927/282/1285 926/279/1282
f 922/283/1286 928/284/1287 927/282/1285
f 924/285/1288 892/238/1241 928/284/1287
f 907/280/1283 929/286/1289 906/253/1256
f 926/279/1282 930/287/1290 929/286/1289
f 927/282/1285 931/288/1291 930/287/1290
f 928/284/1287 893/240/1243 931/288/1291
f 909/254/1257 932/289/1292 908/255/1258
f 933/290/1293 934/291/1294 932/289/1292
f 935/292/1295 936/293/1296 934/291/1294
f 937/294/1297 896/241/1244 936/293/1296
f 908/259/1262 915/267/1270 911/266/1269
f 932/295/1298 917/269/1272 915/267/1270
f 934/296/1299 918/270/1273 917/269/1272
f 936/297/1300 900/244/1247 918/270/1273
f 891/298/23 903/299/23 898/300/23
f 570/215/1218 831/164/1167 571/161/1164
f 866/214/1217 833/166/1169 831/164/1167
f 868/217/1220 835/168/1171 833/166/1169
f 870/219/1222 837/170/1173 835/168/1171
f 872/221/1224 839/172/1175 837/170/1173
f 874/223/1226 841/301/1301 839/172/1175
f 909/254/1257 876/225/1228 879/228/1231
f 879/228/1231 933/290/1293 909/254/1257
f 880/227/1230 935/292/1295 933/290/1293
f 882/230/1233 937/294/1297 935/292/1295
f 884/232/1235 899/302/1302 937/294/1297
f 898/242/1245 886/234/1237 912/262/1265
f 568/303/1303 867/216/1219 569/213/1216
f 848/304/1304 869/218/1221 867/216/1219
f 849/305/1305 871/220/1223 869/218/1221
f 850/306/1306 873/222/1225 871/220/1223
f 851/307/1307 875/224/1227 873/222/1225
f 852/308/1308 877/261/1264 875/224/1227
f 878/226/1229 853/309/1309 906/310/1310
f 906/310/1310 881/229/1232 878/226/1229
f 929/311/1311 883/231/1234 881/229/1232
f 930/312/1312 885/233/1236 883/231/1234
f 931/313/1313 887/263/1266 885/233/1236
f 913/264/1267 893/314/1314 894/315/1315
f 865/324/1316 577/325/1317 574/326/1318
f 865/324/1316 821/327/1319 819/328/1320
f 864/329/1321 823/330/1322 821/327/1319
f 863/331/1323 825/332/1324 823/330/1322
f 862/333/1325 827/334/1326 825/332/1324
f 861/335/1327 829/336/1328 827/334/1326
f 910/337/1329 829/336/1328 860/338/1330
f 910/337/1329 921/339/1331 905/340/1332
f 914/341/1333 923/342/1334 921/339/1331
f 916/343/1335 925/344/1336 923/342/1334
f 919/345/1337 888/346/1338 925/344/1336
f 902/347/1339 888/346/1338 901/348/1340
f 891/298/23 913/349/23 895/350/23
f 26/937/1341 27/938/1342 938/939/776
f 27/938/1342 28/940/1343 938/939/776
f 28/940/1343 29/941/1344 938/939/776
f 29/941/1344 30/942/1345 938/939/776
f 30/942/1345 31/943/1346 938/939/776
f 261/944/1347 260/945/1348 939/946/777
f 262/947/1349 261/944/1347 939/946/777
f 263/948/1350 262/947/1349 939/946/777
f 264/949/1351 263/948/1350 939/946/777
f 265/950/1352 264/949/1351 939/946/777
f 31/943/1346 939/946/777 938/939/776
f 375/951/1353 374/952/1354 940/953/775
f 376/954/1355 375/951/1353 940/953/775
f 377/955/1356 376/954/1355 940/953/775
f 378/956/1357 377/955/1356 940/953/775
f 379/957/1358 378/956/1357 940/953/775
f 488/958/1359 489/959/1360 941/960/775
f 489/959/1360 490/961/1361 941/960/775
f 490/961/1361 491/962/1362 941/960/775
f 491/962/1362 492/963/1363 941/960/775
f 492/963/1363 493/964/1364 941/960/775
f 493/964/1364 940/953/775 941/960/775
f 374/952/1354 938/939/776 940/953/775
f 260/945/1348 941/960/775 939/946/777
f 7/1/1 14/25/25 362/2/2
f 20/4/4 32/965/1365 380/5/5
f 56/7/7 49/69/74 397/8/8
f 96/10/10 97/123/131 445/11/11
f 95/13/13 96/10/10 444/12/12
f 68/15/15 94/18/18 442/16/16
f 94/18/18 95/13/13 443/14/14
f 113/19/19 68/15/133 416/17/20
f 7/1/1 6/26/26 15/24/24
f 6/26/26 5/37/28 16/27/27
f 5/28/28 4/31/30 17/29/29
f 4/31/30 3/33/32 18/32/31
f 3/33/32 2/41/38 19/34/33
f 6/26/26 7/1/1 12/35/34
f 5/37/28 6/26/26 11/36/35
f 4/31/30 5/28/28 10/39/36
f 2/41/38 3/33/32 8/42/39
f 3/33/32 4/31/30 9/40/37
f 11/36/35 12/35/34 38/44/41
f 10/38/36 11/36/35 39/45/42
f 9/40/37 10/39/36 40/47/43
f 13/43/40 8/42/39 42/49/45
f 8/42/39 9/40/37 41/48/44
f 14/25/47 15/24/50 21/51/48
f 15/24/50 16/27/52 22/52/51
f 16/30/52 17/29/54 23/53/53
f 17/29/54 18/32/56 24/55/55
f 18/32/56 19/34/499 25/56/57
f 26/57/58 32/965/1365 33/58/59
f 33/58/59 32/965/1365 20/4/4
f 27/59/60 33/58/59 34/60/62
f 34/60/62 33/58/59 21/51/61
f 28/62/63 34/966/62 35/63/65
f 35/63/65 34/966/62 22/54/64
f 29/64/66 35/63/65 36/65/68
f 36/65/68 35/63/65 23/53/67
f 30/66/69 36/65/68 37/67/71
f 37/67/71 36/65/68 24/55/70
f 49/69/74 56/7/7 57/70/75
f 48/71/76 57/70/75 58/72/77
f 47/74/78 58/90/77 59/75/79
f 46/76/80 59/75/79 60/77/81
f 45/78/82 60/77/81 61/79/83
f 48/71/76 53/82/86 54/81/85
f 47/73/78 52/86/87 53/82/86
f 46/76/80 51/85/89 52/83/87
f 44/80/84 55/87/90 50/84/88
f 45/78/82 50/84/88 51/85/89
f 53/82/86 39/45/42 38/44/41
f 52/86/87 40/46/43 39/45/42
f 51/85/89 41/48/44 40/47/43
f 55/87/90 43/50/46 42/49/45
f 50/84/88 42/49/45 41/48/44
f 56/7/91 62/124/1366 63/88/92
f 57/70/93 63/88/92 64/89/94
f 58/90/95 64/109/94 65/91/96
f 59/75/97 65/91/96 66/92/98
f 60/77/99 66/92/98 67/93/100
f 81/94/102 77/486/501 67/93/103
f 76/95/105 77/486/501 81/94/102
f 75/97/107 76/95/105 80/96/106
f 74/99/109 78/102/112 72/100/110
f 74/99/109 75/97/107 79/98/108
f 85/103/113 81/94/102 66/92/104
f 80/96/106 81/94/102 85/103/113
f 79/98/108 80/96/106 84/104/115
f 78/102/112 82/107/118 71/106/117
f 78/102/112 79/98/108 83/105/116
f 89/108/119 85/103/113 65/91/114
f 84/104/115 85/103/113 89/108/119
f 83/105/116 84/104/115 88/110/121
f 82/107/118 86/113/124 70/112/123
f 82/107/118 83/105/116 87/111/122
f 93/114/125 89/967/119 64/89/120
f 88/115/121 89/967/119 93/114/125
f 87/117/122 88/115/121 92/116/127
f 86/119/124 90/122/130 69/120/129
f 86/119/124 87/117/122 91/118/128
f 97/123/131 93/114/125 63/88/126
f 92/116/127 93/114/125 97/123/131
f 91/118/128 92/116/127 96/10/10
f 90/122/130 94/18/18 68/15/15
f 90/122/130 91/118/128 95/13/13
f 73/101/135 72/100/138 100/126/136
f 72/100/138 71/106/140 101/128/139
f 71/106/140 70/112/142 102/129/141
f 70/121/142 69/120/144 103/130/143
f 69/120/144 68/15/133 98/125/134
f 100/132/145 110/136/149 111/133/146
f 101/135/148 109/138/151 110/136/149
f 102/137/150 108/140/153 109/138/151
f 103/139/152 107/142/155 108/140/153
f 98/141/154 106/144/157 107/142/155
f 113/145/158 104/321/331 105/143/156
f 99/134/147 111/133/146 112/21/22
f 223/148/161 224/151/163 127/149/162
f 224/151/163 225/153/165 128/152/164
f 225/153/165 226/155/167 129/154/166
f 226/155/167 227/157/169 130/156/168
f 227/157/169 228/159/171 131/158/170
f 228/159/171 229/251/263 132/160/172
f 109/161/173 199/164/176 145/162/174
f 199/164/176 200/166/178 146/165/177
f 200/166/178 201/168/180 147/167/179
f 201/168/180 202/170/182 148/169/181
f 202/170/182 203/172/184 149/171/183
f 203/172/184 204/301/310 150/173/185
f 131/174/186 132/258/270 138/175/187
f 130/177/189 131/174/186 137/176/188
f 129/179/191 130/177/189 136/178/190
f 128/181/193 129/179/191 135/180/192
f 127/183/195 133/186/198 105/184/196
f 127/183/195 128/181/193 134/182/194
f 133/186/198 144/189/201 106/187/199
f 133/186/198 134/182/194 143/188/200
f 134/182/194 135/180/192 142/190/202
f 135/180/192 136/178/190 141/191/203
f 136/178/190 137/176/188 140/192/204
f 137/176/188 138/175/187 139/193/205
f 149/194/206 150/260/272 156/195/207
f 148/197/209 149/194/206 155/196/208
f 147/199/211 148/197/209 154/198/210
f 146/201/213 147/199/211 153/200/212
f 145/203/215 151/206/218 111/204/216
f 145/203/215 146/201/213 152/202/214
f 121/207/219 122/208/220 155/196/208
f 122/208/220 123/209/221 154/198/210
f 123/209/221 124/210/222 153/200/212
f 124/210/222 125/211/223 152/202/214
f 125/211/223 126/968/1367 151/206/218
f 151/206/218 126/968/1367 112/212/224
f 107/213/225 211/216/228 157/214/226
f 211/216/228 212/218/230 158/217/229
f 212/218/230 213/220/232 159/219/231
f 213/220/232 214/222/234 160/221/233
f 214/222/234 215/224/236 161/223/235
f 215/224/236 216/261/273 162/225/237
f 217/226/238 218/229/241 185/227/239
f 218/229/241 219/231/243 186/230/242
f 219/231/243 220/233/245 187/232/244
f 220/233/245 221/263/275 188/234/246
f 234/235/247 235/969/1368 116/236/248
f 174/238/250 119/970/1369 118/239/251
f 189/241/253 209/302/311 210/242/254
f 194/244/256 120/971/1370 115/245/257
f 116/247/259 119/970/1369 174/238/250
f 117/249/261 120/971/1370 194/244/256
f 229/251/263 230/272/284 173/252/264
f 138/175/187 178/280/292 183/253/265
f 150/173/185 204/301/310 205/254/266
f 156/195/207 198/266/278 168/256/268
f 173/257/269 178/280/292 138/175/187
f 193/259/271 198/266/278 156/195/207
f 184/228/240 162/225/237 216/261/273
f 163/262/274 188/234/246 221/263/275
f 167/265/277 168/256/268 198/266/278
f 166/268/280 167/265/277 197/267/279
f 164/246/258 165/271/283 195/270/282
f 165/271/283 166/268/280 196/269/281
f 230/272/284 231/274/286 172/273/285
f 231/274/286 232/276/288 171/275/287
f 232/276/288 233/278/290 170/277/289
f 233/278/290 234/235/247 169/237/249
f 173/257/269 172/281/293 177/279/291
f 172/281/293 171/283/295 176/282/294
f 171/283/295 170/285/297 175/284/296
f 170/285/297 169/248/260 174/238/250
f 178/280/292 177/279/291 182/286/298
f 177/279/291 176/282/294 181/287/299
f 176/282/294 175/284/296 180/288/300
f 175/284/296 174/238/250 179/240/252
f 205/254/266 206/290/302 192/289/301
f 206/290/302 207/292/304 191/291/303
f 207/292/304 208/294/306 190/293/305
f 208/294/306 209/302/311 189/241/253
f 193/259/271 192/295/307 197/267/279
f 192/295/307 191/296/308 196/269/281
f 191/296/308 190/297/309 195/270/282
f 190/297/309 189/250/262 194/244/256
f 210/300/23 163/972/23 235/298/23
f 235/298/23 115/973/23 120/299/23
f 120/299/23 117/974/23 210/300/23
f 108/215/227 157/214/226 199/164/176
f 157/214/226 158/217/229 200/166/178
f 158/217/229 159/219/231 201/168/180
f 159/219/231 160/221/233 202/170/182
f 160/221/233 161/223/235 203/172/184
f 161/223/235 162/225/237 204/301/310
f 205/254/266 204/301/310 162/225/237
f 184/228/240 185/227/239 206/290/302
f 185/227/239 186/230/242 207/292/304
f 186/230/242 187/232/244 208/294/306
f 187/232/244 188/234/246 209/302/311
f 210/242/254 209/302/311 188/234/246
f 106/303/312 144/304/313 211/216/228
f 144/304/313 143/305/314 212/218/230
f 143/305/314 142/306/315 213/220/232
f 142/306/315 141/307/316 214/222/234
f 141/307/316 140/308/317 215/224/236
f 140/308/317 139/309/318 216/261/273
f 217/226/238 216/261/273 139/309/318
f 183/310/319 182/311/320 218/229/241
f 182/311/320 181/312/321 219/231/243
f 181/312/321 180/313/322 220/233/245
f 180/313/322 179/314/323 221/263/275
f 222/264/276 221/263/275 179/314/323
f 12/35/34 7/1/1 355/3/3
f 14/25/47 20/4/49 368/6/326
f 49/69/74 54/81/85 402/318/328
f 54/81/85 38/44/41 386/319/329
f 97/123/131 62/124/132 410/320/330
f 104/321/331 113/145/158 461/322/332
f 126/324/333 224/328/336 223/325/334
f 126/324/333 125/329/337 225/327/335
f 125/329/337 124/331/339 226/330/338
f 124/331/339 123/333/341 227/332/340
f 123/333/341 122/335/343 228/334/342
f 122/335/343 121/338/346 229/336/344
f 168/337/345 230/340/348 229/336/344
f 168/337/345 167/341/349 231/339/347
f 167/341/349 166/343/351 232/342/350
f 166/343/351 165/345/353 233/344/352
f 165/345/353 164/348/356 234/346/354
f 115/347/355 235/975/355 234/346/354
f 119/350/23 116/976/23 235/298/23
f 235/298/23 163/972/23 222/349/23
f 222/349/23 118/977/23 119/350/23
f 241/351/357 248/375/779 249/352/358
f 240/353/359 249/352/358 250/354/360
f 239/355/361 250/354/360 251/356/362
f 238/358/363 251/379/362 252/359/364
f 237/360/365 252/359/364 253/361/366
f 240/353/359 245/364/369 246/363/368
f 239/355/361 244/365/370 245/364/369
f 238/357/363 243/370/372 244/365/370
f 236/362/367 247/372/376 242/366/371
f 237/360/365 242/366/371 243/367/372
f 245/364/369 273/369/374 272/368/373
f 244/365/370 274/371/375 273/369/374
f 243/370/372 275/417/378 274/371/375
f 247/372/376 277/418/424 276/373/377
f 242/366/371 276/373/377 275/374/378
f 248/375/379 254/385/778 255/376/380
f 249/352/381 255/376/380 256/377/382
f 250/354/383 256/377/382 257/378/384
f 251/379/385 257/393/384 258/380/386
f 252/359/387 258/380/386 259/381/388
f 260/382/390 261/386/394 267/383/391
f 267/383/391 255/376/396 254/385/393
f 261/386/394 262/388/397 268/387/395
f 268/387/395 256/377/399 255/376/396
f 262/388/397 263/978/400 269/389/398
f 269/389/398 257/378/402 256/377/399
f 263/390/400 264/394/403 270/391/401
f 270/391/401 258/380/405 257/393/402
f 264/394/403 265/485/498 271/395/404
f 271/395/404 259/381/1371 258/380/405
f 283/396/406 282/399/409 291/397/407
f 282/399/409 281/401/411 292/400/410
f 281/401/411 280/411/413 293/402/412
f 280/403/413 279/406/415 294/404/414
f 279/406/415 278/413/421 295/407/416
f 282/399/409 283/396/406 288/408/417
f 281/401/411 282/399/409 287/409/418
f 280/411/413 281/401/411 286/410/419
f 278/413/421 279/406/415 284/414/422
f 279/406/415 280/403/413 285/416/420
f 287/409/418 288/408/417 272/368/373
f 286/410/419 287/409/418 273/369/374
f 285/412/420 286/410/419 274/371/375
f 289/415/423 284/414/422 276/373/377
f 284/414/422 285/416/420 275/374/378
f 290/398/425 291/397/428 297/419/426
f 291/397/428 292/400/430 298/421/429
f 292/400/430 293/402/432 299/422/431
f 293/405/432 294/404/434 300/423/433
f 294/404/434 295/407/500 301/425/435
f 315/426/436 300/423/447 301/425/437
f 310/428/439 314/430/441 315/426/436
f 309/429/440 313/434/445 314/430/441
f 308/431/442 307/461/1372 306/432/443
f 308/431/442 312/433/444 313/434/445
f 319/435/446 299/424/453 300/423/447
f 314/430/441 318/436/448 319/435/446
f 313/434/445 317/439/451 318/436/448
f 312/433/444 306/432/443 305/437/449
f 312/433/444 316/438/450 317/439/451
f 323/440/452 298/421/459 299/422/453
f 318/442/448 322/444/454 323/440/452
f 317/443/451 321/448/457 322/444/454
f 316/445/450 305/464/449 304/446/455
f 316/445/450 320/447/456 321/448/457
f 327/449/458 297/419/465 298/421/459
f 322/444/454 326/450/460 327/449/458
f 321/448/457 325/453/463 326/450/460
f 320/447/456 304/446/455 303/451/461
f 320/447/456 324/452/462 325/453/463
f 331/454/464 296/420/780 297/419/465
f 326/450/460 330/455/466 331/454/464
f 325/453/463 329/458/469 330/455/466
f 324/452/462 303/451/461 302/456/467
f 324/452/462 328/457/468 329/458/469
f 307/461/473 333/482/496 334/462/474
f 306/432/475 334/462/474 335/463/476
f 305/464/477 335/979/476 336/465/478
f 304/446/479 336/465/478 337/466/480
f 303/451/481 337/466/480 332/459/471
f 334/467/482 333/483/497 345/468/483
f 335/470/485 334/467/482 344/469/484
f 336/472/487 335/470/485 343/471/486
f 337/474/489 336/472/487 342/473/488
f 332/476/491 337/474/489 341/475/490
f 347/479/494 332/476/491 339/478/493
f 333/483/497 348/487/502 346/23/22
f 37/67/71 271/395/404 265/485/498
f 25/56/73 259/381/1371 271/395/404
f 19/34/499 253/361/389 259/381/388
f 2/41/38 236/362/367 253/361/366
f 13/43/40 247/372/376 236/362/367
f 43/50/46 277/418/424 247/372/376
f 55/87/90 289/415/423 277/418/424
f 44/80/84 278/413/421 289/415/423
f 61/79/83 295/407/416 278/413/421
f 67/93/100 301/425/435 295/407/500
f 77/486/501 311/427/438 301/425/437
f 76/95/105 310/428/439 311/427/438
f 75/97/107 309/429/440 310/428/439
f 74/99/109 308/431/442 309/429/440
f 73/101/111 307/461/1372 308/431/442
f 114/146/159 348/481/159 307/461/473
f 112/21/22 346/23/22 348/487/502
f 355/3/3 362/2/2 363/491/504
f 354/492/505 363/491/504 364/493/506
f 353/495/507 364/514/506 365/496/508
f 352/497/509 365/496/508 366/498/510
f 351/499/511 366/498/510 367/500/512
f 354/492/505 359/502/514 360/317/325
f 353/494/507 358/506/515 359/502/514
f 352/497/509 357/505/517 358/503/515
f 350/501/513 361/509/520 356/504/516
f 351/499/511 356/504/516 357/505/517
f 359/502/514 387/507/518 386/319/329
f 358/506/515 388/548/519 387/507/518
f 357/505/517 389/511/522 388/508/519
f 361/509/520 391/549/562 390/510/521
f 356/504/516 390/510/521 389/511/522
f 362/2/327 368/6/326 369/512/523
f 363/491/524 369/512/523 370/513/525
f 364/514/526 370/525/525 371/515/527
f 365/496/528 371/515/527 372/516/529
f 366/498/530 372/516/529 373/517/531
f 374/518/533 375/520/535 381/519/534
f 381/519/534 369/512/537 368/6/6
f 375/520/535 376/980/538 382/521/536
f 382/521/536 370/513/540 369/512/537
f 376/522/538 377/526/541 383/523/539
f 383/523/539 371/515/543 370/525/540
f 377/526/541 378/528/544 384/527/542
f 384/527/542 372/516/546 371/515/543
f 378/528/544 379/981/1373 385/529/545
f 385/529/545 373/517/771 372/516/546
f 397/8/8 396/531/548 405/530/547
f 396/531/548 395/541/550 406/532/549
f 395/533/550 394/536/552 407/534/551
f 394/536/552 393/538/554 408/537/553
f 393/538/554 392/545/559 409/539/555
f 396/531/548 397/8/8 402/318/328
f 395/541/550 396/531/548 401/540/556
f 394/536/552 395/533/550 400/543/557
f 392/545/559 393/538/554 398/546/560
f 393/538/554 394/536/552 399/544/558
f 401/540/556 402/318/328 386/319/329
f 400/542/557 401/540/556 387/507/518
f 399/544/558 400/543/557 388/508/519
f 403/547/561 398/546/560 390/510/521
f 398/546/560 399/544/558 389/511/522
f 404/9/563 405/530/566 411/550/564
f 405/530/566 406/532/568 412/551/567
f 406/535/568 407/534/570 413/552/569
f 407/534/570 408/537/572 414/554/571
f 408/537/572 409/539/1374 415/555/573
f 429/556/574 414/554/585 415/555/575
f 424/558/577 428/560/579 429/556/574
f 423/559/578 427/564/583 428/560/579
f 422/561/580 421/585/774 420/562/581
f 422/561/580 426/563/582 427/564/583
f 433/565/584 413/552/591 414/554/585
f 428/560/579 432/566/586 433/565/584
f 427/564/583 431/569/589 432/566/586
f 426/563/582 420/562/581 419/567/587
f 426/563/582 430/568/588 431/569/589
f 437/570/590 412/553/597 413/552/591
f 432/566/586 436/571/592 437/570/590
f 431/569/589 435/574/595 436/571/592
f 430/568/588 419/567/587 418/572/593
f 430/568/588 434/573/594 435/574/595
f 441/575/596 411/550/602 412/551/597
f 436/577/592 440/579/598 441/575/596
f 435/578/595 439/583/601 440/579/598
f 434/580/594 418/589/593 417/581/599
f 434/580/594 438/582/600 439/583/601
f 445/11/11 410/320/330 411/550/602
f 440/579/598 444/12/12 445/11/11
f 439/583/601 443/14/14 444/12/12
f 438/582/600 417/581/599 416/17/17
f 438/582/600 442/16/16 443/14/14
f 421/585/604 447/604/626 448/586/605
f 420/562/606 448/586/605 449/587/607
f 419/567/608 449/587/607 450/588/609
f 418/589/610 450/982/609 451/590/611
f 417/581/612 451/590/611 446/584/603
f 448/591/613 447/605/627 459/592/614
f 449/594/616 448/591/613 458/593/615
f 450/596/618 449/594/616 457/595/617
f 451/598/620 450/596/618 456/597/619
f 446/600/622 451/598/620 455/599/621
f 461/322/332 446/600/622 453/602/624
f 447/605/627 462/983/1375 460/489/503
f 469/607/628 468/610/631 477/608/629
f 468/610/631 467/621/633 478/611/632
f 467/612/633 466/615/635 479/613/634
f 466/615/635 465/617/637 480/616/636
f 465/617/637 464/625/643 481/618/638
f 468/610/631 469/607/628 474/619/639
f 467/621/633 468/610/631 473/620/640
f 466/615/635 467/612/633 472/623/641
f 464/625/643 465/617/637 470/626/644
f 465/617/637 466/615/635 471/624/642
f 473/620/640 474/619/639 500/628/646
f 472/622/641 473/620/640 501/629/647
f 471/624/642 472/623/641 502/631/648
f 475/627/645 470/626/644 504/633/650
f 470/626/644 471/624/642 503/632/649
f 476/609/652 477/608/655 483/635/653
f 477/608/655 478/611/657 484/637/656
f 478/614/657 479/613/659 485/638/658
f 479/613/659 480/616/661 486/640/660
f 480/616/661 481/618/772 487/641/662
f 488/642/663 494/744/781 495/643/664
f 495/643/664 494/744/781 482/636/666
f 489/644/665 495/643/664 496/645/668
f 496/645/668 495/643/664 483/635/667
f 490/647/669 496/984/668 497/648/671
f 497/648/671 496/984/668 484/639/670
f 491/649/672 497/648/671 498/650/674
f 498/650/674 497/648/671 485/638/673
f 492/651/675 498/650/674 499/652/677
f 499/652/677 498/650/674 486/640/676
f 511/654/680 518/673/1376 519/655/681
f 510/656/682 519/655/681 520/657/683
f 509/659/684 520/676/683 521/660/685
f 508/661/686 521/660/685 522/662/687
f 507/663/688 522/662/687 523/664/689
f 510/656/682 515/667/692 516/666/691
f 509/658/684 514/671/693 515/667/692
f 508/661/686 513/670/695 514/668/693
f 506/665/690 517/672/696 512/669/694
f 507/663/688 512/669/694 513/670/695
f 515/667/692 501/629/647 500/628/646
f 514/671/693 502/630/648 501/629/647
f 513/670/695 503/632/649 502/631/648
f 517/672/696 505/634/651 504/633/650
f 512/669/694 504/633/650 503/632/649
f 518/673/697 524/710/1377 525/674/698
f 519/655/699 525/674/698 526/675/700
f 520/676/701 526/695/700 527/677/702
f 521/660/703 527/677/702 528/678/704
f 522/662/705 528/678/704 529/679/706
f 543/680/708 539/740/773 529/679/709
f 538/681/711 539/740/773 543/680/708
f 537/683/713 538/681/711 542/682/712
f 536/685/715 540/688/718 534/686/716
f 536/685/715 537/683/713 541/684/714
f 547/689/719 543/680/708 528/678/710
f 542/682/712 543/680/708 547/689/719
f 541/684/714 542/682/712 546/690/721
f 540/688/718 544/693/724 533/692/723
f 540/688/718 541/684/714 545/691/722
f 551/694/725 547/689/719 527/677/720
f 546/690/721 547/689/719 551/694/725
f 545/691/722 546/690/721 550/696/727
f 544/693/724 548/699/730 532/698/729
f 544/693/724 545/691/722 549/697/728
f 555/700/731 551/985/725 526/675/726
f 550/701/727 551/985/725 555/700/731
f 549/703/728 550/701/727 554/702/733
f 548/705/730 552/708/736 531/706/735
f 548/705/730 549/703/728 553/704/734
f 559/709/737 555/700/731 525/674/732
f 554/702/733 555/700/731 559/709/737
f 553/704/734 554/702/733 558/711/739
f 552/708/736 556/714/742 530/713/741
f 552/708/736 553/704/734 557/712/740
f 535/687/746 534/686/749 562/717/747
f 534/686/749 533/692/751 563/719/750
f 533/692/751 532/698/753 564/720/752
f 532/707/753 531/706/755 565/721/754
f 531/706/755 530/713/743 560/716/745
f 562/723/756 572/727/760 573/724/757
f 563/726/759 571/729/762 572/727/760
f 564/728/761 570/731/764 571/729/762
f 565/730/763 569/733/766 570/731/764
f 560/732/765 568/735/768 569/733/766
f 575/736/769 566/488/495 567/734/767
f 561/725/758 573/724/757 574/490/503
f 385/529/545 379/981/1373 493/653/678
f 373/517/771 385/529/545 499/652/677
f 367/500/532 373/517/531 487/641/662
f 350/501/513 367/500/512 481/618/638
f 361/509/520 350/501/513 464/625/643
f 391/549/562 361/509/520 475/627/645
f 403/547/561 391/549/562 505/634/651
f 392/545/559 403/547/561 517/672/696
f 409/539/555 392/545/559 506/665/690
f 415/555/573 409/539/1374 523/664/707
f 425/557/576 415/555/575 529/679/709
f 424/558/577 425/557/576 539/740/773
f 423/559/578 424/558/577 538/681/711
f 422/561/580 423/559/578 537/683/713
f 421/585/774 422/561/580 536/685/715
f 462/603/625 421/585/604 535/687/746
f 460/489/503 462/983/1375 576/738/770
f 941/741/775 940/986/775 938/742/776
f 266/384/392 494/744/781 488/642/663
f 248/375/379 476/609/652 482/636/654
f 241/351/357 469/607/628 476/609/630
f 246/363/368 474/619/639 469/607/628
f 272/368/373 500/628/646 474/619/639
f 283/396/406 511/654/680 516/666/691
f 290/398/408 518/673/1376 511/654/680
f 296/420/427 524/710/1377 518/673/697
f 330/455/466 558/711/739 559/709/737
f 329/458/469 557/712/740 558/711/739
f 328/457/468 556/714/742 557/712/740
f 302/456/467 530/713/741 556/714/742
f 347/460/472 575/715/744 530/713/743
f 338/480/495 566/488/495 575/736/769
f 288/408/417 516/666/691 500/628/646
f 331/454/464 559/709/737 524/710/738
f 410/320/565 62/124/1366 56/7/91
f 386/319/329 38/44/41 12/35/34
f 380/5/5 32/965/1365 26/57/58
f 254/385/393 482/636/666 494/744/781
f 349/745/782 338/987/782 579/746/783
f 578/747/784 579/746/783 581/748/785
f 580/749/786 581/748/785 583/750/787
f 582/751/788 583/750/787 585/752/789
f 584/753/790 585/752/789 587/754/791
f 586/755/792 587/754/791 589/756/793
f 343/758/795 344/988/1378 591/759/796
f 590/760/797 591/759/796 593/761/798
f 592/762/799 593/761/798 595/763/800
f 594/764/801 595/763/800 597/765/802
f 596/766/803 597/765/802 599/767/804
f 598/768/805 599/767/804 601/769/806
f 587/771/808 603/775/812 602/772/809
f 585/774/811 604/777/814 603/775/812
f 583/776/813 605/779/816 604/777/814
f 581/778/815 606/783/820 605/779/816
f 579/780/817 338/989/1379 339/781/818
f 579/780/817 607/782/819 606/783/820
f 607/782/819 339/781/818 340/784/821
f 607/782/819 608/785/822 609/786/823
f 606/783/820 609/786/823 610/787/824
f 605/779/816 610/787/824 611/788/825
f 604/777/814 611/788/825 612/789/826
f 603/775/812 612/789/826 613/790/827
f 599/791/828 615/795/832 614/792/829
f 597/794/831 616/797/834 615/795/832
f 595/796/833 617/799/836 616/797/834
f 593/798/835 618/803/840 617/799/836
f 591/800/837 344/990/1380 345/801/838
f 591/800/837 619/802/839 618/803/840
f 620/804/841 614/792/829 615/795/832
f 621/805/842 615/795/832 616/797/834
f 622/806/843 616/797/834 617/799/836
f 623/807/844 617/799/836 618/803/840
f 624/808/845 618/803/840 619/802/839
f 619/802/839 345/801/838 346/810/847
f 341/811/848 342/896/929 627/812/849
f 626/813/850 627/812/849 629/814/851
f 628/815/852 629/814/851 631/816/853
f 630/817/854 631/816/853 633/818/855
f 632/819/856 633/818/855 635/820/857
f 634/821/858 635/820/857 637/822/859
f 638/824/861 641/856/892 640/825/862
f 639/826/863 640/825/862 643/827/864
f 642/828/865 643/827/864 645/829/866
f 644/830/867 645/829/866 647/831/868
f 648/833/870 651/871/907 650/834/871
f 652/836/872 655/882/918 654/837/873
f 656/839/875 659/991/1381 658/840/876
f 660/842/878 663/861/897 662/843/879
f 650/845/881 651/878/914 652/836/872
f 659/846/882 656/892/928 660/842/878
f 588/757/794 589/756/793 665/847/883
f 602/772/809 613/790/827 667/849/885
f 601/769/806 669/992/1382 668/851/887
f 614/792/829 620/804/841 671/852/888
f 665/854/890 589/773/810 602/772/809
f 669/855/891 601/793/830 614/792/829
f 641/856/892 638/824/861 636/823/860
f 672/857/893 673/909/942 646/832/869
f 674/858/894 675/860/896 670/853/889
f 676/859/895 677/864/900 675/860/896
f 663/861/897 660/842/878 679/862/898
f 678/863/899 679/862/898 677/864/900
f 664/848/884 665/847/883 681/865/901
f 680/866/902 681/865/901 683/867/903
f 682/868/904 683/867/903 685/869/905
f 684/870/906 685/869/905 651/871/907
f 665/854/890 666/850/886 686/872/908
f 681/873/909 686/872/908 687/874/910
f 683/875/911 687/874/910 688/876/912
f 685/877/913 688/876/912 652/836/872
f 666/850/886 667/849/885 689/879/915
f 686/872/908 689/879/915 690/880/916
f 687/874/910 690/880/916 691/881/917
f 688/876/912 691/881/917 655/882/918
f 668/851/887 669/992/1382 693/883/919
f 692/884/920 693/883/919 695/885/921
f 694/886/922 695/885/921 697/887/923
f 696/888/924 697/887/923 656/839/875
f 669/855/891 670/853/889 675/860/896
f 693/889/925 675/860/896 677/864/900
f 695/890/926 677/864/900 679/862/898
f 697/891/927 679/862/898 660/842/878
f 649/895/23 672/993/23 658/893/23
f 658/893/23 659/994/23 661/894/23
f 661/894/23 662/995/23 649/895/23
f 342/896/929 343/758/795 590/760/797
f 627/812/849 590/760/797 592/762/799
f 629/814/851 592/762/799 594/764/801
f 631/816/853 594/764/801 596/766/803
f 633/818/855 596/766/803 598/768/805
f 635/820/857 598/768/805 600/770/807
f 668/851/887 641/856/892 637/822/859
f 641/856/892 668/851/887 692/884/920
f 640/825/862 692/884/920 694/886/922
f 643/827/864 694/886/922 696/888/924
f 645/829/866 696/888/924 657/841/877
f 658/840/876 672/857/893 647/831/868
f 340/897/930 341/811/848 626/813/850
f 608/898/931 626/813/850 628/815/852
f 609/899/932 628/815/852 630/817/854
f 610/900/933 630/817/854 632/819/856
f 611/901/934 632/819/856 634/821/858
f 612/902/935 634/821/858 636/823/860
f 638/824/861 667/904/937 613/903/936
f 667/904/937 638/824/861 639/826/863
f 689/905/938 639/826/863 642/828/865
f 690/906/939 642/828/865 644/830/867
f 691/907/940 644/830/867 646/832/869
f 673/909/942 654/996/1383 655/908/941
f 625/910/943 346/997/944 349/911/944
f 625/910/943 578/912/945 580/913/946
f 624/914/947 580/913/946 582/915/948
f 623/916/949 582/915/948 584/917/950
f 622/918/951 584/917/950 586/919/952
f 621/920/953 586/919/952 588/921/954
f 671/923/956 620/922/955 588/921/954
f 671/923/956 664/924/957 680/925/958
f 674/926/959 680/925/958 682/927/960
f 676/928/961 682/927/960 684/929/962
f 678/930/963 684/929/962 648/931/964
f 662/933/966 663/932/965 648/931/964
f 649/895/23 650/998/23 653/935/23
f 653/935/23 654/999/23 673/936/23
f 673/936/23 672/993/23 649/895/23
f 463/745/967 452/987/967 699/746/968
f 698/747/969 699/746/968 701/748/970
f 700/749/971 701/748/970 703/750/972
f 702/751/973 703/750/972 705/752/974
f 704/753/975 705/752/974 707/754/976
f 706/755/977 707/754/976 709/756/978
f 457/758/980 458/988/1384 711/759/981
f 710/760/982 711/759/981 713/761/983
f 712/762/984 713/761/983 715/763/985
f 714/764/986 715/763/985 717/765/987
f 716/766/988 717/765/987 719/767/989
f 718/768/990 719/767/989 721/769/991
f 707/771/993 723/775/997 722/772/994
f 705/774/996 724/777/999 723/775/997
f 703/776/998 725/779/1001 724/777/999
f 701/778/1000 726/783/1005 725/779/1001
f 699/780/1002 452/989/1385 453/781/1003
f 699/780/1002 727/782/1004 726/783/1005
f 727/782/1004 453/781/1003 454/784/1006
f 727/782/1004 728/785/1007 729/786/1008
f 726/783/1005 729/786/1008 730/787/1009
f 725/779/1001 730/787/1009 731/788/1010
f 724/777/999 731/788/1010 732/789/1011
f 723/775/997 732/789/1011 733/790/1012
f 719/791/1013 735/795/1017 734/792/1014
f 717/794/1016 736/797/1019 735/795/1017
f 715/796/1018 737/799/1021 736/797/1019
f 713/798/1020 738/803/1025 737/799/1021
f 711/800/1022 458/990/1386 459/801/1023
f 711/800/1022 739/802/1024 738/803/1025
f 740/804/1026 734/792/1014 735/795/1017
f 741/805/1027 735/795/1017 736/797/1019
f 742/806/1028 736/797/1019 737/799/1021
f 743/807/1029 737/799/1021 738/803/1025
f 744/808/1030 738/803/1025 739/802/1024
f 739/802/1024 459/801/1023 460/810/1032
f 455/811/1033 456/896/1114 747/812/1034
f 746/813/1035 747/812/1034 749/814/1036
f 748/815/1037 749/814/1036 751/816/1038
f 750/817/1039 751/816/1038 753/818/1040
f 752/819/1041 753/818/1040 755/820/1042
f 754/821/1043 755/820/1042 757/822/1044
f 758/824/1046 761/856/1077 760/825/1047
f 759/826/1048 760/825/1047 763/827/1049
f 762/828/1050 763/827/1049 765/829/1051
f 764/830/1052 765/829/1051 767/831/1053
f 768/833/1055 771/871/1092 770/834/1056
f 772/836/1057 775/882/1103 774/837/1058
f 776/839/1060 779/991/1387 778/840/1061
f 780/842/1063 783/861/1082 782/843/1064
f 770/845/1066 771/878/1099 772/836/1057
f 779/846/1067 776/892/1113 780/842/1063
f 708/757/979 709/756/978 785/847/1068
f 722/772/994 733/790/1012 787/849/1070
f 721/769/991 789/992/1388 788/851/1072
f 734/792/1014 740/804/1026 791/852/1073
f 785/854/1075 709/773/995 722/772/994
f 789/855/1076 721/793/1015 734/792/1014
f 761/856/1077 758/824/1046 756/823/1045
f 792/857/1078 793/909/1127 766/832/1054
f 794/858/1079 795/860/1081 790/853/1074
f 796/859/1080 797/864/1085 795/860/1081
f 783/861/1082 780/842/1063 799/862/1083
f 798/863/1084 799/862/1083 797/864/1085
f 784/848/1069 785/847/1068 801/865/1086
f 800/866/1087 801/865/1086 803/867/1088
f 802/868/1089 803/867/1088 805/869/1090
f 804/870/1091 805/869/1090 771/871/1092
f 785/854/1075 786/850/1071 806/872/1093
f 801/873/1094 806/872/1093 807/874/1095
f 803/875/1096 807/874/1095 808/876/1097
f 805/877/1098 808/876/1097 772/836/1057
f 786/850/1071 787/849/1070 809/879/1100
f 806/872/1093 809/879/1100 810/880/1101
f 807/874/1095 810/880/1101 811/881/1102
f 808/876/1097 811/881/1102 775/882/1103
f 788/851/1072 789/992/1388 813/883/1104
f 812/884/1105 813/883/1104 815/885/1106
f 814/886/1107 815/885/1106 817/887/1108
f 816/888/1109 817/887/1108 776/839/1060
f 789/855/1076 790/853/1074 795/860/1081
f 813/889/1110 795/860/1081 797/864/1085
f 815/890/1111 797/864/1085 799/862/1083
f 817/891/1112 799/862/1083 780/842/1063
f 769/895/23 792/993/23 778/893/23
f 778/893/23 779/994/23 781/894/23
f 781/894/23 782/995/23 769/895/23
f 456/896/1114 457/758/980 710/760/982
f 747/812/1034 710/760/982 712/762/984
f 749/814/1036 712/762/984 714/764/986
f 751/816/1038 714/764/986 716/766/988
f 753/818/1040 716/766/988 718/768/990
f 755/820/1042 718/768/990 720/770/992
f 788/851/1072 761/856/1077 757/822/1044
f 761/856/1077 788/851/1072 812/884/1105
f 760/825/1047 812/884/1105 814/886/1107
f 763/827/1049 814/886/1107 816/888/1109
f 765/829/1051 816/888/1109 777/841/1062
f 778/840/1061 792/857/1078 767/831/1053
f 454/897/1115 455/811/1033 746/813/1035
f 728/898/1116 746/813/1035 748/815/1037
f 729/899/1117 748/815/1037 750/817/1039
f 730/900/1118 750/817/1039 752/819/1041
f 731/901/1119 752/819/1041 754/821/1043
f 732/902/1120 754/821/1043 756/823/1045
f 758/824/1046 787/904/1122 733/903/1121
f 787/904/1122 758/824/1046 759/826/1048
f 809/905/1123 759/826/1048 762/828/1050
f 810/906/1124 762/828/1050 764/830/1052
f 811/907/1125 764/830/1052 766/832/1054
f 793/909/1127 774/996/1389 775/908/1126
f 745/910/1128 460/997/1129 463/911/1129
f 745/910/1128 698/912/1130 700/913/1131
f 744/914/1132 700/913/1131 702/915/1133
f 743/916/1134 702/915/1133 704/917/1135
f 742/918/1136 704/917/1135 706/919/1137
f 741/920/1138 706/919/1137 708/921/1139
f 791/923/1141 740/922/1140 708/921/1139
f 791/923/1141 784/924/1142 800/925/1143
f 794/926/1144 800/925/1143 802/927/1145
f 796/928/1146 802/927/1145 804/929/1147
f 798/930/1148 804/929/1147 768/931/1149
f 782/933/1151 783/932/1150 768/931/1149
f 769/895/23 770/998/23 773/935/23
f 773/935/23 774/999/23 793/936/23
f 793/936/23 792/993/23 769/895/23
f 577/148/1152 819/151/1154 818/149/1153
f 819/151/1154 821/153/1156 820/152/1155
f 821/153/1156 823/155/1158 822/154/1157
f 823/155/1158 825/157/1160 824/156/1159
f 825/157/1160 827/159/1162 826/158/1161
f 827/159/1162 829/251/1254 828/160/1163
f 571/161/1164 831/164/1167 830/162/1165
f 831/164/1167 833/166/1169 832/165/1168
f 833/166/1169 835/168/1171 834/167/1170
f 835/168/1171 837/170/1173 836/169/1172
f 837/170/1173 839/172/1175 838/171/1174
f 839/172/1175 841/301/1301 840/173/1176
f 826/174/1177 828/258/1261 843/175/1178
f 824/177/1180 826/174/1177 842/176/1179
f 822/179/1182 824/177/1180 844/178/1181
f 820/181/1184 822/179/1182 845/180/1183
f 818/183/1186 847/186/1189 567/184/1187
f 818/183/1186 820/181/1184 846/182/1185
f 847/186/1189 848/189/1192 568/187/1190
f 847/186/1189 846/182/1185 849/188/1191
f 846/182/1185 845/180/1183 850/190/1193
f 845/180/1183 844/178/1181 851/191/1194
f 844/178/1181 842/176/1179 852/192/1195
f 842/176/1179 843/175/1178 853/193/1196
f 838/194/1197 840/260/1263 855/195/1198
f 836/197/1200 838/194/1197 854/196/1199
f 834/199/1202 836/197/1200 856/198/1201
f 832/201/1204 834/199/1202 857/200/1203
f 830/203/1206 859/206/1209 573/204/1207
f 830/203/1206 832/201/1204 858/202/1205
f 860/207/1210 861/208/1211 854/196/1199
f 861/208/1211 862/209/1212 856/198/1201
f 862/209/1212 863/210/1213 857/200/1203
f 863/210/1213 864/211/1214 858/202/1205
f 864/211/1214 865/968/1390 859/206/1209
f 859/206/1209 865/968/1390 574/212/1215
f 569/213/1216 867/216/1219 866/214/1217
f 867/216/1219 869/218/1221 868/217/1220
f 869/218/1221 871/220/1223 870/219/1222
f 871/220/1223 873/222/1225 872/221/1224
f 873/222/1225 875/224/1227 874/223/1226
f 875/224/1227 877/261/1264 876/225/1228
f 878/226/1229 881/229/1232 880/227/1230
f 881/229/1232 883/231/1234 882/230/1233
f 883/231/1234 885/233/1236 884/232/1235
f 885/233/1236 887/263/1266 886/234/1237
f 888/235/1238 891/969/1391 890/236/1239
f 892/238/1241 895/970/1392 894/239/1242
f 896/241/1244 899/302/1302 898/242/1245
f 900/244/1247 903/971/1393 902/245/1248
f 890/247/1250 895/970/1392 892/238/1241
f 897/249/1252 903/971/1393 900/244/1247
f 829/251/1254 905/272/1275 904/252/1255
f 843/175/1178 907/280/1283 906/253/1256
f 840/173/1176 841/301/1301 909/254/1257
f 855/195/1198 911/266/1269 910/256/1259
f 904/257/1260 907/280/1283 843/175/1178
f 908/259/1262 911/266/1269 855/195/1198
f 879/228/1231 876/225/1228 877/261/1264
f 912/262/1265 886/234/1237 887/263/1266
f 914/265/1268 910/256/1259 911/266/1269
f 916/268/1271 914/265/1268 915/267/1270
f 901/246/1249 919/271/1274 918/270/1273
f 919/271/1274 916/268/1271 917/269/1272
f 905/272/1275 921/274/1277 920/273/1276
f 921/274/1277 923/276/1279 922/275/1278
f 923/276/1279 925/278/1281 924/277/1280
f 925/278/1281 888/235/1238 889/237/1240
f 904/257/1260 920/281/1284 926/279/1282
f 920/281/1284 922/283/1286 927/282/1285
f 922/283/1286 924/285/1288 928/284/1287
f 924/285/1288 889/248/1251 892/238/1241
f 907/280/1283 926/279/1282 929/286/1289
f 926/279/1282 927/282/1285 930/287/1290
f 927/282/1285 928/284/1287 931/288/1291
f 928/284/1287 892/238/1241 893/240/1243
f 909/254/1257 933/290/1293 932/289/1292
f 933/290/1293 935/292/1295 934/291/1294
f 935/292/1295 937/294/1297 936/293/1296
f 937/294/1297 899/302/1302 896/241/1244
f 908/259/1262 932/295/1298 915/267/1270
f 932/295/1298 934/296/1299 917/269/1272
f 934/296/1299 936/297/1300 918/270/1273
f 936/297/1300 896/250/1253 900/244/1247
f 898/300/23 912/972/23 891/298/23
f 891/298/23 902/973/23 903/299/23
f 903/299/23 897/974/23 898/300/23
f 570/215/1218 866/214/1217 831/164/1167
f 866/214/1217 868/217/1220 833/166/1169
f 868/217/1220 870/219/1222 835/168/1171
f 870/219/1222 872/221/1224 837/170/1173
f 872/221/1224 874/223/1226 839/172/1175
f 874/223/1226 876/225/1228 841/301/1301
f 909/254/1257 841/301/1301 876/225/1228
f 879/228/1231 880/227/1230 933/290/1293
f 880/227/1230 882/230/1233 935/292/1295
f 882/230/1233 884/232/1235 937/294/1297
f 884/232/1235 886/234/1237 899/302/1302
f 898/242/1245 899/302/1302 886/234/1237
f 568/303/1303 848/304/1304 867/216/1219
f 848/304/1304 849/305/1305 869/218/1221
f 849/305/1305 850/306/1306 871/220/1223
f 850/306/1306 851/307/1307 873/222/1225
f 851/307/1307 852/308/1308 875/224/1227
f 852/308/1308 853/309/1309 877/261/1264
f 878/226/1229 877/261/1264 853/309/1309
f 906/310/1310 929/311/1311 881/229/1232
f 929/311/1311 930/312/1312 883/231/1234
f 930/312/1312 931/313/1313 885/233/1236
f 931/313/1313 893/314/1314 887/263/1266
f 913/264/1267 887/263/1266 893/314/1314
f 865/324/1316 819/328/1320 577/325/1317
f 865/324/1316 864/329/1321 821/327/1319
f 864/329/1321 863/331/1323 823/330/1322
f 863/331/1323 862/333/1325 825/332/1324
f 862/333/1325 861/335/1327 827/334/1326
f 861/335/1327 860/338/1330 829/336/1328
f 910/337/1329 905/340/1332 829/336/1328
f 910/337/1329 914/341/1333 921/339/1331
f 914/341/1333 916/343/1335 923/342/1334
f 916/343/1335 919/345/1337 925/344/1336
f 919/345/1337 901/348/1340 888/346/1338
f 902/347/1339 891/975/1339 888/346/1338
f 895/350/23 890/976/23 891/298/23
f 891/298/23 912/972/23 913/349/23
f 913/349/23 894/977/23 895/350/23
f 31/943/1346 265/950/1352 939/946/777
f 493/964/1364 379/957/1358 940/953/775
f 374/952/1354 26/937/1341 938/939/776
f 260/945/1348 488/958/1359 941/960/775
