# Blender 5.2.0 LTS
# www.blender.org
mtllib Worn_Key2.mtl
o Key_01
v -0.046640 -0.016687 -0.139342
v -0.037101 -0.017792 -0.153670
v -0.015864 -0.016596 -0.151363
v -0.002737 -0.016102 -0.152237
v 0.018942 -0.015624 -0.156834
v 0.029917 -0.013725 -0.143664
v 0.030746 -0.011990 -0.127788
v 0.021208 -0.010885 -0.113459
v 0.003857 -0.010705 -0.104518
v -0.016656 -0.011498 -0.103360
v -0.034836 -0.013053 -0.110295
v -0.045810 -0.014952 -0.123465
v -0.047917 -0.023003 -0.138909
v -0.037995 -0.024153 -0.153813
v -0.019947 -0.024340 -0.163113
v 0.001391 -0.023514 -0.164318
v 0.020302 -0.021897 -0.157104
v 0.031718 -0.019922 -0.143405
v 0.032580 -0.018117 -0.126890
v 0.022658 -0.016967 -0.111986
v 0.004610 -0.016780 -0.102685
v -0.016728 -0.017606 -0.101481
v -0.035638 -0.019223 -0.108695
v -0.047055 -0.021199 -0.122394
v -0.070163 -0.018115 -0.142854
v -0.054825 -0.019892 -0.165892
v -0.026927 -0.020181 -0.180269
v 0.006057 -0.018905 -0.182131
v 0.035289 -0.016405 -0.170980
v 0.052936 -0.013351 -0.149803
v 0.054269 -0.010562 -0.124276
v 0.038932 -0.008785 -0.101237
v 0.011033 -0.008496 -0.086860
v -0.021951 -0.009772 -0.084998
v -0.051182 -0.012272 -0.096149
v -0.068829 -0.015325 -0.117326
v -0.068166 -0.011755 -0.143179
v -0.053389 -0.013467 -0.165376
v -0.026511 -0.013746 -0.179227
v 0.005267 -0.012516 -0.181021
v 0.033430 -0.010108 -0.170277
v 0.050432 -0.007166 -0.149875
v 0.051716 -0.004479 -0.125280
v 0.036940 -0.002766 -0.103084
v 0.010061 -0.002488 -0.089233
v -0.021717 -0.003717 -0.087439
v -0.049880 -0.006126 -0.098182
v -0.066881 -0.009068 -0.118585
v -0.018807 -0.011318 -0.159741
v -0.027680 -0.017746 -0.157178
v -0.018251 -0.023761 -0.158410
v -0.000616 -0.010618 -0.160810
v -0.000059 -0.023062 -0.159479
v 0.008704 -0.016347 -0.159316
v 0.034857 -0.022593 -0.169700
v 0.052214 -0.019589 -0.148871
v 0.053526 -0.016846 -0.123763
v 0.038440 -0.015098 -0.101103
v 0.011000 -0.014813 -0.086962
v -0.021442 -0.016069 -0.085130
v -0.050194 -0.018528 -0.096098
v -0.067551 -0.021531 -0.116927
v -0.068862 -0.024274 -0.142036
v -0.053777 -0.026022 -0.164696
v -0.026337 -0.026307 -0.178837
v 0.006106 -0.025052 -0.180668
v 0.042227 -0.019751 -0.146208
v 0.043320 -0.017465 -0.125287
v 0.030750 -0.016009 -0.106406
v 0.007886 -0.015772 -0.094623
v -0.019145 -0.016818 -0.093097
v -0.043102 -0.018866 -0.102236
v -0.057564 -0.021369 -0.119591
v -0.058657 -0.023655 -0.140512
v -0.046087 -0.025111 -0.159393
v -0.023223 -0.025348 -0.171175
v 0.003808 -0.024302 -0.172702
v 0.027765 -0.022254 -0.163563
v 0.026987 -0.009800 -0.164701
v 0.041358 -0.007313 -0.147455
v 0.042444 -0.005041 -0.126665
v 0.029953 -0.003594 -0.107902
v 0.007233 -0.003358 -0.096193
v -0.019630 -0.004398 -0.094677
v -0.043437 -0.006434 -0.103758
v -0.057808 -0.008920 -0.121005
v -0.058894 -0.011192 -0.141795
v -0.046403 -0.012639 -0.160558
v -0.023683 -0.012875 -0.172266
v 0.003180 -0.011836 -0.173783
v 0.020394 -0.009485 -0.158996
v 0.032075 -0.007463 -0.144979
v 0.032958 -0.005617 -0.128081
v 0.022805 -0.004441 -0.112831
v 0.004339 -0.004249 -0.103315
v -0.017495 -0.005094 -0.102082
v -0.036844 -0.006749 -0.109463
v -0.048525 -0.008770 -0.123481
v -0.049408 -0.010616 -0.140378
v -0.039255 -0.011793 -0.155629
v -0.020788 -0.011984 -0.165145
v 0.001045 -0.011139 -0.166378
v -0.001809 -0.022523 -0.153713
v -0.016307 -0.023073 -0.152786
v -0.024154 -0.017124 -0.152841
v -0.016864 -0.010629 -0.154117
v -0.002365 -0.010080 -0.155044
v 0.004843 -0.016026 -0.154695
v 0.000816 0.019044 0.124694
v 0.006158 0.021575 0.124139
v 0.011754 0.019594 0.124063
v 0.014327 0.014263 0.124511
v 0.012369 0.008703 0.125220
v 0.007028 0.006172 0.125776
v 0.001432 0.008153 0.125852
v -0.001540 0.019866 0.116361
v 0.005582 0.023241 0.115620
v 0.013044 0.020600 0.115519
v 0.016474 0.013492 0.116116
v 0.013864 0.006079 0.117063
v 0.006742 0.002704 0.117803
v -0.000720 0.005345 0.117904
v -0.002126 0.018641 0.105144
v 0.004996 0.022015 0.104403
v 0.012458 0.019375 0.104302
v 0.015888 0.012266 0.104900
v 0.013278 0.004853 0.105846
v 0.006156 0.001479 0.106586
v -0.001305 0.004119 0.106688
v -0.004452 0.013773 0.060593
v 0.002670 0.017148 0.059853
v 0.010131 0.014507 0.059751
v 0.013562 0.007398 0.060349
v 0.010951 -0.000014 0.061295
v 0.003829 -0.003389 0.062036
v -0.003632 -0.000748 0.062137
v -0.010764 -0.005181 -0.097029
v -0.005423 -0.002650 -0.097585
v 0.000173 -0.004631 -0.097661
v 0.002746 -0.009962 -0.097213
v 0.000789 -0.015522 -0.096503
v -0.004553 -0.018053 -0.095948
v -0.010149 -0.016072 -0.095872
v 0.004026 0.016171 0.124840
v 0.006400 0.017296 0.124593
v 0.008887 0.016416 0.124560
v 0.010030 0.014046 0.124759
v 0.009160 0.011575 0.125074
v 0.006786 0.010451 0.125321
v 0.004299 0.011331 0.125355
v 0.003794 0.012588 0.125244
v -0.005181 -0.006929 -0.097130
v -0.002694 -0.007809 -0.097164
v -0.001550 -0.010179 -0.096965
v -0.002421 -0.012650 -0.096649
v -0.004795 -0.013774 -0.096402
v -0.005849 0.015301 0.105703
v -0.005369 0.006794 0.106608
v -0.022131 0.013316 0.106771
v -0.021651 0.004810 0.107675
v -0.023484 0.000975 0.072573
v -0.007202 0.002959 0.071506
v -0.003139 0.000284 0.071586
v 0.004323 -0.002356 0.071485
v 0.011445 0.001018 0.070744
v 0.014055 0.008431 0.069798
v 0.010625 0.015540 0.069200
v 0.003163 0.018180 0.069302
v -0.003959 0.014806 0.070042
v -0.007683 0.011466 0.070602
v -0.023965 0.009481 0.071669
v -0.022430 0.003181 0.092765
v -0.006148 0.005165 0.091697
v -0.002084 0.002490 0.091777
v 0.005377 -0.000150 0.091676
v 0.012499 0.003224 0.090935
v 0.015110 0.010637 0.089989
v 0.011679 0.017746 0.089392
v 0.004218 0.020386 0.089493
v -0.002904 0.017012 0.090234
v -0.006628 0.013672 0.090793
v -0.022910 0.011687 0.091860
v -0.024527 0.000972 0.072628
v -0.025007 0.009478 0.071724
v -0.023381 0.003175 0.092815
v -0.023862 0.011682 0.091911
v -0.022490 0.004796 0.107720
v -0.022970 0.013303 0.106816
v -0.033087 0.013800 0.107290
v -0.032606 0.005293 0.108194
v -0.030638 0.012054 0.092224
v -0.030158 0.003548 0.093128
v -0.033099 0.009884 0.072102
v -0.032619 0.001377 0.073006
v -0.033068 0.000438 0.064411
v -0.024975 0.000033 0.064033
v -0.023933 0.000035 0.063978
v -0.007651 0.002020 0.062911
v -0.003588 -0.000655 0.062991
v 0.003874 -0.003296 0.062889
v 0.010996 0.000079 0.062149
v 0.013606 0.007492 0.061202
v 0.010176 0.014600 0.060605
v 0.002714 0.017241 0.060706
v -0.004408 0.013866 0.061447
v -0.008132 0.010526 0.062006
v -0.024413 0.008542 0.063074
v -0.025456 0.008539 0.063128
v -0.033548 0.008945 0.063507
v -0.030705 0.002403 0.082651
v -0.023929 0.002030 0.082338
v -0.022977 0.002036 0.082287
v -0.006695 0.004020 0.081220
v -0.002631 0.001345 0.081300
v 0.004830 -0.001295 0.081199
v 0.011952 0.002079 0.080458
v 0.014562 0.009492 0.079512
v 0.011132 0.016601 0.078914
v 0.003670 0.019241 0.079016
v -0.003452 0.015867 0.079756
v -0.007175 0.012527 0.080316
v -0.023457 0.010542 0.081383
v -0.024409 0.010537 0.081433
v -0.031185 0.010910 0.081746
v -0.032949 0.004577 0.101635
v -0.022832 0.004080 0.101160
v -0.021993 0.004093 0.101115
v -0.005712 0.006078 0.100048
v -0.001648 0.003402 0.100128
v 0.005814 0.000762 0.100027
v 0.012936 0.004137 0.099286
v 0.015546 0.011549 0.098340
v 0.012115 0.018658 0.097742
v 0.004654 0.021298 0.097844
v -0.002468 0.017924 0.098584
v -0.006192 0.014584 0.099144
v -0.022474 0.012600 0.100211
v -0.023313 0.012586 0.100256
v -0.033429 0.013083 0.100730
v -0.001220 0.004298 0.108322
v 0.006242 0.001657 0.108221
v 0.013364 0.005032 0.107480
v 0.015974 0.012445 0.106534
v 0.012543 0.019553 0.105936
v 0.005082 0.022194 0.106038
v -0.002040 0.018819 0.106778
v -0.003889 0.014951 0.071378
v -0.010524 -0.019730 -0.182910
v -0.020753 -0.016293 -0.087521
v 0.031344 -0.016633 -0.127231
v 0.000383 -0.010081 -0.097076
v -0.059921 -0.022582 -0.129949
v 0.001753 -0.002595 -0.092341
v 0.035695 -0.008572 -0.156862
v 0.031706 -0.012804 -0.135803
v -0.007246 0.012380 0.078968
v -0.006559 0.010855 0.061022
v -0.025690 -0.017395 -0.154731
v 0.009007 -0.002812 -0.091827
v 0.012872 0.004004 0.098070
v 0.019556 -0.003309 -0.100892
v 0.009285 0.015149 0.124677
v -0.041219 -0.026366 -0.173162
v -0.004482 0.016226 0.105531
v 0.005721 -0.014197 -0.182186
v -0.002023 0.002618 0.092948
v -0.024019 0.000960 0.072603
v 0.000034 0.006497 0.124014
v 0.012584 0.011302 0.059973
v -0.027849 -0.005843 -0.104751
v -0.001046 -0.022758 -0.156225
v -0.022478 0.004076 0.101142
v 0.010976 0.000037 0.061760
v -0.061875 -0.013779 -0.105774
v -0.041980 -0.012115 -0.157508
v 0.014911 0.016170 0.104524
v -0.005242 0.003442 0.081207
v 0.021492 -0.023939 -0.176702
v -0.047471 -0.012058 -0.139933
v 0.016629 -0.023376 -0.169397
v 0.010066 -0.015101 -0.089261
v -0.006256 0.014451 0.097928
v 0.001812 0.001315 0.100175
v 0.031160 -0.007286 -0.128194
v -0.014365 0.002598 0.081776
v -0.003522 0.015720 0.078408
v -0.031413 0.010375 0.081817
v -0.033711 0.012550 0.100803
v -0.005133 -0.015257 -0.084364
v 0.034336 -0.003075 -0.104879
v -0.009336 -0.024048 -0.164822
v -0.000753 0.017229 0.069610
v 0.035320 -0.021063 -0.170328
v 0.006185 0.001540 0.107144
v -0.019913 -0.011701 -0.162859
v -0.033759 0.008408 0.063576
v 0.013029 0.003419 0.060811
v 0.001859 -0.011405 -0.169201
v -0.000735 0.020111 0.122567
v 0.021710 -0.015516 -0.112758
v -0.026962 -0.015461 -0.180341
v 0.036133 -0.015371 -0.102694
v 0.000829 -0.000743 0.081347
v 0.007029 0.004022 0.123919
v 0.022708 -0.022012 -0.159187
v 0.048261 -0.004688 -0.125796
v 0.004279 0.020514 0.090663
v 0.004393 -0.002211 0.072820
v 0.000853 -0.023344 -0.162501
v 0.001666 0.022290 0.115928
v -0.025601 -0.013028 -0.158151
v 0.024639 -0.002430 -0.094792
v 0.021701 -0.017774 -0.178099
v 0.015356 0.008286 0.105362
v -0.031164 0.010340 0.081608
v 0.019421 -0.020303 -0.156569
v 0.003854 -0.003338 0.062501
v 0.006525 -0.016166 -0.156708
v -0.037185 -0.022493 -0.153373
v -0.050996 -0.007624 -0.096990
v 0.015497 0.017395 0.115741
v -0.052064 -0.008827 -0.122537
v -0.022507 0.005335 0.107889
v -0.043088 -0.017344 -0.146970
v -0.024546 0.001506 0.072758
v 0.004760 -0.001442 0.079851
v -0.022135 0.004793 0.107702
v -0.001276 0.004180 0.107245
v 0.046214 -0.003461 -0.113463
v -0.022368 0.003309 0.093935
v -0.022616 0.013299 0.106798
v -0.033369 0.013266 0.107363
v 0.035106 -0.019867 -0.144308
v -0.006126 -0.003726 -0.094042
v 0.008219 0.019833 0.089344
v 0.052895 -0.018022 -0.149238
v 0.033578 -0.018964 -0.135228
v -0.021003 -0.024665 -0.165713
v -0.010203 -0.025863 -0.181434
v 0.000322 -0.001804 0.071633
v 0.011511 -0.022783 -0.161710
v -0.050786 -0.013159 -0.163580
v 0.005750 0.000629 0.098811
v -0.007133 0.003105 0.072841
v 0.004969 -0.009259 -0.091781
v 0.003009 0.009901 0.125579
v 0.006235 -0.011804 -0.160022
v 0.015013 0.007569 0.098802
v -0.013862 0.013162 0.099700
v 0.007746 -0.002438 0.061727
v -0.019286 -0.024122 -0.161354
v -0.053024 -0.010836 -0.140918
v -0.037779 -0.013181 -0.154492
v -0.054605 -0.015175 -0.166096
v -0.047599 -0.015873 -0.131326
v 0.044584 -0.018538 -0.135849
v -0.045628 -0.011315 -0.148498
v -0.051469 -0.025749 -0.163105
v -0.006284 -0.007665 -0.096992
v 0.036528 -0.021018 -0.155674
v 0.014030 0.005512 0.079974
v -0.025018 0.000519 0.063716
v -0.013818 0.003743 0.092253
v -0.002843 0.017139 0.091404
v 0.036043 -0.017907 -0.126373
v -0.006199 0.001441 0.062898
v -0.051380 -0.023213 -0.139426
v 0.027472 -0.008487 -0.152625
v 0.028886 -0.017434 -0.118955
v 0.005606 0.011072 0.125315
v -0.036788 -0.004807 -0.091324
v 0.007579 0.016675 0.124600
v -0.022470 -0.012390 -0.153493
v -0.009092 -0.016323 -0.151648
v -0.015802 0.009104 0.062562
v 0.045981 -0.014898 -0.161355
v 0.006715 0.016688 0.060558
v 0.002522 -0.016209 -0.090894
v 0.010072 0.002430 0.106278
v 0.019166 -0.010978 -0.157707
v 0.004027 0.006587 0.125887
v 0.032729 -0.022491 -0.167859
v 0.014568 0.015453 0.097964
v -0.022031 -0.005147 -0.085941
v -0.005242 -0.000120 -0.092246
v 0.003221 0.020861 0.124370
v -0.062664 -0.012772 -0.154997
v -0.026640 -0.024823 -0.179578
v -0.023295 0.012010 0.100068
v 0.003320 -0.020761 -0.154117
v -0.024949 0.008527 0.063103
v -0.050429 -0.009750 -0.131847
v 0.008746 -0.000344 0.080890
v -0.030744 0.002896 0.082399
v 0.000301 0.019435 0.089801
v 0.011964 0.014144 0.124647
v -0.033531 0.008367 0.063303
v -0.052145 -0.007661 -0.111597
v -0.002783 -0.011486 -0.153272
v 0.008655 0.020746 0.097695
v 0.013074 0.003512 0.061665
v -0.032991 0.005064 0.101333
v -0.022089 0.012792 0.107052
v 0.004489 -0.012262 -0.178323
v 0.015482 0.011416 0.097124
v -0.016535 -0.016136 -0.102558
v -0.043922 -0.007747 -0.115835
v 0.049217 -0.019638 -0.148072
v -0.050796 -0.016947 -0.095804
v -0.032624 0.005832 0.108363
v -0.002702 0.001198 0.079952
v 0.025883 -0.014754 -0.092637
v -0.004259 0.005499 0.100035
v -0.042058 -0.020241 -0.174499
v -0.004686 -0.015700 -0.096198
v -0.007554 -0.017638 -0.095836
v -0.011919 -0.003283 -0.091552
v -0.006567 0.013800 0.091964
v 0.045374 -0.021110 -0.160233
v 0.027195 -0.011333 -0.120159
v -0.005807 0.014776 0.105985
v -0.022942 0.003165 0.092793
v -0.035624 -0.025398 -0.166447
v 0.016153 0.014135 0.122338
v 0.011740 0.017874 0.090562
v 0.011399 -0.010391 -0.163709
v -0.024388 0.009967 0.081294
v -0.032370 -0.005319 -0.097961
v -0.007613 0.011611 0.071937
v 0.036574 -0.005398 -0.127541
v -0.025183 -0.022361 -0.157154
v 0.034685 -0.011720 -0.171137
v -0.025457 -0.013421 -0.176633
v 0.012052 0.018525 0.096526
v -0.005750 0.002381 0.071493
v 0.025592 -0.014686 -0.150848
v 0.006671 0.016595 0.059704
v -0.068371 -0.019988 -0.116893
v 0.013307 0.004914 0.106403
v 0.013594 0.017190 0.124229
v 0.020338 -0.011427 -0.177136
v -0.026848 -0.018338 -0.104089
v 0.050463 -0.017032 -0.124220
v -0.037594 -0.010903 -0.089030
v -0.054424 -0.024535 -0.165261
v 0.008998 0.021463 0.104255
v -0.029736 -0.024379 -0.159381
v -0.046820 -0.021377 -0.138901
v 0.009583 0.022688 0.115471
v -0.024966 0.008950 0.071967
v -0.023047 0.001889 0.080939
v -0.003141 0.008001 0.117741
v 0.038948 -0.013474 -0.100871
v 0.021468 -0.006163 -0.113635
v -0.023489 0.002021 0.082316
v 0.014354 -0.004209 -0.107134
v 0.025530 -0.004118 -0.110952
v -0.060711 -0.020010 -0.105566
v -0.017507 -0.017352 -0.098778
v -0.005261 0.014597 0.090621
v -0.003642 0.006954 0.108158
v 0.010604 0.010283 0.125140
v -0.040604 -0.024462 -0.155612
v -0.006315 0.012391 0.070429
v 0.011515 0.001164 0.072079
v -0.006054 0.001908 0.061973
v -0.009931 -0.011685 -0.166893
v -0.001202 0.016290 0.061015
v 0.047050 -0.007221 -0.148973
v 0.030317 -0.009048 -0.144325
v 0.004590 0.021166 0.096628
v -0.004155 -0.019373 -0.090200
v -0.022958 0.012582 0.100238
v -0.068481 -0.010650 -0.117973
v 0.012477 -0.016267 -0.160148
v -0.031965 -0.017745 -0.096402
v 0.014996 0.016348 0.106159
v -0.005974 -0.013153 -0.096409
v 0.002741 0.003257 0.117952
v -0.003647 0.016948 0.116790
v -0.069653 -0.010493 -0.130762
v -0.064452 -0.019171 -0.155120
v -0.033111 0.000924 0.064094
v 0.055043 -0.018134 -0.136440
v 0.005442 -0.003910 -0.100600
v -0.004695 0.004587 0.091685
v -0.060181 -0.007578 -0.107456
v -0.014873 0.001537 0.072062
v -0.038045 -0.019108 -0.106612
v -0.034897 -0.017707 -0.109563
v -0.023423 0.011672 0.091889
v -0.003916 0.006216 0.106595
v -0.026385 -0.012202 -0.105868
v 0.013928 0.011278 0.124858
v -0.023414 0.001120 0.073908
v -0.015353 0.010043 0.071158
v -0.001712 0.003270 0.098912
v 0.048559 -0.009506 -0.112009
v 0.007889 0.011187 0.125183
v -0.002366 -0.020818 -0.152274
v -0.030596 0.011528 0.092483
v -0.002422 -0.003065 -0.097696
v 0.012937 0.020799 0.121778
v -0.000246 0.018290 0.079324
v -0.015835 -0.021326 -0.151386
v 0.005439 -0.000023 0.092847
v -0.032639 0.001912 0.073136
v 0.038295 -0.004169 -0.102031
v -0.064711 -0.011545 -0.142663
v 0.053203 -0.005740 -0.137698
v -0.032948 0.005823 0.108154
v -0.006765 0.003873 0.079872
v -0.017154 -0.023373 -0.155236
v -0.008572 -0.014324 -0.096145
v -0.011965 -0.014080 -0.095994
v -0.021668 0.005349 0.107844
v 0.025267 -0.016658 -0.110187
v -0.063246 -0.025313 -0.154101
v 0.014132 0.014541 0.089614
v -0.035477 -0.008366 -0.110420
v 0.006895 0.008525 0.125526
v -0.051864 -0.020102 -0.110124
v -0.003069 0.000430 0.072921
v 0.035614 -0.007406 -0.145923
v 0.014399 -0.016742 -0.106418
v 0.008239 -0.001405 0.071176
v 0.029178 -0.004918 -0.119962
v -0.010324 -0.012507 -0.174417
v -0.005775 0.005945 0.098832
v 0.007672 0.018689 0.078867
v 0.002902 -0.011428 -0.155115
v -0.044223 -0.023686 -0.146844
v 0.011164 -0.013186 -0.086553
v 0.043731 -0.008655 -0.161004
v -0.003691 -0.013038 -0.096540
v -0.001247 0.016197 0.060161
v -0.021427 -0.016877 -0.151666
v -0.069698 -0.022765 -0.142316
v 0.003233 0.018326 0.070637
v 0.007790 -0.002344 0.062581
v -0.006344 -0.010985 -0.102876
v -0.039357 -0.006629 -0.107288
v -0.023528 0.010395 0.080035
v 0.001166 0.021243 0.106346
v -0.013520 0.013878 0.106259
v 0.001080 0.021064 0.104712
v 0.000738 0.020347 0.098152
v 0.037794 -0.004181 -0.116675
v -0.063500 -0.009013 -0.119487
v -0.006764 0.011452 0.061834
v -0.006001 -0.017072 -0.100977
v 0.009965 0.006886 0.125545
v -0.033059 0.009355 0.072345
v 0.053492 -0.005930 -0.124859
v -0.013382 0.004655 0.100604
v 0.013585 0.013396 0.079136
v -0.036006 -0.012924 -0.167568
v -0.005556 -0.016142 -0.092459
v -0.008898 -0.022799 -0.153323
v 0.026165 -0.008436 -0.092630
v -0.004428 0.013824 0.061059
v -0.046628 -0.010296 -0.123802
v 0.006652 -0.021137 -0.159024
v -0.016253 -0.011993 -0.152384
v -0.071705 -0.016805 -0.129965
v -0.023895 0.009627 0.073004
v -0.048066 -0.018629 -0.097940
v 0.012561 0.003352 0.092106
v 0.047909 -0.015807 -0.111698
v -0.001603 -0.010314 -0.157556
v -0.017005 -0.006786 -0.103373
v 0.007164 0.017627 0.069153
v -0.023968 0.002524 0.082086
v -0.002096 0.018702 0.105701
v -0.020939 -0.003971 -0.090136
v -0.015322 0.000598 0.063467
v -0.022537 0.012467 0.098995
v 0.043701 -0.006107 -0.137161
v 0.011062 0.016454 0.077567
v -0.033339 0.000965 0.064368
v -0.033310 0.009347 0.072172
v -0.022849 0.011815 0.093031
v -0.012344 -0.007370 -0.096708
v -0.021684 -0.014457 -0.084698
v -0.024468 0.000021 0.064007
v 0.005296 0.016560 0.124731
v -0.005808 0.013452 0.080143
v 0.010177 0.017846 0.124336
v 0.010155 0.014558 0.060217
v 0.002240 0.002210 0.108370
v -0.007694 0.002506 0.062594
v 0.002013 -0.007035 -0.097494
v 0.002694 0.017199 0.060318
v -0.023970 0.010527 0.081411
v 0.001376 0.000402 0.091825
v -0.008999 -0.006761 -0.096949
v 0.012487 0.019436 0.104860
v -0.069803 -0.013414 -0.143268
v 0.004185 -0.015334 -0.103728
v 0.015441 0.008465 0.106997
v 0.013268 -0.010667 -0.108107
v -0.033291 0.005107 0.101594
v 0.005026 0.022076 0.104961
v 0.009083 0.021641 0.105889
v -0.002168 -0.011350 -0.096804
v -0.033411 0.012507 0.100542
v -0.030866 0.011520 0.092294
v -0.030993 0.002932 0.082608
v -0.006519 -0.004548 -0.101566
v -0.036829 -0.017181 -0.089096
v -0.002532 0.017791 0.097368
v 0.013706 0.007185 0.123225
v -0.022053 -0.021722 -0.152495
v 0.022907 -0.009605 -0.161171
v -0.070380 -0.022987 -0.129359
v -0.024396 0.007965 0.062869
v 0.033979 -0.006484 -0.136613
v 0.010694 0.015685 0.070536
v 0.052171 -0.008694 -0.150154
v 0.031029 -0.009993 -0.168199
v -0.030176 0.004085 0.093275
v -0.030446 0.004077 0.093085
v -0.005386 0.007333 0.106776
v 0.009413 0.012875 0.124919
v 0.005416 -0.024827 -0.178278
v -0.004147 0.015901 0.107207
v 0.009159 0.021160 0.124027
v -0.009781 -0.024979 -0.173340
v -0.005369 -0.008947 -0.084219
v 0.002347 -0.012947 -0.096866
v -0.005290 -0.005004 -0.097335
v -0.003608 -0.000698 0.062602
v -0.030804 -0.012024 -0.161326
v 0.015171 0.010765 0.091160
v -0.024500 0.009467 0.071699
v -0.031143 -0.017953 -0.157664
v 0.010658 0.003655 0.117495
v 0.003838 -0.005980 -0.104550
v -0.060151 -0.010126 -0.131298
v 0.038640 -0.016600 -0.115234
v -0.018309 -0.004829 -0.099259
v -0.013039 0.005372 0.107164
v -0.008114 0.009949 0.061802
v 0.014492 0.009345 0.078164
v -0.065800 -0.024088 -0.141579
v -0.041089 -0.013803 -0.173668
v -0.001404 -0.006379 -0.097387
v -0.005742 -0.002922 -0.086688
v 0.054222 -0.015244 -0.123815
v -0.025439 0.007962 0.062924
v -0.009684 -0.011040 -0.160956
v 0.002171 -0.023768 -0.167021
v 0.003665 0.014862 0.125002
v 0.027219 -0.020922 -0.150877
v 0.013077 0.012335 0.069422
v 0.015920 -0.010915 -0.170499
v 0.013586 0.007449 0.060814
v -0.050443 -0.021254 -0.121490
v -0.045982 -0.019625 -0.122865
v 0.030506 -0.018385 -0.143266
v -0.002296 -0.009076 -0.097046
v -0.000172 -0.002836 0.062184
v 0.015942 0.009512 0.116579
v -0.000764 0.016855 0.125016
v 0.015918 0.012327 0.105457
v 0.020287 -0.015723 -0.099352
v -0.021892 -0.012324 -0.167860
v 0.009294 0.000801 0.091368
v 0.005667 -0.016455 -0.100086
v 0.011882 0.001932 0.079110
v -0.064554 -0.021482 -0.117727
v 0.006209 -0.023552 -0.181433
v -0.041485 -0.013991 -0.116281
v 0.003600 0.019094 0.077668
v 0.055812 -0.011871 -0.137164
v -0.047479 -0.006240 -0.100260
v -0.032890 0.001904 0.072963
v -0.008360 -0.003364 -0.097354
v -0.022927 0.012779 0.107098
v 0.014125 0.008577 0.071133
v 0.002232 -0.015985 -0.153223
v 0.009730 0.001713 0.099718
v -0.022057 0.003960 0.099899
v -0.009127 -0.023483 -0.159626
v 0.010651 -0.003883 -0.087786
v -0.023820 0.011155 0.092170
v -0.006087 0.005293 0.092868
v -0.011150 -0.016897 -0.090105
v -0.048915 -0.022156 -0.130571
v 0.002155 0.002031 0.106735
v -0.000385 0.010145 0.125729
v -0.023400 0.003712 0.092962
v -0.023976 0.000521 0.063661
v 0.006291 0.019221 0.124389
v -0.004824 0.015509 0.098971
v -0.033044 0.013276 0.107572
v 0.005942 0.023275 0.121873
v -0.025402 -0.026019 -0.176538
v -0.000976 -0.013942 -0.096583
v -0.022874 0.004567 0.100859
v -0.001616 -0.017339 -0.096179
v -0.000127 -0.002743 0.063038
v -0.014298 0.012249 0.091349
v -0.053977 -0.024520 -0.150565
v -0.017710 -0.010929 -0.156567
v 0.013523 0.004451 0.070261
v 0.012628 0.011396 0.060827
v 0.000349 -0.010918 -0.164014
v -0.009455 -0.010355 -0.154654
v 0.010158 0.002608 0.107912
v -0.004001 -0.007550 -0.097124
v -0.054244 -0.012052 -0.151785
v -0.014846 0.011104 0.080872
v -0.010708 -0.013311 -0.181771
v -0.042555 -0.020198 -0.114921
v 0.002581 0.017464 0.124775
v 0.014577 0.006657 0.090452
v -0.043862 -0.012726 -0.147685
v -0.048446 -0.011231 -0.131789
v -0.047789 -0.020554 -0.130804
v -0.043233 -0.022040 -0.146606
v -0.029563 -0.012802 -0.159692
v -0.029014 -0.023241 -0.158476
v -0.009322 -0.011720 -0.152732
v -0.020413 -0.013410 -0.152428
v -0.020104 -0.020323 -0.151689
v -0.008904 -0.021053 -0.151734
v 0.001073 -0.012599 -0.153829
v 0.001383 -0.019512 -0.153090
v 0.025923 -0.010025 -0.151625
v 0.010342 -0.011260 -0.161957
v 0.010739 -0.021704 -0.160733
v 0.026138 -0.019356 -0.150523
v 0.032135 -0.008113 -0.136338
v 0.032313 -0.017455 -0.135327
v 0.027551 -0.006618 -0.120442
v 0.027757 -0.015969 -0.119525
v 0.013400 -0.005942 -0.108196
v 0.013690 -0.015297 -0.107352
v -0.006527 -0.006265 -0.102881
v -0.006119 -0.015618 -0.102068
v -0.026890 -0.007501 -0.105921
v -0.026361 -0.016847 -0.105091
v -0.042234 -0.009319 -0.116502
v -0.041614 -0.018653 -0.115609
v -0.052464 -0.022293 -0.130370
v -0.047368 -0.023955 -0.148044
v -0.031634 -0.024707 -0.161659
v -0.009251 -0.023839 -0.162906
v -0.009479 -0.024348 -0.167568
v 0.013161 -0.022974 -0.164188
v 0.030220 -0.020953 -0.152424
v 0.037127 -0.018827 -0.135428
v 0.032031 -0.017165 -0.117755
v 0.016297 -0.016413 -0.104140
v -0.005858 -0.016772 -0.098230
v -0.028498 -0.018146 -0.101611
v -0.045557 -0.020167 -0.113375
v -0.064011 -0.023817 -0.154533
v -0.071235 -0.021462 -0.129481
v -0.071331 -0.012117 -0.130497
v -0.064144 -0.014460 -0.155422
v -0.041709 -0.024883 -0.173832
v -0.041955 -0.015521 -0.174624
v -0.010305 -0.024374 -0.182209
v -0.010709 -0.015014 -0.182958
v 0.021788 -0.022426 -0.177417
v 0.021221 -0.013076 -0.178191
v 0.045969 -0.019562 -0.160742
v 0.045280 -0.010226 -0.161600
v 0.055759 -0.016548 -0.136651
v 0.055021 -0.007228 -0.137630
v 0.048535 -0.014192 -0.111599
v 0.047833 -0.004884 -0.112705
v 0.026233 -0.013126 -0.092299
v 0.025644 -0.003823 -0.093503
v -0.005171 -0.013635 -0.083923
v -0.005602 -0.004330 -0.085169
v -0.037264 -0.015583 -0.088714
v -0.037532 -0.006268 -0.089936
v -0.061445 -0.018448 -0.105390
v -0.061590 -0.009118 -0.106527
v -0.066111 -0.010356 -0.130962
v -0.059526 -0.012504 -0.153800
v -0.039195 -0.013476 -0.171394
v -0.010565 -0.013011 -0.179031
v 0.018692 -0.011236 -0.174663
v 0.040736 -0.008624 -0.159461
v 0.049661 -0.005877 -0.137498
v 0.043076 -0.003729 -0.114660
v 0.022745 -0.002758 -0.097065
v -0.005885 -0.003222 -0.089429
v -0.035142 -0.004997 -0.093797
v -0.057186 -0.007609 -0.108999
v -0.009818 -0.011416 -0.164422
v -0.023834 -0.012668 -0.155522
v -0.009555 -0.010653 -0.157400
v -0.023417 -0.022000 -0.154524
v -0.008998 -0.023097 -0.156069
v 0.004354 -0.011592 -0.157253
v 0.004771 -0.020925 -0.156255
v 0.042719 -0.021083 -0.158865
v 0.020033 -0.023770 -0.174510
v 0.051905 -0.018255 -0.136263
v 0.045127 -0.016045 -0.112759
v 0.024204 -0.015045 -0.094652
v -0.005260 -0.015523 -0.086793
v -0.035369 -0.017350 -0.091289
v -0.058056 -0.020038 -0.106934
v -0.067241 -0.022865 -0.129536
v -0.060464 -0.025075 -0.153040
v -0.039540 -0.026075 -0.171147
v -0.010077 -0.025598 -0.179006
v 0.013123 -0.010590 -0.166297
v 0.030606 -0.008519 -0.154240
v 0.037685 -0.006340 -0.136822
v 0.032462 -0.004637 -0.118709
v 0.016337 -0.003866 -0.104754
v -0.006369 -0.004235 -0.098698
v -0.029573 -0.005643 -0.102162
v -0.047056 -0.007714 -0.114219
v -0.054135 -0.009893 -0.131638
v -0.048912 -0.011596 -0.149751
v -0.032787 -0.012367 -0.163705
v -0.010081 -0.011999 -0.169762
v 0.001570 0.015860 0.125003
v 0.004302 0.018621 0.124558
v 0.002270 0.022383 0.122162
v -0.002711 0.017375 0.122969
v 0.008336 0.018824 0.124325
v 0.009693 0.022757 0.121733
v 0.011350 0.016127 0.124463
v 0.015236 0.017795 0.121986
v 0.011577 0.012110 0.124890
v 0.015654 0.010404 0.122771
v 0.008884 0.009125 0.125356
v 0.010700 0.004913 0.123630
v 0.004849 0.008922 0.125589
v 0.003278 0.004540 0.124059
v 0.001823 0.011377 0.125479
v -0.002237 0.008987 0.123861
v -0.004616 0.015657 0.106071
v 0.001109 0.021125 0.105269
v 0.009027 0.021523 0.104812
v 0.014940 0.016231 0.105082
v 0.015385 0.008347 0.105920
v 0.010102 0.002491 0.106836
v 0.002184 0.002092 0.107293
v -0.004119 0.006869 0.107005
v -0.006942 0.010791 0.061535
v -0.001222 0.016247 0.060626
v 0.006695 0.016646 0.060169
v 0.012608 0.011353 0.060439
v 0.013053 0.003470 0.061277
v 0.007770 -0.002387 0.062193
v -0.000147 -0.002785 0.062650
v -0.006445 0.002003 0.062470
v -0.008913 -0.001011 -0.091957
v -0.013894 -0.006019 -0.091150
v -0.001491 -0.000638 -0.092386
v 0.004053 -0.005600 -0.092133
v 0.004470 -0.012990 -0.091348
v -0.000483 -0.018481 -0.090489
v -0.007906 -0.018854 -0.090060
v -0.013420 -0.014407 -0.090258
v -0.007279 -0.005604 -0.097165
v -0.010011 -0.008365 -0.096721
v -0.003244 -0.005401 -0.097398
v -0.000231 -0.008098 -0.097261
v -0.000004 -0.012115 -0.096834
v -0.002697 -0.015100 -0.096367
v -0.006731 -0.015303 -0.096134
v -0.009758 -0.012848 -0.096244
v 0.006586 0.013873 0.124958
v -0.004995 -0.010352 -0.096766
v -0.024511 0.000507 0.063690
v -0.022573 0.012775 0.107079
v -0.022153 0.005332 0.107871
v -0.023994 0.001388 0.073512
v -0.005680 0.002526 0.072829
v 0.000391 -0.001658 0.072969
v 0.008309 -0.001259 0.072512
v 0.013592 0.004597 0.071596
v 0.013147 0.012481 0.070758
v 0.007234 0.017773 0.070488
v -0.000683 0.017375 0.070945
v -0.006245 0.012537 0.071764
v -0.024436 0.009214 0.072680
v -0.023571 0.002241 0.081325
v -0.005313 0.003295 0.079860
v 0.000759 -0.000890 0.080000
v 0.008676 -0.000491 0.079543
v 0.013960 0.005365 0.078627
v 0.013514 0.013249 0.077789
v 0.007601 0.018542 0.077519
v -0.000316 0.018143 0.077976
v -0.005878 0.013305 0.078795
v -0.024013 0.010067 0.080493
v -0.022930 0.003583 0.093605
v -0.004634 0.004714 0.092855
v 0.001437 0.000530 0.092995
v 0.009355 0.000929 0.092538
v 0.014638 0.006785 0.091622
v 0.014193 0.014669 0.090784
v 0.008280 0.019961 0.090515
v 0.000363 0.019563 0.090972
v -0.005199 0.014725 0.091791
v -0.023372 0.011409 0.092773
v -0.022567 0.004303 0.100212
v -0.004323 0.005366 0.098819
v 0.001749 0.001182 0.098959
v 0.009666 0.001580 0.098502
v 0.014950 0.007437 0.097586
v 0.014505 0.015320 0.096748
v 0.008591 0.020613 0.096479
v 0.000674 0.020214 0.096936
v -0.004888 0.015376 0.097755
v -0.023009 0.012129 0.099380
v -0.032843 0.002316 0.073054
v -0.030393 0.004490 0.093189
v -0.032881 0.006238 0.108273
v -0.033255 0.012854 0.107570
v -0.030767 0.011106 0.092486
v -0.033217 0.008932 0.072351
v -0.024932 0.007950 0.062899
v -0.015364 0.001084 0.063150
v -0.015785 0.008527 0.062358
v -0.015283 0.010189 0.072493
v -0.014916 0.010957 0.079524
v -0.014237 0.012377 0.092520
v -0.013926 0.013029 0.098484
v -0.013477 0.013354 0.106541
v -0.013057 0.005911 0.107332
v -0.013445 0.004522 0.099388
v -0.013757 0.003871 0.093424
v -0.014436 0.002451 0.080428
v -0.014803 0.001683 0.073397
v -0.033242 0.005483 0.101365
v -0.033615 0.012099 0.100662
v -0.030956 0.003313 0.082416
v -0.031330 0.009929 0.081713
v -0.033309 0.001341 0.064128
v -0.033683 0.007957 0.063424
v -0.005946 0.010362 0.030164
v -0.007439 0.006951 -0.000265
v -0.008932 0.003539 -0.030694
v -0.010426 0.000128 -0.061123
v 0.001087 0.013694 0.029433
v -0.000495 0.010241 -0.000987
v -0.002077 0.006787 -0.031407
v -0.003660 0.003334 -0.061827
v 0.008456 0.011087 0.029333
v 0.006780 0.007666 -0.001086
v 0.005104 0.004246 -0.031504
v 0.003429 0.000825 -0.061923
v 0.011843 0.004067 0.029923
v 0.010125 0.000735 -0.000503
v 0.008406 -0.002596 -0.030929
v 0.006688 -0.005928 -0.061355
v 0.009265 -0.003253 0.030857
v 0.007580 -0.006492 0.000419
v 0.005894 -0.009731 -0.030018
v 0.004208 -0.012970 -0.060456
v 0.002233 -0.006586 0.031589
v 0.000636 -0.009782 0.001142
v -0.000961 -0.012979 -0.029306
v -0.002558 -0.016176 -0.059753
v -0.005136 -0.003978 0.031689
v -0.006639 -0.007208 0.001240
v -0.008143 -0.010438 -0.029208
v -0.009646 -0.013667 -0.059656
v -0.008026 0.007480 0.030588
v -0.009493 0.004105 0.000153
v -0.010960 0.000730 -0.030281
v -0.012427 -0.002644 -0.060716
v -0.001719 -0.006040 0.031735
v -0.003265 -0.009244 0.001286
v -0.004812 -0.012447 -0.029163
v -0.006359 -0.015651 -0.059611
v 0.010878 0.007922 0.029552
v 0.009171 0.004542 -0.000869
v 0.007465 0.001161 -0.031291
v 0.005759 -0.002219 -0.061712
v -0.002780 0.012755 0.029737
v -0.004313 0.009313 -0.000686
v -0.005847 0.005872 -0.031110
v -0.007380 0.002430 -0.061534
v -0.007527 -0.001355 0.031527
v -0.009001 -0.004618 0.001081
v -0.010474 -0.007881 -0.029366
v -0.011947 -0.011144 -0.059812
v 0.011317 0.000137 0.030380
v 0.009605 -0.003145 -0.000052
v 0.007894 -0.006427 -0.030484
v 0.006182 -0.009709 -0.060916
v 0.005038 0.013149 0.029286
v 0.003406 0.009702 -0.001132
v 0.001774 0.006255 -0.031550
v 0.000141 0.002809 -0.061968
v 0.006100 -0.005646 0.031284
v 0.004454 -0.008855 0.000841
v 0.002808 -0.012064 -0.029602
v 0.001162 -0.015272 -0.060046
v 0.003730 0.013725 0.125123
v -0.000574 0.013500 0.125372
v -0.003394 0.012474 0.117265
v -0.005597 0.011055 0.106381
v -0.021878 0.009070 0.107448
v -0.022717 0.009057 0.107493
v -0.033158 0.009545 0.107759
v -0.023084 0.008289 0.100463
v -0.023610 0.007433 0.092566
v -0.030656 0.007798 0.092690
v -0.024178 0.006245 0.081690
v -0.024756 0.005228 0.072362
v -0.033100 0.005626 0.072567
v -0.025228 0.004240 0.063320
v -0.024186 0.004243 0.063265
v -0.007904 0.006228 0.062198
v -0.006307 0.006381 0.061498
v -0.012155 -0.010725 -0.096351
v -0.033201 0.008786 0.100937
v -0.032834 0.009554 0.107967
v -0.030954 0.006618 0.082003
v -0.030386 0.007806 0.092879
v -0.033321 0.004646 0.063698
v -0.032849 0.005634 0.072741
v -0.033549 0.004686 0.063972
v -0.031203 0.006654 0.082212
v -0.033501 0.008828 0.101199
v -0.003894 0.011427 0.107683
v -0.015575 0.004805 0.062754
v -0.024215 0.005301 0.073096
v -0.033429 0.008791 0.101014
v -0.031143 0.006621 0.082065
v -0.013657 -0.010213 -0.090704
v -0.023792 0.006154 0.080909
v -0.033496 0.004649 0.063776
v -0.030580 0.007798 0.092837
v -0.024721 0.004229 0.063295
v -0.006694 0.006397 0.062002
v -0.023151 0.007496 0.093189
v 0.001696 0.013618 0.125241
v -0.004367 0.011263 0.106538
v -0.022788 0.008216 0.099796
v -0.002474 0.013181 0.123415
v -0.022363 0.009053 0.107475
v -0.033030 0.005624 0.072703
v -0.009884 -0.010607 -0.096483
v -0.033068 0.009546 0.107922
v -0.013267 0.009632 0.106937
v -0.012187 -0.006894 -0.060264
v -0.010717 -0.003575 -0.029823
v -0.009247 -0.000256 0.000617
v -0.007777 0.003062 0.031057
vn 0.9592 0.0964 0.2657
vn 0.8238 0.2190 0.5229
vn 0.9472 0.2019 0.2492
vn 0.9826 0.1722 -0.0701
vn 0.9962 0.0639 -0.0590
vn 0.9978 -0.0457 -0.0471
vn 0.9617 -0.0112 0.2740
vn 0.8364 0.0168 0.5479
vn 0.8322 0.1189 0.5416
vn 0.6455 0.1294 0.7527
vn 0.5321 0.1916 0.8247
vn 0.6394 0.2090 0.7399
vn 0.6500 0.0489 0.7583
vn 0.5432 0.0681 0.8368
vn 0.5387 0.1301 0.8324
vn -0.0120 0.1058 0.9943
vn 0.0566 0.2253 0.9726
vn -0.0148 0.2233 0.9746
vn -0.0732 0.2205 0.9726
vn -0.0684 0.1030 0.9923
vn -0.0626 -0.0159 0.9979
vn -0.0042 -0.0130 0.9999
vn 0.0671 -0.0091 0.9977
vn 0.0627 0.1089 0.9921
vn 0.1393 0.1114 0.9840
vn 0.1923 0.2248 0.9552
vn 0.1307 0.2255 0.9654
vn 0.1410 -0.0043 0.9900
vn 0.2023 -0.0004 0.9793
vn 0.1986 0.1130 0.9735
vn -0.5631 0.0827 0.8222
vn -0.7742 0.1572 0.6131
vn -0.5647 0.1639 0.8088
vn -0.4455 0.1567 0.8814
vn -0.4464 0.0921 0.8901
vn -0.4454 0.0272 0.8949
vn -0.5607 0.0007 0.8280
vn -0.7683 -0.0453 0.6385
vn -0.7727 0.0568 0.6322
vn -0.9279 0.0234 0.3722
vn -0.9945 0.0957 0.0415
vn -0.9259 0.1295 0.3550
vn -0.9210 -0.0840 0.3803
vn -0.9903 -0.1226 0.0651
vn -0.9985 -0.0132 0.0536
vn -0.9615 -0.0469 -0.2710
vn -0.8349 0.0301 -0.5495
vn -0.9589 0.0604 -0.2773
vn -0.9543 -0.1536 -0.2564
vn -0.8294 -0.1731 -0.5312
vn -0.8343 -0.0720 -0.5466
vn -0.6558 -0.0873 -0.7499
vn -0.4622 -0.0038 -0.8868
vn -0.6588 0.0083 -0.7523
vn -0.6524 -0.1820 -0.7357
vn -0.4553 -0.1836 -0.8712
vn -0.4581 -0.0940 -0.8839
vn -0.2557 -0.0941 -0.9622
vn -0.0562 -0.0033 -0.9984
vn -0.2597 -0.0075 -0.9657
vn -0.2526 -0.1802 -0.9506
vn -0.0488 -0.1738 -0.9836
vn -0.0527 -0.0888 -0.9947
vn 0.1525 -0.0783 -0.9852
vn 0.3585 0.0279 -0.9331
vn 0.1493 0.0083 -0.9888
vn 0.1573 -0.1644 -0.9738
vn 0.3673 -0.1517 -0.9176
vn 0.3617 -0.0623 -0.9302
vn 0.5721 -0.0397 -0.8192
vn 0.7630 0.0920 -0.6398
vn 0.5675 0.0558 -0.8215
vn 0.5777 -0.1344 -0.8051
vn 0.7753 -0.1110 -0.6218
vn 0.7706 -0.0099 -0.6373
vn 0.9256 0.0262 -0.3775
vn 0.9141 0.1329 -0.3830
vn 0.9284 -0.0808 -0.3627
vn 0.7971 -0.5391 0.2722
vn 0.7010 -0.4958 0.5126
vn 0.7943 -0.5373 0.2837
vn 0.8192 -0.5731 0.0198
vn 0.0444 -0.9934 0.1062
vn 0.5467 -0.5215 0.6552
vn 0.2084 -0.8201 0.5330
vn 0.5286 -0.5295 0.6634
vn 0.7104 -0.4990 0.4963
vn 0.0748 -0.9595 0.2716
vn 0.0345 -0.9705 0.2388
vn 0.2870 -0.7525 0.5928
vn 0.0299 -0.9602 0.2779
vn -0.0818 -0.8319 0.5488
vn 0.0683 -0.9680 0.2413
vn -0.4267 -0.5610 0.7094
vn -0.5987 -0.5461 0.5860
vn -0.4070 -0.5680 0.7154
vn -0.1626 -0.7668 0.6210
vn -0.7175 -0.5977 0.3577
vn -0.7652 -0.6344 0.1093
vn -0.7136 -0.5956 0.3688
vn -0.6096 -0.5501 0.5708
vn -0.7438 -0.6526 -0.1448
vn -0.6497 -0.6527 -0.3898
vn -0.7410 -0.6530 -0.1565
vn -0.5280 -0.6414 -0.5566
vn -0.3583 -0.6245 -0.6939
vn -0.5152 -0.6402 -0.5698
vn -0.6589 -0.6532 -0.3731
vn -0.1992 -0.6109 -0.7662
vn -0.0218 -0.6013 -0.7987
vn -0.1923 -0.6104 -0.7684
vn -0.3706 -0.6257 -0.6864
vn 0.1583 -0.5971 -0.7864
vn 0.3251 -0.5981 -0.7325
vn 0.1512 -0.5972 -0.7878
vn 0.5099 -0.6013 -0.6152
vn 0.6501 -0.6024 -0.4632
vn 0.4957 -0.6010 -0.6269
vn 0.3381 -0.5983 -0.7264
vn 0.7708 -0.5940 -0.2303
vn 0.7668 -0.5946 -0.2416
vn 0.6611 -0.6022 -0.4476
vn -0.9622 -0.0387 -0.2694
vn -0.8306 -0.1467 -0.5372
vn -0.9570 -0.1257 -0.2615
vn -0.9936 -0.0940 0.0622
vn -0.9986 -0.0052 0.0527
vn -0.9955 0.0843 0.0428
vn -0.9589 0.0488 -0.2794
vn -0.8329 0.0190 -0.5531
vn -0.8365 -0.0641 -0.5442
vn -0.6586 -0.0799 -0.7483
vn -0.4554 -0.1601 -0.8758
vn -0.6528 -0.1572 -0.7411
vn -0.6558 -0.0020 -0.7550
vn -0.4593 -0.0134 -0.8882
vn -0.4606 -0.0871 -0.8833
vn -0.2573 -0.0875 -0.9624
vn -0.0499 -0.1515 -0.9872
vn -0.2531 -0.1576 -0.9545
vn -0.2579 -0.0167 -0.9660
vn -0.0559 -0.0123 -0.9984
vn -0.0530 -0.0822 -0.9952
vn 0.1534 -0.0716 -0.9856
vn 0.3651 -0.1283 -0.9221
vn 0.1556 -0.1418 -0.9776
vn 0.1482 -0.0009 -0.9890
vn 0.3562 0.0181 -0.9342
vn 0.3638 -0.0552 -0.9298
vn 0.5745 -0.0322 -0.8179
vn 0.7738 -0.0846 -0.6278
vn 0.5755 -0.1097 -0.8104
vn 0.5650 0.0452 -0.8239
vn 0.7615 0.0807 -0.6431
vn 0.7724 -0.0018 -0.6351
vn 0.9260 0.0344 -0.3760
vn 0.9986 -0.0169 -0.0503
vn 0.9283 -0.0528 -0.3680
vn 0.9148 0.1213 -0.3852
vn 0.9846 0.1609 -0.0690
vn 0.9956 0.0720 -0.0599
vn 0.9593 0.1041 0.2624
vn 0.8352 0.0439 0.5482
vn 0.9618 0.0173 0.2731
vn 0.9482 0.1911 0.2538
vn 0.8227 0.2087 0.5287
vn 0.8337 0.1263 0.5376
vn 0.6560 0.1383 0.7420
vn 0.4595 0.0692 0.8855
vn 0.6571 0.0609 0.7514
vn 0.6462 0.2152 0.7322
vn 0.4503 0.2149 0.8667
vn 0.4582 0.1423 0.8774
vn 0.2549 0.1406 0.9567
vn 0.0537 0.0652 0.9964
vn 0.2570 0.0703 0.9639
vn 0.2493 0.2104 0.9453
vn 0.0473 0.2036 0.9779
vn 0.0507 0.1346 0.9896
vn -0.1558 0.1247 0.9799
vn -0.3610 0.0374 0.9318
vn -0.1516 0.0545 0.9869
vn -0.1569 0.1947 0.9682
vn -0.3652 0.1833 0.9127
vn -0.3663 0.1104 0.9239
vn -0.5771 0.0906 0.8116
vn -0.7692 -0.0182 0.6388
vn -0.5712 0.0134 0.8207
vn -0.5745 0.1680 0.8011
vn -0.7717 0.1470 0.6188
vn -0.7752 0.0641 0.6284
vn -0.9289 0.0311 0.3690
vn -0.9235 -0.0557 0.3796
vn -0.9256 0.1186 0.3595
vn -0.6793 0.6842 -0.2652
vn -0.6150 0.6511 -0.4448
vn -0.6819 0.6862 -0.2531
vn -0.6979 0.7150 -0.0417
vn -0.0444 0.9934 -0.1062
vn -0.4944 0.6122 -0.6171
vn -0.3741 0.5880 -0.7172
vn -0.5078 0.6157 -0.6026
vn -0.6057 0.6475 -0.4625
vn -0.2169 0.5712 -0.7916
vn -0.0683 0.5704 -0.8185
vn -0.2247 0.5717 -0.7891
vn -0.3607 0.5859 -0.7256
vn 0.0820 0.5828 -0.8085
vn 0.2447 0.6119 -0.7521
vn 0.0899 0.5838 -0.8069
vn 0.3732 0.6458 -0.6661
vn 0.5091 0.6946 -0.5083
vn 0.3879 0.6503 -0.6532
vn 0.2307 0.6088 -0.7590
vn 0.5905 0.7334 -0.3369
vn 0.6316 0.7665 -0.1167
vn 0.5943 0.7356 -0.3252
vn 0.4982 0.6902 -0.5248
vn 0.6137 0.7820 0.1084
vn 0.5509 0.7820 0.2916
vn 0.6163 0.7816 0.0962
vn 0.4325 0.7699 0.4693
vn 0.3140 0.7567 0.5734
vn 0.4457 0.7713 0.4543
vn 0.5418 0.7814 0.3098
vn 0.1582 0.7423 0.6512
vn 0.0099 0.7340 0.6791
vn 0.1659 0.7429 0.6486
vn 0.3007 0.7554 0.5822
vn -0.1407 0.7307 0.6680
vn -0.3049 0.7328 0.6083
vn -0.1487 0.7307 0.6663
vn -0.4351 0.7363 0.5183
vn -0.5732 0.7385 0.3550
vn -0.4499 0.7367 0.5049
vn -0.2907 0.7325 0.6156
vn -0.6560 0.7329 0.1801
vn -0.6599 0.7322 0.1682
vn -0.5621 0.7386 0.3721
vn -0.1238 0.9919 -0.0268
vn -0.0601 0.9982 0.0072
vn 0.0720 0.9679 0.2408
vn -0.1756 0.9814 0.0780
vn -0.2670 0.9637 0.0074
vn -0.1596 0.9860 -0.0484
vn -0.4898 0.0743 0.8687
vn -0.2445 0.3640 0.8988
vn -0.2374 0.0998 0.9663
vn -0.2123 -0.1756 0.9613
vn -0.5339 -0.2973 0.7916
vn -0.7340 -0.3361 0.5902
vn -0.8054 0.0273 0.5921
vn -0.7664 0.3869 0.5129
vn -0.5682 0.4125 0.7120
vn -0.0352 -0.9818 0.1864
vn -0.0715 -0.9842 0.1622
vn -0.1809 -0.9601 0.2131
vn -0.0880 -0.9527 0.2908
vn 0.0465 0.9986 -0.0261
vn -0.1186 0.9603 0.2524
vn -0.0157 0.9998 0.0095
vn 0.0841 0.9954 -0.0452
vn 0.2011 0.9795 0.0119
vn 0.1061 0.9909 0.0834
vn 0.1346 -0.9731 0.1868
vn 0.1918 -0.9357 0.2962
vn 0.2867 -0.9333 0.2164
vn 0.1721 -0.9711 0.1651
vn 0.5173 0.1172 0.8477
vn 0.2969 -0.1371 0.9450
vn 0.2991 0.1216 0.9464
vn 0.2818 0.3690 0.8857
vn 0.5648 0.4308 0.7038
vn 0.7408 0.4142 0.5289
vn 0.7977 0.0993 0.5949
vn 0.7694 -0.2262 0.5973
vn 0.5917 -0.2161 0.7767
vn 0.5385 -0.4540 -0.7099
vn 0.3585 -0.4552 -0.8151
vn 0.5500 -0.4539 -0.7010
vn 0.7238 -0.4499 -0.5232
vn 0.7145 -0.4503 -0.5355
vn 0.8500 -0.4375 -0.2933
vn 0.8535 -0.4369 -0.2841
vn 0.9113 -0.4118 -0.0026
vn 0.9113 -0.4117 -0.0026
vn 0.8806 -0.3736 0.2916
vn 0.8830 -0.3750 0.2821
vn 0.7788 -0.3348 0.5304
vn 0.7708 -0.3325 0.5434
vn 0.6138 -0.2965 0.7317
vn 0.6244 -0.2984 0.7219
vn 0.4456 -0.2730 0.8526
vn 0.4358 -0.2720 0.8580
vn 0.2512 -0.2597 0.9324
vn 0.2566 -0.2599 0.9309
vn 0.0645 -0.2608 0.9632
vn -0.1240 -0.2742 0.9536
vn -0.1296 -0.2748 0.9527
vn -0.3246 -0.3028 0.8961
vn -0.3143 -0.3010 0.9003
vn -0.5030 -0.3397 0.7947
vn -0.5144 -0.3425 0.7862
vn -0.6862 -0.3915 0.6131
vn -0.6769 -0.3885 0.6252
vn -0.8108 -0.4391 0.3871
vn -0.8142 -0.4407 0.3779
vn -0.8714 -0.4807 0.0980
vn -0.8413 -0.5030 -0.1978
vn -0.8438 -0.5026 -0.1883
vn -0.7412 -0.5066 -0.4405
vn -0.7333 -0.5064 -0.4537
vn -0.5783 -0.4972 -0.6468
vn -0.5887 -0.4979 -0.6367
vn -0.4117 -0.4850 -0.7716
vn -0.4020 -0.4843 -0.7771
vn -0.2185 -0.4718 -0.8542
vn -0.2239 -0.4721 -0.8526
vn -0.0321 -0.4628 -0.8859
vn 0.1568 -0.4573 -0.8754
vn 0.1623 -0.4572 -0.8744
vn 0.3482 -0.4552 -0.8195
vn -0.3995 0.8066 0.4358
vn -0.3761 0.8161 0.4387
vn -0.5380 0.7678 0.3479
vn -0.5489 0.7676 0.3309
vn -0.6300 0.7615 0.1526
vn -0.6262 0.7621 0.1644
vn -0.6654 0.7451 -0.0467
vn -0.6508 0.7178 -0.2473
vn -0.6483 0.7159 -0.2593
vn -0.5796 0.6808 -0.4478
vn -0.5886 0.6845 -0.4301
vn -0.4880 0.6506 -0.5819
vn -0.4747 0.6471 -0.5965
vn -0.3479 0.6218 -0.7017
vn -0.3612 0.6238 -0.6931
vn -0.2184 0.6080 -0.7633
vn -0.2106 0.6075 -0.7659
vn -0.0682 0.6067 -0.7920
vn 0.0838 0.6196 -0.7804
vn 0.0757 0.6186 -0.7821
vn 0.2179 0.6437 -0.7336
vn 0.2319 0.6468 -0.7266
vn 0.3679 0.6837 -0.6302
vn 0.3534 0.6792 -0.6433
vn 0.4714 0.7215 -0.5072
vn 0.4820 0.7259 -0.4906
vn 0.5617 0.7647 -0.3158
vn 0.5580 0.7625 -0.3274
vn 0.5965 0.7939 -0.1179
vn 0.5826 0.8084 0.0842
vn 0.5801 0.8088 0.0963
vn 0.5129 0.8085 0.2886
vn 0.5218 0.8091 0.2704
vn 0.3834 0.8361 0.3923
vn 0.3602 0.8437 0.3981
vn 0.1461 0.9435 0.2973
vn -0.0267 0.9994 0.0211
vn -0.0483 0.9985 0.0247
vn -0.1854 0.9297 0.3181
vn 0.1518 -0.9760 0.1558
vn 0.3120 -0.9224 0.2276
vn 0.1881 -0.5557 0.8099
vn 0.2769 -0.4673 0.8396
vn 0.1665 -0.5753 0.8008
vn 0.0736 -0.6523 0.7543
vn 0.0737 -0.6523 0.7544
vn -0.0578 -0.9861 0.1558
vn -0.0306 -0.5805 0.8137
vn -0.0164 -0.5914 0.8062
vn -0.1199 -0.5064 0.8539
vn -0.7408 -0.3165 0.5925
vn -0.3693 0.0825 0.9257
vn -0.3535 -0.1131 0.9286
vn -0.3708 0.2748 0.8871
vn -0.1461 0.9877 -0.0553
vn -0.2837 0.9588 0.0163
vn -0.0894 0.7341 0.6731
vn -0.1722 0.6625 0.7290
vn -0.0761 0.7444 0.6634
vn 0.0086 0.8007 0.5990
vn 0.0087 0.8007 0.5990
vn 0.0636 0.9965 -0.0551
vn 0.1306 0.7284 0.6726
vn 0.1075 0.7437 0.6598
vn 0.2266 0.6565 0.7195
vn 0.7976 0.0993 0.5949
vn 0.7479 0.3917 0.5359
vn 0.4674 0.1146 0.8766
vn 0.4526 0.2844 0.8451
vn 0.4673 0.1146 0.8766
vn 0.4680 -0.0585 0.8818
vn 0.0519 0.1085 0.9927
vn -0.4877 0.5841 0.6488
vn -0.2808 0.7295 0.6236
vn -0.4903 0.5814 0.6493
vn -0.6564 0.2877 0.6974
vn -0.6636 0.2668 0.6989
vn -0.0056 0.7996 0.6004
vn 0.2761 0.7576 0.5915
vn 0.5217 0.6131 0.5933
vn 0.6921 0.3853 0.6104
vn 0.7641 0.1107 0.6355
vn 0.7234 -0.1693 0.6694
vn 0.5797 -0.4131 0.7024
vn 0.3517 -0.5812 0.7338
vn 0.0764 -0.6516 0.7547
vn -0.2052 -0.6093 0.7660
vn -0.4255 -0.4872 0.7626
vn -0.6271 -0.2082 0.7506
vn -0.4285 -0.4846 0.7625
vn -0.7138 0.7002 0.0125
vn -0.9489 0.2902 0.1237
vn -0.7079 0.7034 0.0640
vn -0.4257 0.9045 0.0277
vn -0.4301 0.9024 -0.0243
vn -0.7097 0.7044 -0.0118
vn -0.9548 0.2888 0.0707
vn 0.9971 0.0502 -0.0576
vn 0.9012 0.4313 -0.0423
vn 0.9984 0.0557 -0.0065
vn -0.0533 0.9971 -0.0544
vn -0.0504 0.9987 -0.0025
vn 0.3334 0.9427 -0.0161
vn 0.3320 0.9408 -0.0683
vn 0.6654 0.7375 -0.1153
vn 0.6672 0.7421 -0.0642
vn -0.0561 0.9928 -0.1055
vn 0.3298 0.9365 -0.1195
vn 0.6672 0.7448 -0.0123
vn 0.9003 0.4352 0.0097
vn -0.4334 0.8981 -0.0755
vn 0.8997 0.4263 -0.0936
vn 0.9971 0.0611 0.0452
vn 0.9429 -0.3205 0.0901
vn 0.9441 -0.3275 0.0383
vn -0.6236 -0.7679 0.1465
vn -0.3267 -0.9296 0.1705
vn -0.6293 -0.7589 0.1675
vn 0.9426 -0.3336 -0.0128
vn 0.7464 -0.6601 0.0849
vn 0.7461 -0.6518 0.1362
vn 0.4364 -0.8820 0.1779
vn 0.4355 -0.8913 0.1265
vn 0.7447 -0.6665 0.0339
vn 0.4334 -0.8981 0.0755
vn 0.0587 -0.9860 0.1564
vn 0.0611 -0.9763 0.2074
vn -0.3226 -0.9202 0.2217
vn 0.0561 -0.9928 0.1055
vn -0.3298 -0.9365 0.1195
vn -0.6236 -0.7506 0.2184
vn -0.9110 -0.3643 0.1934
vn -0.9163 -0.3748 0.1413
vn -0.9934 -0.0449 0.1051
vn -0.8955 -0.3925 0.2096
vn -0.6671 0.7446 0.0232
vn -0.6809 0.4403 0.5852
vn -0.6850 0.7266 0.0538
vn -0.7183 0.6947 -0.0384
vn -0.6586 0.7318 0.1754
vn -0.3845 0.9196 -0.0804
vn -0.3519 0.8246 0.4429
vn 0.0142 0.8833 0.4686
vn -0.1844 0.8406 -0.5093
vn 0.0494 0.8835 0.4658
vn -0.0001 0.4734 0.8809
vn -0.1134 0.2937 0.9492
vn -0.5745 -0.7964 0.1888
vn -0.5958 -0.7733 0.2170
vn -0.7495 -0.3196 0.5798
vn -0.6283 -0.7244 0.2836
vn -0.0965 -0.7671 0.6343
vn -0.3665 -0.9227 0.1199
vn -0.3528 -0.8217 0.4477
vn -0.5705 -0.8127 0.1186
vn -0.7125 0.6936 -0.1060
vn -0.8315 0.2424 -0.4999
vn -0.6909 0.6955 -0.1973
vn -0.4335 0.8978 -0.0776
vn -0.7175 0.6952 -0.0427
vn -0.9593 0.2820 0.0150
vn -0.9593 0.2821 0.0150
vn 0.6652 0.7371 -0.1195
vn 0.3295 0.9360 -0.1237
vn -0.0562 0.9926 -0.1076
vn 0.3297 0.9362 -0.1216
vn -0.9973 -0.0506 0.0537
vn -0.8789 -0.4496 -0.1596
vn -0.9525 -0.0849 -0.2925
vn -0.0563 0.9924 -0.1097
vn 0.6653 0.7373 -0.1174
vn 0.8996 0.4261 -0.0957
vn 0.0558 -0.9933 0.1014
vn 0.4331 -0.8985 0.0713
vn 0.8995 0.4258 -0.0978
vn 0.9970 0.0500 -0.0597
vn 0.9425 -0.3338 -0.0149
vn -0.6328 -0.7661 0.1125
vn -0.3300 -0.9369 0.1153
vn 0.9424 -0.3340 -0.0170
vn 0.9969 0.0497 -0.0617
vn 0.7446 -0.6668 0.0318
vn 0.4333 -0.8983 0.0734
vn 0.7445 -0.6670 0.0297
vn 0.0560 -0.9931 0.1035
vn -0.3299 -0.9367 0.1174
vn -0.6267 -0.7779 0.0460
vn -0.6021 -0.7971 -0.0458
vn -0.6740 -0.7110 -0.2003
vn -0.4336 0.8976 -0.0797
vn -0.9209 -0.3804 0.0853
vn -0.6938 0.6225 -0.3620
vn -0.9197 0.2359 -0.3138
vn -0.6955 0.6209 -0.3618
vn -0.4263 0.8124 -0.3979
vn -0.0519 -0.1085 -0.9927
vn -0.0700 0.9023 -0.4254
vn 0.2943 0.8486 -0.4395
vn 0.6116 0.6611 -0.4347
vn 0.8326 0.3669 -0.4150
vn 0.9249 0.0118 -0.3801
vn 0.8731 -0.3507 -0.3387
vn 0.6865 -0.6652 -0.2936
vn 0.3922 -0.8837 -0.2553
vn 0.0360 -0.9735 -0.2260
vn -0.3285 -0.9200 -0.2137
vn -0.6136 -0.7597 -0.2151
vn -0.6156 -0.7581 -0.2152
vn -0.8827 -0.3999 -0.2467
vn -0.8881 -0.3875 -0.2473
vn 0.0519 0.1084 0.9928
vn 0.0378 -0.9992 -0.0159
vn -0.1298 0.9864 -0.1010
vn -0.3117 0.9437 -0.1102
vn -0.1489 0.9796 -0.1351
vn -0.7147 -0.3811 0.5864
vn -0.4459 -0.8232 -0.3514
vn -0.3946 -0.7147 0.5775
vn -0.2441 -0.4596 0.8539
vn -0.0491 -0.3786 0.9242
vn 0.1298 -0.9864 0.1010
vn -0.1830 -0.9733 0.1383
vn -0.3980 0.8178 0.4156
vn 0.0568 0.4762 0.8775
vn -0.1850 -0.9723 0.1427
vn -0.0174 0.8830 0.4691
vn -0.3025 0.9179 -0.2566
vn 0.0269 0.4749 0.8796
vn 0.0410 0.4756 0.8787
vn 0.0436 -0.7745 0.6311
vn -0.0341 -0.9966 0.0753
vn 0.0753 -0.7724 0.6306
vn 0.0175 -0.9048 -0.4254
vn -0.0295 -0.9893 0.1432
vn 0.0546 -0.2966 0.9534
vn 0.0081 -0.7740 0.6331
vn -0.2390 -0.9704 -0.0362
vn -0.2005 -0.9393 0.2783
vn 0.1368 -0.7725 0.6201
vn 0.0699 -0.2958 0.9527
vn -0.3972 -0.8685 0.2967
vn -0.2415 0.9659 0.0933
vn -0.0014 0.7815 -0.6239
vn -0.1042 0.9266 0.3613
vn -0.0928 -0.9893 0.1129
vn -0.6243 -0.7724 0.1170
vn 0.4334 -0.8980 0.0755
vn -0.7492 -0.3071 0.5869
vn -0.4831 -0.8094 -0.3338
vn -0.4249 -0.6847 0.5922
vn -0.1582 -0.8429 0.5143
vn -0.0200 -0.9063 -0.4222
vn -0.3109 0.9487 -0.0580
vn -0.1442 0.9878 -0.0595
vn -0.6644 0.7459 -0.0468
vn -0.7294 0.6354 -0.2535
vn -0.5645 0.8232 -0.0605
vn -0.1415 0.9879 -0.0637
vn -0.4785 0.8690 0.1260
vn -0.3071 0.9496 -0.0631
vn -0.0343 0.7805 -0.6243
vn -0.6732 0.7269 -0.1359
vn -0.1868 -0.9778 0.0952
vn -0.4284 -0.9023 -0.0478
vn -0.5148 0.8215 -0.2454
vn -0.2063 -0.9358 0.2858
vn -0.0343 -0.9964 0.0778
vn -0.0300 -0.9887 0.1471
vn -0.4144 -0.8556 0.3103
vn -0.1379 0.7701 -0.6228
vn -0.0692 0.3306 -0.9412
vn -0.0716 0.7801 -0.6215
vn -0.1662 -0.8412 0.5146
vn -0.2320 -0.9720 -0.0381
vn -0.3167 0.9417 -0.1132
vn -0.1537 0.9785 -0.1372
vn -0.7472 -0.3289 0.5775
vn -0.4702 -0.7977 -0.3776
vn -0.4207 -0.6940 0.5843
vn -0.4334 0.8980 -0.0755
vn -0.2513 0.9625 0.1025
vn -0.1659 0.8317 -0.5299
vn -0.1084 0.9256 0.3626
vn -0.4982 0.8552 0.1434
vn -0.2805 0.9232 -0.2626
vn -0.1892 -0.9776 0.0919
vn -0.4481 -0.8927 -0.0485
vn -0.0518 -0.1085 -0.9927
vn -0.0455 0.1031 0.9936
vn -0.5420 0.8048 -0.2420
vn -0.2430 0.3552 -0.9026
vn -0.3882 0.7180 -0.5778
vn -0.2413 -0.4689 0.8497
vn -0.3250 0.3497 0.8787
vn -0.2555 0.6198 0.7420
vn -0.4330 0.7902 0.4337
vn -0.8730 0.2539 -0.4163
vn -0.7702 0.3421 0.5383
vn -0.0532 -0.9051 -0.4219
vn -0.5183 -0.4724 -0.7129
vn -0.0606 -0.5492 -0.8335
vn -0.4733 0.6933 -0.5434
vn -0.3739 0.4524 -0.8096
vn -0.4111 0.1742 -0.8948
vn -0.4232 0.8003 0.4248
vn -0.2649 0.6137 0.7437
vn -0.2514 -0.4667 0.8479
vn -0.2182 -0.9321 -0.2892
vn -0.2211 -0.9367 -0.2715
vn -0.4358 -0.4714 -0.7667
vn -0.3779 -0.6680 -0.6410
vn 0.0375 -0.2973 0.9540
vn -0.4501 0.7211 -0.5267
vn -0.4040 0.4755 -0.7814
vn -0.4070 0.2416 -0.8809
vn -0.3265 -0.2604 0.9086
vn -0.7200 0.0330 0.6932
vn -0.6368 -0.1882 0.7477
vn 0.0518 0.1085 0.9927
vn -0.0781 0.8736 0.4803
vn -0.1937 0.0929 0.9767
vn -0.0056 0.1054 0.9944
vn -0.0715 0.1014 0.9923
vn -0.9601 -0.0246 0.2784
vn -0.8744 0.0022 0.4851
vn -0.9884 -0.0402 0.1468
vn -0.9134 -0.0937 -0.3961
vn -0.6230 -0.1174 -0.7734
vn -0.5667 -0.1187 -0.8153
vn -0.9969 -0.0499 0.0602
vn -0.1866 -0.1143 -0.9758
vn -0.3179 -0.1180 -0.9407
vn -0.1235 -0.1118 -0.9860
vn -0.4285 0.0716 0.9007
vn -0.8057 0.0174 0.5920
vn -0.4428 0.0700 0.8939
vn -0.2141 0.0913 0.9725
vn -0.0033 0.1055 0.9944
vn -0.0818 0.1008 0.9915
vn -0.9644 -0.0265 0.2630
vn -0.8895 -0.0017 0.4569
vn -0.9901 -0.0417 0.1338
vn -0.4416 -0.4095 -0.7983
vn -0.3544 -0.6423 -0.6796
vn -0.9865 -0.0714 -0.1476
vn -0.9338 -0.0896 -0.3464
vn -0.8969 -0.0965 -0.4316
vn -0.6021 -0.1180 -0.7896
vn -0.5504 -0.1189 -0.8264
vn -0.9970 -0.0500 0.0594
vn -0.1820 -0.1141 -0.9767
vn -0.3090 -0.1178 -0.9437
vn -0.1131 -0.1113 -0.9873
vn -0.4282 0.0716 0.9008
vn -0.8054 0.0175 0.5925
vn -0.4381 0.0705 0.8962
vn -0.2096 0.0917 0.9735
vn -0.0000 0.1057 0.9944
vn -0.0795 0.1009 0.9917
vn -0.9635 -0.0261 0.2663
vn -0.8864 -0.0008 0.4629
vn -0.9906 -0.0421 0.1303
vn 0.0842 -0.9022 -0.4229
vn -0.1090 -0.5810 -0.8066
vn -0.1326 -0.8876 -0.4411
vn -0.9854 -0.0721 -0.1544
vn -0.9289 -0.0906 -0.3592
vn -0.9288 -0.0906 -0.3592
vn -0.2324 -0.1158 -0.9657
vn -0.4053 -0.1192 -0.9064
vn -0.1342 -0.1122 -0.9846
vn -0.0337 0.3321 -0.9426
vn -0.4908 0.7084 -0.5072
vn -0.5860 -0.1183 -0.8016
vn -0.1430 -0.1126 -0.9833
vn -0.1011 -0.1108 -0.9887
vn -0.0975 -0.1107 -0.9891
vn -0.9231 0.3078 -0.2304
vn -0.9650 -0.0810 -0.2494
vn -0.9236 0.2232 -0.3118
vn -0.8193 0.2495 -0.5162
vn -0.7683 0.3645 0.5262
vn -0.8065 0.3192 -0.4976
vn -0.7381 0.4247 0.5243
vn -0.3736 -0.8985 -0.2306
vn 0.0141 -0.5455 -0.8380
vn -0.0226 -0.5477 -0.8364
vn -0.0133 0.1050 0.9944
vn -0.5180 0.3261 0.7908
vn -0.2942 0.4058 0.8653
vn -0.5616 -0.1188 -0.8188
vn -0.5233 -0.2211 0.8230
vn -0.4841 0.0654 0.8726
vn -0.5553 0.2907 0.7792
vn -0.3238 0.3720 0.8699
vn -0.5601 -0.1923 0.8058
vn -0.4787 0.0660 0.8755
vn -0.5515 0.2739 0.7879
vn -0.9932 -0.0663 -0.0961
vn -0.9655 -0.0808 -0.2474
vn -0.5808 -0.8137 0.0251
vn -0.5548 -0.1737 0.8136
vn -0.7390 -0.3733 -0.5608
vn -0.0430 -0.5486 -0.8350
vn -0.2805 -0.6067 -0.7438
vn -0.4126 0.3881 -0.8241
vn -0.0504 0.3315 -0.9421
vn -0.7471 0.1555 -0.6463
vn -0.9899 -0.0415 0.1357
vn -0.6311 -0.3525 -0.6910
vn -0.3576 -0.2287 0.9054
vn -0.6285 0.1189 -0.7687
vn -0.9894 -0.0410 0.1396
vn -0.6335 -0.4013 -0.6615
vn -0.6335 0.1723 -0.7544
vn -0.9874 -0.0394 0.1535
vn -0.9371 0.3240 0.1300
vn 0.0607 -0.1226 0.9906
vn -0.6138 0.0491 0.7879
vn -0.9742 -0.0312 0.2236
vn -0.1066 -0.1111 -0.9881
vn -0.9978 -0.0595 -0.0298
vn -0.9981 -0.0584 -0.0194
vn -0.9983 -0.0574 -0.0093
vn -0.9982 -0.0578 -0.0137
vn -0.9655 -0.0808 -0.2473
vn -0.0066 0.1053 0.9944
vn -0.1250 -0.1119 -0.9858
vn -0.0109 0.1051 0.9944
vn -0.1057 -0.1110 -0.9882
vn -0.7906 -0.1087 -0.6026
vn -0.9979 -0.0590 -0.0253
vn -0.2095 0.0917 0.9735
vn -0.9975 -0.0602 -0.0362
vn -0.8895 -0.0017 0.4570
vn -0.1151 -0.1114 -0.9871
vn -0.8745 0.0022 0.4851
vn -0.0530 0.1026 0.9933
vn -0.9875 -0.0396 0.1523
vn 0.2769 -0.4672 0.8397
vn -0.1981 -0.9550 0.2209
vn -0.7714 0.3677 0.5193
vn -0.1722 0.6626 0.7290
vn 0.2272 0.9735 0.0249
vn 0.7745 -0.2022 0.5994
vn 0.4526 0.2843 0.8452
vn -0.9209 -0.3803 0.0853
vn -0.7794 -0.4946 -0.3846
vn 0.1004 -0.2942 0.9505
vn -0.8453 -0.4272 -0.3210
vn -0.1019 0.3288 -0.9389
vn -0.7961 -0.4363 -0.4193
vn -0.1937 0.0929 0.9766
vn -0.4939 0.2472 -0.8336
vn -0.5645 0.7393 -0.3670
vn -0.3545 -0.2053 0.9122
vn -0.6402 -0.7600 -0.1117
vt 0.281938 0.490803
vt 0.298587 0.462923
vt 0.297124 0.490080
vt 0.297113 0.518800
vt 0.281927 0.519068
vt 0.266183 0.519474
vt 0.266194 0.490925
vt 0.267648 0.463930
vt 0.283377 0.464076
vt 0.380589 0.548494
vt 0.362972 0.576358
vt 0.364876 0.546769
vt 0.286195 0.440794
vt 0.270494 0.440414
vt 0.398218 0.576894
vt 0.380589 0.569930
vt 0.383875 0.471411
vt 0.368154 0.495249
vt 0.368157 0.470836
vt 0.372254 0.456040
vt 0.383900 0.451889
vt 0.395569 0.456047
vt 0.399633 0.470845
vt 0.399629 0.495258
vt 0.383869 0.495257
vt 0.383876 0.517674
vt 0.372255 0.531760
vt 0.368158 0.518306
vt 0.399634 0.518315
vt 0.395570 0.531767
vt 0.383901 0.535263
vt 0.549715 0.486412
vt 0.533240 0.510620
vt 0.533962 0.487616
vt 0.532882 0.457157
vt 0.550317 0.464091
vt 0.568127 0.457705
vt 0.565437 0.487753
vt 0.564719 0.510620
vt 0.549005 0.509052
vt 0.347004 0.551055
vt 0.362575 0.523071
vt 0.362712 0.551518
vt 0.362972 0.577855
vt 0.347260 0.576975
vt 0.331507 0.577583
vt 0.331249 0.551403
vt 0.331113 0.523124
vt 0.346870 0.523058
vt 0.346871 0.494852
vt 0.362710 0.467465
vt 0.362576 0.494411
vt 0.331114 0.494634
vt 0.331247 0.467848
vt 0.347002 0.468332
vt 0.202733 0.659542
vt 0.218085 0.631412
vt 0.218443 0.661098
vt 0.347260 0.445397
vt 0.331507 0.444682
vt 0.186626 0.631016
vt 0.202380 0.630325
vt 0.202161 0.596398
vt 0.217784 0.560148
vt 0.217861 0.596938
vt 0.186404 0.596747
vt 0.186327 0.560176
vt 0.202084 0.560190
vt 0.202161 0.524133
vt 0.218085 0.489476
vt 0.217861 0.523511
vt 0.186404 0.523756
vt 0.186626 0.489923
vt 0.202380 0.490637
vt 0.202733 0.462112
vt 0.218907 0.438331
vt 0.218443 0.460492
vt 0.186982 0.461111
vt 0.187444 0.439082
vt 0.203190 0.440302
vt 0.283396 0.546966
vt 0.298605 0.547147
vt 0.301450 0.573235
vt 0.286195 0.572641
vt 0.270494 0.573587
vt 0.267666 0.547653
vt 0.260374 0.490350
vt 0.260363 0.519752
vt 0.149047 0.361371
vt 0.178494 0.375718
vt 0.147855 0.373605
vt 0.118223 0.361147
vt 0.121763 0.349900
vt 0.401632 0.544626
vt 0.396342 0.547604
vt 0.264803 0.438331
vt 0.261872 0.462549
vt 0.097330 0.329367
vt 0.091689 0.338849
vt 0.069925 0.308533
vt 0.077291 0.301453
vt 0.063185 0.267836
vt 0.062192 0.230305
vt 0.069001 0.265189
vt 0.080615 0.298835
vt 0.054605 0.272023
vt 0.046540 0.231972
vt 0.055758 0.230958
vt 0.055758 0.193263
vt 0.066741 0.159910
vt 0.061957 0.194809
vt 0.046540 0.191034
vt 0.054335 0.151981
vt 0.062936 0.157303
vt 0.077042 0.125630
vt 0.098882 0.104074
vt 0.079600 0.128744
vt 0.069655 0.117583
vt 0.091221 0.089991
vt 0.096900 0.100224
vt 0.325948 0.552350
vt 0.326215 0.579312
vt 0.121332 0.083061
vt 0.117756 0.071351
vt 0.147315 0.062614
vt 0.148550 0.075015
vt 0.325810 0.493887
vt 0.325809 0.523227
vt 0.176762 0.076961
vt 0.177954 0.064726
vt 0.207585 0.077184
vt 0.204046 0.088432
vt 0.181690 0.663459
vt 0.186982 0.660526
vt 0.326215 0.442443
vt 0.325947 0.466301
vt 0.228478 0.108964
vt 0.234120 0.099483
vt 0.255884 0.129799
vt 0.248518 0.136878
vt 0.181095 0.597776
vt 0.181323 0.633067
vt 0.262624 0.170496
vt 0.271204 0.166308
vt 0.279269 0.206359
vt 0.270050 0.207373
vt 0.181095 0.522606
vt 0.181015 0.560113
vt 0.270050 0.245069
vt 0.279269 0.247297
vt 0.271474 0.286351
vt 0.262873 0.281028
vt 0.268946 0.597943
vt 0.274518 0.595399
vt 0.181690 0.458090
vt 0.181323 0.487763
vt 0.248767 0.312701
vt 0.256154 0.320748
vt 0.234588 0.348340
vt 0.228909 0.338107
vt 0.261891 0.548772
vt 0.264803 0.575480
vt 0.204476 0.355270
vt 0.208053 0.366980
vt 0.177259 0.363316
vt 0.238713 0.517852
vt 0.254674 0.475516
vt 0.254463 0.517982
vt 0.254462 0.563151
vt 0.238712 0.563206
vt 0.223003 0.563198
vt 0.223005 0.518258
vt 0.223215 0.476006
vt 0.238925 0.475210
vt 0.070897 0.790857
vt 0.086078 0.743422
vt 0.086643 0.790208
vt 0.239339 0.438331
vt 0.223625 0.439464
vt 0.054624 0.742886
vt 0.070331 0.743878
vt 0.069977 0.689324
vt 0.085604 0.631112
vt 0.085727 0.689093
vt 0.054274 0.688831
vt 0.054152 0.631144
vt 0.069854 0.631105
vt 0.069977 0.573127
vt 0.086078 0.519734
vt 0.085727 0.573373
vt 0.054274 0.573696
vt 0.054624 0.520328
vt 0.070331 0.519267
vt 0.070897 0.473400
vt 0.087375 0.439130
vt 0.086643 0.474055
vt 0.055185 0.474881
vt 0.055914 0.440132
vt 0.071633 0.438331
vt 0.150973 0.608857
vt 0.165452 0.564007
vt 0.166643 0.608732
vt 0.170058 0.649960
vt 0.154402 0.650255
vt 0.139143 0.649307
vt 0.135745 0.608288
vt 0.134560 0.563788
vt 0.149777 0.563947
vt 0.150973 0.518516
vt 0.170058 0.476046
vt 0.166643 0.518762
vt 0.135745 0.518772
vt 0.139143 0.476272
vt 0.154402 0.475623
vt 0.113557 0.792224
vt 0.128952 0.745797
vt 0.129300 0.791548
vt 0.159904 0.438331
vt 0.144594 0.439320
vt 0.097484 0.745249
vt 0.113208 0.746284
vt 0.112963 0.692378
vt 0.128580 0.634354
vt 0.128708 0.692111
vt 0.097241 0.691835
vt 0.097114 0.634370
vt 0.112834 0.634382
vt 0.112835 0.576175
vt 0.128707 0.522098
vt 0.128581 0.576386
vt 0.097115 0.576695
vt 0.097240 0.522681
vt 0.112962 0.521663
vt 0.113209 0.474753
vt 0.129300 0.439108
vt 0.128953 0.475380
vt 0.097485 0.476200
vt 0.097830 0.440111
vt 0.113557 0.438331
vt 0.238928 0.608224
vt 0.254677 0.607984
vt 0.255086 0.649489
vt 0.239339 0.649901
vt 0.223625 0.649100
vt 0.223217 0.607804
vt 0.423470 0.017884
vt 0.384332 0.038634
vt 0.421756 0.012320
vt 0.463445 0.000000
vt 0.464006 0.005905
vt 0.465238 0.018304
vt 0.427039 0.029593
vt 0.392749 0.053704
vt 0.387082 0.043470
vt 0.357507 0.081360
vt 0.332308 0.126192
vt 0.353915 0.077603
vt 0.364879 0.089410
vt 0.345081 0.133931
vt 0.336498 0.128605
vt 0.049123 0.687333
vt 0.049463 0.739891
vt 0.325809 0.182253
vt 0.335008 0.184487
vt 0.335008 0.237490
vt 0.325809 0.238498
vt 0.049123 0.575384
vt 0.049004 0.631242
vt 0.336869 0.293530
vt 0.345430 0.289349
vt 0.365228 0.336631
vt 0.357878 0.343704
vt 0.387724 0.385373
vt 0.422416 0.421801
vt 0.384992 0.390270
vt 0.354296 0.347414
vt 0.393353 0.375898
vt 0.427644 0.404790
vt 0.424112 0.416032
vt 0.464747 0.433174
vt 0.507421 0.442443
vt 0.464207 0.439431
vt 0.465937 0.420944
vt 0.505532 0.423704
vt 0.506765 0.436103
vt 0.547300 0.424124
vt 0.586534 0.403809
vt 0.549110 0.430123
vt 0.543731 0.412415
vt 0.578022 0.388304
vt 0.583688 0.398539
vt 0.613263 0.360648
vt 0.638558 0.316251
vt 0.616951 0.364841
vt 0.605892 0.352598
vt 0.625689 0.308077
vt 0.634272 0.313404
vt 0.092043 0.690167
vt 0.092279 0.742102
vt 0.644962 0.259755
vt 0.635763 0.257521
vt 0.635763 0.204519
vt 0.644962 0.203510
vt 0.091920 0.578213
vt 0.091919 0.634291
vt 0.633902 0.148478
vt 0.625340 0.152659
vt 0.605543 0.105378
vt 0.612893 0.098304
vt 0.583047 0.056635
vt 0.548450 0.020642
vt 0.585874 0.052174
vt 0.616570 0.095029
vt 0.577417 0.066110
vt 0.543126 0.037218
vt 0.546658 0.025976
vt 0.506024 0.008834
vt 0.506659 0.003013
vt 0.504834 0.021065
vt 0.394799 0.198288
vt 0.384036 0.232059
vt 0.383825 0.196162
vt 0.388847 0.160975
vt 0.395904 0.173905
vt 0.405602 0.178592
vt 0.405950 0.200352
vt 0.407550 0.229115
vt 0.395642 0.230620
vt 0.380484 0.582049
vt 0.396182 0.590266
vt 0.316472 0.584661
vt 0.308738 0.601379
vt 0.307995 0.584760
vt 0.308738 0.568356
vt 0.317800 0.568268
vt 0.078741 0.261013
vt 0.073209 0.229259
vt 0.085155 0.228144
vt 0.089246 0.256577
vt 0.093250 0.278525
vt 0.084683 0.285207
vt 0.400991 0.262012
vt 0.402697 0.300717
vt 0.390842 0.267122
vt 0.411292 0.256799
vt 0.414951 0.277374
vt 0.406741 0.285422
vt 0.072270 0.197444
vt 0.073357 0.173962
vt 0.082972 0.180039
vt 0.083374 0.200299
vt 0.550570 0.450725
vt 0.535013 0.442443
vt 0.302317 0.548753
vt 0.310639 0.534829
vt 0.310940 0.550014
vt 0.310639 0.567424
vt 0.301450 0.566330
vt 0.032360 0.076955
vt 0.067573 0.047377
vt 0.038893 0.084072
vt 0.018519 0.129817
vt 0.010913 0.125110
vt 0.091919 0.476039
vt 0.181015 0.683155
vt 0.175604 0.648834
vt 0.099698 0.012233
vt 0.142172 0.010968
vt 0.102862 0.022589
vt 0.062551 0.038327
vt 0.172231 0.608116
vt 0.171055 0.563944
vt 0.183973 0.002958
vt 0.222325 0.030346
vt 0.182919 0.013778
vt 0.141080 0.000000
vt 0.172231 0.519259
vt 0.175604 0.477071
vt 0.262603 0.051615
vt 0.286557 0.100317
vt 0.257613 0.060000
vt 0.225456 0.020398
vt 0.181015 0.440392
vt 0.175537 0.438907
vt 0.134560 0.789560
vt 0.134216 0.744375
vt 0.314518 0.145168
vt 0.317656 0.202134
vt 0.306931 0.148871
vt 0.293071 0.094056
vt 0.133975 0.691354
vt 0.133849 0.634311
vt 0.325809 0.258548
vt 0.307290 0.308515
vt 0.317656 0.256577
vt 0.325809 0.201237
vt 0.133850 0.577060
vt 0.133974 0.523444
vt 0.293449 0.361376
vt 0.258235 0.390954
vt 0.286916 0.354259
vt 0.314896 0.313222
vt 0.134218 0.477304
vt 0.134560 0.441481
vt 0.226110 0.426099
vt 0.183637 0.427363
vt 0.222947 0.415743
vt 0.263258 0.400004
vt 0.259958 0.607357
vt 0.259746 0.563079
vt 0.141836 0.435374
vt 0.103483 0.407986
vt 0.142890 0.424554
vt 0.184729 0.438331
vt 0.259747 0.518469
vt 0.259956 0.476528
vt 0.063206 0.386716
vt 0.039252 0.338014
vt 0.068195 0.378331
vt 0.100353 0.417933
vt 0.260363 0.440255
vt 0.255086 0.438788
vt 0.091919 0.788280
vt 0.091362 0.742073
vt 0.011291 0.293163
vt 0.008152 0.236197
vt 0.018878 0.289460
vt 0.032737 0.344275
vt 0.091014 0.688416
vt 0.090893 0.631153
vt 0.000000 0.179783
vt 0.008153 0.181754
vt 0.000000 0.237094
vt 0.091014 0.574128
vt 0.091361 0.521152
vt 0.110240 0.046744
vt 0.079288 0.068487
vt 0.144719 0.036552
vt 0.180460 0.039016
vt 0.215024 0.053548
vt 0.245975 0.079559
vt 0.271362 0.114922
vt 0.289232 0.157509
vt 0.298640 0.204227
vt 0.298640 0.251980
vt 0.289547 0.297535
vt 0.271677 0.337659
vt 0.246521 0.369844
vt 0.215569 0.391587
vt 0.181089 0.401779
vt 0.145349 0.399315
vt 0.110785 0.384783
vt 0.079833 0.358772
vt 0.054446 0.323410
vt 0.036576 0.280822
vt 0.027169 0.234104
vt 0.027169 0.186351
vt 0.036261 0.140796
vt 0.054131 0.100673
vt 0.402830 0.359948
vt 0.377601 0.324724
vt 0.390088 0.312708
vt 0.412395 0.343851
vt 0.439591 0.366765
vt 0.433590 0.385865
vt 0.467939 0.400355
vt 0.469961 0.379577
vt 0.501364 0.381766
vt 0.503458 0.402831
vt 0.537723 0.392705
vt 0.531660 0.372813
vt 0.558856 0.353691
vt 0.568483 0.371077
vt 0.593483 0.339048
vt 0.580959 0.325372
vt 0.596661 0.290062
vt 0.611242 0.299111
vt 0.620278 0.253761
vt 0.604650 0.249966
vt 0.604650 0.207929
vt 0.620278 0.206216
vt 0.610929 0.159697
vt 0.596384 0.166799
vt 0.580683 0.129300
vt 0.593170 0.117284
vt 0.567940 0.082060
vt 0.558376 0.098157
vt 0.531180 0.075243
vt 0.537181 0.056143
vt 0.502831 0.041653
vt 0.500810 0.062431
vt 0.469407 0.060242
vt 0.467313 0.039177
vt 0.433047 0.049303
vt 0.439111 0.069195
vt 0.411915 0.088317
vt 0.402288 0.070931
vt 0.377288 0.102960
vt 0.389811 0.116636
vt 0.374109 0.151946
vt 0.359529 0.142897
vt 0.350492 0.188247
vt 0.366120 0.192042
vt 0.366120 0.234079
vt 0.350492 0.235792
vt 0.359842 0.282312
vt 0.374386 0.275209
vt 0.418287 0.333934
vt 0.397781 0.305305
vt 0.421377 0.329032
vt 0.445244 0.349141
vt 0.443287 0.354999
vt 0.471206 0.366776
vt 0.471896 0.360384
vt 0.499456 0.362305
vt 0.500074 0.368788
vt 0.527924 0.360558
vt 0.526043 0.354448
vt 0.549910 0.337667
vt 0.552925 0.342979
vt 0.573244 0.316947
vt 0.569308 0.312814
vt 0.583088 0.281827
vt 0.587678 0.284487
vt 0.595022 0.247628
vt 0.590099 0.246638
vt 0.223003 0.598579
vt 0.222922 0.560041
vt 0.587424 0.171175
vt 0.595022 0.208985
vt 0.223003 0.521664
vt 0.569065 0.140743
vt 0.572989 0.136703
vt 0.552484 0.108074
vt 0.549489 0.113412
vt 0.525622 0.093303
vt 0.527483 0.087010
vt 0.499565 0.075232
vt 0.498970 0.082059
vt 0.471410 0.080138
vt 0.470697 0.073220
vt 0.442847 0.081450
vt 0.444823 0.087995
vt 0.420956 0.104777
vt 0.417846 0.099029
vt 0.397526 0.125061
vt 0.401558 0.129629
vt 0.383092 0.157521
vt 0.375748 0.194380
vt 0.375748 0.233023
vt 0.383347 0.270833
vt 0.091946 0.202503
vt 0.090395 0.184730
vt 0.404939 0.520226
vt 0.100344 0.227134
vt 0.094379 0.227283
vt 0.097356 0.253153
vt 0.102610 0.251366
vt 0.404939 0.469135
vt 0.399690 0.449119
vt 0.301450 0.584836
vt 0.301742 0.601446
vt 0.383951 0.442443
vt 0.368214 0.449110
vt 0.414560 0.201945
vt 0.413089 0.182211
vt 0.362972 0.469122
vt 0.422667 0.227428
vt 0.416743 0.227953
vt 0.419245 0.252773
vt 0.424376 0.250418
vt 0.362972 0.520213
vt 0.368214 0.538520
vt 0.317597 0.550988
vt 0.317734 0.535674
vt 0.383951 0.544626
vt 0.399690 0.538529
vt 0.416789 0.493390
vt 0.418712 0.482016
vt 0.422404 0.487499
vt 0.428386 0.491280
vt 0.425187 0.499380
vt 0.422570 0.505616
vt 0.412073 0.498130
vt 0.404939 0.488822
vt 0.411082 0.485944
vt 0.435161 0.501376
vt 0.435163 0.493045
vt 0.441941 0.491280
vt 0.445137 0.499380
vt 0.927186 0.000013
vt 0.939426 0.007337
vt 0.926849 0.007345
vt 0.914519 0.007330
vt 0.917322 0.000000
vt 0.453536 0.493390
vt 0.447923 0.487499
vt 0.451528 0.481222
vt 0.459246 0.484578
vt 0.465144 0.487114
vt 0.458007 0.498130
vt 0.447507 0.505616
vt 0.461151 0.474111
vt 0.453211 0.474111
vt 0.451530 0.466999
vt 0.459250 0.463644
vt 0.976123 0.784666
vt 0.964551 0.777150
vt 0.977245 0.777143
vt 0.989118 0.777303
vt 0.985621 0.784794
vt 0.453544 0.454831
vt 0.447928 0.460722
vt 0.441947 0.456941
vt 0.445146 0.448841
vt 0.447519 0.442443
vt 0.458016 0.449930
vt 0.956708 0.784820
vt 0.965968 0.784671
vt 0.435171 0.446845
vt 0.435170 0.455176
vt 0.428392 0.456941
vt 0.425196 0.448841
vt 0.669246 0.000016
vt 0.681318 0.007345
vt 0.668690 0.007353
vt 0.656469 0.007333
vt 0.659469 0.000000
vt 0.416796 0.454831
vt 0.422409 0.460722
vt 0.418715 0.466145
vt 0.411087 0.462187
vt 0.404945 0.459125
vt 0.412082 0.449930
vt 0.422581 0.442443
vt 0.404939 0.545325
vt 0.415325 0.567346
vt 0.406475 0.567184
vt 0.902794 0.029196
vt 0.913584 0.029238
vt 0.404939 0.511403
vt 0.414379 0.545498
vt 0.977619 0.721270
vt 0.990283 0.755352
vt 0.977619 0.755181
vt 0.926737 0.029255
vt 0.940152 0.029245
vt 0.951732 0.063139
vt 0.951732 0.029209
vt 0.926736 0.063185
vt 0.940152 0.063176
vt 0.950283 0.007303
vt 1.000000 0.755688
vt 0.902794 0.063126
vt 0.913584 0.063168
vt 1.000000 0.721777
vt 0.990283 0.721441
vt 0.964079 0.755188
vt 0.693786 0.063147
vt 0.681975 0.029255
vt 0.693786 0.029217
vt 0.964079 0.721277
vt 0.951732 0.755386
vt 0.952976 0.777335
vt 0.644962 0.029193
vt 0.655469 0.029242
vt 0.644962 0.063123
vt 0.655469 0.063172
vt 0.668504 0.029263
vt 0.668504 0.063193
vt 0.681975 0.063185
vt 0.692391 0.007309
vt 0.453943 0.545329
vt 0.443631 0.567348
vt 0.444572 0.545501
vt 0.429475 0.545500
vt 0.444572 0.511578
vt 0.453943 0.511406
vt 0.404939 0.505616
vt 0.414696 0.507464
vt 0.404939 0.507590
vt 0.902794 0.068914
vt 0.913584 0.066982
vt 0.913584 0.068956
vt 0.894855 0.092099
vt 0.894855 0.068871
vt 0.926736 0.068973
vt 0.926736 0.066998
vt 0.940152 0.066989
vt 0.940152 0.068963
vt 0.890253 0.092083
vt 0.890253 0.068855
vt 0.926736 0.092200
vt 0.951732 0.068927
vt 0.951732 0.066953
vt 1.000000 0.715992
vt 0.990283 0.717630
vt 0.990283 0.715657
vt 0.833974 0.068820
vt 0.832785 0.092048
vt 0.832785 0.068820
vt 1.000000 0.692778
vt 0.977619 0.715486
vt 0.977619 0.717459
vt 0.964079 0.717466
vt 0.964079 0.715493
vt 0.977619 0.692271
vt 0.951732 0.715691
vt 0.951732 0.717664
vt 0.644962 0.068910
vt 0.655469 0.066985
vt 0.655468 0.068960
vt 0.496422 0.447535
vt 0.491989 0.474940
vt 0.494580 0.447587
vt 0.644962 0.092138
vt 0.668504 0.068981
vt 0.668504 0.067007
vt 0.681975 0.066998
vt 0.681975 0.068973
vt 0.668504 0.092208
vt 0.693786 0.068935
vt 0.693786 0.066960
vt 0.703571 0.067241
vt 0.702749 0.068896
vt 0.707677 0.068885
vt 0.702749 0.092123
vt 0.693786 0.092162
vt 0.049004 0.441543
vt 0.039248 0.439642
vt 0.049004 0.439896
vt 0.902794 0.226665
vt 0.913584 0.225059
vt 0.913584 0.226707
vt 0.047776 0.872527
vt 0.038618 0.980111
vt 0.038807 0.872363
vt 0.950572 0.657723
vt 0.939426 0.765518
vt 0.939571 0.657757
vt 0.926736 0.226724
vt 0.926736 0.225076
vt 0.940152 0.225067
vt 0.940152 0.226714
vt 0.024467 0.549117
vt 0.009372 0.441368
vt 0.024468 0.441369
vt 0.926849 0.765527
vt 0.926826 0.657767
vt 0.951732 0.226678
vt 0.951732 0.225030
vt 1.000000 0.558330
vt 0.990283 0.559641
vt 0.990283 0.557994
vt 0.668653 0.657772
vt 0.656469 0.765512
vt 0.656269 0.657752
vt 0.989351 0.127238
vt 0.998227 0.019864
vt 0.998582 0.127557
vt 0.977619 0.557823
vt 0.977619 0.559470
vt 0.964079 0.559477
vt 0.964079 0.557831
vt 0.692670 0.657728
vt 0.681319 0.765525
vt 0.681450 0.657764
vt 0.964457 0.127082
vt 0.977245 0.019389
vt 0.977320 0.127076
vt 0.951732 0.558029
vt 0.951732 0.559676
vt 0.644962 0.226661
vt 0.655469 0.225063
vt 0.655469 0.226710
vt 0.989118 0.019549
vt 0.646619 0.765466
vt 0.646288 0.657705
vt 0.668504 0.226731
vt 0.668504 0.225084
vt 0.681975 0.225076
vt 0.681975 0.226723
vt 0.951732 0.721475
vt 0.668690 0.765532
vt 0.693786 0.226685
vt 0.693786 0.225038
vt 0.000000 0.441540
vt 0.009591 0.439640
vt 0.914518 0.765512
vt 0.914331 0.657751
vt 0.010125 0.872361
vt 0.001527 0.980270
vt 0.001222 0.872524
vt 0.042860 1.000000
vt 0.047468 0.980273
vt 0.909229 0.785077
vt 0.917322 0.785109
vt 0.543494 0.585448
vt 0.531898 0.583332
vt 0.537880 0.579555
vt 0.541573 0.574074
vt 0.549201 0.578005
vt 0.927186 0.785121
vt 0.937248 0.785114
vt 0.525121 0.593424
vt 0.518344 0.583326
vt 0.525121 0.585094
vt 0.535095 0.591432
vt 0.945933 0.785087
vt 0.950282 0.765484
vt 0.992908 0.000380
vt 0.985621 0.000128
vt 0.506748 0.585431
vt 0.508759 0.573266
vt 0.512362 0.579544
vt 0.515146 0.591423
vt 0.976123 0.000000
vt 0.964551 0.019395
vt 0.965968 0.000005
vt 0.499138 0.566151
vt 0.508759 0.559045
vt 0.507077 0.566155
vt 0.501040 0.576617
vt 0.956708 0.000154
vt 0.952976 0.019581
vt 0.651590 0.785070
vt 0.659470 0.785107
vt 0.506748 0.546878
vt 0.518344 0.548993
vt 0.512362 0.552771
vt 0.501041 0.555687
vt 0.669247 0.785122
vt 0.679350 0.785116
vt 0.525121 0.538902
vt 0.531898 0.548999
vt 0.525121 0.547231
vt 0.515147 0.540893
vt 0.688208 0.785088
vt 0.692392 0.765489
vt 0.006107 0.999998
vt 0.010313 0.980109
vt 0.013136 0.999869
vt 0.543494 0.546894
vt 0.541573 0.558206
vt 0.537880 0.552782
vt 0.535095 0.540902
vt 0.426999 0.482679
vt 0.425545 0.478120
vt 0.435144 0.474110
vt 0.431329 0.483827
vt 0.435164 0.486229
vt 0.439000 0.483827
vt 0.443331 0.482679
vt 0.444425 0.478135
vt 0.446715 0.474111
vt 0.444426 0.470086
vt 0.443334 0.465542
vt 0.439003 0.464395
vt 0.435169 0.461993
vt 0.431333 0.464395
vt 0.427002 0.465542
vt 0.525144 0.566162
vt 0.411085 0.474066
vt 0.418714 0.474081
vt 0.528956 0.575879
vt 0.525121 0.578279
vt 0.521286 0.575876
vt 0.516955 0.574727
vt 0.515862 0.570183
vt 0.513573 0.566158
vt 0.515862 0.562135
vt 0.516955 0.557592
vt 0.521286 0.556447
vt 0.525121 0.554047
vt 0.528956 0.556450
vt 0.541573 0.566140
vt 0.864499 0.158726
vt 0.835600 0.163489
vt 0.835600 0.158716
vt 0.497121 0.443166
vt 0.499138 0.442443
vt 0.324206 0.505551
vt 0.302051 0.503617
vt 0.324184 0.503615
vt 0.890253 0.096389
vt 0.864499 0.092058
vt 0.890253 0.163524
vt 0.890253 0.158751
vt 0.467735 0.448567
vt 0.467483 0.444232
vt 0.469478 0.448490
vt 0.733253 0.163586
vt 0.762070 0.188499
vt 0.733253 0.188482
vt 0.499138 0.543532
vt 0.492748 0.508265
vt 0.494590 0.508213
vt 0.733253 0.096452
vt 0.762070 0.117587
vt 0.733253 0.117570
vt 0.835600 0.068820
vt 0.833974 0.092047
vt 0.494396 0.505267
vt 0.492554 0.505319
vt 0.492634 0.507024
vt 0.480003 0.505771
vt 0.763693 0.068936
vt 0.762070 0.092163
vt 0.762070 0.068935
vt 0.762070 0.223663
vt 0.733253 0.193210
vt 0.762070 0.193227
vt 0.465709 0.506298
vt 0.467533 0.507926
vt 0.465789 0.508003
vt 0.764882 0.068936
vt 0.763693 0.092163
vt 0.763864 0.193228
vt 0.465144 0.475919
vt 0.467452 0.506222
vt 0.763976 0.189882
vt 0.833803 0.193113
vt 0.832102 0.223549
vt 0.832102 0.193113
vt 0.707677 0.121682
vt 0.707677 0.117537
vt 0.707677 0.193178
vt 0.702749 0.188460
vt 0.707677 0.188450
vt 0.655469 0.193252
vt 0.644962 0.223638
vt 0.644962 0.193203
vt 0.693786 0.193227
vt 0.681975 0.188537
vt 0.693786 0.188499
vt 0.702749 0.193188
vt 0.681975 0.223701
vt 0.681975 0.193265
vt 0.668504 0.193273
vt 0.655469 0.188524
vt 0.668504 0.188545
vt 0.655469 0.223688
vt 0.951732 0.591468
vt 0.964079 0.595996
vt 0.951732 0.596194
vt 0.964079 0.560852
vt 0.964079 0.591270
vt 0.459678 0.605888
vt 0.461499 0.575440
vt 0.461499 0.605869
vt 0.977619 0.591263
vt 0.990283 0.596159
vt 0.977619 0.595988
vt 0.990283 0.561015
vt 0.990283 0.591434
vt 0.765565 0.193228
vt 0.763864 0.223664
vt 0.951732 0.193219
vt 0.940152 0.188528
vt 0.951732 0.188491
vt 1.000000 0.591770
vt 0.940152 0.223692
vt 0.940152 0.193256
vt 0.926736 0.223701
vt 0.926736 0.193265
vt 0.913584 0.188521
vt 0.926736 0.188537
vt 0.913584 0.223684
vt 0.913584 0.193249
vt 0.835600 0.117472
vt 0.864499 0.121627
vt 0.835600 0.121617
vt 0.902794 0.193206
vt 0.894855 0.188436
vt 0.902794 0.188478
vt 0.894855 0.223600
vt 0.894855 0.193164
vt 0.977619 0.560844
vt 0.890253 0.193148
vt 0.835600 0.193113
vt 0.833848 0.189767
vt 0.835600 0.188385
vt 0.864499 0.188395
vt 0.864499 0.163499
vt 0.833803 0.223548
vt 0.902794 0.223642
vt 0.762070 0.163603
vt 0.763927 0.162215
vt 0.707677 0.163554
vt 0.707677 0.096419
vt 0.693786 0.163603
vt 0.702749 0.163564
vt 0.668504 0.163649
vt 0.681975 0.163641
vt 0.644962 0.163579
vt 0.655469 0.163628
vt 0.977619 0.620870
vt 0.964079 0.620878
vt 0.951732 0.621076
vt 1.000000 0.621377
vt 0.990283 0.621041
vt 0.926736 0.163641
vt 0.940152 0.163632
vt 0.951732 0.163595
vt 0.902794 0.163582
vt 0.913584 0.163624
vt 0.894855 0.163540
vt 0.833896 0.162099
vt 0.763788 0.121732
vt 0.762070 0.158831
vt 0.762070 0.121731
vt 0.763927 0.118731
vt 0.504207 0.474926
vt 0.505252 0.505360
vt 0.503420 0.505298
vt 0.702749 0.117547
vt 0.765261 0.121732
vt 0.763788 0.158832
vt 0.693786 0.121731
vt 0.681975 0.117624
vt 0.693786 0.117586
vt 0.702749 0.121692
vt 0.681975 0.158869
vt 0.681975 0.121769
vt 0.990283 0.662890
vt 1.000000 0.626147
vt 1.000000 0.663226
vt 0.668504 0.121777
vt 0.655469 0.117611
vt 0.668504 0.117632
vt 0.655469 0.158856
vt 0.655469 0.121756
vt 0.733253 0.092146
vt 0.707677 0.092113
vt 0.951732 0.662924
vt 0.964079 0.666868
vt 0.951732 0.667067
vt 0.644962 0.121707
vt 0.964079 0.625647
vt 0.964079 0.662726
vt 0.835600 0.096354
vt 0.835600 0.092048
vt 0.977619 0.662719
vt 0.990283 0.667032
vt 0.977619 0.666861
vt 0.990283 0.625811
vt 0.551033 0.539424
vt 0.549202 0.576536
vt 0.549202 0.539444
vt 0.951732 0.121723
vt 0.940152 0.117615
vt 0.951732 0.117579
vt 0.940152 0.158859
vt 0.940152 0.121760
vt 0.702749 0.158792
vt 0.926736 0.121769
vt 0.913584 0.117608
vt 0.926736 0.117624
vt 0.913584 0.158852
vt 0.913584 0.121752
vt 0.693786 0.158830
vt 0.902794 0.121710
vt 0.894855 0.117523
vt 0.902794 0.117565
vt 0.894855 0.158768
vt 0.894855 0.121668
vt 0.833879 0.121616
vt 0.832406 0.158716
vt 0.832406 0.121616
vt 0.890253 0.121652
vt 0.833896 0.118615
vt 0.833879 0.158716
vt 0.762070 0.096468
vt 0.763866 0.095332
vt 0.693786 0.096468
vt 0.702749 0.096429
vt 0.668504 0.096514
vt 0.681975 0.096506
vt 0.644962 0.096444
vt 0.655469 0.096493
vt 0.977619 0.687968
vt 0.964079 0.687975
vt 0.951732 0.688173
vt 1.000000 0.688474
vt 0.990283 0.688139
vt 0.926736 0.096506
vt 0.940152 0.096497
vt 0.951732 0.096460
vt 0.902794 0.096447
vt 0.913584 0.096489
vt 0.894855 0.096405
vt 0.517797 0.505908
vt 0.506038 0.474988
vt 0.518584 0.475536
vt 0.482029 0.448039
vt 0.479438 0.475392
vt 0.833957 0.095217
vt 0.644962 0.158806
vt 0.503648 0.447617
vt 0.501816 0.447556
vt 0.765714 0.192564
vt 0.404950 0.577385
vt 0.431974 0.576445
vt 0.404939 0.579320
vt 0.432793 0.605867
vt 0.434561 0.575457
vt 0.434561 0.605886
vt 0.531782 0.510207
vt 0.526159 0.538330
vt 0.530029 0.510111
vt 0.324093 0.470973
vt 0.301450 0.466516
vt 0.324080 0.469046
vt 0.324093 0.470973
vt 0.301450 0.475433
vt 0.301462 0.473498
vt 0.765410 0.121009
vt 0.977619 0.625640
vt 0.788018 0.121729
vt 0.765261 0.158832
vt 0.493699 0.545594
vt 0.491953 0.581399
vt 0.491953 0.545760
vt 0.465903 0.509244
vt 0.467646 0.509168
vt 0.940152 0.092191
vt 0.465144 0.584246
vt 0.466966 0.548397
vt 0.466966 0.584036
vt 0.494477 0.506972
vt 0.470450 0.544564
vt 0.472194 0.544487
vt 0.429478 0.567347
vt 0.440808 0.574510
vt 0.429486 0.574509
vt 0.480083 0.507475
vt 0.864499 0.068830
vt 0.480197 0.508717
vt 0.484802 0.544850
vt 0.484745 0.544036
vt 0.324206 0.518727
vt 0.324759 0.530364
vt 0.324206 0.531904
vt 0.964079 0.692278
vt 0.952727 0.127271
vt 0.328858 0.594498
vt 0.326642 0.607608
vt 0.326642 0.594431
vt 0.351153 0.594489
vt 0.328858 0.608353
vt 0.479459 0.582718
vt 0.468404 0.584705
vt 0.798851 0.068933
vt 0.764882 0.092163
vt 0.353297 0.594380
vt 0.351153 0.580634
vt 0.353297 0.581203
vt 0.324726 0.486061
vt 0.324081 0.499260
vt 0.324081 0.486084
vt 0.563592 0.539425
vt 0.574686 0.538903
vt 0.576150 0.539426
vt 0.301464 0.438331
vt 0.324080 0.442698
vt 0.301450 0.440168
vt 0.302073 0.518729
vt 0.301450 0.530366
vt 0.301450 0.518653
vt 0.562406 0.607350
vt 0.574861 0.610076
vt 0.562302 0.610073
vt 0.562406 0.579690
vt 0.575611 0.607353
vt 0.324080 0.455872
vt 0.324725 0.467603
vt 0.562282 0.577043
vt 0.549202 0.579687
vt 0.549723 0.577040
vt 0.432576 0.589606
vt 0.431974 0.602797
vt 0.431974 0.589621
vt 0.447120 0.605887
vt 0.436023 0.606365
vt 0.532882 0.476181
vt 0.528738 0.448715
vt 0.530491 0.448810
vt 0.668504 0.223709
vt 0.563592 0.576517
vt 0.574686 0.577040
vt 0.563523 0.577039
vt 0.517680 0.507790
vt 0.504938 0.509014
vt 0.505135 0.507241
vt 0.513614 0.537782
vt 0.502426 0.537926
vt 0.501068 0.537233
vt 0.499237 0.537171
vt 0.503107 0.508952
vt 0.733253 0.158814
vt 0.707677 0.158781
vt 0.479459 0.547079
vt 0.515952 0.443831
vt 0.516193 0.448166
vt 0.039564 0.441370
vt 0.890253 0.188420
vt 0.864499 0.193123
vt 0.890253 0.117507
vt 0.864499 0.117482
vt 0.904403 0.765472
vt 0.904081 0.657710
vt 0.024458 0.999870
vt 0.035780 0.999870
vt 0.549202 0.554252
vt 0.549202 0.566129
vt 0.864499 0.223559
vt 0.890253 0.223584
vt 0.864499 0.096364
vt 0.913584 0.092184
vt 0.681975 0.092200
vt 0.668504 0.158877
vt 0.733253 0.121715
vt 0.577907 0.539446
vt 0.576150 0.576518
vt 0.324184 0.533734
vt 0.302073 0.531906
vt 0.733253 0.068918
vt 0.702749 0.223624
vt 1.000000 0.561351
vt 0.531129 0.476085
vt 0.532095 0.506553
vt 0.530342 0.506457
vt 0.733253 0.223646
vt 0.926736 0.158869
vt 0.497296 0.543585
vt 0.990283 0.692442
vt 0.495959 0.544449
vt 0.301450 0.453342
vt 0.902794 0.092141
vt 0.473646 0.545251
vt 0.472327 0.545594
vt 0.301450 0.501785
vt 0.301450 0.488609
vt 0.324726 0.474349
vt 0.324081 0.472908
vt 0.517484 0.509562
vt 0.902794 0.158810
vt 0.324093 0.501090
vt 0.324726 0.497773
vt 0.324959 0.499171
vt 0.404939 0.605672
vt 0.404939 0.592496
vt 0.431985 0.574510
vt 0.432576 0.577894
vt 0.447120 0.575458
vt 0.436023 0.574764
vt 0.447186 0.574765
vt 0.431985 0.604626
vt 0.404950 0.607502
vt 0.693786 0.223663
vt 0.432576 0.601318
vt 0.432793 0.602718
vt 0.458349 0.574766
vt 0.459763 0.574511
vt 0.530225 0.508338
vt 0.531978 0.508434
vt 0.792739 0.223661
vt 0.792739 0.193226
vt 0.530765 0.444479
vt 0.532882 0.443920
vt 0.703571 0.224938
vt 0.644962 0.225013
vt 0.951732 0.561050
vt 1.000000 0.559977
vt 0.951732 0.223655
vt 0.902794 0.225017
vt 0.049004 0.438521
vt 0.041303 0.438331
vt 0.501140 0.443183
vt 0.503303 0.507179
vt 0.804958 0.193120
vt 0.432793 0.575438
vt 0.324093 0.440861
vt 0.324725 0.444183
vt 0.951732 0.625845
vt 0.951732 0.158823
vt 0.832502 0.159405
vt 0.809678 0.121623
vt 0.324959 0.469128
vt 0.493699 0.581233
vt 0.490614 0.582362
vt 0.655469 0.092187
vt 0.951732 0.692476
vt 0.951732 0.092154
vt 0.325809 0.579312
vt 0.328858 0.580644
vt 0.326642 0.581254
vt 0.798851 0.068828
vt 0.466986 0.585154
vt 0.444353 0.507466
vt 0.453943 0.507594
vt 0.644962 0.066936
vt 1.000000 0.717965
vt 0.902794 0.066939
vt 0.414379 0.511576
vt 0.425546 0.474096
vt 0.425547 0.470071
vt 0.429524 0.507465
vt 0.429475 0.511577
vt 0.903116 0.334426
vt 0.913771 0.334468
vt 0.903438 0.442188
vt 0.913958 0.442229
vt 0.903759 0.549949
vt 0.914145 0.549990
vt 0.964173 0.450144
vt 0.951981 0.450339
vt 0.964268 0.342457
vt 0.952230 0.342650
vt 0.964362 0.234770
vt 0.952479 0.234960
vt 0.000305 0.549286
vt 0.009560 0.549116
vt 0.000611 0.657032
vt 0.009748 0.656864
vt 0.000916 0.764778
vt 0.009937 0.764612
vt 0.926759 0.334484
vt 0.926781 0.442245
vt 0.926804 0.550006
vt 0.668541 0.334492
vt 0.681844 0.334484
vt 0.668579 0.442252
vt 0.681712 0.442244
vt 0.668616 0.550012
vt 0.681581 0.550004
vt 0.645293 0.334422
vt 0.655669 0.334471
vt 0.645625 0.442183
vt 0.655869 0.442231
vt 0.645956 0.549944
vt 0.656069 0.549991
vt 0.990050 0.450305
vt 0.977545 0.450137
vt 0.989817 0.342616
vt 0.977470 0.342450
vt 0.989584 0.234927
vt 0.977395 0.234763
vt 0.693507 0.334446
vt 0.693228 0.442207
vt 0.692949 0.549967
vt 0.999645 0.450637
vt 0.999291 0.342944
vt 0.998936 0.235250
vt 0.940007 0.334475
vt 0.939862 0.442236
vt 0.939717 0.549997
vt 0.024466 0.980110
vt 0.024466 0.872362
vt 0.024467 0.764613
vt 0.024467 0.656865
vt 0.951442 0.334439
vt 0.951152 0.442200
vt 0.950862 0.549962
vt 0.039375 0.549118
vt 0.048697 0.549289
vt 0.039186 0.656866
vt 0.048390 0.657035
vt 0.038997 0.764614
vt 0.048083 0.764781
vt 0.459678 0.575458
vt 0.024419 0.439641
vt 0.513577 0.538414
vt 0.551033 0.576516
vt 0.552359 0.577038
vt 0.447186 0.606366
vt 0.574841 0.577045
vt 0.324725 0.455893
vt 0.549202 0.607347
vt 0.549744 0.610070
vt 0.302073 0.505552
vt 0.301450 0.506940
vt 0.563523 0.538902
vt 0.353297 0.607557
vt 0.479509 0.583533
vt 0.324759 0.518651
vt 0.482302 0.443699
vt 0.418163 0.574508
vt 0.466887 0.475843
vt 0.301450 0.439267
vt 0.362972 0.444160
vt 0.401632 0.574346
vt 0.055185 0.789435
vt 0.097830 0.790769
vt 0.049463 0.523493
vt 0.092042 0.525694
vt 0.364707 0.590034
vt 0.317800 0.601291
vt 0.566481 0.443168
vt 0.301450 0.533735
vt 0.175537 0.684711
vt 0.260363 0.648349
vt 0.582845 0.173652
vt 0.097495 0.204314
vt 0.099863 0.273366
vt 0.301742 0.568423
vt 0.420111 0.203181
vt 0.421289 0.271161
vt 0.317734 0.568268
vt 0.937248 0.000005
vt 0.679349 0.000010
vt 0.904403 0.007290
vt 0.998227 0.777618
vt 0.646619 0.007287
vt 0.452417 0.567187
vt 0.412640 0.505806
vt 0.493831 0.474888
vt 0.000000 0.439892
vt 0.465379 0.443657
vt 0.644962 0.188475
vt 0.765565 0.223664
vt 1.000000 0.596495
vt 0.835600 0.223549
vt 0.644962 0.117562
vt 1.000000 0.667368
vt 0.832199 0.192449
vt 0.527911 0.538426
vt 0.301464 0.468443
vt 0.832502 0.120894
vt 0.788018 0.158829
vt 0.465144 0.548607
vt 0.351153 0.608344
vt 0.798851 0.092161
vt 0.575611 0.579693
vt 0.577907 0.576537
vt 0.302050 0.533735
vt 0.707677 0.223613
vt 0.497428 0.544691
vt 0.324959 0.472819
vt 0.432793 0.576366
vt 0.499138 0.442443
vt 0.804958 0.223555
vt 0.434645 0.574510
vt 0.324959 0.442780
vt 0.765410 0.159520
vt 0.301462 0.503615
vt 0.809678 0.158723
vt 0.491972 0.582517
vt 0.765030 0.093028
vt 0.325834 0.579392
vt 0.798851 0.092056
vt 0.524728 0.538902
vt 0.458349 0.606367
vt 0.552359 0.538902
vt 0.324759 0.506939
s 1
usemtl Metal
f 1/1/1 718/2/2 279/3/3
f 1/1/1 719/4/4 355/5/5
f 1/1/1 720/6/6 448/7/7
f 1/1/1 721/8/8 324/9/9
f 2/10/10 722/11/11 353/12/12
f 2/13/10 718/2/2 324/9/9
f 2/13/10 721/8/8 319/14/13
f 2/10/10 723/15/14 636/16/15
f 3/17/16 724/18/17 564/19/18
f 3/17/16 725/20/19 537/21/20
f 3/17/16 726/22/21 505/23/22
f 3/17/16 727/24/23 374/25/24
f 4/26/25 728/27/26 399/28/27
f 4/26/25 724/18/17 374/25/24
f 4/26/25 727/24/23 500/29/28
f 4/26/25 729/30/29 681/31/30
f 5/32/31 730/33/32 380/34/33
f 5/32/31 731/35/34 475/36/35
f 5/32/31 732/37/36 316/38/37
f 5/32/31 733/39/38 436/40/39
f 6/41/40 734/42/41 470/43/42
f 6/41/40 730/44/32 436/45/39
f 6/41/40 733/46/38 660/47/43
f 6/41/40 735/48/44 255/49/45
f 7/50/46 736/51/47 284/52/48
f 7/50/46 734/42/41 255/49/45
f 7/50/46 735/48/44 250/53/49
f 7/50/46 737/54/50 420/55/51
f 8/56/52 738/57/53 454/58/54
f 8/59/52 736/51/47 420/55/51
f 8/59/52 737/54/50 300/60/55
f 8/56/52 739/61/56 601/62/57
f 9/63/58 740/64/59 638/65/60
f 9/63/58 738/57/53 601/62/57
f 9/63/58 739/61/56 599/66/61
f 9/63/58 741/67/62 541/68/63
f 10/69/64 742/70/65 571/71/66
f 10/69/64 740/64/59 541/68/63
f 10/69/64 741/67/62 406/72/67
f 10/69/64 743/73/68 493/74/69
f 11/75/70 744/76/71 520/77/72
f 11/75/70 742/70/65 493/74/69
f 11/75/70 743/73/68 490/78/73
f 11/75/70 745/79/74 673/80/75
f 12/81/76 719/4/4 562/82/77
f 12/81/76 744/83/71 673/84/75
f 12/81/76 745/85/74 659/86/78
f 12/81/76 720/6/6 355/5/5
f 13/87/79 721/8/80 448/7/81
f 13/87/79 720/6/82 689/88/82
f 13/89/83 746/90/83 367/91/83
f 13/89/83 747/92/83 532/93/83
f 14/94/84 723/15/85 319/95/86
f 14/96/84 721/8/80 532/97/87
f 14/98/83 747/92/83 463/99/83
f 14/98/83 748/100/83 447/101/83
f 15/102/88 749/103/83 351/104/89
f 15/102/88 723/105/85 447/101/90
f 15/102/83 748/100/83 338/106/83
f 15/102/83 750/107/83 291/108/83
f 16/109/91 732/110/92 309/111/93
f 16/109/91 749/103/83 291/108/83
f 16/109/83 750/107/83 652/112/83
f 16/109/83 751/113/83 341/114/83
f 17/115/94 733/116/95 316/117/96
f 17/115/94 732/110/92 341/114/97
f 17/115/83 751/113/83 305/118/83
f 17/115/83 752/119/83 654/120/83
f 18/121/98 735/48/99 660/47/100
f 18/121/98 733/46/95 654/122/101
f 18/123/83 752/119/83 333/124/83
f 18/123/83 753/125/83 337/126/83
f 19/127/102 737/54/103 250/53/104
f 19/127/102 735/48/99 337/128/99
f 19/129/83 753/125/83 365/130/83
f 19/129/83 754/131/83 369/132/83
f 20/133/105 739/61/106 300/134/107
f 20/135/105 737/54/103 369/136/108
f 20/137/83 754/131/83 517/138/83
f 20/137/83 755/139/83 525/140/83
f 21/141/109 741/67/110 599/66/111
f 21/141/109 739/61/106 525/142/112
f 21/143/83 755/139/83 669/144/83
f 21/143/83 756/145/83 551/146/83
f 22/147/113 743/73/114 406/72/115
f 22/147/113 741/67/110 551/148/110
f 22/149/83 756/145/83 459/150/83
f 22/149/83 757/151/83 442/152/83
f 23/153/116 745/85/117 490/154/118
f 23/155/116 743/73/114 442/156/119
f 23/157/83 757/151/83 489/158/83
f 23/157/83 758/159/83 715/160/83
f 24/161/120 720/6/82 659/86/121
f 24/161/120 745/85/117 715/162/122
f 24/163/83 758/159/83 658/164/83
f 24/163/83 746/90/83 689/165/83
f 25/166/123 759/167/124 538/168/125
f 25/166/123 760/169/126 565/170/127
f 25/166/123 761/171/128 598/172/129
f 25/166/123 762/173/130 482/174/131
f 26/175/132 763/176/133 445/177/134
f 26/178/132 759/167/124 482/174/131
f 26/178/132 762/173/130 354/179/135
f 26/175/132 764/180/136 414/181/137
f 27/182/138 765/183/139 388/184/140
f 27/182/138 763/176/133 414/181/137
f 27/182/138 764/180/136 301/185/141
f 27/182/138 766/186/142 248/187/143
f 28/188/144 767/189/145 672/190/146
f 28/188/144 765/183/139 248/187/143
f 28/188/144 766/186/142 265/191/147
f 28/188/144 768/192/148 313/193/149
f 29/194/150 769/195/151 293/196/152
f 29/194/150 767/189/145 313/193/149
f 29/194/150 768/192/148 432/197/153
f 29/194/150 770/198/154 376/199/155
f 30/200/156 771/201/157 336/202/158
f 30/200/156 769/203/151 376/204/155
f 30/200/156 770/205/154 619/206/159
f 30/200/156 772/207/160 675/208/161
f 31/209/162 773/210/163 649/211/164
f 31/209/162 771/201/157 675/208/161
f 31/209/162 772/207/160 554/212/165
f 31/209/162 774/213/166 498/214/167
f 32/215/168 775/216/169 453/217/170
f 32/218/168 773/210/163 498/214/167
f 32/218/168 774/213/166 508/219/171
f 32/215/168 776/220/172 560/221/173
f 33/222/174 777/223/175 533/224/176
f 33/222/174 775/216/169 560/221/173
f 33/222/174 776/220/172 685/225/177
f 33/222/174 778/226/178 629/227/179
f 34/228/180 779/229/181 584/230/182
f 34/228/180 777/223/175 629/227/179
f 34/228/180 778/226/178 384/231/183
f 34/228/180 780/232/184 444/233/185
f 35/234/186 781/235/187 409/236/188
f 35/234/186 779/229/181 444/233/185
f 35/234/186 780/232/184 320/237/189
f 35/234/186 782/238/190 274/239/191
f 36/240/192 760/169/126 438/241/193
f 36/240/192 781/242/187 274/243/191
f 36/240/192 782/244/190 474/245/194
f 36/240/192 761/171/128 565/170/127
f 37/246/195 762/247/196 598/248/197
f 37/246/195 761/249/198 481/250/198
f 37/246/199 783/251/199 509/252/199
f 37/246/199 784/253/199 387/254/199
f 38/255/200 764/256/201 354/257/202
f 38/255/200 762/247/196 387/254/203
f 38/255/199 784/253/199 342/258/199
f 38/255/199 785/259/199 646/260/199
f 39/261/204 766/186/205 301/185/206
f 39/261/204 764/180/201 646/262/207
f 39/263/199 785/259/199 433/264/199
f 39/263/199 786/265/199 714/266/199
f 40/267/208 768/192/209 265/191/210
f 40/267/208 766/186/205 714/268/205
f 40/269/199 786/265/199 404/270/199
f 40/269/199 787/271/199 441/272/199
f 41/273/211 770/274/212 432/275/213
f 41/273/211 768/276/209 441/272/214
f 41/273/199 787/271/199 620/277/199
f 41/273/199 788/278/199 534/279/199
f 42/280/215 772/281/216 619/282/217
f 42/280/215 770/274/212 534/279/218
f 42/280/199 788/278/199 469/283/199
f 42/280/199 789/284/199 510/285/199
f 43/286/219 774/287/220 554/288/221
f 43/286/219 772/281/216 510/285/216
f 43/286/199 789/284/199 306/289/199
f 43/286/199 790/290/199 329/291/199
f 44/292/222 776/293/223 508/294/224
f 44/292/222 774/287/220 329/291/225
f 44/292/199 790/290/199 290/295/199
f 44/292/199 791/296/199 312/297/199
f 45/298/226 778/226/227 685/225/228
f 45/298/226 776/220/223 312/299/229
f 45/300/199 791/296/199 259/301/199
f 45/300/199 792/302/199 648/303/199
f 46/304/230 780/232/231 384/231/232
f 46/304/230 778/226/227 648/305/227
f 46/306/199 792/302/199 575/307/199
f 46/306/199 793/308/199 371/309/199
f 47/310/233 782/311/234 320/312/235
f 47/310/233 780/313/231 371/309/236
f 47/310/199 793/308/199 676/314/199
f 47/310/199 794/315/199 487/316/199
f 48/317/237 761/249/198 474/318/238
f 48/317/237 782/311/234 487/316/239
f 48/317/199 794/315/199 549/319/199
f 48/317/199 783/251/199 481/250/199
f 49/320/240 795/321/199 295/322/241
f 49/320/240 722/323/242 311/324/243
f 49/320/240 796/325/244 705/326/245
f 49/320/240 797/327/199 651/328/199
f 50/329/246 722/11/247 636/16/248
f 50/329/246 723/15/249 431/330/250
f 50/331/246 798/332/251 258/333/252
f 50/331/246 796/334/253 311/335/254
f 51/336/255 723/105/85 351/104/89
f 51/336/255 749/103/83 684/337/83
f 51/336/255 799/338/83 513/339/256
f 51/336/255 798/340/257 431/341/258
f 52/342/259 731/343/260 708/344/261
f 52/342/259 795/321/199 651/328/199
f 52/342/259 797/327/199 570/345/262
f 52/342/259 800/346/263 347/347/264
f 53/348/265 749/103/83 309/111/93
f 53/348/265 732/110/92 563/349/266
f 53/348/265 801/350/267 271/351/268
f 53/348/265 799/338/83 684/337/83
f 54/352/269 732/37/270 475/36/271
f 54/352/269 731/35/272 347/353/273
f 54/354/269 800/355/274 318/356/275
f 54/354/269 801/357/276 563/358/277
f 55/359/83 802/360/83 382/361/83
f 55/359/83 803/362/83 278/363/83
f 55/364/278 767/189/279 293/196/280
f 55/365/278 769/203/281 419/366/282
f 56/367/83 804/368/83 408/369/83
f 56/367/83 802/360/83 419/370/83
f 56/371/283 769/203/281 336/202/284
f 56/371/283 771/201/285 484/372/286
f 57/373/83 805/374/83 443/375/83
f 57/373/83 804/368/83 484/376/83
f 57/377/287 771/201/285 649/211/288
f 57/377/287 773/210/289 569/378/290
f 58/379/83 806/380/83 302/381/83
f 58/379/83 805/374/83 569/382/83
f 58/383/291 773/210/289 453/384/292
f 58/385/291 775/216/293 412/386/294
f 59/387/83 807/388/83 281/389/83
f 59/387/83 806/380/83 412/390/83
f 59/391/295 775/216/293 533/224/296
f 59/391/295 777/223/297 289/392/297
f 60/393/83 808/394/83 249/395/83
f 60/393/83 807/388/83 289/396/83
f 60/397/298 777/223/297 584/230/299
f 60/397/298 779/229/300 610/398/301
f 61/399/83 809/400/83 567/401/83
f 61/399/83 808/394/83 610/402/83
f 61/403/302 779/229/300 409/236/303
f 61/403/302 781/235/304 458/404/305
f 62/405/83 810/406/83 671/407/83
f 62/405/83 809/400/83 458/408/83
f 62/409/306 781/242/304 438/241/307
f 62/409/306 760/169/308 615/410/308
f 63/411/83 811/412/83 645/413/83
f 63/411/83 810/406/83 615/414/83
f 63/415/309 760/169/308 538/168/310
f 63/415/309 759/167/311 518/416/312
f 64/417/83 812/418/83 358/419/83
f 64/417/83 811/412/83 518/420/83
f 64/421/313 759/167/311 445/422/314
f 64/423/313 763/176/315 263/424/316
f 65/425/83 813/426/83 698/427/83
f 65/425/83 812/418/83 263/428/83
f 65/429/317 763/176/315 388/184/318
f 65/429/317 765/183/319 339/430/319
f 66/431/83 803/362/83 625/432/83
f 66/431/83 813/426/83 339/433/83
f 66/434/320 765/183/319 672/190/321
f 66/434/320 767/189/279 278/435/322
f 67/436/83 753/125/83 333/124/83
f 67/436/83 752/119/83 360/437/83
f 67/436/83 802/360/83 408/369/83
f 67/436/83 804/368/83 356/438/83
f 68/439/83 754/131/83 365/130/83
f 68/439/83 753/125/83 356/438/83
f 68/439/83 804/368/83 443/375/83
f 68/439/83 805/374/83 640/440/83
f 69/441/83 755/139/83 517/138/83
f 69/441/83 754/131/83 640/440/83
f 69/441/83 805/374/83 302/381/83
f 69/441/83 806/380/83 666/442/83
f 70/443/83 756/145/83 669/144/83
f 70/443/83 755/139/83 666/442/83
f 70/443/83 806/380/83 281/389/83
f 70/443/83 807/388/83 558/444/83
f 71/445/83 757/151/83 459/150/83
f 71/445/83 756/145/83 558/444/83
f 71/445/83 807/388/83 249/395/83
f 71/445/83 808/394/83 476/446/83
f 72/447/83 758/159/83 489/158/83
f 72/447/83 757/151/83 476/446/83
f 72/447/83 808/394/83 567/401/83
f 72/447/83 809/400/83 522/448/83
f 73/449/83 746/90/83 658/164/83
f 73/449/83 758/159/83 522/448/83
f 73/449/83 809/400/83 671/407/83
f 73/449/83 810/406/83 252/450/83
f 74/451/83 747/92/83 367/91/83
f 74/451/83 746/90/83 252/450/83
f 74/451/83 810/406/83 645/413/83
f 74/451/83 811/412/83 704/452/83
f 75/453/83 748/100/83 463/99/83
f 75/453/83 747/92/83 704/452/83
f 75/453/83 811/412/83 358/419/83
f 75/453/83 812/418/83 423/454/83
f 76/455/83 750/107/83 338/106/83
f 76/455/83 748/100/83 423/454/83
f 76/455/83 812/418/83 698/427/83
f 76/455/83 813/426/83 628/456/83
f 77/457/83 751/113/83 652/112/83
f 77/457/83 750/107/83 628/456/83
f 77/457/83 813/426/83 625/432/83
f 77/457/83 803/362/83 280/458/83
f 78/459/83 752/119/83 305/118/83
f 78/459/83 751/113/83 280/458/83
f 78/459/83 803/362/83 382/361/83
f 78/459/83 802/360/83 360/437/83
f 79/460/199 788/278/199 620/277/199
f 79/460/199 787/271/199 656/461/199
f 79/460/199 814/462/199 614/463/199
f 79/460/199 815/464/199 254/465/199
f 80/466/199 789/284/199 469/283/199
f 80/466/199 788/278/199 254/465/199
f 80/466/199 815/464/199 524/467/199
f 80/466/199 816/468/199 578/469/199
f 81/470/199 790/290/199 306/289/199
f 81/470/199 789/284/199 578/469/199
f 81/470/199 816/468/199 430/471/199
f 81/470/199 817/472/199 548/473/199
f 82/474/199 791/296/199 290/295/199
f 82/474/199 790/290/199 548/473/199
f 82/474/199 817/472/199 457/475/199
f 82/474/199 818/476/199 261/477/199
f 83/478/199 792/302/199 259/301/199
f 83/478/199 791/296/199 261/477/199
f 83/478/199 818/476/199 485/479/199
f 83/478/199 819/480/199 334/481/199
f 84/482/199 793/308/199 575/307/199
f 84/482/199 792/302/199 334/481/199
f 84/482/199 819/480/199 641/483/199
f 84/482/199 820/484/199 428/485/199
f 85/486/199 794/315/199 676/314/199
f 85/486/199 793/308/199 428/485/199
f 85/486/199 820/484/199 542/487/199
f 85/486/199 821/488/199 398/489/199
f 86/490/199 783/251/199 549/319/199
f 86/490/199 794/315/199 398/489/199
f 86/490/199 821/488/199 322/491/199
f 86/490/199 822/492/199 639/493/199
f 87/494/199 784/253/199 509/252/199
f 87/494/199 783/251/199 639/493/199
f 87/494/199 822/492/199 352/495/199
f 87/494/199 823/496/199 712/497/199
f 88/498/199 785/259/199 342/258/199
f 88/498/199 784/253/199 712/497/199
f 88/498/199 823/496/199 275/499/199
f 88/498/199 824/500/199 557/501/199
f 89/502/199 786/265/199 433/264/199
f 89/502/199 785/259/199 557/501/199
f 89/502/199 824/500/199 667/503/199
f 89/502/199 825/504/199 528/505/199
f 90/506/199 787/271/199 404/270/199
f 90/506/199 786/265/199 528/505/199
f 90/506/199 825/504/199 298/507/199
f 90/506/199 814/462/199 656/461/199
f 91/508/199 815/464/199 614/463/199
f 91/508/199 814/462/199 426/509/199
f 91/508/323 731/343/260 380/510/324
f 91/508/323 730/511/325 368/512/326
f 92/513/199 816/468/199 524/467/199
f 92/513/199 815/464/199 368/512/199
f 92/513/327 730/511/325 470/514/328
f 92/513/327 734/515/329 617/516/329
f 93/517/199 817/472/199 430/471/199
f 93/517/199 816/468/199 617/516/199
f 93/517/330 734/515/329 284/518/331
f 93/517/330 736/519/332 527/520/333
f 94/521/199 818/476/199 457/475/199
f 94/521/199 817/472/199 527/520/199
f 94/521/334 736/519/332 454/522/335
f 94/521/334 738/523/336 456/524/337
f 95/525/199 819/480/199 485/479/199
f 95/525/199 818/476/199 456/524/199
f 95/525/338 738/523/336 638/526/339
f 95/527/338 740/64/340 609/528/340
f 96/529/199 820/484/199 641/483/199
f 96/529/199 819/480/199 609/530/199
f 96/531/341 740/64/340 571/71/342
f 96/529/341 742/532/343 270/533/344
f 97/534/199 821/488/199 542/487/199
f 97/534/199 820/484/199 270/533/199
f 97/534/345 742/532/343 520/535/346
f 97/534/345 744/536/347 407/537/348
f 98/538/199 822/492/199 322/491/199
f 98/538/199 821/488/199 407/537/199
f 98/538/349 744/536/347 562/539/350
f 98/538/349 719/540/351 392/541/351
f 99/542/199 823/496/199 352/495/199
f 99/542/199 822/492/199 392/541/199
f 99/542/352 719/540/351 279/543/353
f 99/542/352 718/544/354 357/545/355
f 100/546/199 824/500/199 275/499/199
f 100/546/199 823/496/199 357/545/199
f 100/546/356 718/544/354 353/547/357
f 100/546/356 722/323/242 633/548/358
f 101/549/199 825/504/199 667/503/199
f 101/549/199 824/500/199 633/548/199
f 101/549/359 722/323/242 295/322/241
f 101/549/359 795/321/199 467/550/199
f 102/551/199 814/462/199 298/507/199
f 102/551/199 825/504/199 467/550/199
f 102/551/360 795/321/199 708/344/261
f 102/551/360 731/343/260 426/509/361
f 103/552/362 799/338/83 271/351/268
f 103/552/362 801/350/267 390/553/363
f 103/554/364 729/30/365 500/29/366
f 103/552/364 727/555/367 559/556/368
f 104/557/369 798/340/257 513/339/256
f 104/557/369 799/338/83 559/556/83
f 104/557/370 727/555/367 505/558/371
f 104/559/370 726/22/372 613/560/372
f 105/561/252 796/334/253 258/333/252
f 105/561/252 798/332/251 613/562/373
f 105/563/374 726/22/375 537/21/374
f 105/563/374 725/20/376 373/564/376
f 106/565/377 797/327/199 705/326/245
f 106/565/377 796/325/244 373/566/378
f 106/567/379 725/20/380 564/19/381
f 106/565/379 724/568/382 709/569/383
f 107/570/384 800/346/263 570/345/262
f 107/570/384 797/327/199 709/569/199
f 107/570/385 724/568/382 399/571/386
f 107/572/385 728/27/387 531/573/387
f 108/574/388 801/357/276 318/356/275
f 108/574/388 800/355/274 531/575/389
f 108/576/390 728/27/391 681/31/392
f 108/576/390 729/30/393 390/577/393
f 109/578/394 826/579/394 716/580/394
f 109/578/394 827/581/394 386/582/394
f 109/578/395 828/583/396 299/584/397
f 109/578/395 829/585/398 664/586/399
f 110/587/394 827/581/394 694/588/394
f 110/587/394 830/589/394 627/590/394
f 110/591/400 831/592/401 697/593/400
f 110/591/400 828/594/396 386/595/396
f 111/596/394 830/589/394 588/597/394
f 111/596/394 832/598/394 440/599/394
f 111/596/402 833/600/403 503/601/402
f 111/596/402 831/602/401 627/590/401
f 112/603/394 832/598/394 396/604/394
f 112/603/394 834/605/394 494/606/394
f 112/607/404 835/608/405 424/609/404
f 112/607/404 833/610/403 440/611/403
f 113/612/394 834/605/394 462/613/394
f 113/612/394 836/614/394 552/615/394
f 113/612/406 837/616/407 612/617/406
f 113/618/406 835/608/405 494/619/405
f 114/620/394 836/614/394 521/621/394
f 114/620/394 838/622/394 381/623/394
f 114/624/408 839/625/409 304/626/408
f 114/624/408 837/627/407 552/628/407
f 115/629/394 838/622/394 346/630/394
f 115/629/394 840/631/394 691/632/394
f 115/629/410 841/633/411 268/634/412
f 115/629/410 839/635/409 381/623/409
f 116/636/413 829/637/414 299/638/415
f 116/639/413 828/594/416 310/640/417
f 246/641/418 480/642/419 116/636/413
f 243/643/420 321/644/421 119/645/422
f 117/646/423 828/594/416 697/593/424
f 117/646/423 831/592/425 449/647/426
f 244/648/427 449/647/426 118/649/428
f 245/650/429 449/647/426 604/651/430
f 118/649/428 831/592/425 503/652/431
f 118/653/428 833/610/432 321/644/421
f 246/654/418 310/640/417 544/655/433
f 244/656/427 321/644/421 477/657/434
f 119/645/422 833/610/432 424/609/435
f 119/645/422 835/608/436 663/658/437
f 240/659/438 479/660/439 122/661/440
f 243/643/420 663/658/437 600/662/441
f 120/663/442 835/608/436 612/664/443
f 120/665/442 837/627/444 637/666/445
f 245/650/429 310/640/417 117/646/423
f 242/667/446 637/666/445 710/668/447
f 121/669/448 837/627/444 304/626/449
f 121/669/448 839/625/450 479/660/439
f 241/670/451 479/660/439 590/671/452
f 122/661/440 839/625/450 268/672/453
f 122/673/440 841/674/454 452/675/455
f 1006/676/456 461/677/457 452/675/455
f 240/678/438 452/675/455 461/677/457
f 123/679/458 842/680/459 574/681/460
f 123/682/458 843/683/433 546/684/433
f 123/682/458 695/685/461 264/686/462
f 124/687/429 843/683/433 603/688/429
f 124/687/429 844/689/430 446/690/430
f 264/686/462 236/691/463 157/692/464
f 446/690/430 234/693/429 124/687/429
f 125/694/427 844/689/430 597/695/427
f 125/696/427 845/697/434 276/698/434
f 331/699/465 238/700/466 188/701/467
f 276/698/434 233/702/427 125/696/427
f 126/703/420 845/697/434 665/704/420
f 126/703/420 846/705/441 314/706/441
f 314/706/441 232/707/420 126/703/420
f 127/708/446 846/705/441 439/709/446
f 127/710/446 847/711/447 379/712/447
f 157/713/464 932/714/468 421/715/469
f 379/712/447 231/716/446 127/710/446
f 128/717/451 847/711/447 294/718/451
f 128/717/451 848/719/452 690/720/452
f 690/720/452 230/721/451 128/717/451
f 129/722/470 848/719/452 328/723/471
f 129/722/470 849/724/472 492/725/473
f 158/726/474 413/727/475 492/725/476
f 492/725/473 229/728/477 129/722/470
f 130/729/478 850/730/479 561/731/480
f 130/732/478 851/733/433 536/734/481
f 947/735/482 859/736/483 975/737/484
f 955/738/485 860/739/486 999/740/486
f 131/741/487 851/733/433 593/742/429
f 131/741/487 852/743/430 437/744/488
f 1055/745/489 466/746/490 1020/747/491
f 999/740/486 385/748/492 951/749/492
f 132/750/493 852/743/430 589/751/427
f 132/752/493 853/753/434 269/754/494
f 967/755/495 863/756/496 1003/757/496
f 983/758/497 253/759/485 955/760/485
f 133/761/498 853/753/434 657/762/420
f 133/761/498 854/763/441 297/764/499
f 971/765/500 864/766/501 979/767/501
f 995/768/502 345/769/503 959/770/503
f 134/771/504 854/763/441 273/772/446
f 134/773/504 855/774/447 350/775/505
f 959/770/503 861/776/497 983/758/497
f 1003/757/496 378/777/506 963/778/506
f 135/779/507 855/774/447 317/780/451
f 135/779/507 856/781/452 662/782/508
f 242/783/446 663/658/437 120/663/442
f 979/767/501 472/784/495 967/755/495
f 136/785/509 856/781/452 632/786/510
f 136/787/509 857/788/511 466/746/490
f 951/749/492 858/789/512 987/790/512
f 991/791/513 688/792/500 971/793/500
f 137/794/514 859/736/515 417/795/516
f 137/796/514 858/789/517 678/797/517
f 137/798/518 866/799/518 596/800/518
f 137/798/518 867/801/518 583/802/518
f 138/803/519 858/789/517 385/748/519
f 138/803/519 860/739/520 502/804/520
f 138/805/518 868/806/518 631/807/518
f 138/805/518 866/799/518 678/808/518
f 139/809/521 860/739/520 253/810/521
f 139/811/521 861/776/522 592/812/522
f 139/813/518 869/814/518 647/815/518
f 139/813/518 868/806/518 502/816/518
f 140/817/523 861/776/522 345/769/523
f 140/817/523 862/818/524 630/819/524
f 140/820/518 870/821/518 251/822/518
f 140/820/518 869/814/518 592/823/518
f 141/824/525 862/818/524 378/825/525
f 141/826/525 863/756/526 701/827/526
f 141/828/518 871/829/518 699/830/518
f 141/828/518 870/821/518 630/831/518
f 142/832/527 863/756/526 472/784/527
f 142/832/527 864/766/528 416/833/528
f 142/834/518 872/835/518 415/836/518
f 142/834/518 871/829/518 701/837/518
f 143/838/529 864/766/528 688/839/530
f 143/840/529 865/841/531 515/842/532
f 143/843/518 873/844/518 514/845/518
f 143/843/518 872/835/518 416/846/518
f 144/847/394 827/581/394 716/580/394
f 144/847/394 826/579/394 653/848/533
f 144/847/394 874/849/394 586/850/394
f 145/851/394 830/589/394 694/588/394
f 145/851/394 827/581/394 586/850/394
f 145/851/394 874/849/394 372/852/394
f 146/853/394 832/598/394 588/597/394
f 146/853/394 830/589/394 372/852/394
f 146/853/394 874/849/394 262/854/394
f 147/855/394 834/605/394 396/604/394
f 147/855/394 832/598/394 262/854/394
f 147/855/394 874/849/394 624/856/394
f 148/857/394 836/614/394 462/613/394
f 148/857/394 834/605/394 624/856/394
f 148/857/394 874/849/394 499/858/394
f 149/859/394 838/622/394 521/621/394
f 149/859/394 836/614/394 499/858/394
f 149/859/394 874/849/394 370/860/394
f 150/861/394 838/622/394 370/860/394
f 596/800/518 875/862/518 867/801/518
f 1005/863/394 840/631/394 1043/864/394
f 596/800/518 866/799/518 359/865/518
f 152/866/518 866/799/518 631/807/518
f 152/866/518 868/806/518 711/867/518
f 152/866/518 875/862/518 359/865/518
f 153/868/518 868/806/518 647/815/518
f 153/868/518 869/814/518 661/869/518
f 153/868/518 875/862/518 711/867/518
f 154/870/518 869/814/518 251/822/518
f 154/870/518 870/821/518 605/871/518
f 154/870/518 875/862/518 661/869/518
f 155/872/518 870/821/518 699/830/518
f 155/872/518 871/829/518 535/873/518
f 155/872/518 875/862/518 605/871/518
f 156/874/518 871/829/518 415/836/518
f 156/874/518 872/835/518 478/875/518
f 156/874/518 875/862/518 535/873/518
f 478/875/518 872/835/518 514/845/518
f 867/801/518 873/844/518 1049/876/534
f 713/877/535 543/878/536 222/879/537
f 157/713/464 842/880/459 264/881/462
f 511/882/538 225/883/539 190/884/540
f 282/885/463 349/886/535 236/691/463
f 256/887/463 713/877/535 221/888/463
f 158/889/474 849/890/541 623/891/542
f 936/892/543 495/893/544 937/894/543
f 189/895/545 679/896/546 188/897/467
f 934/898/543 330/899/547 935/900/543
f 159/901/548 473/902/549 331/699/465
f 932/714/468 159/903/548 403/904/550
f 159/903/548 877/905/551 403/904/550
f 1008/906/394 932/714/394 403/904/394
f 327/907/552 227/908/553 160/909/554
f 197/910/555 488/911/543 161/912/556
f 160/913/554 878/914/557 327/915/552
f 187/916/558 272/917/559 327/907/552
f 267/918/560 197/910/555 161/912/556
f 642/919/561 516/920/562 160/913/554
f 161/912/556 879/921/563 267/918/560
f 635/922/564 208/923/565 184/924/566
f 935/900/543 173/925/567 687/926/567
f 162/927/567 880/928/475 344/929/567
f 526/930/447 201/931/446 165/932/446
f 163/933/477 881/934/452 523/935/477
f 163/933/477 880/928/568 435/936/568
f 163/933/477 702/937/452 340/938/452
f 164/939/451 882/940/447 308/941/451
f 164/939/451 881/934/452 340/938/452
f 164/939/451 540/942/569 526/930/447
f 165/943/446 883/944/441 465/945/446
f 165/932/446 882/940/447 526/930/447
f 165/943/446 401/946/441 706/947/441
f 677/948/570 195/949/571 194/950/572
f 166/951/420 884/952/434 680/953/420
f 166/951/420 883/944/441 706/947/441
f 166/951/420 707/954/434 655/955/434
f 183/956/573 585/957/574 267/918/560
f 167/958/427 885/959/430 618/960/427
f 167/961/427 884/952/434 655/955/434
f 167/958/427 377/962/430 572/963/430
f 572/963/430 204/964/429 168/965/429
f 168/965/429 886/966/433 539/967/429
f 168/965/429 885/959/430 572/963/430
f 168/965/429 468/968/433 292/969/433
f 582/970/575 703/971/535 182/972/576
f 169/973/577 887/974/461 247/975/577
f 169/973/577 886/966/433 292/969/433
f 169/973/577 550/976/578 464/977/461
f 706/947/441 202/978/420 166/951/420
f 170/979/463 887/974/579 464/977/579
f 150/861/394 840/631/394 346/630/394
f 171/980/580 888/981/581 566/982/582
f 928/983/535 543/878/536 929/984/535
f 171/980/580 391/985/583 635/922/564
f 292/969/433 205/986/584 169/973/577
f 879/921/563 451/987/585 889/988/586
f 880/928/475 512/989/567 344/929/567
f 934/898/543 687/926/567 529/990/567
f 880/928/568 411/991/477 890/992/568
f 881/934/452 326/993/451 891/994/452
f 411/991/477 881/934/452 891/994/452
f 882/940/447 670/995/446 892/996/447
f 326/993/451 882/940/447 892/996/447
f 883/944/441 644/997/420 893/998/441
f 670/999/446 883/944/441 893/998/441
f 884/952/434 579/1000/427 894/1001/434
f 644/997/420 884/952/434 894/1001/434
f 885/959/430 674/1002/429 895/1003/430
f 579/1004/427 885/959/430 895/1003/430
f 886/966/433 286/1005/577 896/1006/433
f 674/1002/429 886/966/433 896/1006/433
f 887/974/579 256/887/463 897/1007/579
f 286/1005/577 887/974/461 897/1007/461
f 543/878/536 888/981/581 898/1008/587
f 422/1009/588 212/1010/589 172/1011/590
f 172/1011/590 899/1012/591 422/1009/588
f 375/1013/592 616/1014/593 207/1015/594
f 173/925/567 900/1016/475 687/926/567
f 344/929/567 488/911/543 162/927/567
f 185/1017/595 455/1018/596 422/1009/588
f 174/1019/477 901/1020/452 266/1021/477
f 174/1019/477 900/1016/568 486/1022/568
f 174/1019/477 303/1023/452 595/1024/452
f 519/1025/434 218/1026/427 178/1027/427
f 175/1028/451 902/1029/447 506/1030/451
f 175/1028/451 901/1020/452 595/1024/452
f 175/1028/451 393/1031/569 668/1032/447
f 555/1033/543 529/990/567 228/1034/567
f 176/1035/446 903/1036/441 568/1037/446
f 176/1038/446 902/1029/447 668/1032/447
f 176/1035/446 361/1039/441 717/1040/441
f 349/886/535 577/1041/597 237/1042/598
f 177/1043/420 904/1044/434 634/1045/420
f 177/1043/420 903/1036/441 717/1040/441
f 177/1043/420 556/1046/434 519/1025/434
f 622/1047/599 210/1048/600 192/1049/601
f 178/1050/427 905/1051/430 425/1052/427
f 178/1027/427 904/1044/434 519/1025/434
f 178/1050/427 530/1053/430 335/1054/430
f 173/925/567 277/1055/475 486/1022/475
f 179/1056/429 906/1057/433 307/1058/429
f 179/1056/429 905/1051/430 335/1054/430
f 179/1056/429 504/1059/602 395/1060/433
f 486/1022/568 214/1061/477 174/1019/477
f 180/1062/577 907/1063/461 364/1064/577
f 180/1062/577 906/1057/433 395/1060/433
f 180/1062/577 587/1065/461 460/1066/461
f 491/1067/603 223/1068/604 186/1069/605
f 936/892/543 344/929/567 512/989/567
f 181/1070/463 907/1063/579 460/1066/579
f 182/972/576 908/1071/606 582/970/575
f 928/983/535 171/980/580 566/982/582
f 182/972/576 594/1072/607 491/1067/603
f 460/1066/579 221/888/463 181/1070/463
f 899/1012/591 683/1073/608 909/1074/609
f 900/1016/475 529/990/567 687/926/567
f 900/1016/568 497/1075/477 910/1076/568
f 901/1020/452 343/1077/451 911/1078/452
f 497/1075/477 901/1020/452 911/1078/452
f 902/1029/447 260/1079/446 912/1080/447
f 343/1077/451 902/1029/447 912/1080/447
f 903/1036/441 405/1081/420 913/1082/441
f 260/1083/446 903/1036/441 913/1082/441
f 904/1044/434 434/1084/427 914/1085/434
f 405/1081/420 904/1044/434 914/1085/434
f 905/1051/430 471/1086/429 915/1087/430
f 434/1088/427 905/1051/430 915/1087/430
f 906/1057/433 611/1089/577 916/1090/433
f 471/1086/429 906/1057/433 916/1090/433
f 907/1063/579 282/885/463 917/1091/579
f 611/1089/577 907/1063/461 917/1091/461
f 1018/1092/610 927/1093/518 1032/1094/518
f 1007/1095/611 932/714/394 1051/1096/394
f 577/1041/597 908/1071/606 918/1097/612
f 668/1032/447 216/1098/446 176/1038/446
f 643/1099/613 375/1013/592 206/1100/614
f 183/956/573 879/921/563 325/1101/615
f 184/1102/566 553/1103/616 450/1104/617
f 184/924/566 888/981/581 635/922/564
f 193/1105/618 296/1106/619 581/1107/620
f 196/1108/621 483/1109/622 362/1110/623
f 224/1111/624 427/1112/625 315/1113/626
f 191/1114/627 686/1115/628 186/1116/605
f 185/1017/595 899/1012/591 692/1117/629
f 717/1040/441 217/1118/420 177/1043/420
f 186/1069/605 908/1071/606 491/1067/603
f 192/1119/601 211/1120/630 185/1017/595
f 226/1121/631 402/1122/632 700/1123/633
f 187/1124/558 878/914/557 323/1125/634
f 125/694/427 400/1126/430 446/690/430
f 239/1127/635 389/1128/636 606/1129/637
f 188/897/467 877/905/551 331/1130/465
f 190/1131/540 323/1125/634 410/1132/638
f 1046/1133/639 691/1134/640 1005/1135/639
f 1006/676/456 829/637/414 480/642/419
f 241/670/451 637/666/445 121/669/448
f 1007/1095/611 842/880/459 421/715/469
f 623/891/542 642/919/561 158/889/474
f 1047/1136/394 516/920/641 1008/906/394
f 157/692/464 349/886/535 545/1137/642
f 1009/1138/394 877/905/394 679/896/394
f 1050/1139/643 410/1132/644 1023/1140/645
f 1010/1141/646 922/1142/647 332/1143/648
f 127/708/446 348/1144/441 314/706/441
f 963/1145/506 862/818/502 995/768/502
f 1045/1146/649 700/1147/650 1011/1148/651
f 1042/1149/652 909/1150/652 1045/1146/652
f 1022/1151/653 939/1152/654 606/1129/655
f 190/1153/540 226/1154/631 187/916/558
f 1012/1155/656 908/1156/657 686/1157/658
f 1039/1158/659 621/1159/660 1025/1160/661
f 1013/1161/662 923/1162/663 607/1163/664
f 211/1164/630 394/1165/665 573/1166/666
f 1030/1167/667 939/1168/668 1034/1169/668
f 1037/1170/669 573/1171/670 1014/1172/671
f 1033/1173/672 889/1174/672 1037/1170/672
f 1024/1175/673 941/1176/674 315/1113/675
f 1015/1177/676 888/1178/677 450/1179/678
f 1048/1180/679 507/1181/680 1027/1182/681
f 1016/1183/682 924/1184/683 581/1107/684
f 576/1185/685 591/1186/686 198/1187/687
f 340/938/452 200/1188/451 164/939/451
f 1029/1189/688 941/1190/689 1035/1191/690
f 1040/1192/518 650/1193/518 925/1194/518
f 1018/1092/610 925/1194/518 616/1014/610
f 1026/1195/691 943/1196/692 397/1197/693
f 650/1193/694 209/1198/695 208/1199/565
f 285/1200/543 512/989/567 213/1201/567
f 1011/1202/651 606/1129/655 389/1128/696
f 1041/1203/697 591/1186/698 1019/1204/699
f 1020/747/491 850/730/479 257/1205/700
f 429/1206/463 496/1207/535 928/983/535
f 418/1208/463 703/971/535 930/1209/535
f 987/790/512 417/1210/482 947/1211/482
f 1021/1212/701 859/736/515 583/1213/702
f 1049/876/534 515/1214/518 1021/1215/518
f 429/1206/463 929/984/535 256/887/463
f 375/1216/592 171/980/580 496/1207/535
f 464/977/579 206/1217/614 170/979/463
f 418/1208/463 931/1218/535 282/885/463
f 713/877/535 182/972/576 703/971/535
f 545/1137/642 237/1042/598 159/901/548
f 124/687/429 547/1219/433 546/684/433
f 129/722/470 283/1220/452 690/720/452
f 181/1070/463 713/877/535 703/971/535
f 595/1024/452 215/1221/451 175/1028/451
f 363/1222/543 330/899/547 172/1011/590
f 170/979/463 375/1216/592 496/1207/535
f 930/1209/535 577/1041/597 931/1218/535
f 191/1223/627 287/1224/703 607/1163/704
f 285/1200/543 173/925/567 363/1222/543
f 189/1225/545 288/1226/705 332/1143/706
f 642/1227/561 228/1034/567 158/726/474
f 937/894/543 161/912/556 488/911/543
f 934/898/543 227/908/553 683/1073/608
f 212/1010/589 363/1222/543 172/1011/590
f 936/892/543 212/1010/589 451/987/585
f 162/927/567 366/1228/707 435/936/475
f 655/955/434 203/1229/427 167/961/427
f 926/1230/708 197/1231/555 693/1232/709
f 576/1233/685 162/927/567 488/911/543
f 335/1054/430 219/1234/429 179/1056/429
f 1009/1138/394 696/1235/710 1023/1140/645
f 126/703/420 383/1236/434 276/698/434
f 189/895/545 922/1237/711 696/1235/712
f 1024/1175/673 427/1112/713 1014/1238/671
f 546/684/433 235/1239/577 123/682/458
f 190/1131/540 921/1240/714 511/1241/538
f 1025/1160/661 692/1242/715 1012/1243/656
f 191/1114/627 923/1244/716 501/1245/717
f 1026/1195/691 650/1193/518 1017/1246/518
f 395/1060/433 220/1247/577 180/1062/577
f 192/1248/601 920/1249/718 622/1250/599
f 1027/1182/681 325/1251/719 1015/1252/676
f 193/1253/618 924/1254/720 553/1103/616
f 1028/1255/721 943/1256/722 1038/1257/722
f 325/1251/615 194/1258/572 183/1259/573
f 435/936/568 199/1260/723 163/933/477
f 194/1258/572 919/1261/724 677/1262/570
f 195/949/571 942/1263/725 483/1264/622
f 196/1108/621 876/1265/726 585/1266/574
f 195/1267/571 183/956/573 194/1268/572
f 197/1231/555 876/1265/726 693/1232/709
f 198/1187/687 857/1269/727 366/1270/707
f 199/1260/723 857/1271/511 632/786/510
f 199/1260/723 856/781/452 702/937/452
f 200/1188/451 856/781/452 317/780/451
f 200/1188/451 855/774/447 540/942/569
f 201/931/446 855/774/447 273/1272/446
f 201/1273/446 854/763/441 401/946/441
f 202/978/420 854/763/441 657/762/420
f 202/978/420 853/753/434 707/954/434
f 203/1229/427 853/753/434 589/1274/427
f 203/1275/427 852/743/430 377/962/430
f 204/964/429 852/743/430 593/742/429
f 204/964/429 851/733/433 468/968/433
f 205/986/584 851/733/433 561/1276/480
f 205/1277/584 850/730/479 550/1278/578
f 206/1100/614 850/1279/728 643/1099/613
f 207/1015/594 925/1194/729 391/1280/583
f 208/1199/565 925/1194/729 650/1193/694
f 208/923/565 193/1281/618 184/924/566
f 209/1282/695 943/1256/730 296/1106/619
f 1028/1255/721 677/948/731 1016/1183/682
f 210/1283/600 940/1284/732 394/1165/665
f 211/1120/630 889/988/586 455/1018/596
f 192/1248/601 692/1242/629 621/1159/733
f 160/909/554 555/1033/543 642/1227/561
f 212/1010/589 889/988/586 451/987/585
f 213/1201/567 890/992/475 277/1055/475
f 214/1061/477 890/992/568 411/991/477
f 214/1061/477 891/994/452 303/1023/452
f 215/1221/451 891/994/452 326/993/451
f 215/1221/451 892/996/447 393/1031/569
f 216/1098/446 892/996/447 670/995/446
f 216/1285/446 893/998/441 361/1039/441
f 217/1118/420 893/998/441 644/997/420
f 217/1118/420 894/1001/434 556/1046/434
f 218/1026/427 894/1001/434 579/1000/427
f 218/1286/427 895/1003/430 530/1053/430
f 219/1234/429 895/1003/430 674/1002/429
f 219/1234/429 896/1006/433 504/1059/602
f 220/1247/577 896/1006/433 286/1005/577
f 220/1247/577 897/1007/461 587/1065/461
f 221/888/463 897/1007/579 256/887/463
f 222/879/537 898/1008/587 594/1072/607
f 223/1068/604 898/1008/587 427/1287/625
f 223/1068/604 191/1288/627 186/1069/605
f 224/1111/624 941/1176/734 287/1289/703
f 1029/1189/688 622/1047/735 1013/1161/662
f 225/1290/539 938/1291/736 402/1122/632
f 226/1154/631 909/1074/609 272/917/559
f 227/908/553 909/1074/609 683/1073/608
f 228/1034/567 910/1076/475 413/727/475
f 229/728/477 910/1076/568 497/1075/477
f 229/728/477 911/1078/452 283/1220/452
f 230/721/451 911/1078/452 343/1077/451
f 230/721/451 912/1080/447 682/1292/447
f 231/716/446 912/1080/447 260/1079/446
f 231/1293/446 913/1082/441 348/1144/441
f 232/707/420 913/1082/441 405/1081/420
f 232/707/420 914/1085/434 383/1236/434
f 233/702/427 914/1085/434 434/1084/427
f 233/1294/427 915/1087/430 400/1126/430
f 234/693/429 915/1087/430 471/1086/429
f 234/693/429 916/1090/433 547/1219/433
f 235/1239/577 916/1090/433 611/1089/577
f 235/1239/577 917/1091/461 695/685/461
f 236/691/463 917/1091/579 282/885/463
f 237/1042/598 918/1097/612 473/902/549
f 238/1295/466 918/1296/612 389/1297/636
f 238/700/466 189/1298/545 188/701/467
f 239/1127/635 939/1152/737 288/1299/705
f 1030/1167/667 511/882/738 1010/1141/646
f 128/717/451 682/1292/447 379/712/447
f 240/678/438 849/1300/472 328/1301/471
f 240/659/438 848/719/452 590/671/452
f 241/670/451 848/719/452 294/718/451
f 241/670/451 847/711/447 710/668/447
f 242/667/446 847/711/447 439/1302/446
f 242/783/446 846/705/441 600/662/441
f 243/643/420 846/705/441 665/704/420
f 243/643/420 845/697/434 477/657/434
f 244/656/427 845/697/434 597/1303/427
f 244/648/427 844/689/430 604/651/430
f 245/650/429 844/689/430 603/688/429
f 245/650/429 843/683/433 544/655/433
f 246/654/418 843/683/433 574/1304/460
f 246/641/418 842/680/459 626/1305/739
f 1004/1306/740 840/631/394 151/1307/533
f 1044/1308/741 461/677/457 1031/1309/742
f 150/861/394 874/849/394 151/1307/533
f 151/1307/533 653/848/533 1004/1306/740
f 873/844/518 478/875/518 514/845/518
f 1019/1204/699 926/1230/518 1032/1094/518
f 536/734/481 944/1310/482 130/732/478
f 984/1311/512 945/1312/482 944/1310/482
f 985/1313/512 946/1314/482 945/1312/482
f 986/1315/512 947/1211/482 946/1314/482
f 134/771/504 992/1316/502 297/764/499
f 960/1317/506 993/1318/502 992/1316/502
f 961/1319/506 994/1320/502 993/1318/502
f 962/1321/506 995/768/502 994/1320/502
f 466/746/490 968/1322/500 136/787/509
f 988/1323/513 969/1324/500 968/1322/500
f 989/1325/513 970/1326/500 969/1324/500
f 990/1327/513 971/793/500 970/1326/500
f 131/741/487 984/1311/512 536/734/481
f 948/1328/492 985/1313/512 984/1311/512
f 949/1329/492 986/1315/512 985/1313/512
f 950/1330/492 987/790/512 986/1315/512
f 662/782/508 964/1331/495 135/779/507
f 976/1332/501 965/1333/495 964/1331/495
f 977/1334/501 966/1335/495 965/1333/495
f 978/1336/501 967/755/495 966/1335/495
f 350/775/505 960/1337/506 134/773/504
f 1000/1338/496 961/1339/506 960/1337/506
f 1001/1340/496 962/1341/506 961/1339/506
f 1002/1342/496 963/778/506 962/1341/506
f 133/761/498 980/1343/497 269/754/494
f 956/1344/503 981/1345/497 980/1343/497
f 957/1346/503 982/1347/497 981/1345/497
f 958/1348/503 983/758/497 982/1347/497
f 297/764/499 956/1344/503 133/761/498
f 992/1316/502 957/1346/503 956/1344/503
f 993/1318/502 958/1348/503 957/1346/503
f 994/1320/502 959/770/503 958/1348/503
f 136/785/509 976/1332/501 662/782/508
f 968/1349/500 977/1334/501 976/1332/501
f 969/1350/500 978/1336/501 977/1334/501
f 970/1351/500 979/767/501 978/1336/501
f 269/754/494 952/1352/485 132/752/493
f 980/1343/497 953/1353/485 952/1352/485
f 981/1345/497 954/1354/485 953/1353/485
f 982/1347/497 955/760/485 954/1354/485
f 135/779/507 1000/1338/496 350/775/505
f 964/1331/495 1001/1340/496 1000/1338/496
f 965/1333/495 1002/1342/496 1001/1340/496
f 966/1335/495 1003/757/496 1002/1342/496
f 437/744/488 948/1328/492 131/741/487
f 996/1355/486 949/1329/492 948/1328/492
f 997/1356/486 950/1330/492 949/1329/492
f 998/1357/486 951/749/492 950/1330/492
f 1036/1358/489 991/791/513 1052/1359/489
f 1052/1359/489 990/1327/513 1053/1360/489
f 1053/1360/489 989/1325/513 1054/1361/489
f 1054/1361/489 988/1323/513 1055/745/489
f 132/750/493 996/1355/486 437/744/488
f 952/1362/485 997/1356/486 996/1355/486
f 953/1363/485 998/1357/486 997/1356/486
f 954/1364/485 999/740/486 998/1357/486
f 130/729/478 972/1365/484 257/1205/700
f 944/1366/482 973/1367/484 972/1365/484
f 945/1368/482 974/1369/484 973/1367/484
f 946/1370/482 975/737/484 974/1369/484
f 973/1367/484 1055/745/489 972/1365/484
f 974/1369/484 1054/1361/489 973/1367/484
f 975/737/484 1053/1360/489 974/1369/484
f 859/736/483 1052/1359/489 975/737/484
f 643/1099/743 1032/1094/518 927/1093/518
f 842/680/459 1031/1309/742 626/1305/739
f 653/848/533 1043/864/394 1004/1306/740
f 288/1226/744 1010/1141/646 332/1143/648
f 287/1224/745 1013/1161/662 607/1163/664
f 296/1106/746 1016/1183/682 581/1107/684
f 580/1371/747 1038/1257/722 942/1263/748
f 553/1103/749 1015/1252/676 450/1104/678
f 483/1109/750 1017/1246/518 362/1110/518
f 501/1245/751 1012/1243/656 686/1115/658
f 394/1165/752 1014/1238/671 573/1166/670
f 323/1125/394 1023/1140/645 410/1132/644
f 867/801/518 1021/1215/518 583/802/518
f 515/842/532 1036/1358/701 1021/1212/701
f 466/746/490 1041/1372/753 1020/747/491
f 850/1279/697 1019/1204/699 643/1099/743
f 700/1123/650 1022/1151/653 1011/1202/651
f 483/1109/750 1038/1373/692 1026/1195/691
f 693/1232/610 1040/1192/518 1018/1092/610
f 876/1265/518 1017/1246/518 1040/1192/518
f 608/1374/754 1035/1191/690 940/1375/690
f 677/948/731 1048/1376/683 1016/1183/682
f 924/1254/755 1027/1182/681 553/1103/749
f 325/1377/719 1033/1173/677 1015/1177/676
f 394/1165/752 1035/1378/674 1024/1175/673
f 888/1178/672 1037/1170/672 898/1379/672
f 898/1379/669 1014/1172/671 427/1380/713
f 602/1381/756 1034/1169/668 938/1382/668
f 622/1047/735 1039/1383/757 1013/1161/662
f 923/1244/659 1025/1160/661 501/1245/751
f 692/1384/715 1042/1149/657 1012/1155/656
f 402/1122/758 1034/1385/654 1022/1151/653
f 908/1156/652 1045/1146/652 918/1296/652
f 918/1296/649 1011/1148/651 389/1297/696
f 511/882/738 1050/1386/759 1010/1141/646
f 922/1237/643 1023/1140/645 696/1235/710
f 323/1125/394 1047/1136/394 1009/1138/394
f 877/905/394 1008/906/394 403/904/394
f 623/891/760 1044/1387/741 1007/1095/611
f 452/675/455 1046/1133/761 1006/676/456
f 829/637/398 1005/1135/639 664/1388/399
f 623/891/760 1051/1096/394 933/1389/394
f 693/1232/610 1032/1094/518 926/1230/518
f 516/920/641 1051/1096/394 1008/906/394
f 664/586/394 1043/864/394 826/579/394
f 972/1365/484 1020/747/491 257/1205/700
f 480/642/419 1031/1309/742 1006/676/456
f 1/1/1 324/9/9 718/2/2
f 1/1/1 279/3/3 719/4/4
f 1/1/1 355/5/5 720/6/6
f 1/1/1 448/7/7 721/8/8
f 2/10/10 636/16/15 722/11/11
f 2/13/10 353/1390/12 718/2/2
f 2/13/10 324/9/9 721/8/8
f 2/10/10 319/95/13 723/15/14
f 3/17/16 374/25/24 724/18/17
f 3/17/16 564/19/18 725/20/19
f 3/17/16 537/21/20 726/22/21
f 3/17/16 505/23/22 727/24/23
f 4/26/25 681/31/30 728/27/26
f 4/26/25 399/28/27 724/18/17
f 4/26/25 374/25/24 727/24/23
f 4/26/25 500/29/28 729/30/29
f 5/32/31 436/40/39 730/33/32
f 5/32/31 380/34/33 731/35/34
f 5/32/31 475/36/35 732/37/36
f 5/32/31 316/38/37 733/39/38
f 6/41/40 255/49/45 734/42/41
f 6/41/40 470/43/42 730/44/32
f 6/41/40 436/45/39 733/46/38
f 6/41/40 660/47/43 735/48/44
f 7/50/46 420/55/51 736/51/47
f 7/50/46 284/52/48 734/42/41
f 7/50/46 255/49/45 735/48/44
f 7/50/46 250/53/49 737/54/50
f 8/56/52 601/62/57 738/57/53
f 8/59/52 454/1391/54 736/51/47
f 8/59/52 420/55/51 737/54/50
f 8/56/52 300/134/55 739/61/56
f 9/63/58 541/68/63 740/64/59
f 9/63/58 638/65/60 738/57/53
f 9/63/58 601/62/57 739/61/56
f 9/63/58 599/66/61 741/67/62
f 10/69/64 493/74/69 742/70/65
f 10/69/64 571/71/66 740/64/59
f 10/69/64 541/68/63 741/67/62
f 10/69/64 406/72/67 743/73/68
f 11/75/70 673/80/75 744/76/71
f 11/75/70 520/77/72 742/70/65
f 11/75/70 493/74/69 743/73/68
f 11/75/70 490/78/73 745/79/74
f 12/81/76 355/5/5 719/4/4
f 12/81/76 562/82/77 744/83/71
f 12/81/76 673/84/75 745/85/74
f 12/81/76 659/86/78 720/6/6
f 13/87/79 532/97/87 721/8/80
f 13/87/79 448/7/81 720/6/82
f 13/89/83 689/165/83 746/90/83
f 13/89/83 367/91/83 747/92/83
f 14/94/84 447/1392/90 723/15/85
f 14/96/84 319/14/86 721/8/80
f 14/98/83 532/93/83 747/92/83
f 14/98/83 463/99/83 748/100/83
f 15/102/88 291/108/83 749/103/83
f 15/102/88 351/104/89 723/105/85
f 15/102/83 447/101/83 748/100/83
f 15/102/83 338/106/83 750/107/83
f 16/109/91 341/114/97 732/110/92
f 16/109/91 309/111/93 749/103/83
f 16/109/83 291/108/83 750/107/83
f 16/109/83 652/112/83 751/113/83
f 17/115/94 654/120/101 733/116/95
f 17/115/94 316/117/96 732/110/92
f 17/115/83 341/114/83 751/113/83
f 17/115/83 305/118/83 752/119/83
f 18/121/98 337/128/99 735/48/99
f 18/121/98 660/47/100 733/46/95
f 18/123/83 654/120/83 752/119/83
f 18/123/83 333/124/83 753/125/83
f 19/127/102 369/136/108 737/54/103
f 19/127/102 250/53/104 735/48/99
f 19/129/83 337/126/83 753/125/83
f 19/129/83 365/130/83 754/131/83
f 20/133/105 525/142/112 739/61/106
f 20/135/105 300/60/107 737/54/103
f 20/137/83 369/132/83 754/131/83
f 20/137/83 517/138/83 755/139/83
f 21/141/109 551/148/110 741/67/110
f 21/141/109 599/66/111 739/61/106
f 21/143/83 525/140/83 755/139/83
f 21/143/83 669/144/83 756/145/83
f 22/147/113 442/156/119 743/73/114
f 22/147/113 406/72/115 741/67/110
f 22/149/83 551/146/83 756/145/83
f 22/149/83 459/150/83 757/151/83
f 23/153/116 715/162/122 745/85/117
f 23/155/116 490/78/118 743/73/114
f 23/157/83 442/152/83 757/151/83
f 23/157/83 489/158/83 758/159/83
f 24/161/120 689/88/82 720/6/82
f 24/161/120 659/86/121 745/85/117
f 24/163/83 715/160/83 758/159/83
f 24/163/83 658/164/83 746/90/83
f 25/166/123 482/174/131 759/167/124
f 25/166/123 538/168/125 760/169/126
f 25/166/123 565/170/127 761/171/128
f 25/166/123 598/172/129 762/173/130
f 26/175/132 414/181/137 763/176/133
f 26/178/132 445/422/134 759/167/124
f 26/178/132 482/174/131 762/173/130
f 26/175/132 354/1393/135 764/180/136
f 27/182/138 248/187/143 765/183/139
f 27/182/138 388/184/140 763/176/133
f 27/182/138 414/181/137 764/180/136
f 27/182/138 301/185/141 766/186/142
f 28/188/144 313/193/149 767/189/145
f 28/188/144 672/190/146 765/183/139
f 28/188/144 248/187/143 766/186/142
f 28/188/144 265/191/147 768/192/148
f 29/194/150 376/199/155 769/195/151
f 29/194/150 293/196/152 767/189/145
f 29/194/150 313/193/149 768/192/148
f 29/194/150 432/197/153 770/198/154
f 30/200/156 675/208/161 771/201/157
f 30/200/156 336/202/158 769/203/151
f 30/200/156 376/204/155 770/205/154
f 30/200/156 619/206/159 772/207/160
f 31/209/162 498/214/167 773/210/163
f 31/209/162 649/211/164 771/201/157
f 31/209/162 675/208/161 772/207/160
f 31/209/162 554/212/165 774/213/166
f 32/215/168 560/221/173 775/216/169
f 32/218/168 453/384/170 773/210/163
f 32/218/168 498/214/167 774/213/166
f 32/215/168 508/1394/171 776/220/172
f 33/222/174 629/227/179 777/223/175
f 33/222/174 533/224/176 775/216/169
f 33/222/174 560/221/173 776/220/172
f 33/222/174 685/225/177 778/226/178
f 34/228/180 444/233/185 779/229/181
f 34/228/180 584/230/182 777/223/175
f 34/228/180 629/227/179 778/226/178
f 34/228/180 384/231/183 780/232/184
f 35/234/186 274/239/191 781/235/187
f 35/234/186 409/236/188 779/229/181
f 35/234/186 444/233/185 780/232/184
f 35/234/186 320/237/189 782/238/190
f 36/240/192 565/170/127 760/169/126
f 36/240/192 438/241/193 781/242/187
f 36/240/192 274/243/191 782/244/190
f 36/240/192 474/245/194 761/171/128
f 37/246/195 387/254/203 762/247/196
f 37/246/195 598/248/197 761/249/198
f 37/246/199 481/250/199 783/251/199
f 37/246/199 509/252/199 784/253/199
f 38/255/200 646/260/207 764/256/201
f 38/255/200 354/257/202 762/247/196
f 38/255/199 387/254/199 784/253/199
f 38/255/199 342/258/199 785/259/199
f 39/261/204 714/268/205 766/186/205
f 39/261/204 301/185/206 764/180/201
f 39/263/199 646/260/199 785/259/199
f 39/263/199 433/264/199 786/265/199
f 40/267/208 441/1395/214 768/192/209
f 40/267/208 265/191/210 766/186/205
f 40/269/199 714/266/199 786/265/199
f 40/269/199 404/270/199 787/271/199
f 41/273/211 534/279/218 770/274/212
f 41/273/211 432/275/213 768/276/209
f 41/273/199 441/272/199 787/271/199
f 41/273/199 620/277/199 788/278/199
f 42/280/215 510/285/216 772/281/216
f 42/280/215 619/282/217 770/274/212
f 42/280/199 534/279/199 788/278/199
f 42/280/199 469/283/199 789/284/199
f 43/286/219 329/291/225 774/287/220
f 43/286/219 554/288/221 772/281/216
f 43/286/199 510/285/199 789/284/199
f 43/286/199 306/289/199 790/290/199
f 44/292/222 312/297/229 776/293/223
f 44/292/222 508/294/224 774/287/220
f 44/292/199 329/291/199 790/290/199
f 44/292/199 290/295/199 791/296/199
f 45/298/226 648/305/227 778/226/227
f 45/298/226 685/225/228 776/220/223
f 45/300/199 312/297/199 791/296/199
f 45/300/199 259/301/199 792/302/199
f 46/304/230 371/1396/236 780/232/231
f 46/304/230 384/231/232 778/226/227
f 46/306/199 648/303/199 792/302/199
f 46/306/199 575/307/199 793/308/199
f 47/310/233 487/316/239 782/311/234
f 47/310/233 320/312/235 780/313/231
f 47/310/199 371/309/199 793/308/199
f 47/310/199 676/314/199 794/315/199
f 48/317/237 481/250/198 761/249/198
f 48/317/237 474/318/238 782/311/234
f 48/317/199 487/316/199 794/315/199
f 48/317/199 549/319/199 783/251/199
f 49/320/240 651/328/199 795/321/199
f 49/320/240 295/322/241 722/323/242
f 49/320/240 311/324/243 796/325/244
f 49/320/240 705/326/245 797/327/199
f 50/329/246 311/1397/254 722/11/247
f 50/329/246 636/16/248 723/15/249
f 50/331/246 431/1398/250 798/332/251
f 50/331/246 258/333/252 796/334/253
f 51/336/255 431/341/258 723/105/85
f 51/336/255 351/104/89 749/103/83
f 51/336/255 684/337/83 799/338/83
f 51/336/255 513/339/256 798/340/257
f 52/342/259 347/347/264 731/343/260
f 52/342/259 708/344/261 795/321/199
f 52/342/259 651/328/199 797/327/199
f 52/342/259 570/345/262 800/346/263
f 53/348/265 684/337/83 749/103/83
f 53/348/265 309/111/93 732/110/92
f 53/348/265 563/349/266 801/350/267
f 53/348/265 271/351/268 799/338/83
f 54/352/269 563/1399/277 732/37/270
f 54/352/269 475/36/271 731/35/272
f 54/354/269 347/1400/273 800/355/274
f 54/354/269 318/356/275 801/357/276
f 55/359/83 419/370/83 802/360/83
f 55/359/83 382/361/83 803/362/83
f 55/364/278 278/435/322 767/189/279
f 55/365/278 293/1401/280 769/203/281
f 56/367/83 484/376/83 804/368/83
f 56/367/83 408/369/83 802/360/83
f 56/371/283 419/366/282 769/203/281
f 56/371/283 336/202/284 771/201/285
f 57/373/83 569/382/83 805/374/83
f 57/373/83 443/375/83 804/368/83
f 57/377/287 484/372/286 771/201/285
f 57/377/287 649/211/288 773/210/289
f 58/379/83 412/390/83 806/380/83
f 58/379/83 302/381/83 805/374/83
f 58/383/291 569/378/290 773/210/289
f 58/385/291 453/217/292 775/216/293
f 59/387/83 289/396/83 807/388/83
f 59/387/83 281/389/83 806/380/83
f 59/391/295 412/386/294 775/216/293
f 59/391/295 533/224/296 777/223/297
f 60/393/83 610/402/83 808/394/83
f 60/393/83 249/395/83 807/388/83
f 60/397/298 289/392/297 777/223/297
f 60/397/298 584/230/299 779/229/300
f 61/399/83 458/408/83 809/400/83
f 61/399/83 567/401/83 808/394/83
f 61/403/302 610/398/301 779/229/300
f 61/403/302 409/236/303 781/235/304
f 62/405/83 615/414/83 810/406/83
f 62/405/83 671/407/83 809/400/83
f 62/409/306 458/1402/305 781/242/304
f 62/409/306 438/241/307 760/169/308
f 63/411/83 518/420/83 811/412/83
f 63/411/83 645/413/83 810/406/83
f 63/415/309 615/410/308 760/169/308
f 63/415/309 538/168/310 759/167/311
f 64/417/83 263/428/83 812/418/83
f 64/417/83 358/419/83 811/412/83
f 64/421/313 518/416/312 759/167/311
f 64/423/313 445/177/314 763/176/315
f 65/425/83 339/433/83 813/426/83
f 65/425/83 698/427/83 812/418/83
f 65/429/317 263/424/316 763/176/315
f 65/429/317 388/184/318 765/183/319
f 66/431/83 278/363/83 803/362/83
f 66/431/83 625/432/83 813/426/83
f 66/434/320 339/430/319 765/183/319
f 66/434/320 672/190/321 767/189/279
f 67/436/83 356/438/83 753/125/83
f 67/436/83 333/124/83 752/119/83
f 67/436/83 360/437/83 802/360/83
f 67/436/83 408/369/83 804/368/83
f 68/439/83 640/440/83 754/131/83
f 68/439/83 365/130/83 753/125/83
f 68/439/83 356/438/83 804/368/83
f 68/439/83 443/375/83 805/374/83
f 69/441/83 666/442/83 755/139/83
f 69/441/83 517/138/83 754/131/83
f 69/441/83 640/440/83 805/374/83
f 69/441/83 302/381/83 806/380/83
f 70/443/83 558/444/83 756/145/83
f 70/443/83 669/144/83 755/139/83
f 70/443/83 666/442/83 806/380/83
f 70/443/83 281/389/83 807/388/83
f 71/445/83 476/446/83 757/151/83
f 71/445/83 459/150/83 756/145/83
f 71/445/83 558/444/83 807/388/83
f 71/445/83 249/395/83 808/394/83
f 72/447/83 522/448/83 758/159/83
f 72/447/83 489/158/83 757/151/83
f 72/447/83 476/446/83 808/394/83
f 72/447/83 567/401/83 809/400/83
f 73/449/83 252/450/83 746/90/83
f 73/449/83 658/164/83 758/159/83
f 73/449/83 522/448/83 809/400/83
f 73/449/83 671/407/83 810/406/83
f 74/451/83 704/452/83 747/92/83
f 74/451/83 367/91/83 746/90/83
f 74/451/83 252/450/83 810/406/83
f 74/451/83 645/413/83 811/412/83
f 75/453/83 423/454/83 748/100/83
f 75/453/83 463/99/83 747/92/83
f 75/453/83 704/452/83 811/412/83
f 75/453/83 358/419/83 812/418/83
f 76/455/83 628/456/83 750/107/83
f 76/455/83 338/106/83 748/100/83
f 76/455/83 423/454/83 812/418/83
f 76/455/83 698/427/83 813/426/83
f 77/457/83 280/458/83 751/113/83
f 77/457/83 652/112/83 750/107/83
f 77/457/83 628/456/83 813/426/83
f 77/457/83 625/432/83 803/362/83
f 78/459/83 360/437/83 752/119/83
f 78/459/83 305/118/83 751/113/83
f 78/459/83 280/458/83 803/362/83
f 78/459/83 382/361/83 802/360/83
f 79/460/199 254/465/199 788/278/199
f 79/460/199 620/277/199 787/271/199
f 79/460/199 656/461/199 814/462/199
f 79/460/199 614/463/199 815/464/199
f 80/466/199 578/469/199 789/284/199
f 80/466/199 469/283/199 788/278/199
f 80/466/199 254/465/199 815/464/199
f 80/466/199 524/467/199 816/468/199
f 81/470/199 548/473/199 790/290/199
f 81/470/199 306/289/199 789/284/199
f 81/470/199 578/469/199 816/468/199
f 81/470/199 430/471/199 817/472/199
f 82/474/199 261/477/199 791/296/199
f 82/474/199 290/295/199 790/290/199
f 82/474/199 548/473/199 817/472/199
f 82/474/199 457/475/199 818/476/199
f 83/478/199 334/481/199 792/302/199
f 83/478/199 259/301/199 791/296/199
f 83/478/199 261/477/199 818/476/199
f 83/478/199 485/479/199 819/480/199
f 84/482/199 428/485/199 793/308/199
f 84/482/199 575/307/199 792/302/199
f 84/482/199 334/481/199 819/480/199
f 84/482/199 641/483/199 820/484/199
f 85/486/199 398/489/199 794/315/199
f 85/486/199 676/314/199 793/308/199
f 85/486/199 428/485/199 820/484/199
f 85/486/199 542/487/199 821/488/199
f 86/490/199 639/493/199 783/251/199
f 86/490/199 549/319/199 794/315/199
f 86/490/199 398/489/199 821/488/199
f 86/490/199 322/491/199 822/492/199
f 87/494/199 712/497/199 784/253/199
f 87/494/199 509/252/199 783/251/199
f 87/494/199 639/493/199 822/492/199
f 87/494/199 352/495/199 823/496/199
f 88/498/199 557/501/199 785/259/199
f 88/498/199 342/258/199 784/253/199
f 88/498/199 712/497/199 823/496/199
f 88/498/199 275/499/199 824/500/199
f 89/502/199 528/505/199 786/265/199
f 89/502/199 433/264/199 785/259/199
f 89/502/199 557/501/199 824/500/199
f 89/502/199 667/503/199 825/504/199
f 90/506/199 656/461/199 787/271/199
f 90/506/199 404/270/199 786/265/199
f 90/506/199 528/505/199 825/504/199
f 90/506/199 298/507/199 814/462/199
f 91/508/199 368/512/199 815/464/199
f 91/508/199 614/463/199 814/462/199
f 91/508/323 426/509/361 731/343/260
f 91/508/323 380/510/324 730/511/325
f 92/513/199 617/516/199 816/468/199
f 92/513/199 524/467/199 815/464/199
f 92/513/327 368/512/326 730/511/325
f 92/513/327 470/514/328 734/515/329
f 93/517/199 527/520/199 817/472/199
f 93/517/199 430/471/199 816/468/199
f 93/517/330 617/516/329 734/515/329
f 93/517/330 284/518/331 736/519/332
f 94/521/199 456/524/199 818/476/199
f 94/521/199 457/475/199 817/472/199
f 94/521/334 527/520/333 736/519/332
f 94/521/334 454/522/335 738/523/336
f 95/525/199 609/530/199 819/480/199
f 95/525/199 485/479/199 818/476/199
f 95/525/338 456/524/337 738/523/336
f 95/527/338 638/65/339 740/64/340
f 96/529/199 270/533/199 820/484/199
f 96/529/199 641/483/199 819/480/199
f 96/531/341 609/528/340 740/64/340
f 96/529/341 571/1403/342 742/532/343
f 97/534/199 407/537/199 821/488/199
f 97/534/199 542/487/199 820/484/199
f 97/534/345 270/533/344 742/532/343
f 97/534/345 520/535/346 744/536/347
f 98/538/199 392/541/199 822/492/199
f 98/538/199 322/491/199 821/488/199
f 98/538/349 407/537/348 744/536/347
f 98/538/349 562/539/350 719/540/351
f 99/542/199 357/545/199 823/496/199
f 99/542/199 352/495/199 822/492/199
f 99/542/352 392/541/351 719/540/351
f 99/542/352 279/543/353 718/544/354
f 100/546/199 633/548/199 824/500/199
f 100/546/199 275/499/199 823/496/199
f 100/546/356 357/545/355 718/544/354
f 100/546/356 353/547/357 722/323/242
f 101/549/199 467/550/199 825/504/199
f 101/549/199 667/503/199 824/500/199
f 101/549/359 633/548/358 722/323/242
f 101/549/359 295/322/241 795/321/199
f 102/551/199 426/509/199 814/462/199
f 102/551/199 298/507/199 825/504/199
f 102/551/360 467/550/199 795/321/199
f 102/551/360 708/344/261 731/343/260
f 103/552/362 559/556/83 799/338/83
f 103/552/362 271/351/268 801/350/267
f 103/554/364 390/577/762 729/30/365
f 103/552/364 500/1404/366 727/555/367
f 104/557/369 613/1405/763 798/340/257
f 104/557/369 513/339/256 799/338/83
f 104/557/370 559/556/368 727/555/367
f 104/559/370 505/23/371 726/22/372
f 105/561/252 373/1406/764 796/334/253
f 105/561/252 258/333/252 798/332/251
f 105/563/374 613/560/375 726/22/375
f 105/563/374 537/21/374 725/20/376
f 106/565/377 709/569/199 797/327/199
f 106/565/377 705/326/245 796/325/244
f 106/567/379 373/564/765 725/20/380
f 106/565/379 564/1407/381 724/568/382
f 107/570/384 531/1408/766 800/346/263
f 107/570/384 570/345/262 797/327/199
f 107/570/385 709/569/383 724/568/382
f 107/572/385 399/28/386 728/27/387
f 108/574/388 390/1409/767 801/357/276
f 108/574/388 318/356/275 800/355/274
f 108/576/390 531/573/768 728/27/391
f 108/576/390 681/31/392 729/30/393
f 109/578/394 664/586/394 826/579/394
f 109/578/394 716/580/394 827/581/394
f 109/578/395 386/582/396 828/583/396
f 109/578/395 299/584/397 829/585/398
f 110/587/394 386/582/394 827/581/394
f 110/587/394 694/588/394 830/589/394
f 110/591/400 627/1410/401 831/592/401
f 110/591/400 697/593/400 828/594/396
f 111/596/394 627/590/394 830/589/394
f 111/596/394 588/597/394 832/598/394
f 111/596/402 440/599/403 833/600/403
f 111/596/402 503/601/402 831/602/401
f 112/603/394 440/599/394 832/598/394
f 112/603/394 396/604/394 834/605/394
f 112/607/404 494/619/405 835/608/405
f 112/607/404 424/609/404 833/610/403
f 113/612/394 494/606/394 834/605/394
f 113/612/394 462/613/394 836/614/394
f 113/612/406 552/615/407 837/616/407
f 113/618/406 612/664/406 835/608/405
f 114/620/394 552/615/394 836/614/394
f 114/620/394 521/621/394 838/622/394
f 114/624/408 381/1411/409 839/625/409
f 114/624/408 304/626/408 837/627/407
f 115/629/394 381/623/394 838/622/394
f 115/629/394 346/630/394 840/631/394
f 115/629/410 691/632/640 841/633/411
f 115/629/410 268/634/412 839/635/409
f 116/636/413 480/642/419 829/637/414
f 116/639/413 299/1412/415 828/594/416
f 246/641/418 626/1305/739 480/642/419
f 243/643/420 477/657/434 321/644/421
f 117/646/423 310/640/417 828/594/416
f 117/646/423 697/593/424 831/592/425
f 244/648/427 604/651/430 449/647/426
f 245/650/429 117/646/423 449/647/426
f 118/649/428 449/647/426 831/592/425
f 118/653/428 503/1413/431 833/610/432
f 246/654/418 116/639/413 310/640/417
f 244/656/427 118/653/428 321/644/421
f 119/645/422 321/644/421 833/610/432
f 119/645/422 424/609/435 835/608/436
f 240/659/438 590/671/452 479/660/439
f 243/643/420 119/645/422 663/658/437
f 120/663/442 663/658/437 835/608/436
f 120/665/442 612/1414/443 837/627/444
f 245/650/429 544/655/433 310/640/417
f 242/667/446 120/665/442 637/666/445
f 121/669/448 637/666/445 837/627/444
f 121/669/448 304/626/449 839/625/450
f 241/670/451 121/669/448 479/660/439
f 122/661/440 479/660/439 839/625/450
f 122/673/440 268/1415/453 841/674/454
f 1006/676/456 1031/1309/742 461/677/457
f 240/678/438 122/673/440 452/675/455
f 123/679/458 264/1416/462 842/680/459
f 123/682/458 574/1304/460 843/683/433
f 123/682/458 235/1239/577 695/685/461
f 124/687/429 546/684/433 843/683/433
f 124/687/429 603/688/429 844/689/430
f 264/686/462 695/685/579 236/691/463
f 446/690/430 400/1126/430 234/693/429
f 125/694/427 446/690/430 844/689/430
f 125/696/427 597/1303/427 845/697/434
f 331/699/465 473/902/549 238/700/466
f 276/698/434 383/1236/434 233/702/427
f 126/703/420 276/698/434 845/697/434
f 126/703/420 665/704/420 846/705/441
f 314/706/441 348/1144/441 232/707/420
f 127/708/446 314/706/441 846/705/441
f 127/710/446 439/1302/446 847/711/447
f 157/713/464 545/1417/642 932/714/468
f 379/712/447 682/1292/447 231/716/446
f 128/717/451 379/712/447 847/711/447
f 128/717/451 294/718/451 848/719/452
f 690/720/452 283/1220/452 230/721/451
f 129/722/470 690/720/452 848/719/452
f 129/722/470 328/723/471 849/724/472
f 158/726/474 228/1034/567 413/727/475
f 492/725/473 413/727/568 229/728/477
f 130/729/478 257/1205/700 850/730/479
f 130/732/478 561/1276/480 851/733/433
f 947/735/482 417/795/482 859/736/483
f 955/738/485 253/810/485 860/739/486
f 131/741/487 536/734/481 851/733/433
f 131/741/487 593/742/429 852/743/430
f 1055/745/489 988/1323/513 466/746/490
f 999/740/486 860/739/486 385/748/492
f 132/750/493 437/744/488 852/743/430
f 132/752/493 589/1274/427 853/753/434
f 967/755/495 472/784/495 863/756/496
f 983/758/497 861/776/497 253/759/485
f 133/761/498 269/754/494 853/753/434
f 133/761/498 657/762/420 854/763/441
f 971/765/500 688/839/500 864/766/501
f 995/768/502 862/818/502 345/769/503
f 134/771/504 297/764/499 854/763/441
f 134/773/504 273/1272/446 855/774/447
f 959/770/503 345/769/503 861/776/497
f 1003/757/496 863/756/496 378/777/506
f 135/779/507 350/775/505 855/774/447
f 135/779/507 317/780/451 856/781/452
f 242/783/446 600/662/441 663/658/437
f 979/767/501 864/766/501 472/784/495
f 136/785/509 662/782/508 856/781/452
f 136/787/509 632/1418/510 857/788/511
f 951/749/492 385/748/492 858/789/512
f 991/791/513 865/841/769 688/792/500
f 137/794/514 583/1213/702 859/736/515
f 137/796/514 417/1210/516 858/789/517
f 137/798/518 678/808/518 866/799/518
f 137/798/518 596/800/518 867/801/518
f 138/803/519 678/797/517 858/789/517
f 138/803/519 385/748/519 860/739/520
f 138/805/518 502/816/518 868/806/518
f 138/805/518 631/807/518 866/799/518
f 139/809/521 502/804/520 860/739/520
f 139/811/521 253/759/521 861/776/522
f 139/813/518 592/823/518 869/814/518
f 139/813/518 647/815/518 868/806/518
f 140/817/523 592/812/522 861/776/522
f 140/817/523 345/769/523 862/818/524
f 140/820/518 630/831/518 870/821/518
f 140/820/518 251/822/518 869/814/518
f 141/824/525 630/819/524 862/818/524
f 141/826/525 378/777/525 863/756/526
f 141/828/518 701/837/518 871/829/518
f 141/828/518 699/830/518 870/821/518
f 142/832/527 701/827/526 863/756/526
f 142/832/527 472/784/527 864/766/528
f 142/834/518 416/846/518 872/835/518
f 142/834/518 415/836/518 871/829/518
f 143/838/529 416/833/528 864/766/528
f 143/840/529 688/792/530 865/841/531
f 143/843/518 515/1214/518 873/844/518
f 143/843/518 514/845/518 872/835/518
f 144/847/394 586/850/394 827/581/394
f 144/847/394 716/580/394 826/579/394
f 144/847/394 653/848/533 874/849/394
f 145/851/394 372/852/394 830/589/394
f 145/851/394 694/588/394 827/581/394
f 145/851/394 586/850/394 874/849/394
f 146/853/394 262/854/394 832/598/394
f 146/853/394 588/597/394 830/589/394
f 146/853/394 372/852/394 874/849/394
f 147/855/394 624/856/394 834/605/394
f 147/855/394 396/604/394 832/598/394
f 147/855/394 262/854/394 874/849/394
f 148/857/394 499/858/394 836/614/394
f 148/857/394 462/613/394 834/605/394
f 148/857/394 624/856/394 874/849/394
f 149/859/394 370/860/394 838/622/394
f 149/859/394 521/621/394 836/614/394
f 149/859/394 499/858/394 874/849/394
f 150/861/394 346/630/394 838/622/394
f 596/800/518 359/865/518 875/862/518
f 1005/863/394 691/632/394 840/631/394
f 152/866/518 359/865/518 866/799/518
f 152/866/518 631/807/518 868/806/518
f 152/866/518 711/867/518 875/862/518
f 153/868/518 711/867/518 868/806/518
f 153/868/518 647/815/518 869/814/518
f 153/868/518 661/869/518 875/862/518
f 154/870/518 661/869/518 869/814/518
f 154/870/518 251/822/518 870/821/518
f 154/870/518 605/871/518 875/862/518
f 155/872/518 605/871/518 870/821/518
f 155/872/518 699/830/518 871/829/518
f 155/872/518 535/873/518 875/862/518
f 156/874/518 535/873/518 871/829/518
f 156/874/518 415/836/518 872/835/518
f 156/874/518 478/875/518 875/862/518
f 867/801/518 875/862/518 873/844/518
f 713/877/535 929/984/535 543/878/536
f 157/713/464 421/715/469 842/880/459
f 511/882/538 602/1381/770 225/883/539
f 282/885/463 931/1218/535 349/886/535
f 256/887/463 929/984/535 713/877/535
f 158/889/474 492/1419/476 849/890/541
f 936/892/543 451/987/585 495/893/544
f 189/895/545 696/1235/712 679/896/546
f 934/898/543 683/1073/608 330/899/547
f 159/901/548 237/1042/598 473/902/549
f 932/714/468 545/1417/642 159/903/548
f 159/903/548 331/1130/465 877/905/551
f 1008/906/394 1051/1096/394 932/714/394
f 327/907/552 272/917/559 227/908/553
f 197/910/555 576/1233/685 488/911/543
f 160/913/554 516/920/562 878/914/557
f 187/916/558 226/1154/631 272/917/559
f 267/918/560 585/957/574 197/910/555
f 642/919/561 933/1389/771 516/920/562
f 161/912/556 495/893/544 879/921/563
f 635/922/564 391/985/583 208/923/565
f 935/900/543 363/1222/543 173/925/567
f 162/927/567 435/936/475 880/928/475
f 526/930/447 540/942/569 201/931/446
f 163/933/477 340/938/452 881/934/452
f 163/933/477 523/935/477 880/928/568
f 163/933/477 199/1260/723 702/937/452
f 164/939/451 526/930/447 882/940/447
f 164/939/451 308/941/451 881/934/452
f 164/939/451 200/1188/451 540/942/569
f 165/943/446 706/947/441 883/944/441
f 165/932/446 465/1420/446 882/940/447
f 165/943/446 201/1273/446 401/946/441
f 677/948/570 580/1371/772 195/949/571
f 166/951/420 655/955/434 884/952/434
f 166/951/420 680/953/420 883/944/441
f 166/951/420 202/978/420 707/954/434
f 183/956/573 196/1421/621 585/957/574
f 167/958/427 572/963/430 885/959/430
f 167/961/427 618/1422/427 884/952/434
f 167/958/427 203/1275/427 377/962/430
f 572/963/430 377/962/430 204/964/429
f 168/965/429 292/969/433 886/966/433
f 168/965/429 539/967/429 885/959/430
f 168/965/429 204/964/429 468/968/433
f 582/970/575 930/1209/535 703/971/535
f 169/973/577 464/977/461 887/974/461
f 169/973/577 247/975/577 886/966/433
f 169/973/577 205/986/584 550/976/578
f 706/947/441 401/946/441 202/978/420
f 170/979/463 429/1206/463 887/974/579
f 150/861/394 151/1307/533 840/631/394
f 171/980/580 635/922/564 888/981/581
f 928/983/535 566/982/582 543/878/536
f 171/980/580 207/1423/594 391/985/583
f 292/969/433 468/968/433 205/986/584
f 879/921/563 495/893/544 451/987/585
f 880/928/475 890/992/475 512/989/567
f 934/898/543 935/900/543 687/926/567
f 880/928/568 523/935/477 411/991/477
f 881/934/452 308/941/451 326/993/451
f 411/991/477 523/935/477 881/934/452
f 882/940/447 465/1420/446 670/995/446
f 326/993/451 308/941/451 882/940/447
f 883/944/441 680/953/420 644/997/420
f 670/999/446 465/945/446 883/944/441
f 884/952/434 618/1422/427 579/1000/427
f 644/997/420 680/953/420 884/952/434
f 885/959/430 539/967/429 674/1002/429
f 579/1004/427 618/960/427 885/959/430
f 886/966/433 247/975/577 286/1005/577
f 674/1002/429 539/967/429 886/966/433
f 887/974/579 429/1206/463 256/887/463
f 286/1005/577 247/975/577 887/974/461
f 543/878/536 566/982/582 888/981/581
f 422/1009/588 455/1018/596 212/1010/589
f 172/1011/590 330/899/547 899/1012/591
f 375/1013/592 927/1093/773 616/1014/593
f 173/925/567 486/1022/475 900/1016/475
f 344/929/567 937/894/543 488/911/543
f 185/1017/595 211/1120/630 455/1018/596
f 174/1019/477 595/1024/452 901/1020/452
f 174/1019/477 266/1021/477 900/1016/568
f 174/1019/477 214/1061/477 303/1023/452
f 519/1025/434 556/1046/434 218/1026/427
f 175/1028/451 668/1032/447 902/1029/447
f 175/1028/451 506/1030/451 901/1020/452
f 175/1028/451 215/1221/451 393/1031/569
f 555/1033/543 934/898/543 529/990/567
f 176/1035/446 717/1040/441 903/1036/441
f 176/1038/446 568/1424/446 902/1029/447
f 176/1035/446 216/1285/446 361/1039/441
f 349/886/535 931/1218/535 577/1041/597
f 177/1043/420 519/1025/434 904/1044/434
f 177/1043/420 634/1045/420 903/1036/441
f 177/1043/420 217/1118/420 556/1046/434
f 622/1047/599 608/1374/774 210/1048/600
f 178/1050/427 335/1054/430 905/1051/430
f 178/1027/427 425/1425/427 904/1044/434
f 178/1050/427 218/1286/427 530/1053/430
f 173/925/567 213/1201/567 277/1055/475
f 179/1056/429 395/1060/433 906/1057/433
f 179/1056/429 307/1058/429 905/1051/430
f 179/1056/429 219/1234/429 504/1059/602
f 486/1022/568 277/1055/568 214/1061/477
f 180/1062/577 460/1066/461 907/1063/461
f 180/1062/577 364/1064/577 906/1057/433
f 180/1062/577 220/1247/577 587/1065/461
f 491/1067/603 594/1072/607 223/1068/604
f 936/892/543 937/894/543 344/929/567
f 181/1070/463 418/1208/463 907/1063/579
f 182/972/576 491/1067/603 908/1071/606
f 928/983/535 496/1207/535 171/980/580
f 182/972/576 222/879/537 594/1072/607
f 460/1066/579 587/1065/579 221/888/463
f 899/1012/591 330/899/547 683/1073/608
f 900/1016/475 910/1076/475 529/990/567
f 900/1016/568 266/1021/477 497/1075/477
f 901/1020/452 506/1030/451 343/1077/451
f 497/1075/477 266/1021/477 901/1020/452
f 902/1029/447 568/1424/446 260/1079/446
f 343/1077/451 506/1030/451 902/1029/447
f 903/1036/441 634/1045/420 405/1081/420
f 260/1083/446 568/1037/446 903/1036/441
f 904/1044/434 425/1425/427 434/1084/427
f 405/1081/420 634/1045/420 904/1044/434
f 905/1051/430 307/1058/429 471/1086/429
f 434/1088/427 425/1052/427 905/1051/430
f 906/1057/433 364/1064/577 611/1089/577
f 471/1086/429 307/1058/429 906/1057/433
f 907/1063/579 418/1208/463 282/885/463
f 611/1089/577 364/1064/577 907/1063/461
f 1018/1092/610 616/1014/610 927/1093/518
f 1007/1095/611 421/715/469 932/714/394
f 577/1041/597 582/970/575 908/1071/606
f 668/1032/447 393/1031/569 216/1098/446
f 643/1099/613 927/1093/773 375/1013/592
f 183/956/573 267/918/560 879/921/563
f 184/1102/566 193/1253/618 553/1103/616
f 184/924/566 450/1426/617 888/981/581
f 193/1105/618 209/1282/695 296/1106/619
f 196/1108/621 195/1427/571 483/1109/622
f 224/1111/624 223/1428/604 427/1112/625
f 191/1114/627 501/1245/717 686/1115/628
f 185/1017/595 422/1009/588 899/1012/591
f 717/1040/441 361/1039/441 217/1118/420
f 186/1069/605 686/1429/628 908/1071/606
f 192/1119/601 210/1430/600 211/1120/630
f 226/1121/631 225/1290/539 402/1122/632
f 187/1124/558 327/915/552 878/914/557
f 125/694/427 233/1294/427 400/1126/430
f 239/1127/635 238/1431/466 389/1128/636
f 188/897/467 679/896/546 877/905/551
f 190/1131/540 187/1124/558 323/1125/634
f 1046/1133/639 841/674/411 691/1134/640
f 1006/676/456 1046/1133/761 829/637/414
f 241/670/451 710/668/447 637/666/445
f 1007/1095/611 1044/1387/741 842/880/459
f 623/891/542 933/1389/771 642/919/561
f 1047/1136/394 878/914/641 516/920/641
f 157/692/464 236/691/463 349/886/535
f 1009/1138/394 1047/1136/394 877/905/394
f 1050/1139/643 921/1240/775 410/1132/644
f 1010/1141/646 1050/1386/759 922/1142/647
f 127/708/446 231/1293/446 348/1144/441
f 963/1145/506 378/825/506 862/818/502
f 1045/1146/649 909/1150/649 700/1147/650
f 1042/1149/652 899/1432/652 909/1150/652
f 1022/1151/653 1034/1385/654 939/1152/654
f 190/1153/540 225/1433/539 226/1154/631
f 1012/1155/656 1042/1149/657 908/1156/657
f 1039/1158/659 920/1249/659 621/1159/660
f 1013/1161/662 1039/1383/757 923/1162/663
f 211/1164/630 210/1283/600 394/1165/665
f 1030/1167/667 288/1226/744 939/1168/668
f 1037/1170/669 889/1174/669 573/1171/670
f 1033/1173/672 879/1434/672 889/1174/672
f 1024/1175/673 1035/1378/674 941/1176/674
f 1015/1177/676 1033/1173/677 888/1178/677
f 1048/1180/679 919/1261/755 507/1181/680
f 1016/1183/682 1048/1376/683 924/1184/683
f 576/1185/685 926/1230/708 591/1186/686
f 340/938/452 702/937/452 200/1188/451
f 1029/1189/688 287/1224/745 941/1190/689
f 1040/1192/518 1017/1246/518 650/1193/518
f 1018/1092/610 1040/1192/518 925/1194/518
f 1026/1195/691 1038/1373/692 943/1196/692
f 650/1193/694 397/1197/776 209/1198/695
f 285/1200/543 936/892/543 512/989/567
f 1011/1202/651 1022/1151/653 606/1129/655
f 1041/1203/697 857/1269/697 591/1186/698
f 1020/747/491 1041/1372/753 850/730/479
f 429/1206/463 170/979/463 496/1207/535
f 418/1208/463 181/1070/463 703/971/535
f 987/790/512 858/789/512 417/1210/482
f 1021/1212/701 1036/1358/701 859/736/515
f 1049/876/534 873/844/518 515/1214/518
f 429/1206/463 928/983/535 929/984/535
f 375/1216/592 207/1423/594 171/980/580
f 464/977/579 550/976/777 206/1217/614
f 418/1208/463 930/1209/535 931/1218/535
f 713/877/535 222/879/537 182/972/576
f 545/1137/642 349/886/535 237/1042/598
f 124/687/429 234/693/429 547/1219/433
f 129/722/470 229/728/477 283/1220/452
f 181/1070/463 221/888/463 713/877/535
f 595/1024/452 303/1023/452 215/1221/451
f 363/1222/543 935/900/543 330/899/547
f 170/979/463 206/1217/614 375/1216/592
f 930/1209/535 582/970/575 577/1041/597
f 191/1223/627 224/1435/624 287/1224/703
f 285/1200/543 213/1201/567 173/925/567
f 189/1225/545 239/1436/635 288/1226/705
f 642/1227/561 555/1033/543 228/1034/567
f 937/894/543 495/893/544 161/912/556
f 934/898/543 555/1033/543 227/908/553
f 212/1010/589 285/1200/543 363/1222/543
f 936/892/543 285/1200/543 212/1010/589
f 162/927/567 198/1437/687 366/1228/707
f 655/955/434 707/954/434 203/1229/427
f 926/1230/708 576/1185/685 197/1231/555
f 576/1233/685 198/1437/687 162/927/567
f 335/1054/430 530/1053/430 219/1234/429
f 1009/1138/394 679/896/394 696/1235/710
f 126/703/420 232/707/420 383/1236/434
f 189/895/545 332/1438/706 922/1237/711
f 1024/1175/673 315/1113/675 427/1112/713
f 546/684/433 547/1219/433 235/1239/577
f 190/1131/540 410/1132/638 921/1240/714
f 1025/1160/661 621/1159/660 692/1242/715
f 191/1114/627 607/1439/704 923/1244/716
f 1026/1195/691 397/1197/693 650/1193/518
f 395/1060/433 504/1059/602 220/1247/577
f 192/1248/601 621/1159/733 920/1249/718
f 1027/1182/681 507/1181/680 325/1251/719
f 193/1253/618 581/1440/620 924/1254/720
f 1028/1255/721 296/1106/746 943/1256/722
f 325/1251/615 507/1181/778 194/1258/572
f 435/936/568 366/1228/779 199/1260/723
f 194/1258/572 507/1181/778 919/1261/724
f 195/949/571 580/1371/772 942/1263/725
f 196/1108/621 362/1110/623 876/1265/726
f 195/1267/571 196/1421/621 183/956/573
f 197/1231/555 585/1266/574 876/1265/726
f 198/1187/687 591/1186/686 857/1269/727
f 199/1260/723 366/1228/779 857/1271/511
f 199/1260/723 632/786/510 856/781/452
f 200/1188/451 702/937/452 856/781/452
f 200/1188/451 317/780/451 855/774/447
f 201/931/446 540/942/569 855/774/447
f 201/1273/446 273/772/446 854/763/441
f 202/978/420 401/946/441 854/763/441
f 202/978/420 657/762/420 853/753/434
f 203/1229/427 707/954/434 853/753/434
f 203/1275/427 589/751/427 852/743/430
f 204/964/429 377/962/430 852/743/430
f 204/964/429 593/742/429 851/733/433
f 205/986/584 468/968/433 851/733/433
f 205/1277/584 561/731/480 850/730/479
f 206/1100/614 550/1441/777 850/1279/728
f 207/1015/594 616/1014/593 925/1194/729
f 208/1199/565 391/1280/583 925/1194/729
f 208/923/565 209/1442/695 193/1281/618
f 209/1282/695 397/1443/776 943/1256/730
f 1028/1255/721 580/1371/747 677/948/731
f 210/1283/600 608/1444/774 940/1284/732
f 211/1120/630 573/1445/666 889/988/586
f 192/1248/601 185/1446/595 692/1242/629
f 160/909/554 227/908/553 555/1033/543
f 212/1010/589 455/1018/596 889/988/586
f 213/1201/567 512/989/567 890/992/475
f 214/1061/477 277/1055/568 890/992/568
f 214/1061/477 411/991/477 891/994/452
f 215/1221/451 303/1023/452 891/994/452
f 215/1221/451 326/993/451 892/996/447
f 216/1098/446 393/1031/569 892/996/447
f 216/1285/446 670/999/446 893/998/441
f 217/1118/420 361/1039/441 893/998/441
f 217/1118/420 644/997/420 894/1001/434
f 218/1026/427 556/1046/434 894/1001/434
f 218/1286/427 579/1004/427 895/1003/430
f 219/1234/429 530/1053/430 895/1003/430
f 219/1234/429 674/1002/429 896/1006/433
f 220/1247/577 504/1059/602 896/1006/433
f 220/1247/577 286/1005/577 897/1007/461
f 221/888/463 587/1065/579 897/1007/579
f 222/879/537 543/878/536 898/1008/587
f 223/1068/604 594/1072/607 898/1008/587
f 223/1068/604 224/1447/624 191/1288/627
f 224/1111/624 315/1113/626 941/1176/734
f 1029/1189/688 608/1374/754 622/1047/735
f 225/1290/539 602/1448/770 938/1291/736
f 226/1154/631 700/1449/633 909/1074/609
f 227/908/553 272/917/559 909/1074/609
f 228/1034/567 529/990/567 910/1076/475
f 229/728/477 413/727/568 910/1076/568
f 229/728/477 497/1075/477 911/1078/452
f 230/721/451 283/1220/452 911/1078/452
f 230/721/451 343/1077/451 912/1080/447
f 231/716/446 682/1292/447 912/1080/447
f 231/1293/446 260/1083/446 913/1082/441
f 232/707/420 348/1144/441 913/1082/441
f 232/707/420 405/1081/420 914/1085/434
f 233/702/427 383/1236/434 914/1085/434
f 233/1294/427 434/1088/427 915/1087/430
f 234/693/429 400/1126/430 915/1087/430
f 234/693/429 471/1086/429 916/1090/433
f 235/1239/577 547/1219/433 916/1090/433
f 235/1239/577 611/1089/577 917/1091/461
f 236/691/463 695/685/579 917/1091/579
f 237/1042/598 577/1041/597 918/1097/612
f 238/1295/466 473/1450/549 918/1296/612
f 238/700/466 239/1451/635 189/1298/545
f 239/1127/635 606/1129/637 939/1152/737
f 1030/1167/667 602/1381/756 511/882/738
f 128/717/451 230/721/451 682/1292/447
f 240/678/438 461/677/457 849/1300/472
f 240/659/438 328/723/471 848/719/452
f 241/670/451 590/671/452 848/719/452
f 241/670/451 294/718/451 847/711/447
f 242/667/446 710/668/447 847/711/447
f 242/783/446 439/709/446 846/705/441
f 243/643/420 600/662/441 846/705/441
f 243/643/420 665/704/420 845/697/434
f 244/656/427 477/657/434 845/697/434
f 244/648/427 597/695/427 844/689/430
f 245/650/429 604/651/430 844/689/430
f 245/650/429 603/688/429 843/683/433
f 246/654/418 544/655/433 843/683/433
f 246/641/418 574/681/460 842/680/459
f 1004/1306/740 1043/864/394 840/631/394
f 1044/1308/741 849/1300/472 461/677/457
f 150/861/394 370/860/394 874/849/394
f 151/1307/533 874/849/394 653/848/533
f 873/844/518 875/862/518 478/875/518
f 1019/1204/699 591/1186/698 926/1230/518
f 536/734/481 984/1311/512 944/1310/482
f 984/1311/512 985/1313/512 945/1312/482
f 985/1313/512 986/1315/512 946/1314/482
f 986/1315/512 987/790/512 947/1211/482
f 134/771/504 960/1317/506 992/1316/502
f 960/1317/506 961/1319/506 993/1318/502
f 961/1319/506 962/1321/506 994/1320/502
f 962/1321/506 963/1145/506 995/768/502
f 466/746/490 988/1323/513 968/1322/500
f 988/1323/513 989/1325/513 969/1324/500
f 989/1325/513 990/1327/513 970/1326/500
f 990/1327/513 991/791/513 971/793/500
f 131/741/487 948/1328/492 984/1311/512
f 948/1328/492 949/1329/492 985/1313/512
f 949/1329/492 950/1330/492 986/1315/512
f 950/1330/492 951/749/492 987/790/512
f 662/782/508 976/1332/501 964/1331/495
f 976/1332/501 977/1334/501 965/1333/495
f 977/1334/501 978/1336/501 966/1335/495
f 978/1336/501 979/767/501 967/755/495
f 350/775/505 1000/1338/496 960/1337/506
f 1000/1338/496 1001/1340/496 961/1339/506
f 1001/1340/496 1002/1342/496 962/1341/506
f 1002/1342/496 1003/757/496 963/778/506
f 133/761/498 956/1344/503 980/1343/497
f 956/1344/503 957/1346/503 981/1345/497
f 957/1346/503 958/1348/503 982/1347/497
f 958/1348/503 959/770/503 983/758/497
f 297/764/499 992/1316/502 956/1344/503
f 992/1316/502 993/1318/502 957/1346/503
f 993/1318/502 994/1320/502 958/1348/503
f 994/1320/502 995/768/502 959/770/503
f 136/785/509 968/1349/500 976/1332/501
f 968/1349/500 969/1350/500 977/1334/501
f 969/1350/500 970/1351/500 978/1336/501
f 970/1351/500 971/765/500 979/767/501
f 269/754/494 980/1343/497 952/1352/485
f 980/1343/497 981/1345/497 953/1353/485
f 981/1345/497 982/1347/497 954/1354/485
f 982/1347/497 983/758/497 955/760/485
f 135/779/507 964/1331/495 1000/1338/496
f 964/1331/495 965/1333/495 1001/1340/496
f 965/1333/495 966/1335/495 1002/1342/496
f 966/1335/495 967/755/495 1003/757/496
f 437/744/488 996/1355/486 948/1328/492
f 996/1355/486 997/1356/486 949/1329/492
f 997/1356/486 998/1357/486 950/1330/492
f 998/1357/486 999/740/486 951/749/492
f 1036/1358/489 865/841/769 991/791/513
f 1052/1359/489 991/791/513 990/1327/513
f 1053/1360/489 990/1327/513 989/1325/513
f 1054/1361/489 989/1325/513 988/1323/513
f 132/750/493 952/1362/485 996/1355/486
f 952/1362/485 953/1363/485 997/1356/486
f 953/1363/485 954/1364/485 998/1357/486
f 954/1364/485 955/738/485 999/740/486
f 130/729/478 944/1366/482 972/1365/484
f 944/1366/482 945/1368/482 973/1367/484
f 945/1368/482 946/1370/482 974/1369/484
f 946/1370/482 947/735/482 975/737/484
f 973/1367/484 1054/1361/489 1055/745/489
f 974/1369/484 1053/1360/489 1054/1361/489
f 975/737/484 1052/1359/489 1053/1360/489
f 859/736/483 1036/1358/489 1052/1359/489
f 643/1099/743 1019/1204/699 1032/1094/518
f 842/680/459 1044/1308/741 1031/1309/742
f 653/848/533 826/579/394 1043/864/394
f 288/1226/744 1030/1167/667 1010/1141/646
f 287/1224/745 1029/1189/688 1013/1161/662
f 296/1106/746 1028/1255/721 1016/1183/682
f 580/1371/747 1028/1255/721 1038/1257/722
f 553/1103/749 1027/1182/681 1015/1252/676
f 483/1109/750 1026/1195/691 1017/1246/518
f 501/1245/751 1025/1160/661 1012/1243/656
f 394/1165/752 1024/1175/673 1014/1238/671
f 323/1125/394 1009/1138/394 1023/1140/645
f 867/801/518 1049/876/534 1021/1215/518
f 515/842/532 865/841/531 1036/1358/701
f 466/746/490 857/788/753 1041/1372/753
f 850/1279/697 1041/1203/697 1019/1204/699
f 700/1123/650 402/1122/758 1022/1151/653
f 483/1109/750 942/1452/692 1038/1373/692
f 693/1232/610 876/1265/518 1040/1192/518
f 876/1265/518 362/1110/518 1017/1246/518
f 608/1374/754 1029/1189/688 1035/1191/690
f 677/948/731 919/1453/683 1048/1376/683
f 924/1254/755 1048/1180/679 1027/1182/681
f 325/1377/719 879/1434/677 1033/1173/677
f 394/1165/752 940/1284/674 1035/1378/674
f 888/1178/672 1033/1173/672 1037/1170/672
f 898/1379/669 1037/1170/669 1014/1172/671
f 602/1381/756 1030/1167/667 1034/1169/668
f 622/1047/735 920/1454/663 1039/1383/757
f 923/1244/659 1039/1158/659 1025/1160/661
f 692/1384/715 899/1432/657 1042/1149/657
f 402/1122/758 938/1291/654 1034/1385/654
f 908/1156/652 1042/1149/652 1045/1146/652
f 918/1296/649 1045/1146/649 1011/1148/651
f 511/882/738 921/1455/759 1050/1386/759
f 922/1237/643 1050/1139/643 1023/1140/645
f 323/1125/394 878/914/641 1047/1136/394
f 877/905/394 1047/1136/394 1008/906/394
f 623/891/760 849/890/472 1044/1387/741
f 452/675/455 841/674/454 1046/1133/761
f 829/637/398 1046/1133/639 1005/1135/639
f 623/891/760 1007/1095/611 1051/1096/394
f 693/1232/610 1018/1092/610 1032/1094/518
f 516/920/641 933/1389/394 1051/1096/394
f 664/586/394 1005/863/394 1043/864/394
f 972/1365/484 1055/745/489 1020/747/491
f 480/642/419 626/1305/739 1031/1309/742
